{
"type": "FeatureCollection",
"name": "Bloco_Domingo_Noite_RuasSemRota_Atribuidas_linhas",
"crs": { "type": "name", "properties": { "name": "urn:ogc:def:crs:EPSG::31983" } },
"features": [
{ "type": "Feature", "properties": { "id": "Centro.42", "id_trecho": 1112, "Name": "Rua da Biblia", "description": "Atribuído à rota do vizinho mais próximo", "Extensao_m": 182.32255723205742, "Bairro_logradouros": "Centro", "Bairro_rotas": "Centro", "Distrito": "1º", "Lote": "I", "Name_2": "Ponto 788", "description_2": "Velocidade: 21km/h<br>01/07/2026 19:34:24", "layer": "TTG4B66", "path": "C:/KMLs/Estevao/01-07-2026/Coleta/Trajeto_TTG4B66.kml|layername=Trajeto|geometrytype=Point|uniqueGeometryType=yes", "Velocidade": 21.0, "Data": "2026-07-01", "hora": "19:34:24", "Rota": "ROTA 600 (NOITE) - Centro - Domingo", "Turno": "Noite", "Dias_da_semana": [ "dom" ], "Hit_Rate": 100.0, "Status": "Validado (Rua sem rota)", "Bloco": "Domingo" }, "geometry": { "type": "MultiLineString", "coordinates": [ [ [ 673786.831902176840231, 7478515.558251120150089 ], [ 673694.925587560865097, 7478358.100495662540197 ] ] ] } },
{ "type": "Feature", "properties": { "id": "Centro.88", "id_trecho": 1135, "Name": "Rua Doutor Lauro Neiva", "description": "Atribuído à rota do vizinho mais próximo", "Extensao_m": 103.13157946273469, "Bairro_logradouros": "Centro", "Bairro_rotas": "Centro", "Distrito": "1º", "Lote": "I", "Name_2": "Ponto 919", "description_2": "Velocidade: 37km/h<br>01/07/2026 20:48:05", "layer": "TTM5J19", "path": "C:/KMLs/Estevao/01-07-2026/Coleta/Trajeto_TTM5J19.kml|layername=Trajeto|geometrytype=Point|uniqueGeometryType=yes", "Velocidade": 37.0, "Data": "2026-07-01", "hora": "20:48:05", "Rota": "ROTA 600 (NOITE) - Centro - Domingo", "Turno": "Noite", "Dias_da_semana": [ "dom" ], "Hit_Rate": 83.33, "Status": "Validado (Rua sem rota)", "Bloco": "Domingo" }, "geometry": { "type": "MultiLineString", "coordinates": [ [ [ 673634.109400453977287, 7478402.27502915263176 ], [ 673642.464781093760394, 7478415.479949063621461 ], [ 673689.220438799471594, 7478489.44333123229444 ] ] ] } },
{ "type": "Feature", "properties": { "id": "Centro.83", "id_trecho": 1183, "Name": "Rua Jaír Viellela de Oliveira", "description": "Atribuído à rota do vizinho mais próximo", "Extensao_m": 169.47576785551388, "Bairro_logradouros": "Centro", "Bairro_rotas": "Centro", "Distrito": "1º", "Lote": "I", "Name_2": "Ponto 1234", "description_2": "Velocidade: 12km/h<br>01/07/2026 22:40:02", "layer": "TTF7G57", "path": "C:/KMLs/Estevao/01-07-2026/Coleta/Trajeto_TTF7G57.kml|layername=Trajeto|geometrytype=Point|uniqueGeometryType=yes", "Velocidade": 12.0, "Data": "2026-07-01", "hora": "22:40:02", "Rota": "ROTA 610 (NOITE) - Centro - Domingo", "Turno": "Noite", "Dias_da_semana": [ "dom" ], "Hit_Rate": 66.67, "Status": "Validado (Rua sem rota)", "Bloco": "Domingo" }, "geometry": { "type": "MultiLineString", "coordinates": [ [ [ 673983.20508724427782, 7479565.866307865828276 ], [ 674052.918027583276853, 7479507.335805119946599 ], [ 674113.097726993728429, 7479458.382994467392564 ], [ 674113.767433526343666, 7479457.827808286994696 ] ] ] } },
{ "type": "Feature", "properties": { "id": "Centro.86", "id_trecho": 1266, "Name": "Rua Paulo Lins", "description": "Atribuído à rota do vizinho mais próximo", "Extensao_m": 84.56297795919005, "Bairro_logradouros": "Centro", "Bairro_rotas": "Centro", "Distrito": "1º", "Lote": "I", "Name_2": "Ponto 308", "description_2": "Velocidade: 16km/h<br>01/07/2026 09:29:00", "layer": "KRX5186", "path": "C:/KMLs/Estevao/01-07-2026/Coleta/Trajeto_KRX5186.kml|layername=Trajeto|geometrytype=Point|uniqueGeometryType=yes", "Velocidade": 16.0, "Data": "2026-07-01", "hora": "09:29:00", "Rota": "ROTA 610 (NOITE) - Centro - Domingo", "Turno": "Noite", "Dias_da_semana": [ "dom" ], "Hit_Rate": 83.33, "Status": "Validado (Rua sem rota)", "Bloco": "Domingo" }, "geometry": { "type": "MultiLineString", "coordinates": [ [ [ 673635.551553767640144, 7478652.199618582613766 ], [ 673655.107192336698063, 7478675.941181115806103 ], [ 673677.716129017062485, 7478701.785171089693904 ], [ 673683.525108332862146, 7478707.809695224277675 ], [ 673688.296241839881986, 7478711.077460423111916 ], [ 673693.580488642212003, 7478711.626092404127121 ] ] ] } },
{ "type": "Feature", "properties": { "id": "Centro.115", "id_trecho": 1331, "Name": "Rua São Paulo", "description": "Atribuído à rota do vizinho mais próximo", "Extensao_m": 96.471091049765874, "Bairro_logradouros": "Centro", "Bairro_rotas": "Centro", "Distrito": "1º", "Lote": "I", "Name_2": "Ponto 182", "description_2": "Velocidade: 7km/h<br>01/07/2026 08:34:29", "layer": "TTF7G57", "path": "C:/KMLs/Estevao/01-07-2026/Coleta/Trajeto_TTF7G57.kml|layername=Trajeto|geometrytype=Point|uniqueGeometryType=yes", "Velocidade": 7.0, "Data": "2026-07-01", "hora": "08:34:29", "Rota": "ROTA 600 (NOITE) - Centro - Domingo", "Turno": "Noite", "Dias_da_semana": [ "dom" ], "Hit_Rate": 66.67, "Status": "Validado (Rua sem rota)", "Bloco": "Domingo" }, "geometry": { "type": "MultiLineString", "coordinates": [ [ [ 673457.222509971354157, 7478382.813141644001007 ], [ 673361.697866487549618, 7478369.35269436892122 ] ] ] } },
{ "type": "Feature", "properties": { "id": "Doutor_Laureano.57", "id_trecho": 1536, "Name": "Rodovia Washington Luiz - Auxiliar", "description": "Atribuído à rota do vizinho mais próximo", "Extensao_m": 242.56377229323616, "Bairro_logradouros": "Doutor Laureano", "Bairro_rotas": "Gramacho", "Distrito": "1º", "Lote": "I", "Name_2": "Ponto 61", "description_2": "Velocidade: 30km/h<br>01/07/2026 08:37:00", "layer": "KXG4E62", "path": "C:/KMLs/Estevao/01-07-2026/Coleta/Trajeto_KXG4E62.kml|layername=Trajeto|geometrytype=Point|uniqueGeometryType=yes", "Velocidade": 30.0, "Data": "2026-07-01", "hora": "08:37:00", "Rota": "ROTA 600 (NOITE) - Gramacho - Domingo", "Turno": "Noite", "Dias_da_semana": [ "dom" ], "Hit_Rate": 83.33, "Status": "Validado (Rua sem rota)", "Bloco": "Domingo" }, "geometry": { "type": "MultiLineString", "coordinates": [ [ [ 675849.135084741516039, 7482109.402478836476803 ], [ 675850.436286023352295, 7482080.102812994271517 ], [ 675853.405030354741029, 7482033.975948651321232 ], [ 675855.887964127003215, 7481978.707072241231799 ], [ 675859.187029024004005, 7481922.963614699430764 ], [ 675861.211760580772534, 7481867.157372321002185 ] ] ] } },
{ "type": "Feature", "properties": { "id": "Doutor_Laureano.65", "id_trecho": 1768, "Name": "Rua Mogi", "description": "nenhuma rota próxima", "Extensao_m": 90.097176520174671, "Bairro_logradouros": "Doutor Laureano", "Bairro_rotas": null, "Distrito": "1º", "Lote": "I", "Name_2": "Ponto 581", "description_2": "Velocidade: 9km/h<br>01/07/2026 12:24:10", "layer": "KRX5186", "path": "C:/KMLs/Estevao/01-07-2026/Coleta/Trajeto_KRX5186.kml|layername=Trajeto|geometrytype=Point|uniqueGeometryType=yes", "Velocidade": 9.0, "Data": "2026-07-01", "hora": "12:24:10", "Rota": null, "Turno": "Noite", "Dias_da_semana": [ "dom" ], "Hit_Rate": 100.0, "Status": "Validado (Rua sem rota)", "Bloco": "Domingo" }, "geometry": { "type": "MultiLineString", "coordinates": [ [ [ 675706.780356828938238, 7481936.332271664403379 ], [ 675638.449898860533722, 7481995.053185572847724 ] ] ] } },
{ "type": "Feature", "properties": { "id": "Doutor_Laureano.97", "id_trecho": 1911, "Name": "Viaduto Vila São Luiz", "description": "nenhuma rota próxima", "Extensao_m": 176.94577023784791, "Bairro_logradouros": "Doutor Laureano", "Bairro_rotas": null, "Distrito": "1º", "Lote": "I", "Name_2": "Ponto 62", "description_2": "Velocidade: 13km/h<br>01/07/2026 08:37:46", "layer": "KXG4E62", "path": "C:/KMLs/Estevao/01-07-2026/Coleta/Trajeto_KXG4E62.kml|layername=Trajeto|geometrytype=Point|uniqueGeometryType=yes", "Velocidade": 13.0, "Data": "2026-07-01", "hora": "08:37:46", "Rota": null, "Turno": "Noite", "Dias_da_semana": [ "dom" ], "Hit_Rate": 83.33, "Status": "Validado (Rua sem rota)", "Bloco": "Domingo" }, "geometry": { "type": "MultiLineString", "coordinates": [ [ [ 675875.052332342020236, 7481563.231632594019175 ], [ 675873.230357389897108, 7481549.56449069082737 ], [ 675870.362531755352393, 7481539.597298556938767 ], [ 675862.84918603731785, 7481532.009532038122416 ], [ 675851.521550060017034, 7481529.40517589636147 ], [ 675838.619772661128081, 7481533.663136476650834 ], [ 675827.997069371980615, 7481544.052204094827175 ], [ 675823.861431196331978, 7481555.883438581600785 ], [ 675824.575963587732986, 7481569.707364743575454 ], [ 675830.854951683548279, 7481588.67198409512639 ], [ 675840.524917196948081, 7481603.344717705622315 ], [ 675853.182420268421993, 7481613.475511324591935 ], [ 675870.488567784894258, 7481621.492625715211034 ], [ 675873.16613482683897, 7481622.3968551363796 ] ] ] } },
{ "type": "Feature", "properties": { "id": "Doutor_Laureano.97", "id_trecho": 1916, "Name": "Viaduto Vila São Luiz", "description": "nenhuma rota próxima", "Extensao_m": 86.442458187046498, "Bairro_logradouros": "Doutor Laureano", "Bairro_rotas": null, "Distrito": "1º", "Lote": "I", "Name_2": "Ponto 65", "description_2": "Velocidade: 13km/h<br>01/07/2026 08:38:10", "layer": "KXG4E62", "path": "C:/KMLs/Estevao/01-07-2026/Coleta/Trajeto_KXG4E62.kml|layername=Trajeto|geometrytype=Point|uniqueGeometryType=yes", "Velocidade": 13.0, "Data": "2026-07-01", "hora": "08:38:10", "Rota": null, "Turno": "Noite", "Dias_da_semana": [ "dom" ], "Hit_Rate": 100.0, "Status": "Validado (Rua sem rota)", "Bloco": "Domingo" }, "geometry": { "type": "MultiLineString", "coordinates": [ [ [ 675872.991054746787995, 7481627.888615956529975 ], [ 675850.8965331237996, 7481618.297268038615584 ], [ 675830.307837192784064, 7481600.860388679429889 ], [ 675821.161522488109767, 7481584.398578841239214 ], [ 675818.892709251958877, 7481578.267340601421893 ], [ 675817.125247558229603, 7481568.420306918211281 ] ] ] } },
{ "type": "Feature", "properties": { "id": "Doutor_Laureano.97", "id_trecho": 1917, "Name": "Viaduto Vila São Luiz", "description": "nenhuma rota próxima", "Extensao_m": 143.21341766285244, "Bairro_logradouros": "Doutor Laureano", "Bairro_rotas": null, "Distrito": "1º", "Lote": "I", "Name_2": "Ponto 63", "description_2": "Velocidade: 9km/h<br>01/07/2026 08:38:00", "layer": "KXG4E62", "path": "C:/KMLs/Estevao/01-07-2026/Coleta/Trajeto_KXG4E62.kml|layername=Trajeto|geometrytype=Point|uniqueGeometryType=yes", "Velocidade": 9.0, "Data": "2026-07-01", "hora": "08:38:00", "Rota": null, "Turno": "Noite", "Dias_da_semana": [ "dom" ], "Hit_Rate": 83.33, "Status": "Validado (Rua sem rota)", "Bloco": "Domingo" }, "geometry": { "type": "MultiLineString", "coordinates": [ [ [ 675817.125247558229603, 7481568.420306918211281 ], [ 675819.137475416297093, 7481552.372063036076725 ], [ 675824.866357370046899, 7481535.328403867781162 ], [ 675834.589893396012485, 7481518.238524589687586 ], [ 675844.11927287641447, 7481509.224278276786208 ], [ 675859.004257994005457, 7481497.955279811285436 ], [ 675865.533601518603973, 7481490.625850323587656 ], [ 675871.352615651441738, 7481481.377654250711203 ], [ 675880.078785011428408, 7481445.561025967821479 ] ] ] } },
{ "type": "Feature", "properties": { "id": "Gramacho.41", "id_trecho": 2162, "Name": "Rodovia Washington Luiz - Auxiliar", "description": "Atribuído à rota do vizinho mais próximo", "Extensao_m": 178.16205141194791, "Bairro_logradouros": "Gramacho", "Bairro_rotas": "Vila São Luis", "Distrito": "1º", "Lote": "I", "Name_2": "Ponto 332", "description_2": "Velocidade: 18km/h<br>01/07/2026 09:42:50", "layer": "KRX5186", "path": "C:/KMLs/Estevao/01-07-2026/Coleta/Trajeto_KRX5186.kml|layername=Trajeto|geometrytype=Point|uniqueGeometryType=yes", "Velocidade": 18.0, "Data": "2026-07-01", "hora": "09:42:50", "Rota": "ROTA 610 (NOITE) - Vila São Luís - Domingo", "Turno": "Noite", "Dias_da_semana": [ "dom" ], "Hit_Rate": 100.0, "Status": "Validado (Rua sem rota)", "Bloco": "Domingo" }, "geometry": { "type": "MultiLineString", "coordinates": [ [ [ 675940.14765536331106, 7481272.604278227314353 ], [ 675939.921165521605872, 7481277.619391366839409 ], [ 675937.644502673647366, 7481324.923317947424948 ], [ 675934.866185428923927, 7481388.335548978298903 ], [ 675930.820514571852982, 7481450.511012198403478 ] ] ] } },
{ "type": "Feature", "properties": { "id": "Gramacho.41", "id_trecho": 2163, "Name": "Rodovia Washington Luiz - Auxiliar", "description": "nenhuma rota próxima", "Extensao_m": 122.01690928715315, "Bairro_logradouros": "Gramacho", "Bairro_rotas": null, "Distrito": "1º", "Lote": "I", "Name_2": "Ponto 973", "description_2": "Velocidade: 35km/h<br>01/07/2026 20:39:38", "layer": "TTF6F97", "path": "C:/KMLs/Estevao/01-07-2026/Coleta/Trajeto_TTF6F97.kml|layername=Trajeto|geometrytype=Point|uniqueGeometryType=yes", "Velocidade": 35.0, "Data": "2026-07-01", "hora": "20:39:38", "Rota": null, "Turno": "Noite", "Dias_da_semana": [ "dom" ], "Hit_Rate": 66.67, "Status": "Validado (Rua sem rota)", "Bloco": "Domingo" }, "geometry": { "type": "MultiLineString", "coordinates": [ [ [ 675930.820514571852982, 7481450.511012198403478 ], [ 675925.021498242625967, 7481572.387888665311038 ] ] ] } },
{ "type": "Feature", "properties": { "id": "Gramacho.41", "id_trecho": 2166, "Name": "Rodovia Washington Luiz - Auxiliar", "description": "Atribuído à rota do vizinho mais próximo", "Extensao_m": 396.72074558690247, "Bairro_logradouros": "Gramacho", "Bairro_rotas": "Gramacho", "Distrito": "1º", "Lote": "I", "Name_2": "Ponto 373", "description_2": "Velocidade: 55km/h<br>01/07/2026 10:14:30", "layer": "TTA2J20", "path": "C:/KMLs/Estevao/01-07-2026/Coleta/Trajeto_TTA2J20.kml|layername=Trajeto|geometrytype=Point|uniqueGeometryType=yes", "Velocidade": 55.0, "Data": "2026-07-01", "hora": "10:14:30", "Rota": "ROTA 600 (NOITE) - Gramacho - Domingo", "Turno": "Noite", "Dias_da_semana": [ "dom" ], "Hit_Rate": 100.0, "Status": "Validado (Rua sem rota)", "Bloco": "Domingo" }, "geometry": { "type": "MultiLineString", "coordinates": [ [ [ 675924.50579685671255, 7481629.941955821588635 ], [ 675922.673925785114989, 7481664.157202199101448 ], [ 675921.38733748649247, 7481685.213867725804448 ], [ 675918.474135664175265, 7481732.558350685052574 ], [ 675916.34043992869556, 7481774.489394571632147 ], [ 675912.221494040684775, 7481858.759515209123492 ], [ 675905.891292199725285, 7482026.2034044675529 ] ] ] } },
{ "type": "Feature", "properties": { "id": "Gramacho.41", "id_trecho": 2168, "Name": "Rodovia Washington Luiz - Auxiliar", "description": "Atribuído à rota do vizinho mais próximo", "Extensao_m": 228.39391298963272, "Bairro_logradouros": "Gramacho", "Bairro_rotas": "Gramacho", "Distrito": "1º", "Lote": "I", "Name_2": "Ponto 68", "description_2": "Velocidade: 41km/h<br>01/07/2026 08:40:00", "layer": "KXG4E62", "path": "C:/KMLs/Estevao/01-07-2026/Coleta/Trajeto_KXG4E62.kml|layername=Trajeto|geometrytype=Point|uniqueGeometryType=yes", "Velocidade": 41.0, "Data": "2026-07-01", "hora": "08:40:00", "Rota": "ROTA 600 (NOITE) - Gramacho - Domingo", "Turno": "Noite", "Dias_da_semana": [ "dom" ], "Hit_Rate": 83.33, "Status": "Validado (Rua sem rota)", "Bloco": "Domingo" }, "geometry": { "type": "MultiLineString", "coordinates": [ [ [ 675904.164288006257266, 7482072.227326294407248 ], [ 675903.198944561416283, 7482114.84252576623112 ], [ 675901.388220364460722, 7482148.308801740407944 ], [ 675897.741961317835376, 7482214.876172156073153 ], [ 675894.652252002502792, 7482281.614288531243801 ], [ 675894.181212738272734, 7482300.380124351009727 ] ] ] } },
{ "type": "Feature", "properties": { "id": "Gramacho.41", "id_trecho": 2170, "Name": "Rodovia Washington Luiz - Auxiliar", "description": "nenhuma rota próxima", "Extensao_m": 330.53518579731752, "Bairro_logradouros": "Gramacho", "Bairro_rotas": null, "Distrito": "1º", "Lote": "I", "Name_2": "Ponto 1105", "description_2": "Velocidade: 16km/h<br>01/07/2026 22:21:38", "layer": "TTF6F97", "path": "C:/KMLs/Estevao/01-07-2026/Coleta/Trajeto_TTF6F97.kml|layername=Trajeto|geometrytype=Point|uniqueGeometryType=yes", "Velocidade": 16.0, "Data": "2026-07-01", "hora": "22:21:38", "Rota": null, "Turno": "Noite", "Dias_da_semana": [ "dom" ], "Hit_Rate": 83.33, "Status": "Validado (Rua sem rota)", "Bloco": "Domingo" }, "geometry": { "type": "MultiLineString", "coordinates": [ [ [ 675893.808081030962057, 7482315.180117359384894 ], [ 675888.858011469477788, 7482411.110257601365447 ], [ 675885.209963930537924, 7482489.084458920173347 ], [ 675878.20479126565624, 7482645.339552375487983 ] ] ] } },
{ "type": "Feature", "properties": { "id": "Gramacho.166", "id_trecho": 2678, "Name": "Rua Ponta Grossa", "description": "nenhuma rota próxima", "Extensao_m": 244.82585686028276, "Bairro_logradouros": "Gramacho", "Bairro_rotas": null, "Distrito": "1º", "Lote": "I", "Name_2": "Ponto 430", "description_2": "Velocidade: 0km/h<br>01/07/2026 10:45:24", "layer": "KRX5186", "path": "C:/KMLs/Estevao/01-07-2026/Coleta/Trajeto_KRX5186.kml|layername=Trajeto|geometrytype=Point|uniqueGeometryType=yes", "Velocidade": 0.0, "Data": "2026-07-01", "hora": "10:45:24", "Rota": null, "Turno": "Noite", "Dias_da_semana": [ "dom" ], "Hit_Rate": 100.0, "Status": "Validado (Rua sem rota)", "Bloco": "Domingo" }, "geometry": { "type": "MultiLineString", "coordinates": [ [ [ 675958.228672360884957, 7482895.729735624045134 ], [ 675970.313011501100846, 7482651.206574861891568 ] ] ] } },
{ "type": "Feature", "properties": { "id": "Gramacho.225", "id_trecho": 2851, "Name": "Viaduto do Gramacho", "description": "Atribuído à rota do vizinho mais próximo", "Extensao_m": 143.29931614900664, "Bairro_logradouros": "Gramacho", "Bairro_rotas": "Centro", "Distrito": "1º", "Lote": "I", "Name_2": "Ponto 940", "description_2": "Velocidade: 20km/h<br>01/07/2026 15:48:24", "layer": "TTA2J20", "path": "C:/KMLs/Estevao/01-07-2026/Coleta/Trajeto_TTA2J20.kml|layername=Trajeto|geometrytype=Point|uniqueGeometryType=yes", "Velocidade": 20.0, "Data": "2026-07-01", "hora": "15:48:24", "Rota": "ROTA 600 (NOITE) - Centro - Domingo", "Turno": "Noite", "Dias_da_semana": [ "dom" ], "Hit_Rate": 66.67, "Status": "Validado (Rua sem rota)", "Bloco": "Domingo" }, "geometry": { "type": "MultiLineString", "coordinates": [ [ [ 673994.053097500698641, 7483050.963833222165704 ], [ 673983.067861226852983, 7483059.500408899970353 ], [ 673976.720545697025955, 7483064.922000901773572 ], [ 673972.475533310091123, 7483070.950786775909364 ], [ 673961.693789980257861, 7483090.986051655374467 ], [ 673932.325387654360384, 7483145.553720803931355 ], [ 673920.767496295971796, 7483170.481671323999763 ], [ 673920.460499038570561, 7483171.913650138303638 ] ] ] } },
{ "type": "Feature", "properties": { "id": "Gramacho.225", "id_trecho": 2853, "Name": "Viaduto do Gramacho", "description": "Atribuído à rota do vizinho mais próximo", "Extensao_m": 210.41243446528881, "Bairro_logradouros": "Gramacho", "Bairro_rotas": "Centro", "Distrito": "1º", "Lote": "I", "Name_2": "Ponto 14", "description_2": "Velocidade: 38km/h<br>01/07/2026 06:08:18", "layer": "TTA2J20", "path": "C:/KMLs/Estevao/01-07-2026/Coleta/Trajeto_TTA2J20.kml|layername=Trajeto|geometrytype=Point|uniqueGeometryType=yes", "Velocidade": 38.0, "Data": "2026-07-01", "hora": "06:08:18", "Rota": "ROTA 600 (NOITE) - Centro - Domingo", "Turno": "Noite", "Dias_da_semana": [ "dom" ], "Hit_Rate": 66.67, "Status": "Validado (Rua sem rota)", "Bloco": "Domingo" }, "geometry": { "type": "MultiLineString", "coordinates": [ [ [ 673918.435268772067502, 7483184.273165721446276 ], [ 673917.959266992751509, 7483190.780093085020781 ], [ 673918.279783176258206, 7483199.946101721376181 ], [ 673919.480884846998379, 7483207.97244309540838 ], [ 673923.846206810208969, 7483224.135570389218628 ], [ 673928.653879069839604, 7483234.069777499884367 ], [ 673935.148660962586291, 7483243.331294925883412 ], [ 673941.494488739641383, 7483251.243426326662302 ], [ 673951.579259466379881, 7483261.859265855513513 ], [ 673959.928811275167391, 7483268.940036278218031 ], [ 674009.51211388327647, 7483301.496637979522347 ], [ 674053.927212531561963, 7483329.405577586963773 ] ] ] } },
{ "type": "Feature", "properties": { "id": "Gramacho.225", "id_trecho": 2858, "Name": "Viaduto do Gramacho", "description": "Atribuído à rota do vizinho mais próximo", "Extensao_m": 55.207172040417092, "Bairro_logradouros": "Gramacho", "Bairro_rotas": "Centro", "Distrito": "1º", "Lote": "I", "Name_2": "Ponto 443", "description_2": "Velocidade: 15km/h<br>01/07/2026 10:47:49", "layer": "TTA2J20", "path": "C:/KMLs/Estevao/01-07-2026/Coleta/Trajeto_TTA2J20.kml|layername=Trajeto|geometrytype=Point|uniqueGeometryType=yes", "Velocidade": 15.0, "Data": "2026-07-01", "hora": "10:47:49", "Rota": "ROTA 600 (NOITE) - Centro - Domingo", "Turno": "Noite", "Dias_da_semana": [ "dom" ], "Hit_Rate": 100.0, "Status": "Validado (Rua sem rota)", "Bloco": "Domingo" }, "geometry": { "type": "MultiLineString", "coordinates": [ [ [ 673965.432193438289687, 7483037.076971326954663 ], [ 673975.39699782198295, 7483027.339246850460768 ], [ 673979.012429818394594, 7483026.434076128527522 ], [ 673983.470888771349564, 7483025.59678141772747 ], [ 673987.880648970720358, 7483025.889640633948147 ], [ 673991.303213362465613, 7483026.980081932619214 ], [ 673994.055677302181721, 7483029.650767003186047 ], [ 673995.611745014088228, 7483032.789194004610181 ], [ 673996.399090722086839, 7483035.172276064753532 ], [ 673996.88656275102403, 7483039.175664814189076 ], [ 673994.528488316573203, 7483050.039819980040193 ] ] ] } },
{ "type": "Feature", "properties": { "id": "Gramacho.202", "id_trecho": 2860, "Name": "Viaduto Vila São Luiz", "description": "nenhuma rota próxima", "Extensao_m": 234.56265257797639, "Bairro_logradouros": "Gramacho", "Bairro_rotas": null, "Distrito": "1º", "Lote": "I", "Name_2": "Ponto 576", "description_2": "Velocidade: 32km/h<br>01/07/2026 12:22:09", "layer": "KRX5186", "path": "C:/KMLs/Estevao/01-07-2026/Coleta/Trajeto_KRX5186.kml|layername=Trajeto|geometrytype=Point|uniqueGeometryType=yes", "Velocidade": 32.0, "Data": "2026-07-01", "hora": "12:22:09", "Rota": null, "Turno": "Noite", "Dias_da_semana": [ "dom" ], "Hit_Rate": 100.0, "Status": "Validado (Rua sem rota)", "Bloco": "Domingo" }, "geometry": { "type": "MultiLineString", "coordinates": [ [ [ 675930.820514571852982, 7481450.511012198403478 ], [ 675939.084082976682112, 7481478.54488586075604 ], [ 675945.681907982449047, 7481489.554198759607971 ], [ 675953.492299738922156, 7481497.958009259775281 ], [ 675969.935287938220426, 7481513.925503289327025 ], [ 675980.82265338068828, 7481526.40235922113061 ], [ 675986.886640715412796, 7481539.200853351503611 ], [ 675990.067467636195943, 7481551.357180343940854 ], [ 675991.743462056154385, 7481565.712633448652923 ], [ 675989.681521532940678, 7481578.339431089349091 ], [ 675982.632848816225305, 7481594.036267986521125 ], [ 675973.951172627857886, 7481605.30001007206738 ], [ 675963.926443860633299, 7481614.109655192121863 ], [ 675952.235693484777585, 7481620.956223256886005 ], [ 675938.733603544067591, 7481626.594466971233487 ], [ 675924.50579685671255, 7481629.941955821588635 ] ] ] } },
{ "type": "Feature", "properties": { "id": "Gramacho.202", "id_trecho": 2865, "Name": "Viaduto Vila São Luiz", "description": "nenhuma rota próxima", "Extensao_m": 193.21949160063801, "Bairro_logradouros": "Gramacho", "Bairro_rotas": null, "Distrito": "1º", "Lote": "I", "Name_2": "Ponto 577", "description_2": "Velocidade: 30km/h<br>01/07/2026 12:22:16", "layer": "KRX5186", "path": "C:/KMLs/Estevao/01-07-2026/Coleta/Trajeto_KRX5186.kml|layername=Trajeto|geometrytype=Point|uniqueGeometryType=yes", "Velocidade": 30.0, "Data": "2026-07-01", "hora": "12:22:16", "Rota": null, "Turno": "Noite", "Dias_da_semana": [ "dom" ], "Hit_Rate": 83.33, "Status": "Validado (Rua sem rota)", "Bloco": "Domingo" }, "geometry": { "type": "MultiLineString", "coordinates": [ [ [ 675924.773412212147377, 7481624.943476906977594 ], [ 675949.806576227536425, 7481617.839152772910893 ], [ 675960.647307236446068, 7481610.315801138989627 ], [ 675967.606398004805669, 7481604.620397271588445 ], [ 675977.389964037924074, 7481592.723721832036972 ], [ 675982.426989718340337, 7481581.579701598733664 ], [ 675986.115326008526608, 7481567.494371847249568 ], [ 675985.864505250705406, 7481557.363996358588338 ], [ 675983.559072549920529, 7481548.962903993204236 ], [ 675976.992096960311756, 7481540.622231009416282 ], [ 675969.08790634048637, 7481536.538619007915258 ], [ 675958.46802762162406, 7481534.745668014511466 ], [ 675947.48249952821061, 7481537.74117923155427 ], [ 675939.01796616113279, 7481544.694361431524158 ], [ 675932.096837141085416, 7481553.667401971295476 ], [ 675925.021498242625967, 7481572.387888665311038 ] ] ] } },
{ "type": "Feature", "properties": { "id": "Parque_Duque.174", "id_trecho": 3981, "Name": "Rodovia Washington Luiz - Auxiliar", "description": "nenhuma rota próxima", "Extensao_m": 101.48547485179157, "Bairro_logradouros": "Parque Duque", "Bairro_rotas": null, "Distrito": "1º", "Lote": "I", "Name_2": "Ponto 932", "description_2": "Velocidade: 33km/h<br>01/07/2026 20:53:42", "layer": "TTM5J19", "path": "C:/KMLs/Estevao/01-07-2026/Coleta/Trajeto_TTM5J19.kml|layername=Trajeto|geometrytype=Point|uniqueGeometryType=yes", "Velocidade": 33.0, "Data": "2026-07-01", "hora": "20:53:42", "Rota": null, "Turno": "Noite", "Dias_da_semana": [ "dom" ], "Hit_Rate": 66.67, "Status": "Validado (Rua sem rota)", "Bloco": "Domingo" }, "geometry": { "type": "MultiLineString", "coordinates": [ [ [ 675514.672611473710276, 7477644.334714548662305 ], [ 675520.823857168667018, 7477670.145005289465189 ], [ 675525.443510904442519, 7477688.708044313825667 ], [ 675533.314815856516361, 7477714.088670323602855 ], [ 675543.540340861538425, 7477741.490865588188171 ] ] ] } },
{ "type": "Feature", "properties": { "id": "Parque_Duque.174", "id_trecho": 3982, "Name": "Rodovia Washington Luiz - Auxiliar", "description": "nenhuma rota próxima", "Extensao_m": 489.98422779177571, "Bairro_logradouros": "Parque Duque", "Bairro_rotas": null, "Distrito": "1º", "Lote": "I", "Name_2": "Ponto 325", "description_2": "Velocidade: 0km/h<br>01/07/2026 09:36:24", "layer": "KRX5186", "path": "C:/KMLs/Estevao/01-07-2026/Coleta/Trajeto_KRX5186.kml|layername=Trajeto|geometrytype=Point|uniqueGeometryType=yes", "Velocidade": 0.0, "Data": "2026-07-01", "hora": "09:36:24", "Rota": null, "Turno": "Noite", "Dias_da_semana": [ "dom" ], "Hit_Rate": 83.33, "Status": "Validado (Rua sem rota)", "Bloco": "Domingo" }, "geometry": { "type": "MultiLineString", "coordinates": [ [ [ 675543.540340861538425, 7477741.490865588188171 ], [ 675559.439834419870749, 7477781.840116934850812 ], [ 675577.223613482783549, 7477819.974771508947015 ], [ 675607.76637672772631, 7477883.477743514813483 ], [ 675623.371896826894954, 7477915.258568654768169 ], [ 675637.062652061111294, 7477944.835540289059281 ], [ 675651.304395514423959, 7477974.107108980417252 ], [ 675681.194552328204736, 7478034.4058747459203 ], [ 675717.278867974877357, 7478106.427377404645085 ], [ 675754.664393435930833, 7478183.494861725717783 ] ] ] } },
{ "type": "Feature", "properties": { "id": "Parque_Duque.157", "id_trecho": 4040, "Name": "Rua Almeida Braga", "description": "Atribuído à rota do vizinho mais próximo", "Extensao_m": 67.149648816604866, "Bairro_logradouros": "Parque Duque", "Bairro_rotas": "Vinte e Cinco de Agosto", "Distrito": "1º", "Lote": "I", "Name_2": "Ponto 319", "description_2": "Velocidade: 24km/h<br>01/07/2026 09:34:37", "layer": "KRX5186", "path": "C:/KMLs/Estevao/01-07-2026/Coleta/Trajeto_KRX5186.kml|layername=Trajeto|geometrytype=Point|uniqueGeometryType=yes", "Velocidade": 24.0, "Data": "2026-07-01", "hora": "09:34:37", "Rota": "ROTA 610 (NOITE) - Vinte e Cinco de Agosto - Domingo", "Turno": "Noite", "Dias_da_semana": [ "dom" ], "Hit_Rate": 83.33, "Status": "Validado (Rua sem rota)", "Bloco": "Domingo" }, "geometry": { "type": "MultiLineString", "coordinates": [ [ [ 675248.660829949658364, 7477441.459821373224258 ], [ 675252.684740497614257, 7477437.69826840236783 ], [ 675267.104392074630596, 7477430.034153066575527 ], [ 675289.816658256109804, 7477424.721700824797153 ], [ 675311.680689578177407, 7477422.420243058353662 ] ] ] } },
{ "type": "Feature", "properties": { "id": "Parque_Duque.157", "id_trecho": 4041, "Name": "Rua Almeida Braga", "description": "Atribuído à rota do vizinho mais próximo", "Extensao_m": 68.342902801405543, "Bairro_logradouros": "Parque Duque", "Bairro_rotas": "Vinte e Cinco de Agosto", "Distrito": "1º", "Lote": "I", "Name_2": "Ponto 200", "description_2": "Velocidade: 25km/h<br>01/07/2026 07:57:13", "layer": "TTG4B66", "path": "C:/KMLs/Estevao/01-07-2026/Coleta/Trajeto_TTG4B66.kml|layername=Trajeto|geometrytype=Point|uniqueGeometryType=yes", "Velocidade": 25.0, "Data": "2026-07-01", "hora": "07:57:13", "Rota": "ROTA 610 (NOITE) - Vinte e Cinco de Agosto - Domingo", "Turno": "Noite", "Dias_da_semana": [ "dom" ], "Hit_Rate": 66.67, "Status": "Validado (Rua sem rota)", "Bloco": "Domingo" }, "geometry": { "type": "MultiLineString", "coordinates": [ [ [ 675385.673059562919661, 7477454.711398073472083 ], [ 675365.696788132889196, 7477445.340614506043494 ], [ 675355.324017384788021, 7477444.242306082509458 ], [ 675348.987383323139511, 7477445.002177542075515 ], [ 675338.088791968417354, 7477449.934539617039263 ], [ 675325.642825739923865, 7477462.238337071612477 ] ] ] } },
{ "type": "Feature", "properties": { "id": "Parque_Duque.157", "id_trecho": 4042, "Name": "Rua Almeida Braga", "description": "Atribuído à rota do vizinho mais próximo", "Extensao_m": 51.258378958492777, "Bairro_logradouros": "Parque Duque", "Bairro_rotas": "Vinte e Cinco de Agosto", "Distrito": "1º", "Lote": "I", "Name_2": "Ponto 320", "description_2": "Velocidade: 17km/h<br>01/07/2026 09:34:47", "layer": "KRX5186", "path": "C:/KMLs/Estevao/01-07-2026/Coleta/Trajeto_KRX5186.kml|layername=Trajeto|geometrytype=Point|uniqueGeometryType=yes", "Velocidade": 17.0, "Data": "2026-07-01", "hora": "09:34:47", "Rota": "ROTA 610 (NOITE) - Vinte e Cinco de Agosto - Domingo", "Turno": "Noite", "Dias_da_semana": [ "dom" ], "Hit_Rate": 100.0, "Status": "Validado (Rua sem rota)", "Bloco": "Domingo" }, "geometry": { "type": "MultiLineString", "coordinates": [ [ [ 675325.642825739923865, 7477462.238337071612477 ], [ 675329.864536028006114, 7477451.724011745303869 ], [ 675331.482996927225031, 7477444.285297797992826 ], [ 675330.552444981178269, 7477437.507298122160137 ], [ 675327.562465841765516, 7477431.107488276436925 ], [ 675323.170814699726179, 7477426.916655832901597 ], [ 675311.680689578177407, 7477422.420243058353662 ] ] ] } },
{ "type": "Feature", "properties": { "id": "Parque_Duque.173", "id_trecho": 4664, "Name": "Viaduto Acesso Duque de Caxias-Washington Luiz", "description": "Atribuído à rota do vizinho mais próximo", "Extensao_m": 52.210496002397022, "Bairro_logradouros": "Parque Duque", "Bairro_rotas": "Vinte e Cinco de Agosto", "Distrito": "1º", "Lote": "I", "Name_2": "Ponto 321", "description_2": "Velocidade: 29km/h<br>01/07/2026 09:35:14", "layer": "KRX5186", "path": "C:/KMLs/Estevao/01-07-2026/Coleta/Trajeto_KRX5186.kml|layername=Trajeto|geometrytype=Point|uniqueGeometryType=yes", "Velocidade": 29.0, "Data": "2026-07-01", "hora": "09:35:14", "Rota": "ROTA 610 (NOITE) - Vinte e Cinco de Agosto - Domingo", "Turno": "Noite", "Dias_da_semana": [ "dom" ], "Hit_Rate": 100.0, "Status": "Validado (Rua sem rota)", "Bloco": "Domingo" }, "geometry": { "type": "MultiLineString", "coordinates": [ [ [ 675276.722833430976607, 7477542.696049647405744 ], [ 675278.644404228543863, 7477554.379739101976156 ], [ 675280.302056440268643, 7477560.994294384494424 ], [ 675282.718781853443943, 7477567.544706381857395 ], [ 675286.857701974688098, 7477573.853727575391531 ], [ 675291.667201091302559, 7477578.659924060106277 ], [ 675296.936290502082556, 7477582.364419933408499 ], [ 675301.858786970027722, 7477585.397366119548678 ] ] ] } },
{ "type": "Feature", "properties": { "id": "Parque_Duque.173", "id_trecho": 4669, "Name": "Viaduto Acesso Duque de Caxias-Washington Luiz", "description": "nenhuma rota próxima", "Extensao_m": 113.73620305930335, "Bairro_logradouros": "Parque Duque", "Bairro_rotas": null, "Distrito": "1º", "Lote": "I", "Name_2": "Ponto 1146", "description_2": "Velocidade: 34km/h<br>01/07/2026 22:44:39", "layer": "TTG4B66", "path": "C:/KMLs/Estevao/01-07-2026/Coleta/Trajeto_TTG4B66.kml|layername=Trajeto|geometrytype=Point|uniqueGeometryType=yes", "Velocidade": 34.0, "Data": "2026-07-01", "hora": "22:44:39", "Rota": null, "Turno": "Noite", "Dias_da_semana": [ "dom" ], "Hit_Rate": 100.0, "Status": "Validado (Rua sem rota)", "Bloco": "Domingo" }, "geometry": { "type": "MultiLineString", "coordinates": [ [ [ 675502.33190138253849, 7477582.61677280254662 ], [ 675524.634217946324497, 7477582.367557220160961 ], [ 675535.521832465310581, 7477583.581622432917356 ], [ 675544.512182948645204, 7477586.766771273687482 ], [ 675554.919365624082275, 7477593.490483331494033 ], [ 675563.278114469489083, 7477602.430674227885902 ], [ 675569.452545920968987, 7477612.492529267445207 ], [ 675572.329013293259777, 7477623.268101658672094 ], [ 675573.02448550297413, 7477635.453244496136904 ], [ 675571.087663758080453, 7477646.428487852215767 ] ] ] } },
{ "type": "Feature", "properties": { "id": "Parque_Duque.173", "id_trecho": 4671, "Name": "Viaduto Acesso Duque de Caxias-Washington Luiz", "description": "nenhuma rota próxima", "Extensao_m": 101.93188424870304, "Bairro_logradouros": "Parque Duque", "Bairro_rotas": null, "Distrito": "1º", "Lote": "I", "Name_2": "Ponto 324", "description_2": "Velocidade: 37km/h<br>01/07/2026 09:35:57", "layer": "KRX5186", "path": "C:/KMLs/Estevao/01-07-2026/Coleta/Trajeto_KRX5186.kml|layername=Trajeto|geometrytype=Point|uniqueGeometryType=yes", "Velocidade": 37.0, "Data": "2026-07-01", "hora": "09:35:57", "Rota": null, "Turno": "Noite", "Dias_da_semana": [ "dom" ], "Hit_Rate": 66.67, "Status": "Validado (Rua sem rota)", "Bloco": "Domingo" }, "geometry": { "type": "MultiLineString", "coordinates": [ [ [ 675571.087663758080453, 7477646.428487852215767 ], [ 675569.129439389333129, 7477655.554511597380042 ], [ 675565.704678349895403, 7477663.058456959202886 ], [ 675561.313969858572818, 7477670.496056063100696 ], [ 675549.623458767659031, 7477689.52467889059335 ], [ 675544.587031135568395, 7477700.613302459940314 ], [ 675542.896495603374206, 7477708.916699282824993 ], [ 675541.754821887356229, 7477717.623507432639599 ], [ 675542.058287742547691, 7477726.103177016600966 ], [ 675543.540340861538425, 7477741.490865588188171 ] ] ] } },
{ "type": "Feature", "properties": { "id": "Parque_Sarapui.2", "id_trecho": 5338, "Name": "Rodovia Washington Luiz - Auxiliar", "description": "Atribuído à rota do vizinho mais próximo", "Extensao_m": 1470.7055769623903, "Bairro_logradouros": "Parque Sarapui", "Bairro_rotas": "Parque Duque", "Distrito": "1º", "Lote": "I", "Name_2": "Ponto 329", "description_2": "Velocidade: 48km/h<br>01/07/2026 09:40:24", "layer": "KRX5186", "path": "C:/KMLs/Estevao/01-07-2026/Coleta/Trajeto_KRX5186.kml|layername=Trajeto|geometrytype=Point|uniqueGeometryType=yes", "Velocidade": 48.0, "Data": "2026-07-01", "hora": "09:40:24", "Rota": "ROTA 610 (NOITE) - Parque Duque - Domingo", "Turno": "Noite", "Dias_da_semana": [ "dom" ], "Hit_Rate": 100.0, "Status": "Validado (Rua sem rota)", "Bloco": "Domingo" }, "geometry": { "type": "MultiLineString", "coordinates": [ [ [ 676033.353509584441781, 7479109.173548523336649 ], [ 676032.791573454393074, 7479128.472813684493303 ], [ 676027.666322273900732, 7479306.402290835976601 ], [ 676025.661049299873412, 7479346.017429174855351 ], [ 676023.245570959406905, 7479388.33953557908535 ], [ 676023.241854453808628, 7479390.676330558955669 ], [ 676022.524324555182829, 7479412.933627417311072 ], [ 676017.480977647588588, 7479490.780451763421297 ], [ 676015.948555990471505, 7479518.927830784581602 ], [ 676010.525576735148206, 7479649.970580812543631 ], [ 676010.309053963981569, 7479655.21139963157475 ], [ 676007.225208741147071, 7479727.597823230549693 ], [ 676004.356416247552261, 7479799.937446711584926 ], [ 676001.036290236748755, 7479871.440618777647614 ], [ 675999.361101794755086, 7479916.522765300236642 ], [ 675997.345121817663312, 7479961.442738015204668 ], [ 675994.75904586201068, 7480027.178568853065372 ], [ 675992.537280938122422, 7480066.751864904537797 ], [ 675991.574326117755845, 7480083.795823642984033 ], [ 675988.616119906771928, 7480136.921935386955738 ], [ 675982.757223206455819, 7480243.716133249923587 ], [ 675981.851925461785868, 7480271.944804089143872 ], [ 675980.507773667573929, 7480301.297096596099436 ], [ 675980.005352061707526, 7480309.343105353415012 ], [ 675979.607242757687345, 7480323.733673505485058 ], [ 675976.156668553943746, 7480410.609885817393661 ], [ 675974.608150628511794, 7480455.125716486945748 ], [ 675972.696626784396358, 7480499.335659207776189 ], [ 675969.463382042711601, 7480578.390636097639799 ] ] ] } },
{ "type": "Feature", "properties": { "id": "Parque_Sarapui.2", "id_trecho": 5340, "Name": "Rodovia Washington Luiz - Auxiliar", "description": "nenhuma rota próxima", "Extensao_m": 373.76870133643439, "Bairro_logradouros": "Parque Sarapui", "Bairro_rotas": null, "Distrito": "1º", "Lote": "I", "Name_2": "Ponto 331", "description_2": "Velocidade: 22km/h<br>01/07/2026 09:42:24", "layer": "KRX5186", "path": "C:/KMLs/Estevao/01-07-2026/Coleta/Trajeto_KRX5186.kml|layername=Trajeto|geometrytype=Point|uniqueGeometryType=yes", "Velocidade": 22.0, "Data": "2026-07-01", "hora": "09:42:24", "Rota": null, "Turno": "Noite", "Dias_da_semana": [ "dom" ], "Hit_Rate": 83.33, "Status": "Validado (Rua sem rota)", "Bloco": "Domingo" }, "geometry": { "type": "MultiLineString", "coordinates": [ [ [ 675964.47204758937005, 7480719.351015511900187 ], [ 675963.249728344846517, 7480770.762541236355901 ], [ 675961.677944806637242, 7480801.756490320898592 ], [ 675959.934348796028644, 7480825.897230871021748 ], [ 675957.154896700754762, 7480874.104063834995031 ], [ 675954.35749023151584, 7480918.102740885689855 ], [ 675952.515194008126855, 7480960.329487405717373 ], [ 675946.735240650712512, 7481092.660698138177395 ] ] ] } },
{ "type": "Feature", "properties": { "id": "Parque_Sarapui.2", "id_trecho": 5341, "Name": "Rodovia Washington Luiz - Auxiliar", "description": "Atribuído à rota do vizinho mais próximo", "Extensao_m": 160.80822376050895, "Bairro_logradouros": "Parque Sarapui", "Bairro_rotas": "Vila São Luis", "Distrito": "1º", "Lote": "I", "Name_2": "Ponto 660", "description_2": "Velocidade: 49km/h<br>01/07/2026 11:29:52", "layer": "TTW7E72", "path": "C:/KMLs/Estevao/01-07-2026/Coleta/Trajeto_TTW7E72.kml|layername=Trajeto|geometrytype=Point|uniqueGeometryType=yes", "Velocidade": 49.0, "Data": "2026-07-01", "hora": "11:29:52", "Rota": "ROTA 610 (NOITE) - Vila São Luís - Domingo", "Turno": "Noite", "Dias_da_semana": [ "dom" ], "Hit_Rate": 66.67, "Status": "Validado (Rua sem rota)", "Bloco": "Domingo" }, "geometry": { "type": "MultiLineString", "coordinates": [ [ [ 675946.735240650712512, 7481092.660698138177395 ], [ 675943.818359221797436, 7481173.362049624323845 ], [ 675941.016558347735554, 7481253.364356661215425 ] ] ] } },
{ "type": "Feature", "properties": { "id": "Periquito.48", "id_trecho": 5538, "Name": "Rua José Freire de Lima", "description": "nenhuma rota próxima", "Extensao_m": 54.85043438707568, "Bairro_logradouros": "Periquito", "Bairro_rotas": null, "Distrito": "1º", "Lote": "I", "Name_2": "Ponto 53", "description_2": "Velocidade: 9km/h<br>01/07/2026 06:37:56", "layer": "KRX5186", "path": "C:/KMLs/Estevao/01-07-2026/Coleta/Trajeto_KRX5186.kml|layername=Trajeto|geometrytype=Point|uniqueGeometryType=yes", "Velocidade": 9.0, "Data": "2026-07-01", "hora": "06:37:56", "Rota": null, "Turno": "Noite", "Dias_da_semana": [ "dom" ], "Hit_Rate": 66.67, "Status": "Validado (Rua sem rota)", "Bloco": "Domingo" }, "geometry": { "type": "MultiLineString", "coordinates": [ [ [ 672544.772900704061612, 7479998.192112239077687 ], [ 672592.834034228697419, 7479971.762875316664577 ], [ 672626.823336960049346, 7479954.257455110549927 ] ] ] } },
{ "type": "Feature", "properties": { "id": "Vila_Sao_Luis.27", "id_trecho": 7206, "Name": "Rua Matias Barbosa", "description": "Atribuído à rota do vizinho mais próximo", "Extensao_m": 205.60373686769464, "Bairro_logradouros": "Vila Sao Luis", "Bairro_rotas": "Parque Duque", "Distrito": "1º", "Lote": "I", "Name_2": "Ponto 1221", "description_2": "Velocidade: 0km/h<br>01/07/2026 22:30:25", "layer": "TTF7G57", "path": "C:/KMLs/Estevao/01-07-2026/Coleta/Trajeto_TTF7G57.kml|layername=Trajeto|geometrytype=Point|uniqueGeometryType=yes", "Velocidade": 0.0, "Data": "2026-07-01", "hora": "22:30:25", "Rota": "ROTA 610 (NOITE) - Parque Duque - Domingo", "Turno": "Noite", "Dias_da_semana": [ "dom" ], "Hit_Rate": 100.0, "Status": "Validado (Rua sem rota)", "Bloco": "Domingo" }, "geometry": { "type": "MultiLineString", "coordinates": [ [ [ 674853.69332490011584, 7479497.714471363462508 ], [ 674843.247652551857755, 7479482.928659904748201 ], [ 674838.488412316190079, 7479473.603287206962705 ], [ 674815.221206279937178, 7479420.292341276071966 ], [ 674789.933977645589039, 7479359.197041442617774 ], [ 674782.236165395122953, 7479342.585183784365654 ], [ 674767.358538503758609, 7479311.537190159782767 ] ] ] } },
{ "type": "Feature", "properties": { "id": "Vinte_e_Cinco_de_Agosto.27", "id_trecho": 7452, "Name": "Rua Jair de Oliveira", "description": "nenhuma rota próxima", "Extensao_m": 281.29374973039523, "Bairro_logradouros": "Vinte e Cinco de Agosto", "Bairro_rotas": null, "Distrito": "1º", "Lote": "I", "Name_2": "Ponto 1235", "description_2": "Velocidade: 11km/h<br>01/07/2026 22:41:02", "layer": "TTF7G57", "path": "C:/KMLs/Estevao/01-07-2026/Coleta/Trajeto_TTF7G57.kml|layername=Trajeto|geometrytype=Point|uniqueGeometryType=yes", "Velocidade": 11.0, "Data": "2026-07-01", "hora": "22:41:02", "Rota": null, "Turno": "Noite", "Dias_da_semana": [ "dom" ], "Hit_Rate": 66.67, "Status": "Validado (Rua sem rota)", "Bloco": "Domingo" }, "geometry": { "type": "MultiLineString", "coordinates": [ [ [ 674113.815389196039177, 7479457.788053072988987 ], [ 674218.542713399394415, 7479370.969184765592217 ], [ 674286.8189886957407, 7479313.57247337885201 ], [ 674329.989489389234222, 7479277.815455004572868 ] ] ] } },
{ "type": "Feature", "properties": { "id": "Vinte_e_Cinco_de_Agosto.33", "id_trecho": 7594, "Name": "SN", "description": "Atribuído à rota do vizinho mais próximo", "Extensao_m": 27.122357758145412, "Bairro_logradouros": "Vinte e Cinco de Agosto", "Bairro_rotas": "Vinte e Cinco de Agosto", "Distrito": "1º", "Lote": "I", "Name_2": "Ponto 1354", "description_2": "Velocidade: 6km/h<br>02/07/2026 00:04:02", "layer": "TTF7G57", "path": "C:/KMLs/Estevao/01-07-2026/Coleta/Trajeto_TTF7G57.kml|layername=Trajeto|geometrytype=Point|uniqueGeometryType=yes", "Velocidade": 6.0, "Data": "2026-07-02", "hora": "00:04:02", "Rota": "ROTA 610 (NOITE) - Vinte e Cinco de Agosto - Domingo", "Turno": "Noite", "Dias_da_semana": [ "dom" ], "Hit_Rate": 83.33, "Status": "Validado (Rua sem rota)", "Bloco": "Domingo" }, "geometry": { "type": "MultiLineString", "coordinates": [ [ [ 674683.277417518547736, 7478396.049647067673504 ], [ 674671.97580845549237, 7478371.394788838922977 ] ] ] } },
{ "type": "Feature", "properties": { "id": "Centro.88", "id_trecho": 1136, "Name": "Rua Doutor Lauro Neiva", "description": "Atribuído à rota do vizinho mais próximo", "Extensao_m": 74.816822578227359, "Bairro_logradouros": "Centro", "Bairro_rotas": "Centro", "Distrito": "1º", "Lote": "I", "Name_2": "Ponto 419", "description_2": "Velocidade: 5km/h<br>02/07/2026 10:04:06", "layer": "TTW7E72", "path": "C:/KMLs/Estevao/02-07-2026/Coleta/Trajeto_TTW7E72.kml|layername=Trajeto|geometrytype=Point|uniqueGeometryType=yes", "Velocidade": 5.0, "Data": "2026-07-02", "hora": "10:04:06", "Rota": "ROTA 600 (NOITE) - Centro - Domingo", "Turno": "Noite", "Dias_da_semana": [ "dom" ], "Hit_Rate": 66.67, "Status": "Validado (Rua sem rota)", "Bloco": "Domingo" }, "geometry": { "type": "MultiLineString", "coordinates": [ [ [ 673689.220438799471594, 7478489.44333123229444 ], [ 673729.189685164485127, 7478552.686605600640178 ] ] ] } },
{ "type": "Feature", "properties": { "id": "Sao_Bento.27", "id_trecho": 6244, "Name": "Rua é Arapogi", "description": "nenhuma rota próxima", "Extensao_m": 116.46064222320344, "Bairro_logradouros": "Sao Bento", "Bairro_rotas": null, "Distrito": "2º", "Lote": "I", "Name_2": "Ponto 517", "description_2": "Velocidade: 9km/h<br>02/07/2026 09:51:08", "layer": "TTM0I75", "path": "C:/KMLs/Estevao/02-07-2026/Coleta/Trajeto_TTM0I75.kml|layername=Trajeto|geometrytype=Point|uniqueGeometryType=yes", "Velocidade": 9.0, "Data": "2026-07-02", "hora": "09:51:08", "Rota": null, "Turno": "Noite", "Dias_da_semana": [ "dom" ], "Hit_Rate": 66.67, "Status": "Validado (Rua sem rota)", "Bloco": "Domingo" }, "geometry": { "type": "MultiLineString", "coordinates": [ [ [ 674097.411856806371361, 7485853.966163273900747 ], [ 674131.44025926454924, 7485932.416151771321893 ], [ 674138.025479925912805, 7485947.690049201250076 ], [ 674143.68233696219977, 7485960.837190311402082 ] ] ] } },
{ "type": "Feature", "properties": { "id": "Sao_Bento.169", "id_trecho": 6272, "Name": "SN", "description": "nenhuma rota próxima", "Extensao_m": 62.214217759237386, "Bairro_logradouros": "Sao Bento", "Bairro_rotas": null, "Distrito": "2º", "Lote": "I", "Name_2": "Ponto 182", "description_2": "Velocidade: 0km/h<br>02/07/2026 07:38:14", "layer": "TTM0I75", "path": "C:/KMLs/Estevao/02-07-2026/Coleta/Trajeto_TTM0I75.kml|layername=Trajeto|geometrytype=Point|uniqueGeometryType=yes", "Velocidade": 0.0, "Data": "2026-07-02", "hora": "07:38:14", "Rota": null, "Turno": "Noite", "Dias_da_semana": [ "dom" ], "Hit_Rate": 66.67, "Status": "Validado (Rua sem rota)", "Bloco": "Domingo" }, "geometry": { "type": "MultiLineString", "coordinates": [ [ [ 674180.142170339357108, 7486034.464049244299531 ], [ 674187.471003727288917, 7486049.17570199072361 ], [ 674189.188311980455182, 7486051.116238382644951 ], [ 674190.810778082814068, 7486051.950413186103106 ], [ 674193.020030798856169, 7486051.991588797420263 ], [ 674196.448630847968161, 7486050.855997275561094 ], [ 674228.384890977176838, 7486035.26325243152678 ] ] ] } },
{ "type": "Feature", "properties": { "id": "Vinte_e_Cinco_de_Agosto.32", "id_trecho": 7520, "Name": "Rua Passos da Pátria", "description": null, "Extensao_m": 72.955843219104111, "Bairro_logradouros": "Vinte e Cinco de Agosto", "Bairro_rotas": "Vinte e Cinco de Agosto", "Distrito": "1º", "Lote": "I", "Name_2": "Ponto 232", "description_2": "Velocidade: 0km/h<br>05/07/2026 17:09:25", "layer": "TTI9B27", "path": "C:/KMLs/Estevao/05-07-2026/Coleta/Trajeto_TTI9B27.kml|layername=Trajeto|geometrytype=Point|uniqueGeometryType=yes", "Velocidade": 0.0, "Data": "2026-07-05", "hora": "17:09:25", "Rota": "ROTA 610 (NOITE) - Vinte e Cinco de Agosto - Domingo", "Turno": "Noite", "Dias_da_semana": [ "dom" ], "Hit_Rate": 100.0, "Status": "Validado", "Bloco": "Domingo" }, "geometry": { "type": "MultiLineString", "coordinates": [ [ [ 673907.908211205154657, 7478564.195140404626727 ], [ 673894.668534726370126, 7478544.146864157170057 ], [ 673868.12640423537232, 7478503.043219285085797 ] ] ] } },
{ "type": "Feature", "properties": { "id": "Vinte_e_Cinco_de_Agosto.75", "id_trecho": 7479, "Name": "Rua Marechal Floriano", "description": null, "Extensao_m": 25.883703398957238, "Bairro_logradouros": "Vinte e Cinco de Agosto", "Bairro_rotas": "Vinte e Cinco de Agosto", "Distrito": "1º", "Lote": "I", "Name_2": "Ponto 239", "description_2": "Velocidade: 0km/h<br>05/07/2026 17:16:25", "layer": "TTI9B27", "path": "C:/KMLs/Estevao/05-07-2026/Coleta/Trajeto_TTI9B27.kml|layername=Trajeto|geometrytype=Point|uniqueGeometryType=yes", "Velocidade": 0.0, "Data": "2026-07-05", "hora": "17:16:25", "Rota": "ROTA 610 (NOITE) - Vinte e Cinco de Agosto - Domingo", "Turno": "Noite", "Dias_da_semana": [ "dom" ], "Hit_Rate": 100.0, "Status": "Validado", "Bloco": "Domingo" }, "geometry": { "type": "MultiLineString", "coordinates": [ [ [ 673907.908211205154657, 7478564.195140404626727 ], [ 673918.375400194432586, 7478558.249992836266756 ], [ 673930.560454973136075, 7478551.676051497459412 ] ] ] } },
{ "type": "Feature", "properties": { "id": "Parque_Duque.56", "id_trecho": 4010, "Name": "Rua 14 de Julho", "description": null, "Extensao_m": 62.701534201255846, "Bairro_logradouros": "Parque Duque", "Bairro_rotas": "Parque Duque", "Distrito": "1º", "Lote": "I", "Name_2": "Ponto 396", "description_2": "Velocidade: 11km/h<br>05/07/2026 22:21:07", "layer": "TTI9B27", "path": "C:/KMLs/Estevao/05-07-2026/Coleta/Trajeto_TTI9B27.kml|layername=Trajeto|geometrytype=Point|uniqueGeometryType=yes", "Velocidade": 11.0, "Data": "2026-07-05", "hora": "22:21:07", "Rota": "ROTA 610 (NOITE) - Parque Duque - Domingo", "Turno": "Noite", "Dias_da_semana": [ "dom" ], "Hit_Rate": 83.33, "Status": "Validado", "Bloco": "Domingo" }, "geometry": { "type": "MultiLineString", "coordinates": [ [ [ 675497.407324789091945, 7479905.139384971931577 ], [ 675454.350034805014729, 7479859.560900842770934 ] ] ] } },
{ "type": "Feature", "properties": { "id": "Vila_Sao_Luis.49", "id_trecho": 7253, "Name": "Rua Prudente de Moraes", "description": null, "Extensao_m": 112.47794104561727, "Bairro_logradouros": "Vila Sao Luis", "Bairro_rotas": "Vila São Luis", "Distrito": "1º", "Lote": "I", "Name_2": "Ponto 447", "description_2": "Velocidade: 13km/h<br>05/07/2026 22:41:50", "layer": "TTI9B27", "path": "C:/KMLs/Estevao/05-07-2026/Coleta/Trajeto_TTI9B27.kml|layername=Trajeto|geometrytype=Point|uniqueGeometryType=yes", "Velocidade": 13.0, "Data": "2026-07-05", "hora": "22:41:50", "Rota": "ROTA 610 (NOITE) - Vila São Luís - Domingo", "Turno": "Noite", "Dias_da_semana": [ "dom" ], "Hit_Rate": 33.33, "Status": "Baixo hit rate", "Bloco": "Domingo" }, "geometry": { "type": "MultiLineString", "coordinates": [ [ [ 674805.113845973159187, 7480035.612729579210281 ], [ 674872.450286597944796, 7480125.704492796212435 ] ] ] } },
{ "type": "Feature", "properties": { "id": "Vila_Sao_Luis.49", "id_trecho": 7256, "Name": "Rua Prudente de Moraes", "description": null, "Extensao_m": 94.755107050244121, "Bairro_logradouros": "Vila Sao Luis", "Bairro_rotas": "Vila São Luis", "Distrito": "1º", "Lote": "I", "Name_2": "Ponto 456", "description_2": "Velocidade: 5km/h<br>05/07/2026 22:47:05", "layer": "TTI9B27", "path": "C:/KMLs/Estevao/05-07-2026/Coleta/Trajeto_TTI9B27.kml|layername=Trajeto|geometrytype=Point|uniqueGeometryType=yes", "Velocidade": 5.0, "Data": "2026-07-05", "hora": "22:47:05", "Rota": "ROTA 610 (NOITE) - Vila São Luís - Domingo", "Turno": "Noite", "Dias_da_semana": [ "dom" ], "Hit_Rate": 50.0, "Status": "Baixo hit rate", "Bloco": "Domingo" }, "geometry": { "type": "MultiLineString", "coordinates": [ [ [ 674954.382928275968879, 7480232.948537496849895 ], [ 675003.736964871874079, 7480298.794261929579079 ], [ 675011.795172809739597, 7480308.303083520382643 ] ] ] } },
{ "type": "Feature", "properties": { "id": "Doutor_Laureano.99", "id_trecho": 1486, "Name": "Avenida Doutor Laureano", "description": null, "Extensao_m": 10.320559249652707, "Bairro_logradouros": "Doutor Laureano", "Bairro_rotas": "Doutor Laureano", "Distrito": "1º", "Lote": "I", "Name_2": "Ponto 485", "description_2": "Velocidade: 6km/h<br>05/07/2026 22:59:08", "layer": "TTI9B27", "path": "C:/KMLs/Estevao/05-07-2026/Coleta/Trajeto_TTI9B27.kml|layername=Trajeto|geometrytype=Point|uniqueGeometryType=yes", "Velocidade": 6.0, "Data": "2026-07-05", "hora": "22:59:08", "Rota": "ROTA 610 (NOITE) - Doutor Laureano - Domingo", "Turno": "Noite", "Dias_da_semana": [ "dom" ], "Hit_Rate": 16.67, "Status": "Baixo hit rate", "Bloco": "Domingo" }, "geometry": { "type": "MultiLineString", "coordinates": [ [ [ 675026.838450794341043, 7481278.960562976077199 ], [ 675026.852348350919783, 7481281.950537485070527 ], [ 675026.06068211060483, 7481284.551105689257383 ], [ 675024.85832639678847, 7481286.270438227802515 ], [ 675022.862971096998081, 7481287.799561767838895 ] ] ] } },
{ "type": "Feature", "properties": { "id": "Doutor_Laureano.99", "id_trecho": 1478, "Name": "Avenida Doutor Laureano", "description": null, "Extensao_m": 23.210284336365419, "Bairro_logradouros": "Doutor Laureano", "Bairro_rotas": "Doutor Laureano", "Distrito": "1º", "Lote": "I", "Name_2": "Ponto 490", "description_2": "Velocidade: 5km/h<br>05/07/2026 23:01:20", "layer": "TTI9B27", "path": "C:/KMLs/Estevao/05-07-2026/Coleta/Trajeto_TTI9B27.kml|layername=Trajeto|geometrytype=Point|uniqueGeometryType=yes", "Velocidade": 5.0, "Data": "2026-07-05", "hora": "23:01:20", "Rota": "ROTA 610 (NOITE) - Doutor Laureano - Domingo", "Turno": "Noite", "Dias_da_semana": [ "dom" ], "Hit_Rate": 50.0, "Status": "Baixo hit rate", "Bloco": "Domingo" }, "geometry": { "type": "MultiLineString", "coordinates": [ [ [ 674910.736443638568744, 7481226.574642335996032 ], [ 674913.030017385259271, 7481227.755369834601879 ], [ 674914.787373236147687, 7481229.63996699359268 ], [ 674915.810726646566764, 7481231.998144747689366 ], [ 674915.963523403741419, 7481234.56568546127528 ], [ 674915.242194202262908, 7481237.032542340457439 ], [ 674913.72570292383898, 7481239.120942139998078 ], [ 674911.585688202292658, 7481240.574193937703967 ], [ 674909.087228247779422, 7481241.223127865232527 ], [ 674906.506689998088405, 7481240.98704079259187 ] ] ] } },
{ "type": "Feature", "properties": { "id": "Vila_Sao_Luis.5", "id_trecho": 6991, "Name": "Avenida Expedicionário José Amaro", "description": null, "Extensao_m": 34.168054130134635, "Bairro_logradouros": "Vila Sao Luis", "Bairro_rotas": "Vila São Luis", "Distrito": "1º", "Lote": "I", "Name_2": "Ponto 511", "description_2": "Velocidade: 14km/h<br>05/07/2026 23:05:43", "layer": "TTI9B27", "path": "C:/KMLs/Estevao/05-07-2026/Coleta/Trajeto_TTI9B27.kml|layername=Trajeto|geometrytype=Point|uniqueGeometryType=yes", "Velocidade": 14.0, "Data": "2026-07-05", "hora": "23:05:43", "Rota": "ROTA 610 (NOITE) - Vila São Luís - Domingo", "Turno": "Noite", "Dias_da_semana": [ "dom" ], "Hit_Rate": 50.0, "Status": "Baixo hit rate", "Bloco": "Domingo" }, "geometry": { "type": "MultiLineString", "coordinates": [ [ [ 675325.494178483379073, 7480765.145152266137302 ], [ 675339.161000162130222, 7480796.460112582892179 ] ] ] } },
{ "type": "Feature", "properties": { "id": "Centro.8", "id_trecho": 983, "Name": "Avenida Presidente Vargas", "description": null, "Extensao_m": 217.5342349578645, "Bairro_logradouros": "Centro", "Bairro_rotas": "Centro", "Distrito": "1º", "Lote": "I", "Name_2": "Ponto 609", "description_2": "Velocidade: 4km/h<br>05/07/2026 23:49:32", "layer": "TTI9B27", "path": "C:/KMLs/Estevao/05-07-2026/Coleta/Trajeto_TTI9B27.kml|layername=Trajeto|geometrytype=Point|uniqueGeometryType=yes", "Velocidade": 4.0, "Data": "2026-07-05", "hora": "23:49:32", "Rota": "ROTA 610 (NOITE) - Centro - Domingo", "Turno": "Noite", "Dias_da_semana": [ "dom" ], "Hit_Rate": 100.0, "Status": "Validado", "Bloco": "Domingo" }, "geometry": { "type": "MultiLineString", "coordinates": [ [ [ 673569.029072777368128, 7479005.684027764946222 ], [ 673568.615837576449849, 7478969.541515408083797 ], [ 673569.868153716321103, 7478934.476335758343339 ], [ 673573.297240049694665, 7478908.378776840865612 ], [ 673580.866371125681326, 7478884.238364048302174 ], [ 673594.148800394264981, 7478852.369039046578109 ], [ 673615.706078908871859, 7478810.4933554623276 ], [ 673622.861614924157038, 7478799.580625521950424 ] ] ] } },
{ "type": "Feature", "properties": { "id": "Vinte_e_Cinco_de_Agosto.60", "id_trecho": 7438, "Name": "Rua General Mitre", "description": null, "Extensao_m": 205.5671384810862, "Bairro_logradouros": "Vinte e Cinco de Agosto", "Bairro_rotas": "Vinte e Cinco de Agosto", "Distrito": "1º", "Lote": "I", "Name_2": "Ponto 644", "description_2": "Velocidade: 6km/h<br>06/07/2026 00:00:18", "layer": "TTI9B27", "path": "C:/KMLs/Estevao/05-07-2026/Coleta/Trajeto_TTI9B27.kml|layername=Trajeto|geometrytype=Point|uniqueGeometryType=yes", "Velocidade": 6.0, "Data": "2026-07-06", "hora": "00:00:18", "Rota": "ROTA 610 (NOITE) - Vinte e Cinco de Agosto - Domingo", "Turno": "Noite", "Dias_da_semana": [ "dom" ], "Hit_Rate": 100.0, "Status": "Validado", "Bloco": "Domingo" }, "geometry": { "type": "MultiLineString", "coordinates": [ [ [ 674049.374931670725346, 7478411.062580093741417 ], [ 674237.429488911526278, 7478328.049384705722332 ] ] ] } },
{ "type": "Feature", "properties": { "id": "Vinte_e_Cinco_de_Agosto.60", "id_trecho": 7440, "Name": "Rua General Mitre", "description": null, "Extensao_m": 116.04347648793902, "Bairro_logradouros": "Vinte e Cinco de Agosto", "Bairro_rotas": "Vinte e Cinco de Agosto", "Distrito": "1º", "Lote": "I", "Name_2": "Ponto 659", "description_2": "Velocidade: 6km/h<br>06/07/2026 00:07:07", "layer": "TTI9B27", "path": "C:/KMLs/Estevao/05-07-2026/Coleta/Trajeto_TTI9B27.kml|layername=Trajeto|geometrytype=Point|uniqueGeometryType=yes", "Velocidade": 6.0, "Data": "2026-07-06", "hora": "00:07:07", "Rota": "ROTA 610 (NOITE) - Vinte e Cinco de Agosto - Domingo", "Turno": "Noite", "Dias_da_semana": [ "dom" ], "Hit_Rate": 66.67, "Status": "Validado", "Bloco": "Domingo" }, "geometry": { "type": "MultiLineString", "coordinates": [ [ [ 674345.349971091840416, 7478277.251264942809939 ], [ 674450.738677018554881, 7478228.685265863314271 ] ] ] } },
{ "type": "Feature", "properties": { "id": "Vinte_e_Cinco_de_Agosto.79", "id_trecho": 7312, "Name": "Avenida Brigadeiro Lima e Silva", "description": null, "Extensao_m": 4.0101702554762708, "Bairro_logradouros": "Vinte e Cinco de Agosto", "Bairro_rotas": "Vinte e Cinco de Agosto", "Distrito": "1º", "Lote": "I", "Name_2": "Ponto 711", "description_2": "Velocidade: 12km/h<br>06/07/2026 00:28:04", "layer": "TTI9B27", "path": "C:/KMLs/Estevao/05-07-2026/Coleta/Trajeto_TTI9B27.kml|layername=Trajeto|geometrytype=Point|uniqueGeometryType=yes", "Velocidade": 12.0, "Data": "2026-07-06", "hora": "00:28:04", "Rota": "ROTA 610 (NOITE) - Vinte e Cinco de Agosto - Domingo", "Turno": "Noite", "Dias_da_semana": [ "dom" ], "Hit_Rate": 16.67, "Status": "Baixo hit rate", "Bloco": "Domingo" }, "geometry": { "type": "MultiLineString", "coordinates": [ [ [ 674900.303955085459165, 7478165.727436302229762 ], [ 674897.553430651198141, 7478168.645547114312649 ] ] ] } },
{ "type": "Feature", "properties": { "id": "Vinte_e_Cinco_de_Agosto.32", "id_trecho": 7518, "Name": "Rua Passos da Pátria", "description": null, "Extensao_m": 73.306820697238351, "Bairro_logradouros": "Vinte e Cinco de Agosto", "Bairro_rotas": "Vinte e Cinco de Agosto", "Distrito": "1º", "Lote": "I", "Name_2": "Ponto 743", "description_2": "Velocidade: 5km/h<br>06/07/2026 00:45:54", "layer": "TTI9B27", "path": "C:/KMLs/Estevao/05-07-2026/Coleta/Trajeto_TTI9B27.kml|layername=Trajeto|geometrytype=Point|uniqueGeometryType=yes", "Velocidade": 5.0, "Data": "2026-07-06", "hora": "00:45:54", "Rota": "ROTA 610 (NOITE) - Vinte e Cinco de Agosto - Domingo", "Turno": "Noite", "Dias_da_semana": [ "dom" ], "Hit_Rate": 16.67, "Status": "Baixo hit rate", "Bloco": "Domingo" }, "geometry": { "type": "MultiLineString", "coordinates": [ [ [ 673984.563818581867963, 7478691.61528112180531 ], [ 673948.100914866663516, 7478628.022308863699436 ] ] ] } },
{ "type": "Feature", "properties": { "id": "Centro.120", "id_trecho": 893, "Name": "Avenida Doutor Plínio Casado", "description": null, "Extensao_m": 82.921289539784027, "Bairro_logradouros": "Centro", "Bairro_rotas": "Centro", "Distrito": "1º", "Lote": "I", "Name_2": "Ponto 391", "description_2": "Velocidade: 0km/h<br>05/07/2026 19:06:22", "layer": "TTW7E72", "path": "C:/KMLs/Estevao/05-07-2026/Coleta/Trajeto_TTW7E72.kml|layername=Trajeto|geometrytype=Point|uniqueGeometryType=yes", "Velocidade": 0.0, "Data": "2026-07-05", "hora": "19:06:22", "Rota": "ROTA 600 (NOITE) - Centro - Domingo", "Turno": "Noite", "Dias_da_semana": [ "dom" ], "Hit_Rate": 50.0, "Status": "Baixo hit rate", "Bloco": "Domingo" }, "geometry": { "type": "MultiLineString", "coordinates": [ [ [ 673502.008813700056635, 7479045.476748000830412 ], [ 673513.096401849528775, 7479099.161103932186961 ], [ 673518.361402770038694, 7479126.765070668421686 ] ] ] } },
{ "type": "Feature", "properties": { "id": "Gramacho.230", "id_trecho": 1976, "Name": "Avenida Governador Leonel de Moura Brizola", "description": null, "Extensao_m": 341.17122520144642, "Bairro_logradouros": "Gramacho", "Bairro_rotas": "Centro", "Distrito": "1º", "Lote": "I", "Name_2": "Ponto 400", "description_2": "Velocidade: 43km/h<br>05/07/2026 19:15:22", "layer": "TTW7E72", "path": "C:/KMLs/Estevao/05-07-2026/Coleta/Trajeto_TTW7E72.kml|layername=Trajeto|geometrytype=Point|uniqueGeometryType=yes", "Velocidade": 43.0, "Data": "2026-07-05", "hora": "19:15:22", "Rota": "ROTA 600 (NOITE) - Centro - Domingo", "Turno": "Noite", "Dias_da_semana": [ "dom" ], "Hit_Rate": 83.33, "Status": "Validado", "Bloco": "Domingo" }, "geometry": { "type": "MultiLineString", "coordinates": [ [ [ 674304.362009612494148, 7482439.901246517896652 ], [ 674301.206535831210203, 7482411.032933099195361 ], [ 674297.125551871722564, 7482391.920804303139448 ], [ 674290.990406317054294, 7482372.810074583627284 ], [ 674283.757204530527815, 7482354.675413737073541 ], [ 674262.429147267015651, 7482308.48444838821888 ], [ 674246.762898905202746, 7482275.052857797592878 ], [ 674228.116464916733094, 7482235.198967214673758 ], [ 674217.242233653669246, 7482211.225442971102893 ], [ 674205.735582282301039, 7482181.356443675234914 ], [ 674187.649176087463275, 7482135.681978554464877 ], [ 674182.498292958363891, 7482122.956792952492833 ] ] ] } },
{ "type": "Feature", "properties": { "id": "Gramacho.107", "id_trecho": 2029, "Name": "Avenida Pelótas", "description": null, "Extensao_m": 171.32235916815009, "Bairro_logradouros": "Gramacho", "Bairro_rotas": "Gramacho", "Distrito": "1º", "Lote": "I", "Name_2": "Ponto 644", "description_2": "Velocidade: 16km/h<br>05/07/2026 21:56:03", "layer": "TUN3B98", "path": "C:/KMLs/Estevao/05-07-2026/Coleta/Trajeto_TUN3B98.kml|layername=Trajeto|geometrytype=Point|uniqueGeometryType=yes", "Velocidade": 16.0, "Data": "2026-07-05", "hora": "21:56:03", "Rota": "ROTA 600 (NOITE) - Gramacho - Domingo", "Turno": "Noite", "Dias_da_semana": [ "dom" ], "Hit_Rate": 100.0, "Status": "Validado", "Bloco": "Domingo" }, "geometry": { "type": "MultiLineString", "coordinates": [ [ [ 675579.076482586096972, 7482339.763680775649846 ], [ 675579.081087024067529, 7482339.760163977742195 ], [ 675627.705088095739484, 7482299.850511917844415 ], [ 675711.501809331122786, 7482231.072484211996198 ] ] ] } },
{ "type": "Feature", "properties": { "id": "Gramacho.224", "id_trecho": 2074, "Name": "Avenida República do Paraguai", "description": null, "Extensao_m": 48.191104536943008, "Bairro_logradouros": "Gramacho", "Bairro_rotas": "Gramacho", "Distrito": "1º", "Lote": "I", "Name_2": "Ponto 681", "description_2": "Velocidade: 28km/h<br>05/07/2026 22:05:18", "layer": "TUN3B98", "path": "C:/KMLs/Estevao/05-07-2026/Coleta/Trajeto_TUN3B98.kml|layername=Trajeto|geometrytype=Point|uniqueGeometryType=yes", "Velocidade": 28.0, "Data": "2026-07-05", "hora": "22:05:18", "Rota": "ROTA 600 (NOITE) - Gramacho - Domingo", "Turno": "Noite", "Dias_da_semana": [ "dom" ], "Hit_Rate": 66.67, "Status": "Validado", "Bloco": "Domingo" }, "geometry": { "type": "MultiLineString", "coordinates": [ [ [ 674196.228858013637364, 7483049.745877750217915 ], [ 674191.243678347556852, 7483043.861232737079263 ], [ 674178.81157729041297, 7483029.185940784402192 ], [ 674165.067272461252287, 7483012.986921278759837 ] ] ] } },
{ "type": "Feature", "properties": { "id": "Gramacho.230", "id_trecho": 1960, "Name": "Avenida Governador Leonel de Moura Brizola", "description": null, "Extensao_m": 10.567571105493746, "Bairro_logradouros": "Gramacho", "Bairro_rotas": "Centro", "Distrito": "1º", "Lote": "I", "Name_2": "Ponto 698", "description_2": "Velocidade: 41km/h<br>05/07/2026 22:09:28", "layer": "TUN3B98", "path": "C:/KMLs/Estevao/05-07-2026/Coleta/Trajeto_TUN3B98.kml|layername=Trajeto|geometrytype=Point|uniqueGeometryType=yes", "Velocidade": 41.0, "Data": "2026-07-05", "hora": "22:09:28", "Rota": "ROTA 600 (NOITE) - Centro - Domingo", "Turno": "Noite", "Dias_da_semana": [ "dom" ], "Hit_Rate": 16.67, "Status": "Baixo hit rate", "Bloco": "Domingo" }, "geometry": { "type": "MultiLineString", "coordinates": [ [ [ 673914.143422457855195, 7483176.949678536504507 ], [ 673915.331463640555739, 7483177.454313202761114 ], [ 673916.524161496898159, 7483179.356560461223125 ], [ 673916.910192378447391, 7483182.574821363203228 ], [ 673917.097278870758601, 7483186.360155982896686 ] ] ] } },
{ "type": "Feature", "properties": { "id": "Parque_Fluminense.175", "id_trecho": 4731, "Name": "Avenida Governador Leonel de Moura Brizola", "description": null, "Extensao_m": 127.3612611056696, "Bairro_logradouros": "Parque Fluminense", "Bairro_rotas": "Centro", "Distrito": "2º", "Lote": "I", "Name_2": "Ponto 705", "description_2": "Velocidade: 39km/h<br>05/07/2026 22:11:28", "layer": "TUN3B98", "path": "C:/KMLs/Estevao/05-07-2026/Coleta/Trajeto_TUN3B98.kml|layername=Trajeto|geometrytype=Point|uniqueGeometryType=yes", "Velocidade": 39.0, "Data": "2026-07-05", "hora": "22:11:28", "Rota": "ROTA 600 (NOITE) - Centro - Domingo", "Turno": "Noite", "Dias_da_semana": [ "dom" ], "Hit_Rate": 33.33, "Status": "Baixo hit rate", "Bloco": "Domingo" }, "geometry": { "type": "MultiLineString", "coordinates": [ [ [ 673630.292797613888979, 7484085.827000569552183 ], [ 673626.712700124713592, 7484103.354423586279154 ], [ 673604.793472044053487, 7484210.605925281532109 ] ] ] } },
{ "type": "Feature", "properties": { "id": "Parque_Fluminense.175", "id_trecho": 4741, "Name": "Avenida Governador Leonel de Moura Brizola", "description": null, "Extensao_m": 656.39725452988876, "Bairro_logradouros": "Parque Fluminense", "Bairro_rotas": "Centro", "Distrito": "2º", "Lote": "I", "Name_2": "Ponto 708", "description_2": "Velocidade: 0km/h<br>05/07/2026 22:14:16", "layer": "TUN3B98", "path": "C:/KMLs/Estevao/05-07-2026/Coleta/Trajeto_TUN3B98.kml|layername=Trajeto|geometrytype=Point|uniqueGeometryType=yes", "Velocidade": 0.0, "Data": "2026-07-05", "hora": "22:14:16", "Rota": "ROTA 600 (NOITE) - Centro - Domingo", "Turno": "Noite", "Dias_da_semana": [ "dom" ], "Hit_Rate": 100.0, "Status": "Validado", "Bloco": "Domingo" }, "geometry": { "type": "MultiLineString", "coordinates": [ [ [ 673455.716621723142453, 7484888.034344985149801 ], [ 673391.95221291447524, 7485194.039633611217141 ], [ 673358.559848612872884, 7485353.194013281725347 ], [ 673341.995139720616862, 7485430.360960267484188 ], [ 673332.941650552675128, 7485470.697420796379447 ], [ 673319.685092387371697, 7485530.153240885585546 ] ] ] } },
{ "type": "Feature", "properties": { "id": "Sao_Bento.239", "id_trecho": 5614, "Name": "Avenida Governador Leonel de Moura Brizola", "description": null, "Extensao_m": 312.58976772265623, "Bairro_logradouros": "Sao Bento", "Bairro_rotas": "Centro", "Distrito": "2º", "Lote": "I", "Name_2": "Ponto 776", "description_2": "Velocidade: 19km/h<br>05/07/2026 22:31:13", "layer": "TUN3B98", "path": "C:/KMLs/Estevao/05-07-2026/Coleta/Trajeto_TUN3B98.kml|layername=Trajeto|geometrytype=Point|uniqueGeometryType=yes", "Velocidade": 19.0, "Data": "2026-07-05", "hora": "22:31:13", "Rota": "ROTA 600 (NOITE) - Centro - Domingo", "Turno": "Noite", "Dias_da_semana": [ "dom" ], "Hit_Rate": 100.0, "Status": "Validado", "Bloco": "Domingo" }, "geometry": { "type": "MultiLineString", "coordinates": [ [ [ 672663.702999467612244, 7486341.561199033632874 ], [ 672394.762618311680853, 7486500.86321627907455 ] ] ] } },
{ "type": "Feature", "properties": { "id": "Parque_Fluminense.175", "id_trecho": 4720, "Name": "Avenida Governador Leonel de Moura Brizola", "description": null, "Extensao_m": 352.34689456299395, "Bairro_logradouros": "Parque Fluminense", "Bairro_rotas": "Centro", "Distrito": "2º", "Lote": "I", "Name_2": "Ponto 778", "description_2": "Velocidade: 47km/h<br>05/07/2026 22:32:27", "layer": "TUN3B98", "path": "C:/KMLs/Estevao/05-07-2026/Coleta/Trajeto_TUN3B98.kml|layername=Trajeto|geometrytype=Point|uniqueGeometryType=yes", "Velocidade": 47.0, "Data": "2026-07-05", "hora": "22:32:27", "Rota": "ROTA 600 (NOITE) - Centro - Domingo", "Turno": "Noite", "Dias_da_semana": [ "dom" ], "Hit_Rate": 33.33, "Status": "Baixo hit rate", "Bloco": "Domingo" }, "geometry": { "type": "MultiLineString", "coordinates": [ [ [ 672951.641758310841396, 7486159.985329676419497 ], [ 672991.999488261295483, 7486134.997155077755451 ], [ 673037.846883653663099, 7486107.631936953403056 ], [ 673070.68587788939476, 7486088.210791954770684 ], [ 673101.849395859171636, 7486067.811918698251247 ], [ 673132.57040090020746, 7486041.028074752539396 ], [ 673157.475391311221756, 7486015.041206078603864 ], [ 673188.608680892270058, 7485977.554665591567755 ], [ 673208.55627487716265, 7485951.989533664658666 ], [ 673218.730206892127171, 7485936.934424959123135 ] ] ] } },
{ "type": "Feature", "properties": { "id": "Parque_Fluminense.175", "id_trecho": 4727, "Name": "Avenida Governador Leonel de Moura Brizola", "description": null, "Extensao_m": 127.30418669404442, "Bairro_logradouros": "Parque Fluminense", "Bairro_rotas": "Centro", "Distrito": "2º", "Lote": "I", "Name_2": "Ponto 804", "description_2": "Velocidade: 14km/h<br>05/07/2026 22:42:01", "layer": "TUN3B98", "path": "C:/KMLs/Estevao/05-07-2026/Coleta/Trajeto_TUN3B98.kml|layername=Trajeto|geometrytype=Point|uniqueGeometryType=yes", "Velocidade": 14.0, "Data": "2026-07-05", "hora": "22:42:01", "Rota": "ROTA 600 (NOITE) - Centro - Domingo", "Turno": "Noite", "Dias_da_semana": [ "dom" ], "Hit_Rate": 100.0, "Status": "Validado", "Bloco": "Domingo" }, "geometry": { "type": "MultiLineString", "coordinates": [ [ [ 673596.636392631102353, 7484208.71666425652802 ], [ 673619.316085525089875, 7484101.48972394503653 ], [ 673622.980757219367661, 7484084.171752826310694 ] ] ] } },
{ "type": "Feature", "properties": { "id": "Parque_Fluminense.175", "id_trecho": 4730, "Name": "Avenida Governador Leonel de Moura Brizola", "description": null, "Extensao_m": 261.68683940722178, "Bairro_logradouros": "Parque Fluminense", "Bairro_rotas": "Centro", "Distrito": "2º", "Lote": "I", "Name_2": "Ponto 807", "description_2": "Velocidade: 13km/h<br>05/07/2026 22:43:15", "layer": "TUN3B98", "path": "C:/KMLs/Estevao/05-07-2026/Coleta/Trajeto_TUN3B98.kml|layername=Trajeto|geometrytype=Point|uniqueGeometryType=yes", "Velocidade": 13.0, "Data": "2026-07-05", "hora": "22:43:15", "Rota": "ROTA 600 (NOITE) - Centro - Domingo", "Turno": "Noite", "Dias_da_semana": [ "dom" ], "Hit_Rate": 50.0, "Status": "Baixo hit rate", "Bloco": "Domingo" }, "geometry": { "type": "MultiLineString", "coordinates": [ [ [ 673685.028499439475127, 7483829.935911925509572 ], [ 673668.724299527937546, 7483906.18145240098238 ], [ 673630.292797613888979, 7484085.827000569552183 ] ] ] } },
{ "type": "Feature", "properties": { "id": "Parque_Fluminense.175", "id_trecho": 4728, "Name": "Avenida Governador Leonel de Moura Brizola", "description": null, "Extensao_m": 427.16333049720839, "Bairro_logradouros": "Parque Fluminense", "Bairro_rotas": "Centro", "Distrito": "2º", "Lote": "I", "Name_2": "Ponto 809", "description_2": "Velocidade: 43km/h<br>05/07/2026 22:43:28", "layer": "TUN3B98", "path": "C:/KMLs/Estevao/05-07-2026/Coleta/Trajeto_TUN3B98.kml|layername=Trajeto|geometrytype=Point|uniqueGeometryType=yes", "Velocidade": 43.0, "Data": "2026-07-05", "hora": "22:43:28", "Rota": "ROTA 600 (NOITE) - Centro - Domingo", "Turno": "Noite", "Dias_da_semana": [ "dom" ], "Hit_Rate": 66.67, "Status": "Validado", "Bloco": "Domingo" }, "geometry": { "type": "MultiLineString", "coordinates": [ [ [ 673622.980757219367661, 7484084.171752826310694 ], [ 673643.967285509337671, 7483986.133706317283213 ], [ 673661.217828925000504, 7483904.583820721134543 ], [ 673670.308574375114404, 7483861.400390280410647 ], [ 673682.127983523765579, 7483805.306194802746177 ], [ 673692.306456553866155, 7483755.742501040920615 ], [ 673695.250187735073268, 7483735.575511978939176 ], [ 673696.213088269927539, 7483723.648392376489937 ], [ 673696.992403040989302, 7483707.33788001537323 ], [ 673697.056363422190771, 7483682.353153512813151 ], [ 673696.390760327107273, 7483664.541936696507037 ] ] ] } },
{ "type": "Feature", "properties": { "id": "Gramacho.230", "id_trecho": 1967, "Name": "Avenida Governador Leonel de Moura Brizola", "description": null, "Extensao_m": 45.863763604298043, "Bairro_logradouros": "Gramacho", "Bairro_rotas": "Centro", "Distrito": "1º", "Lote": "I", "Name_2": "Ponto 820", "description_2": "Velocidade: 12km/h<br>05/07/2026 22:48:00", "layer": "TUN3B98", "path": "C:/KMLs/Estevao/05-07-2026/Coleta/Trajeto_TUN3B98.kml|layername=Trajeto|geometrytype=Point|uniqueGeometryType=yes", "Velocidade": 12.0, "Data": "2026-07-05", "hora": "22:48:00", "Rota": "ROTA 600 (NOITE) - Centro - Domingo", "Turno": "Noite", "Dias_da_semana": [ "dom" ], "Hit_Rate": 83.33, "Status": "Validado", "Bloco": "Domingo" }, "geometry": { "type": "MultiLineString", "coordinates": [ [ [ 674024.214962105965242, 7482929.347299499437213 ], [ 674029.361896980204619, 7482922.256095051765442 ], [ 674034.352232692064717, 7482916.739258957095444 ], [ 674040.284858952974901, 7482911.887180953286588 ], [ 674048.687211696524173, 7482906.541704975068569 ], [ 674059.504005329450592, 7482901.257184309884906 ] ] ] } },
{ "type": "Feature", "properties": { "id": "Gramacho.230", "id_trecho": 1983, "Name": "Avenida Governador Leonel de Moura Brizola", "description": null, "Extensao_m": 902.92170588451438, "Bairro_logradouros": "Gramacho", "Bairro_rotas": "Centro", "Distrito": "1º", "Lote": "I", "Name_2": "Ponto 829", "description_2": "Velocidade: 33km/h<br>05/07/2026 22:49:28", "layer": "TUN3B98", "path": "C:/KMLs/Estevao/05-07-2026/Coleta/Trajeto_TUN3B98.kml|layername=Trajeto|geometrytype=Point|uniqueGeometryType=yes", "Velocidade": 33.0, "Data": "2026-07-05", "hora": "22:49:28", "Rota": "ROTA 600 (NOITE) - Centro - Domingo", "Turno": "Noite", "Dias_da_semana": [ "dom" ], "Hit_Rate": 83.33, "Status": "Validado", "Bloco": "Domingo" }, "geometry": { "type": "MultiLineString", "coordinates": [ [ [ 674193.12045480881352, 7482117.490305410698056 ], [ 674199.028914583846927, 7482131.177148317918181 ], [ 674208.637419136124663, 7482157.634802900254726 ], [ 674219.294099838938564, 7482186.826920751482248 ], [ 674229.213259949930944, 7482210.81138891261071 ], [ 674241.640391321969219, 7482237.646481923758984 ], [ 674256.198609897051938, 7482269.396374875679612 ], [ 674279.234835220966488, 7482320.351955420337617 ], [ 674300.039757675025612, 7482369.284305093809962 ], [ 674307.600409707985818, 7482391.789640188217163 ], [ 674311.824560370063409, 7482411.741789107210934 ], [ 674314.561697221244685, 7482434.579286168329418 ], [ 674314.351928740390576, 7482463.763044072315097 ], [ 674311.3245197404176, 7482488.172764212824404 ], [ 674304.216558206477202, 7482517.70139080286026 ], [ 674299.141490669338964, 7482531.037914682179689 ], [ 674291.85068596014753, 7482543.724289940670133 ], [ 674280.399109553429298, 7482566.18177623860538 ], [ 674220.966588253155351, 7482668.903422418981791 ], [ 674206.50145654019434, 7482693.709934785962105 ], [ 674184.197298229206353, 7482729.99082069657743 ], [ 674141.934617321705446, 7482804.707280523143709 ], [ 674102.223897012881935, 7482872.694295206107199 ], [ 674088.410314621054567, 7482894.336968029849231 ], [ 674077.61365552560892, 7482912.146537160500884 ], [ 674066.480842995224521, 7482931.997651502490044 ] ] ] } },
{ "type": "Feature", "properties": { "id": "Centenario.2", "id_trecho": 678, "Name": "Avenida Governador Leonel de Moura Brizola", "description": null, "Extensao_m": 473.07050955231239, "Bairro_logradouros": "Centenario", "Bairro_rotas": "Centro", "Distrito": "1º", "Lote": "I", "Name_2": "Ponto 862", "description_2": "Velocidade: 16km/h<br>05/07/2026 23:02:14", "layer": "TUN3B98", "path": "C:/KMLs/Estevao/05-07-2026/Coleta/Trajeto_TUN3B98.kml|layername=Trajeto|geometrytype=Point|uniqueGeometryType=yes", "Velocidade": 16.0, "Data": "2026-07-05", "hora": "23:02:14", "Rota": "ROTA 600 (NOITE) - Centro - Domingo", "Turno": "Noite", "Dias_da_semana": [ "dom" ], "Hit_Rate": 83.33, "Status": "Validado", "Bloco": "Domingo" }, "geometry": { "type": "MultiLineString", "coordinates": [ [ [ 673860.145341236959212, 7480915.587654916569591 ], [ 673855.373282055836171, 7480888.066725799813867 ], [ 673847.736690187011845, 7480840.865941303782165 ], [ 673842.728270292864181, 7480807.943351810798049 ], [ 673837.401784820016474, 7480776.840620464645326 ], [ 673833.278814144898206, 7480755.779774703085423 ], [ 673809.943551235948689, 7480640.683565892279148 ], [ 673773.519432780332863, 7480450.585420339368284 ] ] ] } },
{ "type": "Feature", "properties": { "id": "Centenario.2", "id_trecho": 673, "Name": "Avenida Governador Leonel de Moura Brizola", "description": null, "Extensao_m": 1834.6556822737284, "Bairro_logradouros": "Centenario", "Bairro_rotas": "Centro", "Distrito": "1º", "Lote": "I", "Name_2": "Ponto 863", "description_2": "Velocidade: 0km/h<br>05/07/2026 23:02:28", "layer": "TUN3B98", "path": "C:/KMLs/Estevao/05-07-2026/Coleta/Trajeto_TUN3B98.kml|layername=Trajeto|geometrytype=Point|uniqueGeometryType=yes", "Velocidade": 0.0, "Data": "2026-07-05", "hora": "23:02:28", "Rota": "ROTA 600 (NOITE) - Centro - Domingo", "Turno": "Noite", "Dias_da_semana": [ "dom" ], "Hit_Rate": 83.33, "Status": "Validado", "Bloco": "Domingo" }, "geometry": { "type": "MultiLineString", "coordinates": [ [ [ 673668.92959209473338, 7479894.776941482909024 ], [ 673672.917136376025155, 7479912.495834250934422 ], [ 673676.235759321949445, 7479927.90683142375201 ], [ 673682.637271176790819, 7479956.073636634275317 ], [ 673697.95124137820676, 7480029.920555913820863 ], [ 673713.443198287161067, 7480102.259294996038079 ], [ 673722.276156895328313, 7480146.36772932857275 ], [ 673730.322973834350705, 7480188.181653110310435 ], [ 673754.228840191848576, 7480315.54198111500591 ], [ 673760.644136170390993, 7480346.68765065073967 ], [ 673780.783062545349821, 7480445.463421922177076 ], [ 673785.189095836482011, 7480468.835612727329135 ], [ 673824.835293488344178, 7480672.153066812083125 ], [ 673840.92908066441305, 7480754.817352066747844 ], [ 673844.452573010930791, 7480773.747675167396665 ], [ 673866.514802538324147, 7480886.156235378235579 ], [ 673913.017010633368045, 7481120.348336548544466 ], [ 673921.201810685917735, 7481161.584736729972064 ], [ 673932.182497909059748, 7481218.282374314963818 ], [ 673938.749240418546833, 7481250.943467112258077 ], [ 673951.424254237907007, 7481311.198768530972302 ], [ 673956.82168960548006, 7481337.704737830907106 ], [ 673969.40428240573965, 7481389.876693383790553 ], [ 673992.759816422127187, 7481468.902818340808153 ], [ 674019.485216728877276, 7481577.61432459205389 ], [ 674037.018895995453931, 7481653.141070364043117 ], [ 674043.205005723750219, 7481688.409001706168056 ], [ 674043.601486003841273, 7481690.193107517436147 ] ] ] } },
{ "type": "Feature", "properties": { "id": "Centenario.2", "id_trecho": 679, "Name": "Avenida Governador Leonel de Moura Brizola", "description": null, "Extensao_m": 131.41640143050469, "Bairro_logradouros": "Centenario", "Bairro_rotas": "Centro", "Distrito": "1º", "Lote": "I", "Name_2": "Ponto 870", "description_2": "Velocidade: 4km/h<br>05/07/2026 23:03:40", "layer": "TUN3B98", "path": "C:/KMLs/Estevao/05-07-2026/Coleta/Trajeto_TUN3B98.kml|layername=Trajeto|geometrytype=Point|uniqueGeometryType=yes", "Velocidade": 4.0, "Data": "2026-07-05", "hora": "23:03:40", "Rota": "ROTA 600 (NOITE) - Centro - Domingo", "Turno": "Noite", "Dias_da_semana": [ "dom" ], "Hit_Rate": 83.33, "Status": "Validado", "Bloco": "Domingo" }, "geometry": { "type": "MultiLineString", "coordinates": [ [ [ 673773.519432780332863, 7480450.585420339368284 ], [ 673752.203044946072623, 7480347.625871199183166 ], [ 673746.374772165203467, 7480322.010741556063294 ] ] ] } },
{ "type": "Feature", "properties": { "id": "Centro.7", "id_trecho": 873, "Name": "Avenida Doutor Manoel Reis", "description": null, "Extensao_m": 102.39809281162542, "Bairro_logradouros": "Centro", "Bairro_rotas": "Centro", "Distrito": "1º", "Lote": "I", "Name_2": "Ponto 912", "description_2": "Velocidade: 15km/h<br>05/07/2026 23:14:20", "layer": "TUN3B98", "path": "C:/KMLs/Estevao/05-07-2026/Coleta/Trajeto_TUN3B98.kml|layername=Trajeto|geometrytype=Point|uniqueGeometryType=yes", "Velocidade": 15.0, "Data": "2026-07-05", "hora": "23:14:20", "Rota": "ROTA 600 (NOITE) - Centro - Domingo", "Turno": "Noite", "Dias_da_semana": [ "dom" ], "Hit_Rate": 83.33, "Status": "Validado", "Bloco": "Domingo" }, "geometry": { "type": "MultiLineString", "coordinates": [ [ [ 673551.844323751982301, 7479887.456125011667609 ], [ 673581.889463640283793, 7479889.02863448113203 ], [ 673622.901136623229831, 7479886.920795670710504 ], [ 673641.987144786166027, 7479882.04021236859262 ], [ 673645.689299384015612, 7479880.702164122834802 ], [ 673652.922724940464832, 7479878.349179657176137 ] ] ] } },
{ "type": "Feature", "properties": { "id": "Centro.7", "id_trecho": 871, "Name": "Avenida Doutor Manoel Reis", "description": null, "Extensao_m": 61.295627686250761, "Bairro_logradouros": "Centro", "Bairro_rotas": "Centro", "Distrito": "1º", "Lote": "I", "Name_2": "Ponto 1015", "description_2": "Velocidade: 0km/h<br>05/07/2026 23:41:50", "layer": "TUN3B98", "path": "C:/KMLs/Estevao/05-07-2026/Coleta/Trajeto_TUN3B98.kml|layername=Trajeto|geometrytype=Point|uniqueGeometryType=yes", "Velocidade": 0.0, "Data": "2026-07-05", "hora": "23:41:50", "Rota": "ROTA 600 (NOITE) - Centro - Domingo", "Turno": "Noite", "Dias_da_semana": [ "dom" ], "Hit_Rate": 16.67, "Status": "Baixo hit rate", "Bloco": "Domingo" }, "geometry": { "type": "MultiLineString", "coordinates": [ [ [ 673380.336191660142504, 7479883.667458701878786 ], [ 673399.164641836890951, 7479879.609639206901193 ], [ 673412.07558694970794, 7479877.13657358288765 ], [ 673440.828308276366442, 7479874.349688343703747 ] ] ] } },
{ "type": "Feature", "properties": { "id": "Centro.132", "id_trecho": 946, "Name": "Avenida Governador Leonel de Moura Brizola", "description": null, "Extensao_m": 171.73413166334265, "Bairro_logradouros": "Centro", "Bairro_rotas": "Centro", "Distrito": "1º", "Lote": "I", "Name_2": "Ponto 1017", "description_2": "Velocidade: 17km/h<br>05/07/2026 23:42:25", "layer": "TUN3B98", "path": "C:/KMLs/Estevao/05-07-2026/Coleta/Trajeto_TUN3B98.kml|layername=Trajeto|geometrytype=Point|uniqueGeometryType=yes", "Velocidade": 17.0, "Data": "2026-07-05", "hora": "23:42:25", "Rota": "ROTA 600 (NOITE) - Centro - Domingo", "Turno": "Noite", "Dias_da_semana": [ "dom" ], "Hit_Rate": 83.33, "Status": "Validado", "Bloco": "Domingo" }, "geometry": { "type": "MultiLineString", "coordinates": [ [ [ 673652.922724940464832, 7479878.349179657176137 ], [ 673650.62477996351663, 7479866.880109813064337 ], [ 673618.128381357062608, 7479710.181830199435353 ] ] ] } },
{ "type": "Feature", "properties": { "id": "Centro.132", "id_trecho": 910, "Name": "Avenida Governador Leonel de Moura Brizola", "description": null, "Extensao_m": 66.907521820125282, "Bairro_logradouros": "Centro", "Bairro_rotas": "Centro", "Distrito": "1º", "Lote": "I", "Name_2": "Ponto 1022", "description_2": "Velocidade: 0km/h<br>05/07/2026 23:43:28", "layer": "TUN3B98", "path": "C:/KMLs/Estevao/05-07-2026/Coleta/Trajeto_TUN3B98.kml|layername=Trajeto|geometrytype=Point|uniqueGeometryType=yes", "Velocidade": 0.0, "Data": "2026-07-05", "hora": "23:43:28", "Rota": "ROTA 600 (NOITE) - Centro - Domingo", "Turno": "Noite", "Dias_da_semana": [ "dom" ], "Hit_Rate": 66.67, "Status": "Validado", "Bloco": "Domingo" }, "geometry": { "type": "MultiLineString", "coordinates": [ [ [ 673586.790413110051304, 7479517.334117962047458 ], [ 673577.45411915553268, 7479501.006267722696066 ], [ 673554.267820773064159, 7479458.866989951580763 ] ] ] } },
{ "type": "Feature", "properties": { "id": "Centro.132", "id_trecho": 919, "Name": "Avenida Governador Leonel de Moura Brizola", "description": null, "Extensao_m": 22.757942398713656, "Bairro_logradouros": "Centro", "Bairro_rotas": "Centro", "Distrito": "1º", "Lote": "I", "Name_2": "Ponto 1043", "description_2": "Velocidade: 13km/h<br>05/07/2026 23:49:15", "layer": "TUN3B98", "path": "C:/KMLs/Estevao/05-07-2026/Coleta/Trajeto_TUN3B98.kml|layername=Trajeto|geometrytype=Point|uniqueGeometryType=yes", "Velocidade": 13.0, "Data": "2026-07-05", "hora": "23:49:15", "Rota": "ROTA 600 (NOITE) - Centro - Domingo", "Turno": "Noite", "Dias_da_semana": [ "dom" ], "Hit_Rate": 33.33, "Status": "Baixo hit rate", "Bloco": "Domingo" }, "geometry": { "type": "MultiLineString", "coordinates": [ [ [ 673414.153458880609833, 7478855.179437042213976 ], [ 673417.644554181722924, 7478832.691513271071017 ] ] ] } },
{ "type": "Feature", "properties": { "id": "Centro.137", "id_trecho": 1197, "Name": "Rua José de Alvarenga", "description": null, "Extensao_m": 87.105037611017138, "Bairro_logradouros": "Centro", "Bairro_rotas": "Centro", "Distrito": "1º", "Lote": "I", "Name_2": "Ponto 1046", "description_2": "Velocidade: 12km/h<br>05/07/2026 23:49:39", "layer": "TUN3B98", "path": "C:/KMLs/Estevao/05-07-2026/Coleta/Trajeto_TUN3B98.kml|layername=Trajeto|geometrytype=Point|uniqueGeometryType=yes", "Velocidade": 12.0, "Data": "2026-07-05", "hora": "23:49:39", "Rota": "ROTA 600 (NOITE) - Centro - Domingo", "Turno": "Noite", "Dias_da_semana": [ "dom" ], "Hit_Rate": 33.33, "Status": "Baixo hit rate", "Bloco": "Domingo" }, "geometry": { "type": "MultiLineString", "coordinates": [ [ [ 673334.085943287005648, 7478679.477614003233612 ], [ 673327.874462037347257, 7478685.849942499771714 ], [ 673322.183033459819853, 7478763.846265876665711 ] ] ] } },
{ "type": "Feature", "properties": { "id": "Centro.147", "id_trecho": 880, "Name": "Avenida Doutor Manoel Teles", "description": null, "Extensao_m": 122.13590963439962, "Bairro_logradouros": "Centro", "Bairro_rotas": "Centro", "Distrito": "1º", "Lote": "I", "Name_2": "Ponto 1047", "description_2": "Velocidade: 16km/h<br>05/07/2026 23:49:41", "layer": "TUN3B98", "path": "C:/KMLs/Estevao/05-07-2026/Coleta/Trajeto_TUN3B98.kml|layername=Trajeto|geometrytype=Point|uniqueGeometryType=yes", "Velocidade": 16.0, "Data": "2026-07-05", "hora": "23:49:41", "Rota": "ROTA 600 (NOITE) - Centro - Domingo", "Turno": "Noite", "Dias_da_semana": [ "dom" ], "Hit_Rate": 50.0, "Status": "Baixo hit rate", "Bloco": "Domingo" }, "geometry": { "type": "MultiLineString", "coordinates": [ [ [ 673322.183033459819853, 7478763.846265876665711 ], [ 673251.160317200119607, 7478700.325253887102008 ], [ 673231.655462052556686, 7478681.876252624206245 ] ] ] } },
{ "type": "Feature", "properties": { "id": "Centro.19", "id_trecho": 1163, "Name": "Rua Genaro Lomba", "description": null, "Extensao_m": 45.629733438469358, "Bairro_logradouros": "Centro", "Bairro_rotas": "Centro", "Distrito": "1º", "Lote": "I", "Name_2": "Ponto 1049", "description_2": "Velocidade: 18km/h<br>05/07/2026 23:49:58", "layer": "TUN3B98", "path": "C:/KMLs/Estevao/05-07-2026/Coleta/Trajeto_TUN3B98.kml|layername=Trajeto|geometrytype=Point|uniqueGeometryType=yes", "Velocidade": 18.0, "Data": "2026-07-05", "hora": "23:49:58", "Rota": "ROTA 600 (NOITE) - Centro - Domingo", "Turno": "Noite", "Dias_da_semana": [ "dom" ], "Hit_Rate": 50.0, "Status": "Baixo hit rate", "Bloco": "Domingo" }, "geometry": { "type": "MultiLineString", "coordinates": [ [ [ 673231.655462052556686, 7478681.876252624206245 ], [ 673219.362441842094995, 7478702.415785167366266 ], [ 673212.869239520514384, 7478712.899918428622186 ], [ 673210.085787626798265, 7478721.835583196952939 ] ] ] } },
{ "type": "Feature", "properties": { "id": "Centro.25", "id_trecho": 1205, "Name": "Rua Lindóia", "description": null, "Extensao_m": 92.979815827362131, "Bairro_logradouros": "Centro", "Bairro_rotas": "Centro", "Distrito": "1º", "Lote": "I", "Name_2": "Ponto 1073", "description_2": "Velocidade: 23km/h<br>05/07/2026 23:58:02", "layer": "TUN3B98", "path": "C:/KMLs/Estevao/05-07-2026/Coleta/Trajeto_TUN3B98.kml|layername=Trajeto|geometrytype=Point|uniqueGeometryType=yes", "Velocidade": 23.0, "Data": "2026-07-05", "hora": "23:58:02", "Rota": "ROTA 600 (NOITE) - Centro - Domingo", "Turno": "Noite", "Dias_da_semana": [ "dom" ], "Hit_Rate": 50.0, "Status": "Baixo hit rate", "Bloco": "Domingo" }, "geometry": { "type": "MultiLineString", "coordinates": [ [ [ 672904.003320054151118, 7479314.875412026420236 ], [ 672849.161328966030851, 7479331.424955377355218 ], [ 672815.70332794461865, 7479343.854845725931227 ] ] ] } },
{ "type": "Feature", "properties": { "id": "Bar_dos_Cavalheiros.164", "id_trecho": 123, "Name": "Avenida Nilo Peçanha", "description": null, "Extensao_m": 137.83394591426682, "Bairro_logradouros": "Bar dos Cavalheiros", "Bairro_rotas": "Centro", "Distrito": "1º", "Lote": "I", "Name_2": "Ponto 1096", "description_2": "Velocidade: 16km/h<br>06/07/2026 00:02:28", "layer": "TUN3B98", "path": "C:/KMLs/Estevao/05-07-2026/Coleta/Trajeto_TUN3B98.kml|layername=Trajeto|geometrytype=Point|uniqueGeometryType=yes", "Velocidade": 16.0, "Data": "2026-07-06", "hora": "00:02:28", "Rota": "ROTA 600 (NOITE) - Centro - Domingo", "Turno": "Noite", "Dias_da_semana": [ "dom" ], "Hit_Rate": 66.67, "Status": "Validado", "Bloco": "Domingo" }, "geometry": { "type": "MultiLineString", "coordinates": [ [ [ 672403.205107764573768, 7479257.844579758122563 ], [ 672405.569499656092376, 7479258.072443388402462 ], [ 672486.955879142973572, 7479262.207531529478729 ], [ 672500.548392715980299, 7479262.797702005133033 ], [ 672540.885035378392786, 7479264.093198788352311 ] ] ] } },
{ "type": "Feature", "properties": { "id": "Bar_dos_Cavalheiros.164", "id_trecho": 114, "Name": "Avenida Nilo Peçanha", "description": null, "Extensao_m": 34.399058472819227, "Bairro_logradouros": "Bar dos Cavalheiros", "Bairro_rotas": "Centro", "Distrito": "1º", "Lote": "I", "Name_2": "Ponto 1162", "description_2": "Velocidade: 22km/h<br>06/07/2026 00:23:00", "layer": "TUN3B98", "path": "C:/KMLs/Estevao/05-07-2026/Coleta/Trajeto_TUN3B98.kml|layername=Trajeto|geometrytype=Point|uniqueGeometryType=yes", "Velocidade": 22.0, "Data": "2026-07-06", "hora": "00:23:00", "Rota": "ROTA 600 (NOITE) - Centro - Domingo", "Turno": "Noite", "Dias_da_semana": [ "dom" ], "Hit_Rate": 50.0, "Status": "Baixo hit rate", "Bloco": "Domingo" }, "geometry": { "type": "MultiLineString", "coordinates": [ [ [ 671736.138627427513711, 7478953.593409277498722 ], [ 671747.859396048123017, 7478963.06233044154942 ], [ 671752.432435128954239, 7478966.100355073809624 ], [ 671765.145104168332182, 7478971.571250198408961 ] ] ] } },
{ "type": "Feature", "properties": { "id": "Bar_dos_Cavalheiros.164", "id_trecho": 113, "Name": "Avenida Nilo Peçanha", "description": null, "Extensao_m": 29.54673925175031, "Bairro_logradouros": "Bar dos Cavalheiros", "Bairro_rotas": "Centro", "Distrito": "1º", "Lote": "I", "Name_2": "Ponto 1164", "description_2": "Velocidade: 22km/h<br>06/07/2026 00:23:05", "layer": "TUN3B98", "path": "C:/KMLs/Estevao/05-07-2026/Coleta/Trajeto_TUN3B98.kml|layername=Trajeto|geometrytype=Point|uniqueGeometryType=yes", "Velocidade": 22.0, "Data": "2026-07-06", "hora": "00:23:05", "Rota": "ROTA 600 (NOITE) - Centro - Domingo", "Turno": "Noite", "Dias_da_semana": [ "dom" ], "Hit_Rate": 50.0, "Status": "Baixo hit rate", "Bloco": "Domingo" }, "geometry": { "type": "MultiLineString", "coordinates": [ [ [ 671765.145104168332182, 7478971.571250198408961 ], [ 671736.051103837555274, 7478976.717788239941001 ] ] ] } },
{ "type": "Feature", "properties": { "id": "Vinte_e_Cinco_de_Agosto.75", "id_trecho": 7482, "Name": "Rua Marechal Floriano", "description": null, "Extensao_m": 234.94984804669809, "Bairro_logradouros": "Vinte e Cinco de Agosto", "Bairro_rotas": "Vinte e Cinco de Agosto", "Distrito": "1º", "Lote": "I", "Name_2": "Ponto 246", "description_2": "Velocidade: 48km/h<br>05/07/2026 17:21:24", "layer": "TTI9B27", "path": "C:/KMLs/Estevao/05-07-2026/Coleta/Trajeto_TTI9B27.kml|layername=Trajeto|geometrytype=Point|uniqueGeometryType=yes", "Velocidade": 48.0, "Data": "2026-07-05", "hora": "17:21:24", "Rota": "ROTA 610 (NOITE) - Vinte e Cinco de Agosto - Domingo", "Turno": "Noite", "Dias_da_semana": [ "dom" ], "Hit_Rate": 100.0, "Status": "Validado", "Bloco": "Domingo" }, "geometry": { "type": "MultiLineString", "coordinates": [ [ [ 674268.882744639064185, 7478393.482253236696124 ], [ 674367.86872140574269, 7478347.017083490267396 ], [ 674481.560966955497861, 7478293.648802669718862 ] ] ] } },
{ "type": "Feature", "properties": { "id": "Gramacho.107", "id_trecho": 2030, "Name": "Avenida Pelótas", "description": null, "Extensao_m": 94.478000588292645, "Bairro_logradouros": "Gramacho", "Bairro_rotas": "Gramacho", "Distrito": "1º", "Lote": "I", "Name_2": "Ponto 276", "description_2": "Velocidade: 17km/h<br>05/07/2026 17:30:48", "layer": "TTI9B27", "path": "C:/KMLs/Estevao/05-07-2026/Coleta/Trajeto_TTI9B27.kml|layername=Trajeto|geometrytype=Point|uniqueGeometryType=yes", "Velocidade": 17.0, "Data": "2026-07-05", "hora": "17:30:48", "Rota": "ROTA 600 (NOITE) - Gramacho - Domingo", "Turno": "Noite", "Dias_da_semana": [ "dom" ], "Hit_Rate": 100.0, "Status": "Validado", "Bloco": "Domingo" }, "geometry": { "type": "MultiLineString", "coordinates": [ [ [ 675711.501809331122786, 7482231.072484211996198 ], [ 675714.971344405203126, 7482228.230509398505092 ], [ 675784.304283151985146, 7482170.859910951927304 ] ] ] } },
{ "type": "Feature", "properties": { "id": "Parque_Duque.56", "id_trecho": 4007, "Name": "Rua 14 de Julho", "description": null, "Extensao_m": 90.706969273223393, "Bairro_logradouros": "Parque Duque", "Bairro_rotas": "Parque Duque", "Distrito": "1º", "Lote": "I", "Name_2": "Ponto 383", "description_2": "Velocidade: 32km/h<br>05/07/2026 22:12:35", "layer": "TTI9B27", "path": "C:/KMLs/Estevao/05-07-2026/Coleta/Trajeto_TTI9B27.kml|layername=Trajeto|geometrytype=Point|uniqueGeometryType=yes", "Velocidade": 32.0, "Data": "2026-07-05", "hora": "22:12:35", "Rota": "ROTA 610 (NOITE) - Parque Duque - Domingo", "Turno": "Noite", "Dias_da_semana": [ "dom" ], "Hit_Rate": 66.67, "Status": "Validado", "Bloco": "Domingo" }, "geometry": { "type": "MultiLineString", "coordinates": [ [ [ 675839.143651745398529, 7480243.906251752749085 ], [ 675774.691024048370309, 7480180.083728230558336 ] ] ] } },
{ "type": "Feature", "properties": { "id": "Parque_Duque.56", "id_trecho": 4009, "Name": "Rua 14 de Julho", "description": null, "Extensao_m": 62.711026712669955, "Bairro_logradouros": "Parque Duque", "Bairro_rotas": "Parque Duque", "Distrito": "1º", "Lote": "I", "Name_2": "Ponto 384", "description_2": "Velocidade: 0km/h<br>05/07/2026 22:13:15", "layer": "TTI9B27", "path": "C:/KMLs/Estevao/05-07-2026/Coleta/Trajeto_TTI9B27.kml|layername=Trajeto|geometrytype=Point|uniqueGeometryType=yes", "Velocidade": 0.0, "Data": "2026-07-05", "hora": "22:13:15", "Rota": "ROTA 610 (NOITE) - Parque Duque - Domingo", "Turno": "Noite", "Dias_da_semana": [ "dom" ], "Hit_Rate": 66.67, "Status": "Validado", "Bloco": "Domingo" }, "geometry": { "type": "MultiLineString", "coordinates": [ [ [ 675711.846176236867905, 7480117.709271943196654 ], [ 675667.380680497968569, 7480073.489979170262814 ] ] ] } },
{ "type": "Feature", "properties": { "id": "Parque_Duque.56", "id_trecho": 4003, "Name": "Rua 14 de Julho", "description": null, "Extensao_m": 91.136251442099081, "Bairro_logradouros": "Parque Duque", "Bairro_rotas": "Parque Duque", "Distrito": "1º", "Lote": "I", "Name_2": "Ponto 388", "description_2": "Velocidade: 0km/h<br>05/07/2026 22:16:35", "layer": "TTI9B27", "path": "C:/KMLs/Estevao/05-07-2026/Coleta/Trajeto_TTI9B27.kml|layername=Trajeto|geometrytype=Point|uniqueGeometryType=yes", "Velocidade": 0.0, "Data": "2026-07-05", "hora": "22:16:35", "Rota": "ROTA 610 (NOITE) - Parque Duque - Domingo", "Turno": "Noite", "Dias_da_semana": [ "dom" ], "Hit_Rate": 100.0, "Status": "Validado", "Bloco": "Domingo" }, "geometry": { "type": "MultiLineString", "coordinates": [ [ [ 675583.128905963152647, 7479988.065272046253085 ], [ 675647.493994579417631, 7480052.583769328892231 ] ] ] } },
{ "type": "Feature", "properties": { "id": "Parque_Duque.56", "id_trecho": 4002, "Name": "Rua 14 de Julho", "description": null, "Extensao_m": 88.416508631460403, "Bairro_logradouros": "Parque Duque", "Bairro_rotas": "Parque Duque", "Distrito": "1º", "Lote": "I", "Name_2": "Ponto 389", "description_2": "Velocidade: 0km/h<br>05/07/2026 22:17:35", "layer": "TTI9B27", "path": "C:/KMLs/Estevao/05-07-2026/Coleta/Trajeto_TTI9B27.kml|layername=Trajeto|geometrytype=Point|uniqueGeometryType=yes", "Velocidade": 0.0, "Data": "2026-07-05", "hora": "22:17:35", "Rota": "ROTA 610 (NOITE) - Parque Duque - Domingo", "Turno": "Noite", "Dias_da_semana": [ "dom" ], "Hit_Rate": 100.0, "Status": "Validado", "Bloco": "Domingo" }, "geometry": { "type": "MultiLineString", "coordinates": [ [ [ 675519.22489144525025, 7479926.963267945684493 ], [ 675583.128905963152647, 7479988.065272046253085 ] ] ] } },
{ "type": "Feature", "properties": { "id": "Parque_Duque.56", "id_trecho": 4001, "Name": "Rua 14 de Julho", "description": null, "Extensao_m": 30.859765188442196, "Bairro_logradouros": "Parque Duque", "Bairro_rotas": "Parque Duque", "Distrito": "1º", "Lote": "I", "Name_2": "Ponto 392", "description_2": "Velocidade: 0km/h<br>05/07/2026 22:19:10", "layer": "TTI9B27", "path": "C:/KMLs/Estevao/05-07-2026/Coleta/Trajeto_TTI9B27.kml|layername=Trajeto|geometrytype=Point|uniqueGeometryType=yes", "Velocidade": 0.0, "Data": "2026-07-05", "hora": "22:19:10", "Rota": "ROTA 610 (NOITE) - Parque Duque - Domingo", "Turno": "Noite", "Dias_da_semana": [ "dom" ], "Hit_Rate": 50.0, "Status": "Baixo hit rate", "Bloco": "Domingo" }, "geometry": { "type": "MultiLineString", "coordinates": [ [ [ 675497.407324789091945, 7479905.139384971931577 ], [ 675519.22489144525025, 7479926.963267945684493 ] ] ] } },
{ "type": "Feature", "properties": { "id": "Parque_Duque.56", "id_trecho": 4011, "Name": "Rua 14 de Julho", "description": null, "Extensao_m": 43.779864816003936, "Bairro_logradouros": "Parque Duque", "Bairro_rotas": "Parque Duque", "Distrito": "1º", "Lote": "I", "Name_2": "Ponto 397", "description_2": "Velocidade: 0km/h<br>05/07/2026 22:21:13", "layer": "TTI9B27", "path": "C:/KMLs/Estevao/05-07-2026/Coleta/Trajeto_TTI9B27.kml|layername=Trajeto|geometrytype=Point|uniqueGeometryType=yes", "Velocidade": 0.0, "Data": "2026-07-05", "hora": "22:21:13", "Rota": "ROTA 610 (NOITE) - Parque Duque - Domingo", "Turno": "Noite", "Dias_da_semana": [ "dom" ], "Hit_Rate": 100.0, "Status": "Validado", "Bloco": "Domingo" }, "geometry": { "type": "MultiLineString", "coordinates": [ [ [ 675454.350034805014729, 7479859.560900842770934 ], [ 675422.17996687872801, 7479829.867675830610096 ] ] ] } },
{ "type": "Feature", "properties": { "id": "Parque_Duque.56", "id_trecho": 3999, "Name": "Rua 14 de Julho", "description": null, "Extensao_m": 90.267813053673379, "Bairro_logradouros": "Parque Duque", "Bairro_rotas": "Parque Duque", "Distrito": "1º", "Lote": "I", "Name_2": "Ponto 400", "description_2": "Velocidade: 4km/h<br>05/07/2026 22:22:11", "layer": "TTI9B27", "path": "C:/KMLs/Estevao/05-07-2026/Coleta/Trajeto_TTI9B27.kml|layername=Trajeto|geometrytype=Point|uniqueGeometryType=yes", "Velocidade": 4.0, "Data": "2026-07-05", "hora": "22:22:11", "Rota": "ROTA 610 (NOITE) - Parque Duque - Domingo", "Turno": "Noite", "Dias_da_semana": [ "dom" ], "Hit_Rate": 66.67, "Status": "Validado", "Bloco": "Domingo" }, "geometry": { "type": "MultiLineString", "coordinates": [ [ [ 675323.681389264995232, 7479732.625481922179461 ], [ 675388.152046899544075, 7479795.803680852986872 ] ] ] } },
{ "type": "Feature", "properties": { "id": "Parque_Duque.56", "id_trecho": 3998, "Name": "Rua 14 de Julho", "description": null, "Extensao_m": 92.283893420854781, "Bairro_logradouros": "Parque Duque", "Bairro_rotas": "Parque Duque", "Distrito": "1º", "Lote": "I", "Name_2": "Ponto 403", "description_2": "Velocidade: 9km/h<br>05/07/2026 22:22:51", "layer": "TTI9B27", "path": "C:/KMLs/Estevao/05-07-2026/Coleta/Trajeto_TTI9B27.kml|layername=Trajeto|geometrytype=Point|uniqueGeometryType=yes", "Velocidade": 9.0, "Data": "2026-07-05", "hora": "22:22:51", "Rota": "ROTA 610 (NOITE) - Parque Duque - Domingo", "Turno": "Noite", "Dias_da_semana": [ "dom" ], "Hit_Rate": 100.0, "Status": "Validado", "Bloco": "Domingo" }, "geometry": { "type": "MultiLineString", "coordinates": [ [ [ 675256.671669539180584, 7479669.177335825748742 ], [ 675323.681389264995232, 7479732.625481922179461 ] ] ] } },
{ "type": "Feature", "properties": { "id": "Parque_Duque.56", "id_trecho": 3997, "Name": "Rua 14 de Julho", "description": null, "Extensao_m": 89.963669932471106, "Bairro_logradouros": "Parque Duque", "Bairro_rotas": "Parque Duque", "Distrito": "1º", "Lote": "I", "Name_2": "Ponto 407", "description_2": "Velocidade: 0km/h<br>05/07/2026 22:24:35", "layer": "TTI9B27", "path": "C:/KMLs/Estevao/05-07-2026/Coleta/Trajeto_TTI9B27.kml|layername=Trajeto|geometrytype=Point|uniqueGeometryType=yes", "Velocidade": 0.0, "Data": "2026-07-05", "hora": "22:24:35", "Rota": "ROTA 610 (NOITE) - Parque Duque - Domingo", "Turno": "Noite", "Dias_da_semana": [ "dom" ], "Hit_Rate": 100.0, "Status": "Validado", "Bloco": "Domingo" }, "geometry": { "type": "MultiLineString", "coordinates": [ [ [ 675194.359436002676375, 7479604.290411399677396 ], [ 675256.671669539180584, 7479669.177335825748742 ] ] ] } },
{ "type": "Feature", "properties": { "id": "Parque_Duque.56", "id_trecho": 3996, "Name": "Rua 14 de Julho", "description": null, "Extensao_m": 94.135248524654642, "Bairro_logradouros": "Parque Duque", "Bairro_rotas": "Parque Duque", "Distrito": "1º", "Lote": "I", "Name_2": "Ponto 411", "description_2": "Velocidade: 9km/h<br>05/07/2026 22:27:26", "layer": "TTI9B27", "path": "C:/KMLs/Estevao/05-07-2026/Coleta/Trajeto_TTI9B27.kml|layername=Trajeto|geometrytype=Point|uniqueGeometryType=yes", "Velocidade": 9.0, "Data": "2026-07-05", "hora": "22:27:26", "Rota": "ROTA 610 (NOITE) - Parque Duque - Domingo", "Turno": "Noite", "Dias_da_semana": [ "dom" ], "Hit_Rate": 100.0, "Status": "Validado", "Bloco": "Domingo" }, "geometry": { "type": "MultiLineString", "coordinates": [ [ [ 675128.975412916624919, 7479536.570374466478825 ], [ 675194.359436002676375, 7479604.290411399677396 ] ] ] } },
{ "type": "Feature", "properties": { "id": "Parque_Duque.56", "id_trecho": 4012, "Name": "Rua 14 de Julho", "description": null, "Extensao_m": 34.005632891573889, "Bairro_logradouros": "Parque Duque", "Bairro_rotas": "Parque Duque", "Distrito": "1º", "Lote": "I", "Name_2": "Ponto 413", "description_2": "Velocidade: 0km/h<br>05/07/2026 22:28:35", "layer": "TTI9B27", "path": "C:/KMLs/Estevao/05-07-2026/Coleta/Trajeto_TTI9B27.kml|layername=Trajeto|geometrytype=Point|uniqueGeometryType=yes", "Velocidade": 0.0, "Data": "2026-07-05", "hora": "22:28:35", "Rota": "ROTA 610 (NOITE) - Parque Duque - Domingo", "Turno": "Noite", "Dias_da_semana": [ "dom" ], "Hit_Rate": 66.67, "Status": "Validado", "Bloco": "Domingo" }, "geometry": { "type": "MultiLineString", "coordinates": [ [ [ 675103.40147577598691, 7479511.786294048652053 ], [ 675080.62016472266987, 7479486.54058538749814 ] ] ] } },
{ "type": "Feature", "properties": { "id": "Parque_Duque.56", "id_trecho": 4013, "Name": "Rua 14 de Julho", "description": null, "Extensao_m": 71.244374626367801, "Bairro_logradouros": "Parque Duque", "Bairro_rotas": "Parque Duque", "Distrito": "1º", "Lote": "I", "Name_2": "Ponto 414", "description_2": "Velocidade: 9km/h<br>05/07/2026 22:29:13", "layer": "TTI9B27", "path": "C:/KMLs/Estevao/05-07-2026/Coleta/Trajeto_TTI9B27.kml|layername=Trajeto|geometrytype=Point|uniqueGeometryType=yes", "Velocidade": 9.0, "Data": "2026-07-05", "hora": "22:29:13", "Rota": "ROTA 610 (NOITE) - Parque Duque - Domingo", "Turno": "Noite", "Dias_da_semana": [ "dom" ], "Hit_Rate": 83.33, "Status": "Validado", "Bloco": "Domingo" }, "geometry": { "type": "MultiLineString", "coordinates": [ [ [ 675080.62016472266987, 7479486.54058538749814 ], [ 675032.018251944798976, 7479434.450300518423319 ] ] ] } },
{ "type": "Feature", "properties": { "id": "Vila_Sao_Luis.3", "id_trecho": 7079, "Name": "Rua Albino Imparato", "description": null, "Extensao_m": 43.742969849938831, "Bairro_logradouros": "Vila Sao Luis", "Bairro_rotas": "Parque Duque", "Distrito": "1º", "Lote": "I", "Name_2": "Ponto 420", "description_2": "Velocidade: 0km/h<br>05/07/2026 22:30:35", "layer": "TTI9B27", "path": "C:/KMLs/Estevao/05-07-2026/Coleta/Trajeto_TTI9B27.kml|layername=Trajeto|geometrytype=Point|uniqueGeometryType=yes", "Velocidade": 0.0, "Data": "2026-07-05", "hora": "22:30:35", "Rota": "ROTA 610 (NOITE) - Parque Duque - Domingo", "Turno": "Noite", "Dias_da_semana": [ "dom" ], "Hit_Rate": 100.0, "Status": "Validado", "Bloco": "Domingo" }, "geometry": { "type": "MultiLineString", "coordinates": [ [ [ 674978.949127855128609, 7479384.061696985736489 ], [ 674960.308920013019815, 7479381.419983028434217 ], [ 674935.781631202204153, 7479377.038607010617852 ] ] ] } },
{ "type": "Feature", "properties": { "id": "Vila_Sao_Luis.3", "id_trecho": 7080, "Name": "Rua Albino Imparato", "description": null, "Extensao_m": 13.93416998734066, "Bairro_logradouros": "Vila Sao Luis", "Bairro_rotas": "Parque Duque", "Distrito": "1º", "Lote": "I", "Name_2": "Ponto 422", "description_2": "Velocidade: 0km/h<br>05/07/2026 22:31:18", "layer": "TTI9B27", "path": "C:/KMLs/Estevao/05-07-2026/Coleta/Trajeto_TTI9B27.kml|layername=Trajeto|geometrytype=Point|uniqueGeometryType=yes", "Velocidade": 0.0, "Data": "2026-07-05", "hora": "22:31:18", "Rota": "ROTA 610 (NOITE) - Parque Duque - Domingo", "Turno": "Noite", "Dias_da_semana": [ "dom" ], "Hit_Rate": 50.0, "Status": "Baixo hit rate", "Bloco": "Domingo" }, "geometry": { "type": "MultiLineString", "coordinates": [ [ [ 674935.781631202204153, 7479377.038607010617852 ], [ 674933.710434741573408, 7479376.986902147531509 ], [ 674922.168129346100613, 7479374.251438362523913 ] ] ] } },
{ "type": "Feature", "properties": { "id": "Vila_Sao_Luis.3", "id_trecho": 7075, "Name": "Rua Albino Imparato", "description": null, "Extensao_m": 167.72643434661236, "Bairro_logradouros": "Vila Sao Luis", "Bairro_rotas": "Parque Duque", "Distrito": "1º", "Lote": "I", "Name_2": "Ponto 424", "description_2": "Velocidade: 0km/h<br>05/07/2026 22:31:50", "layer": "TTI9B27", "path": "C:/KMLs/Estevao/05-07-2026/Coleta/Trajeto_TTI9B27.kml|layername=Trajeto|geometrytype=Point|uniqueGeometryType=yes", "Velocidade": 0.0, "Data": "2026-07-05", "hora": "22:31:50", "Rota": "ROTA 610 (NOITE) - Parque Duque - Domingo", "Turno": "Noite", "Dias_da_semana": [ "dom" ], "Hit_Rate": 100.0, "Status": "Validado", "Bloco": "Domingo" }, "geometry": { "type": "MultiLineString", "coordinates": [ [ [ 674767.358538503758609, 7479311.537190159782767 ], [ 674791.022581518627703, 7479321.741338099353015 ], [ 674813.734895861474797, 7479333.11924103833735 ], [ 674839.43267643195577, 7479346.035325573757291 ], [ 674866.296287175733596, 7479358.528183192014694 ], [ 674876.735146913211793, 7479362.583075072616339 ], [ 674888.837359624216333, 7479366.618800990283489 ], [ 674899.540063439519145, 7479369.5078069800511 ], [ 674916.731053887982853, 7479373.141579978168011 ], [ 674922.168129346100613, 7479374.251438362523913 ] ] ] } },
{ "type": "Feature", "properties": { "id": "Vila_Sao_Luis.3", "id_trecho": 7074, "Name": "Rua Albino Imparato", "description": null, "Extensao_m": 67.817215348561746, "Bairro_logradouros": "Vila Sao Luis", "Bairro_rotas": "Parque Duque", "Distrito": "1º", "Lote": "I", "Name_2": "Ponto 431", "description_2": "Velocidade: 0km/h<br>05/07/2026 22:35:24", "layer": "TTI9B27", "path": "C:/KMLs/Estevao/05-07-2026/Coleta/Trajeto_TTI9B27.kml|layername=Trajeto|geometrytype=Point|uniqueGeometryType=yes", "Velocidade": 0.0, "Data": "2026-07-05", "hora": "22:35:24", "Rota": "ROTA 610 (NOITE) - Parque Duque - Domingo", "Turno": "Noite", "Dias_da_semana": [ "dom" ], "Hit_Rate": 83.33, "Status": "Validado", "Bloco": "Domingo" }, "geometry": { "type": "MultiLineString", "coordinates": [ [ [ 674701.787387932650745, 7479298.670088638551533 ], [ 674716.239213671884499, 7479298.082957592792809 ], [ 674727.820266055641696, 7479298.780278261750937 ], [ 674738.448662218870595, 7479300.573863341473043 ], [ 674750.32968347449787, 7479304.136031776666641 ], [ 674767.358538503758609, 7479311.537190159782767 ] ] ] } },
{ "type": "Feature", "properties": { "id": "Vila_Sao_Luis.3", "id_trecho": 7078, "Name": "Rua Albino Imparato", "description": null, "Extensao_m": 81.625548190158909, "Bairro_logradouros": "Vila Sao Luis", "Bairro_rotas": "Parque Duque", "Distrito": "1º", "Lote": "I", "Name_2": "Ponto 433", "description_2": "Velocidade: 0km/h<br>05/07/2026 22:36:34", "layer": "TTI9B27", "path": "C:/KMLs/Estevao/05-07-2026/Coleta/Trajeto_TTI9B27.kml|layername=Trajeto|geometrytype=Point|uniqueGeometryType=yes", "Velocidade": 0.0, "Data": "2026-07-05", "hora": "22:36:34", "Rota": "ROTA 610 (NOITE) - Parque Duque - Domingo", "Turno": "Noite", "Dias_da_semana": [ "dom" ], "Hit_Rate": 50.0, "Status": "Baixo hit rate", "Bloco": "Domingo" }, "geometry": { "type": "MultiLineString", "coordinates": [ [ [ 674591.075307392165996, 7479559.47598360478878 ], [ 674597.764998317696154, 7479503.781224651262164 ], [ 674599.891496504889801, 7479478.341388199478388 ] ] ] } },
{ "type": "Feature", "properties": { "id": "Vila_Sao_Luis.3", "id_trecho": 7070, "Name": "Rua Albino Imparato", "description": null, "Extensao_m": 41.060381093188511, "Bairro_logradouros": "Vila Sao Luis", "Bairro_rotas": "Parque Duque", "Distrito": "1º", "Lote": "I", "Name_2": "Ponto 435", "description_2": "Velocidade: 10km/h<br>05/07/2026 22:38:27", "layer": "TTI9B27", "path": "C:/KMLs/Estevao/05-07-2026/Coleta/Trajeto_TTI9B27.kml|layername=Trajeto|geometrytype=Point|uniqueGeometryType=yes", "Velocidade": 10.0, "Data": "2026-07-05", "hora": "22:38:27", "Rota": "ROTA 610 (NOITE) - Parque Duque - Domingo", "Turno": "Noite", "Dias_da_semana": [ "dom" ], "Hit_Rate": 50.0, "Status": "Baixo hit rate", "Bloco": "Domingo" }, "geometry": { "type": "MultiLineString", "coordinates": [ [ [ 674572.307643353124149, 7479719.409405551850796 ], [ 674576.722102114930749, 7479678.587986135855317 ] ] ] } },
{ "type": "Feature", "properties": { "id": "Vila_Sao_Luis.19", "id_trecho": 7165, "Name": "Rua Itamaracá", "description": null, "Extensao_m": 109.9452224956642, "Bairro_logradouros": "Vila Sao Luis", "Bairro_rotas": "Vila São Luis", "Distrito": "1º", "Lote": "I", "Name_2": "Ponto 441", "description_2": "Velocidade: 10km/h<br>05/07/2026 22:39:25", "layer": "TTI9B27", "path": "C:/KMLs/Estevao/05-07-2026/Coleta/Trajeto_TTI9B27.kml|layername=Trajeto|geometrytype=Point|uniqueGeometryType=yes", "Velocidade": 10.0, "Data": "2026-07-05", "hora": "22:39:25", "Rota": "ROTA 610 (NOITE) - Vila São Luís - Domingo", "Turno": "Noite", "Dias_da_semana": [ "dom" ], "Hit_Rate": 50.0, "Status": "Baixo hit rate", "Bloco": "Domingo" }, "geometry": { "type": "MultiLineString", "coordinates": [ [ [ 674461.942172269104049, 7479799.606144797056913 ], [ 674525.155944369966164, 7479889.558326095342636 ] ] ] } },
{ "type": "Feature", "properties": { "id": "Vila_Sao_Luis.49", "id_trecho": 7254, "Name": "Rua Prudente de Moraes", "description": null, "Extensao_m": 44.581826755179755, "Bairro_logradouros": "Vila Sao Luis", "Bairro_rotas": "Vila São Luis", "Distrito": "1º", "Lote": "I", "Name_2": "Ponto 449", "description_2": "Velocidade: 0km/h<br>05/07/2026 22:42:34", "layer": "TTI9B27", "path": "C:/KMLs/Estevao/05-07-2026/Coleta/Trajeto_TTI9B27.kml|layername=Trajeto|geometrytype=Point|uniqueGeometryType=yes", "Velocidade": 0.0, "Data": "2026-07-05", "hora": "22:42:34", "Rota": "ROTA 610 (NOITE) - Vila São Luís - Domingo", "Turno": "Noite", "Dias_da_semana": [ "dom" ], "Hit_Rate": 50.0, "Status": "Baixo hit rate", "Bloco": "Domingo" }, "geometry": { "type": "MultiLineString", "coordinates": [ [ [ 674872.450286597944796, 7480125.704492796212435 ], [ 674899.202079076669179, 7480161.366698173806071 ] ] ] } },
{ "type": "Feature", "properties": { "id": "Vila_Sao_Luis.49", "id_trecho": 7255, "Name": "Rua Prudente de Moraes", "description": null, "Extensao_m": 90.3838734434228, "Bairro_logradouros": "Vila Sao Luis", "Bairro_rotas": "Vila São Luis", "Distrito": "1º", "Lote": "I", "Name_2": "Ponto 455", "description_2": "Velocidade: 14km/h<br>05/07/2026 22:46:34", "layer": "TTI9B27", "path": "C:/KMLs/Estevao/05-07-2026/Coleta/Trajeto_TTI9B27.kml|layername=Trajeto|geometrytype=Point|uniqueGeometryType=yes", "Velocidade": 14.0, "Data": "2026-07-05", "hora": "22:46:34", "Rota": "ROTA 610 (NOITE) - Vila São Luís - Domingo", "Turno": "Noite", "Dias_da_semana": [ "dom" ], "Hit_Rate": 33.33, "Status": "Baixo hit rate", "Bloco": "Domingo" }, "geometry": { "type": "MultiLineString", "coordinates": [ [ [ 674899.202079076669179, 7480161.366698173806071 ], [ 674954.382928275968879, 7480232.948537496849895 ] ] ] } },
{ "type": "Feature", "properties": { "id": "Vila_Sao_Luis.49", "id_trecho": 7257, "Name": "Rua Prudente de Moraes", "description": null, "Extensao_m": 91.407791552603769, "Bairro_logradouros": "Vila Sao Luis", "Bairro_rotas": "Vila São Luis", "Distrito": "1º", "Lote": "I", "Name_2": "Ponto 457", "description_2": "Velocidade: 0km/h<br>05/07/2026 22:47:34", "layer": "TTI9B27", "path": "C:/KMLs/Estevao/05-07-2026/Coleta/Trajeto_TTI9B27.kml|layername=Trajeto|geometrytype=Point|uniqueGeometryType=yes", "Velocidade": 0.0, "Data": "2026-07-05", "hora": "22:47:34", "Rota": "ROTA 610 (NOITE) - Vila São Luís - Domingo", "Turno": "Noite", "Dias_da_semana": [ "dom" ], "Hit_Rate": 33.33, "Status": "Baixo hit rate", "Bloco": "Domingo" }, "geometry": { "type": "MultiLineString", "coordinates": [ [ [ 675011.795172809739597, 7480308.303083520382643 ], [ 675074.873447748133913, 7480374.455612542107701 ] ] ] } },
{ "type": "Feature", "properties": { "id": "Vila_Sao_Luis.49", "id_trecho": 7261, "Name": "Rua Prudente de Moraes", "description": null, "Extensao_m": 87.800762275056059, "Bairro_logradouros": "Vila Sao Luis", "Bairro_rotas": "Vila São Luis", "Distrito": "1º", "Lote": "I", "Name_2": "Ponto 461", "description_2": "Velocidade: 10km/h<br>05/07/2026 22:49:34", "layer": "TTI9B27", "path": "C:/KMLs/Estevao/05-07-2026/Coleta/Trajeto_TTI9B27.kml|layername=Trajeto|geometrytype=Point|uniqueGeometryType=yes", "Velocidade": 10.0, "Data": "2026-07-05", "hora": "22:49:34", "Rota": "ROTA 610 (NOITE) - Vila São Luís - Domingo", "Turno": "Noite", "Dias_da_semana": [ "dom" ], "Hit_Rate": 33.33, "Status": "Baixo hit rate", "Bloco": "Domingo" }, "geometry": { "type": "MultiLineString", "coordinates": [ [ [ 675269.22924135287758, 7480566.972161086276174 ], [ 675333.13454748026561, 7480627.178241828456521 ] ] ] } },
{ "type": "Feature", "properties": { "id": "Vila_Sao_Luis.5", "id_trecho": 7007, "Name": "Avenida Expedicionário José Amaro", "description": null, "Extensao_m": 95.593067778537844, "Bairro_logradouros": "Vila Sao Luis", "Bairro_rotas": "Vila São Luis", "Distrito": "1º", "Lote": "I", "Name_2": "Ponto 467", "description_2": "Velocidade: 0km/h<br>05/07/2026 22:52:34", "layer": "TTI9B27", "path": "C:/KMLs/Estevao/05-07-2026/Coleta/Trajeto_TTI9B27.kml|layername=Trajeto|geometrytype=Point|uniqueGeometryType=yes", "Velocidade": 0.0, "Data": "2026-07-05", "hora": "22:52:34", "Rota": "ROTA 610 (NOITE) - Vila São Luís - Domingo", "Turno": "Noite", "Dias_da_semana": [ "dom" ], "Hit_Rate": 83.33, "Status": "Validado", "Bloco": "Domingo" }, "geometry": { "type": "MultiLineString", "coordinates": [ [ [ 675404.902895634062588, 7480941.079185014590621 ], [ 675365.787302020471543, 7480853.857399083673954 ] ] ] } },
{ "type": "Feature", "properties": { "id": "Vila_Sao_Luis.5", "id_trecho": 6992, "Name": "Avenida Expedicionário José Amaro", "description": null, "Extensao_m": 69.437508860082488, "Bairro_logradouros": "Vila Sao Luis", "Bairro_rotas": "Vila São Luis", "Distrito": "1º", "Lote": "I", "Name_2": "Ponto 468", "description_2": "Velocidade: 0km/h<br>05/07/2026 22:53:34", "layer": "TTI9B27", "path": "C:/KMLs/Estevao/05-07-2026/Coleta/Trajeto_TTI9B27.kml|layername=Trajeto|geometrytype=Point|uniqueGeometryType=yes", "Velocidade": 0.0, "Data": "2026-07-05", "hora": "22:53:34", "Rota": "ROTA 610 (NOITE) - Vila São Luís - Domingo", "Turno": "Noite", "Dias_da_semana": [ "dom" ], "Hit_Rate": 83.33, "Status": "Validado", "Bloco": "Domingo" }, "geometry": { "type": "MultiLineString", "coordinates": [ [ [ 675416.253272744594142, 7480965.907736737281084 ], [ 675446.688432621769607, 7481028.318296896293759 ] ] ] } },
{ "type": "Feature", "properties": { "id": "Vila_Sao_Luis.5", "id_trecho": 6994, "Name": "Avenida Expedicionário José Amaro", "description": null, "Extensao_m": 8.6033620031626761, "Bairro_logradouros": "Vila Sao Luis", "Bairro_rotas": "Vila São Luis", "Distrito": "1º", "Lote": "I", "Name_2": "Ponto 469", "description_2": "Velocidade: 14km/h<br>05/07/2026 22:54:34", "layer": "TTI9B27", "path": "C:/KMLs/Estevao/05-07-2026/Coleta/Trajeto_TTI9B27.kml|layername=Trajeto|geometrytype=Point|uniqueGeometryType=yes", "Velocidade": 14.0, "Data": "2026-07-05", "hora": "22:54:34", "Rota": "ROTA 610 (NOITE) - Vila São Luís - Domingo", "Turno": "Noite", "Dias_da_semana": [ "dom" ], "Hit_Rate": 33.33, "Status": "Baixo hit rate", "Bloco": "Domingo" }, "geometry": { "type": "MultiLineString", "coordinates": [ [ [ 675492.327077247085981, 7481149.154393989592791 ], [ 675495.03052590880543, 7481157.321787461638451 ] ] ] } },
{ "type": "Feature", "properties": { "id": "Vila_Sao_Luis.5", "id_trecho": 6996, "Name": "Avenida Expedicionário José Amaro", "description": null, "Extensao_m": 436.29211251948772, "Bairro_logradouros": "Vila Sao Luis", "Bairro_rotas": "Vila São Luis", "Distrito": "1º", "Lote": "I", "Name_2": "Ponto 471", "description_2": "Velocidade: 10km/h<br>05/07/2026 22:55:11", "layer": "TTI9B27", "path": "C:/KMLs/Estevao/05-07-2026/Coleta/Trajeto_TTI9B27.kml|layername=Trajeto|geometrytype=Point|uniqueGeometryType=yes", "Velocidade": 10.0, "Data": "2026-07-05", "hora": "22:55:11", "Rota": "ROTA 610 (NOITE) - Vila São Luís - Domingo", "Turno": "Noite", "Dias_da_semana": [ "dom" ], "Hit_Rate": 83.33, "Status": "Validado", "Bloco": "Domingo" }, "geometry": { "type": "MultiLineString", "coordinates": [ [ [ 675507.722453863359988, 7481195.382573027163744 ], [ 675517.549964180914685, 7481211.294010945595801 ], [ 675527.898756852489896, 7481224.320026085712016 ], [ 675539.99721882189624, 7481235.00015720911324 ], [ 675570.398167771054432, 7481255.535642872564495 ], [ 675588.778430393431336, 7481265.899518671445549 ], [ 675611.128208266105503, 7481278.487795857712626 ], [ 675633.762708105379716, 7481291.715079342015088 ], [ 675652.479887729045004, 7481301.897796789184213 ], [ 675663.966280299238861, 7481306.704297862946987 ], [ 675673.922411568230018, 7481309.734394480474293 ], [ 675688.40240655420348, 7481312.302423799410462 ], [ 675708.522432050434873, 7481312.346664419397712 ], [ 675733.131488662678748, 7481308.916912330314517 ], [ 675764.242161442292854, 7481301.092822577804327 ], [ 675773.785002064658329, 7481298.579253598116338 ], [ 675799.33112583309412, 7481292.70213707536459 ], [ 675818.321783123305067, 7481288.340523539111018 ], [ 675872.407752352766693, 7481275.255713026970625 ], [ 675880.887259325478226, 7481270.495157986879349 ], [ 675883.594981471891515, 7481266.631999583914876 ], [ 675888.130080905626528, 7481253.83261944167316 ] ] ] } },
{ "type": "Feature", "properties": { "id": "Vila_Sao_Luis.5", "id_trecho": 7009, "Name": "Avenida Expedicionário José Amaro", "description": null, "Extensao_m": 22.323789302071877, "Bairro_logradouros": "Vila Sao Luis", "Bairro_rotas": "Vila São Luis", "Distrito": "1º", "Lote": "I", "Name_2": "Ponto 475", "description_2": "Velocidade: 4km/h<br>05/07/2026 22:55:52", "layer": "TTI9B27", "path": "C:/KMLs/Estevao/05-07-2026/Coleta/Trajeto_TTI9B27.kml|layername=Trajeto|geometrytype=Point|uniqueGeometryType=yes", "Velocidade": 4.0, "Data": "2026-07-05", "hora": "22:55:52", "Rota": "ROTA 610 (NOITE) - Vila São Luís - Domingo", "Turno": "Noite", "Dias_da_semana": [ "dom" ], "Hit_Rate": 16.67, "Status": "Baixo hit rate", "Bloco": "Domingo" }, "geometry": { "type": "MultiLineString", "coordinates": [ [ [ 675492.327077247085981, 7481149.154393989592791 ], [ 675491.655882872873917, 7481141.145510964095592 ], [ 675485.421285660821013, 7481128.291294977068901 ] ] ] } },
{ "type": "Feature", "properties": { "id": "Vila_Sao_Luis.5", "id_trecho": 6993, "Name": "Avenida Expedicionário José Amaro", "description": null, "Extensao_m": 107.3242818207962, "Bairro_logradouros": "Vila Sao Luis", "Bairro_rotas": "Vila São Luis", "Distrito": "1º", "Lote": "I", "Name_2": "Ponto 477", "description_2": "Velocidade: 9km/h<br>05/07/2026 22:56:34", "layer": "TTI9B27", "path": "C:/KMLs/Estevao/05-07-2026/Coleta/Trajeto_TTI9B27.kml|layername=Trajeto|geometrytype=Point|uniqueGeometryType=yes", "Velocidade": 9.0, "Data": "2026-07-05", "hora": "22:56:34", "Rota": "ROTA 610 (NOITE) - Vila São Luís - Domingo", "Turno": "Noite", "Dias_da_semana": [ "dom" ], "Hit_Rate": 66.67, "Status": "Validado", "Bloco": "Domingo" }, "geometry": { "type": "MultiLineString", "coordinates": [ [ [ 675446.688432621769607, 7481028.318296896293759 ], [ 675465.655318056116812, 7481070.836161760613322 ], [ 675474.481908059911802, 7481095.24232223816216 ], [ 675485.421285660821013, 7481128.291294977068901 ] ] ] } },
{ "type": "Feature", "properties": { "id": "Vila_Sao_Luis.5", "id_trecho": 7006, "Name": "Avenida Expedicionário José Amaro", "description": null, "Extensao_m": 27.300506378917206, "Bairro_logradouros": "Vila Sao Luis", "Bairro_rotas": "Vila São Luis", "Distrito": "1º", "Lote": "I", "Name_2": "Ponto 478", "description_2": "Velocidade: 12km/h<br>05/07/2026 22:57:07", "layer": "TTI9B27", "path": "C:/KMLs/Estevao/05-07-2026/Coleta/Trajeto_TTI9B27.kml|layername=Trajeto|geometrytype=Point|uniqueGeometryType=yes", "Velocidade": 12.0, "Data": "2026-07-05", "hora": "22:57:07", "Rota": "ROTA 610 (NOITE) - Vila São Luís - Domingo", "Turno": "Noite", "Dias_da_semana": [ "dom" ], "Hit_Rate": 33.33, "Status": "Baixo hit rate", "Bloco": "Domingo" }, "geometry": { "type": "MultiLineString", "coordinates": [ [ [ 675416.253272744594142, 7480965.907736737281084 ], [ 675404.902895634062588, 7480941.079185014590621 ] ] ] } },
{ "type": "Feature", "properties": { "id": "Doutor_Laureano.99", "id_trecho": 1480, "Name": "Avenida Doutor Laureano", "description": null, "Extensao_m": 101.07491094602867, "Bairro_logradouros": "Doutor Laureano", "Bairro_rotas": "Doutor Laureano", "Distrito": "1º", "Lote": "I", "Name_2": "Ponto 487", "description_2": "Velocidade: 7km/h<br>05/07/2026 23:00:16", "layer": "TTI9B27", "path": "C:/KMLs/Estevao/05-07-2026/Coleta/Trajeto_TTI9B27.kml|layername=Trajeto|geometrytype=Point|uniqueGeometryType=yes", "Velocidade": 7.0, "Data": "2026-07-05", "hora": "23:00:16", "Rota": "ROTA 610 (NOITE) - Doutor Laureano - Domingo", "Turno": "Noite", "Dias_da_semana": [ "dom" ], "Hit_Rate": 33.33, "Status": "Baixo hit rate", "Bloco": "Domingo" }, "geometry": { "type": "MultiLineString", "coordinates": [ [ [ 674928.84446133300662, 7481250.807770357467234 ], [ 674961.864842399023473, 7481265.223243484273553 ], [ 674999.080413382966071, 7481279.169504562392831 ], [ 675022.862971096998081, 7481287.799561767838895 ] ] ] } },
{ "type": "Feature", "properties": { "id": "Vila_Sao_Luis.5", "id_trecho": 7008, "Name": "Avenida Expedicionário José Amaro", "description": null, "Extensao_m": 63.278920806693378, "Bairro_logradouros": "Vila Sao Luis", "Bairro_rotas": "Vila São Luis", "Distrito": "1º", "Lote": "I", "Name_2": "Ponto 506", "description_2": "Velocidade: 9km/h<br>05/07/2026 23:04:59", "layer": "TTI9B27", "path": "C:/KMLs/Estevao/05-07-2026/Coleta/Trajeto_TTI9B27.kml|layername=Trajeto|geometrytype=Point|uniqueGeometryType=yes", "Velocidade": 9.0, "Data": "2026-07-05", "hora": "23:04:59", "Rota": "ROTA 610 (NOITE) - Vila São Luís - Domingo", "Turno": "Noite", "Dias_da_semana": [ "dom" ], "Hit_Rate": 83.33, "Status": "Validado", "Bloco": "Domingo" }, "geometry": { "type": "MultiLineString", "coordinates": [ [ [ 675365.787302020471543, 7480853.857399083673954 ], [ 675352.85499820462428, 7480825.020121679641306 ], [ 675339.161000162130222, 7480796.460112582892179 ] ] ] } },
{ "type": "Feature", "properties": { "id": "Vila_Sao_Luis.5", "id_trecho": 7005, "Name": "Avenida Expedicionário José Amaro", "description": null, "Extensao_m": 44.687537538836359, "Bairro_logradouros": "Vila Sao Luis", "Bairro_rotas": "Vila São Luis", "Distrito": "1º", "Lote": "I", "Name_2": "Ponto 513", "description_2": "Velocidade: 5km/h<br>05/07/2026 23:06:26", "layer": "TTI9B27", "path": "C:/KMLs/Estevao/05-07-2026/Coleta/Trajeto_TTI9B27.kml|layername=Trajeto|geometrytype=Point|uniqueGeometryType=yes", "Velocidade": 5.0, "Data": "2026-07-05", "hora": "23:06:26", "Rota": "ROTA 610 (NOITE) - Vila São Luís - Domingo", "Turno": "Noite", "Dias_da_semana": [ "dom" ], "Hit_Rate": 50.0, "Status": "Baixo hit rate", "Bloco": "Domingo" }, "geometry": { "type": "MultiLineString", "coordinates": [ [ [ 675321.464811147423461, 7480757.201550042256713 ], [ 675321.097359384642914, 7480751.619500588625669 ], [ 675308.40987132594455, 7480730.447741370648146 ], [ 675297.45813092822209, 7480721.082200033590198 ] ] ] } },
{ "type": "Feature", "properties": { "id": "Vila_Sao_Luis.5", "id_trecho": 7002, "Name": "Avenida Expedicionário José Amaro", "description": null, "Extensao_m": 36.062993798387616, "Bairro_logradouros": "Vila Sao Luis", "Bairro_rotas": "Vila São Luis", "Distrito": "1º", "Lote": "I", "Name_2": "Ponto 514", "description_2": "Velocidade: 9km/h<br>05/07/2026 23:06:35", "layer": "TTI9B27", "path": "C:/KMLs/Estevao/05-07-2026/Coleta/Trajeto_TTI9B27.kml|layername=Trajeto|geometrytype=Point|uniqueGeometryType=yes", "Velocidade": 9.0, "Data": "2026-07-05", "hora": "23:06:35", "Rota": "ROTA 610 (NOITE) - Vila São Luís - Domingo", "Turno": "Noite", "Dias_da_semana": [ "dom" ], "Hit_Rate": 16.67, "Status": "Baixo hit rate", "Bloco": "Domingo" }, "geometry": { "type": "MultiLineString", "coordinates": [ [ [ 675294.486688653705642, 7480718.105605103075504 ], [ 675269.008921511704102, 7480692.583657925948501 ] ] ] } },
{ "type": "Feature", "properties": { "id": "Vila_Sao_Luis.5", "id_trecho": 7003, "Name": "Avenida Expedicionário José Amaro", "description": null, "Extensao_m": 87.895635725541553, "Bairro_logradouros": "Vila Sao Luis", "Bairro_rotas": "Vila São Luis", "Distrito": "1º", "Lote": "I", "Name_2": "Ponto 515", "description_2": "Velocidade: 0km/h<br>05/07/2026 23:06:52", "layer": "TTI9B27", "path": "C:/KMLs/Estevao/05-07-2026/Coleta/Trajeto_TTI9B27.kml|layername=Trajeto|geometrytype=Point|uniqueGeometryType=yes", "Velocidade": 0.0, "Data": "2026-07-05", "hora": "23:06:52", "Rota": "ROTA 610 (NOITE) - Vila São Luís - Domingo", "Turno": "Noite", "Dias_da_semana": [ "dom" ], "Hit_Rate": 50.0, "Status": "Baixo hit rate", "Bloco": "Domingo" }, "geometry": { "type": "MultiLineString", "coordinates": [ [ [ 675269.008921511704102, 7480692.583657925948501 ], [ 675206.132794116972946, 7480631.167724303901196 ] ] ] } },
{ "type": "Feature", "properties": { "id": "Vila_Sao_Luis.5", "id_trecho": 7004, "Name": "Avenida Expedicionário José Amaro", "description": null, "Extensao_m": 40.810655942111481, "Bairro_logradouros": "Vila Sao Luis", "Bairro_rotas": "Vila São Luis", "Distrito": "1º", "Lote": "I", "Name_2": "Ponto 520", "description_2": "Velocidade: 10km/h<br>05/07/2026 23:09:02", "layer": "TTI9B27", "path": "C:/KMLs/Estevao/05-07-2026/Coleta/Trajeto_TTI9B27.kml|layername=Trajeto|geometrytype=Point|uniqueGeometryType=yes", "Velocidade": 10.0, "Data": "2026-07-05", "hora": "23:09:02", "Rota": "ROTA 610 (NOITE) - Vila São Luís - Domingo", "Turno": "Noite", "Dias_da_semana": [ "dom" ], "Hit_Rate": 66.67, "Status": "Validado", "Bloco": "Domingo" }, "geometry": { "type": "MultiLineString", "coordinates": [ [ [ 675206.132794116972946, 7480631.167724303901196 ], [ 675206.12235205527395, 7480631.1575294919312 ], [ 675203.426745461998507, 7480627.702439326792955 ], [ 675176.39491079270374, 7480603.30602103844285 ] ] ] } },
{ "type": "Feature", "properties": { "id": "Vila_Sao_Luis.5", "id_trecho": 6987, "Name": "Avenida Expedicionário José Amaro", "description": null, "Extensao_m": 51.393893569028684, "Bairro_logradouros": "Vila Sao Luis", "Bairro_rotas": "Vila São Luis", "Distrito": "1º", "Lote": "I", "Name_2": "Ponto 521", "description_2": "Velocidade: 0km/h<br>05/07/2026 23:09:16", "layer": "TTI9B27", "path": "C:/KMLs/Estevao/05-07-2026/Coleta/Trajeto_TTI9B27.kml|layername=Trajeto|geometrytype=Point|uniqueGeometryType=yes", "Velocidade": 0.0, "Data": "2026-07-05", "hora": "23:09:16", "Rota": "ROTA 610 (NOITE) - Vila São Luís - Domingo", "Turno": "Noite", "Dias_da_semana": [ "dom" ], "Hit_Rate": 33.33, "Status": "Baixo hit rate", "Bloco": "Domingo" }, "geometry": { "type": "MultiLineString", "coordinates": [ [ [ 675176.39491079270374, 7480603.30602103844285 ], [ 675139.041104102274403, 7480568.008503992110491 ] ] ] } },
{ "type": "Feature", "properties": { "id": "Vila_Sao_Luis.5", "id_trecho": 6988, "Name": "Avenida Expedicionário José Amaro", "description": null, "Extensao_m": 12.038728503787388, "Bairro_logradouros": "Vila Sao Luis", "Bairro_rotas": "Vila São Luis", "Distrito": "1º", "Lote": "I", "Name_2": "Ponto 523", "description_2": "Velocidade: 10km/h<br>05/07/2026 23:09:50", "layer": "TTI9B27", "path": "C:/KMLs/Estevao/05-07-2026/Coleta/Trajeto_TTI9B27.kml|layername=Trajeto|geometrytype=Point|uniqueGeometryType=yes", "Velocidade": 10.0, "Data": "2026-07-05", "hora": "23:09:50", "Rota": "ROTA 610 (NOITE) - Vila São Luís - Domingo", "Turno": "Noite", "Dias_da_semana": [ "dom" ], "Hit_Rate": 50.0, "Status": "Baixo hit rate", "Bloco": "Domingo" }, "geometry": { "type": "MultiLineString", "coordinates": [ [ [ 675139.041104102274403, 7480568.008503992110491 ], [ 675130.084294874221087, 7480559.964845089241862 ] ] ] } },
{ "type": "Feature", "properties": { "id": "Vila_Sao_Luis.5", "id_trecho": 6997, "Name": "Avenida Expedicionário José Amaro", "description": null, "Extensao_m": 78.753924770124911, "Bairro_logradouros": "Vila Sao Luis", "Bairro_rotas": "Vila São Luis", "Distrito": "1º", "Lote": "I", "Name_2": "Ponto 524", "description_2": "Velocidade: 0km/h<br>05/07/2026 23:10:01", "layer": "TTI9B27", "path": "C:/KMLs/Estevao/05-07-2026/Coleta/Trajeto_TTI9B27.kml|layername=Trajeto|geometrytype=Point|uniqueGeometryType=yes", "Velocidade": 0.0, "Data": "2026-07-05", "hora": "23:10:01", "Rota": "ROTA 610 (NOITE) - Vila São Luís - Domingo", "Turno": "Noite", "Dias_da_semana": [ "dom" ], "Hit_Rate": 66.67, "Status": "Validado", "Bloco": "Domingo" }, "geometry": { "type": "MultiLineString", "coordinates": [ [ [ 675130.084294874221087, 7480559.964845089241862 ], [ 675072.516983341658488, 7480506.225452514365315 ] ] ] } },
{ "type": "Feature", "properties": { "id": "Vila_Sao_Luis.5", "id_trecho": 6999, "Name": "Avenida Expedicionário José Amaro", "description": null, "Extensao_m": 100.93024316470004, "Bairro_logradouros": "Vila Sao Luis", "Bairro_rotas": "Vila São Luis", "Distrito": "1º", "Lote": "I", "Name_2": "Ponto 529", "description_2": "Velocidade: 16km/h<br>05/07/2026 23:10:53", "layer": "TTI9B27", "path": "C:/KMLs/Estevao/05-07-2026/Coleta/Trajeto_TTI9B27.kml|layername=Trajeto|geometrytype=Point|uniqueGeometryType=yes", "Velocidade": 16.0, "Data": "2026-07-05", "hora": "23:10:53", "Rota": "ROTA 610 (NOITE) - Vila São Luís - Domingo", "Turno": "Noite", "Dias_da_semana": [ "dom" ], "Hit_Rate": 16.67, "Status": "Baixo hit rate", "Bloco": "Domingo" }, "geometry": { "type": "MultiLineString", "coordinates": [ [ [ 674991.734451348893344, 7480462.322697026655078 ], [ 674965.010942311724648, 7480449.454907746985555 ], [ 674898.002497150329873, 7480425.18607441149652 ] ] ] } },
{ "type": "Feature", "properties": { "id": "Vila_Sao_Luis.5", "id_trecho": 7001, "Name": "Avenida Expedicionário José Amaro", "description": null, "Extensao_m": 160.01511469502745, "Bairro_logradouros": "Vila Sao Luis", "Bairro_rotas": "Vila São Luis", "Distrito": "1º", "Lote": "I", "Name_2": "Ponto 530", "description_2": "Velocidade: 4km/h<br>05/07/2026 23:11:35", "layer": "TTI9B27", "path": "C:/KMLs/Estevao/05-07-2026/Coleta/Trajeto_TTI9B27.kml|layername=Trajeto|geometrytype=Point|uniqueGeometryType=yes", "Velocidade": 4.0, "Data": "2026-07-05", "hora": "23:11:35", "Rota": "ROTA 610 (NOITE) - Vila São Luís - Domingo", "Turno": "Noite", "Dias_da_semana": [ "dom" ], "Hit_Rate": 66.67, "Status": "Validado", "Bloco": "Domingo" }, "geometry": { "type": "MultiLineString", "coordinates": [ [ [ 674883.468012551660649, 7480424.825536577962339 ], [ 674748.195003796368837, 7480428.438823246397078 ], [ 674723.564947778824717, 7480430.161961451172829 ] ] ] } },
{ "type": "Feature", "properties": { "id": "Vila_Sao_Luis.5", "id_trecho": 6986, "Name": "Avenida Expedicionário José Amaro", "description": null, "Extensao_m": 168.71260726668731, "Bairro_logradouros": "Vila Sao Luis", "Bairro_rotas": "Vila São Luis", "Distrito": "1º", "Lote": "I", "Name_2": "Ponto 534", "description_2": "Velocidade: 0km/h<br>05/07/2026 23:12:06", "layer": "TTI9B27", "path": "C:/KMLs/Estevao/05-07-2026/Coleta/Trajeto_TTI9B27.kml|layername=Trajeto|geometrytype=Point|uniqueGeometryType=yes", "Velocidade": 0.0, "Data": "2026-07-05", "hora": "23:12:06", "Rota": "ROTA 610 (NOITE) - Vila São Luís - Domingo", "Turno": "Noite", "Dias_da_semana": [ "dom" ], "Hit_Rate": 66.67, "Status": "Validado", "Bloco": "Domingo" }, "geometry": { "type": "MultiLineString", "coordinates": [ [ [ 674554.932351667550392, 7480435.147657748311758 ], [ 674606.840260386001319, 7480433.809095566160977 ], [ 674697.105600785231218, 7480430.711402988061309 ], [ 674723.564947778824717, 7480430.161961451172829 ] ] ] } },
{ "type": "Feature", "properties": { "id": "Doutor_Laureano.3", "id_trecho": 1526, "Name": "Avenida Presidente Tancredo Neves", "description": null, "Extensao_m": 61.271617898689804, "Bairro_logradouros": "Doutor Laureano", "Bairro_rotas": "Vila São Luis", "Distrito": "1º", "Lote": "I", "Name_2": "Ponto 541", "description_2": "Velocidade: 0km/h<br>05/07/2026 23:14:35", "layer": "TTI9B27", "path": "C:/KMLs/Estevao/05-07-2026/Coleta/Trajeto_TTI9B27.kml|layername=Trajeto|geometrytype=Point|uniqueGeometryType=yes", "Velocidade": 0.0, "Data": "2026-07-05", "hora": "23:14:35", "Rota": "ROTA 610 (NOITE) - Vila São Luís - Domingo", "Turno": "Noite", "Dias_da_semana": [ "dom" ], "Hit_Rate": 50.0, "Status": "Baixo hit rate", "Bloco": "Domingo" }, "geometry": { "type": "MultiLineString", "coordinates": [ [ [ 674541.418921673321165, 7480436.244130561128259 ], [ 674549.936603406327777, 7480450.814857484772801 ], [ 674568.856310893665068, 7480479.684564787894487 ], [ 674574.729375057853758, 7480487.623976930975914 ] ] ] } },
{ "type": "Feature", "properties": { "id": "Doutor_Laureano.99", "id_trecho": 1467, "Name": "Avenida Doutor Laureano", "description": null, "Extensao_m": 21.548620693711161, "Bairro_logradouros": "Doutor Laureano", "Bairro_rotas": "Doutor Laureano", "Distrito": "1º", "Lote": "I", "Name_2": "Ponto 548", "description_2": "Velocidade: 26km/h<br>05/07/2026 23:16:17", "layer": "TTI9B27", "path": "C:/KMLs/Estevao/05-07-2026/Coleta/Trajeto_TTI9B27.kml|layername=Trajeto|geometrytype=Point|uniqueGeometryType=yes", "Velocidade": 26.0, "Data": "2026-07-05", "hora": "23:16:17", "Rota": "ROTA 610 (NOITE) - Doutor Laureano - Domingo", "Turno": "Noite", "Dias_da_semana": [ "dom" ], "Hit_Rate": 66.67, "Status": "Validado", "Bloco": "Domingo" }, "geometry": { "type": "MultiLineString", "coordinates": [ [ [ 674503.81983679253608, 7480561.154227960854769 ], [ 674508.00622208439745, 7480582.291757471859455 ] ] ] } },
{ "type": "Feature", "properties": { "id": "Doutor_Laureano.99", "id_trecho": 1466, "Name": "Avenida Doutor Laureano", "description": null, "Extensao_m": 199.77760311873925, "Bairro_logradouros": "Doutor Laureano", "Bairro_rotas": "Doutor Laureano", "Distrito": "1º", "Lote": "I", "Name_2": "Ponto 549", "description_2": "Velocidade: 24km/h<br>05/07/2026 23:16:19", "layer": "TTI9B27", "path": "C:/KMLs/Estevao/05-07-2026/Coleta/Trajeto_TTI9B27.kml|layername=Trajeto|geometrytype=Point|uniqueGeometryType=yes", "Velocidade": 24.0, "Data": "2026-07-05", "hora": "23:16:19", "Rota": "ROTA 610 (NOITE) - Doutor Laureano - Domingo", "Turno": "Noite", "Dias_da_semana": [ "dom" ], "Hit_Rate": 66.67, "Status": "Validado", "Bloco": "Domingo" }, "geometry": { "type": "MultiLineString", "coordinates": [ [ [ 674463.444423569133505, 7480368.455639649182558 ], [ 674469.826505786855705, 7480373.332662859931588 ], [ 674473.240562197752297, 7480378.199476480484009 ], [ 674477.01656167046167, 7480386.860703967511654 ], [ 674486.117570317815989, 7480444.266322029754519 ], [ 674489.633014883846045, 7480467.792590767145157 ], [ 674493.404862256255001, 7480493.076767563819885 ], [ 674502.395021355478093, 7480553.3408861476928 ], [ 674503.81983679253608, 7480561.154227960854769 ] ] ] } },
{ "type": "Feature", "properties": { "id": "Vila_Sao_Luis.56", "id_trecho": 7040, "Name": "Avenida Presidente Tancredo Neves", "description": null, "Extensao_m": 113.29768769615457, "Bairro_logradouros": "Vila Sao Luis", "Bairro_rotas": "Vila São Luis", "Distrito": "1º", "Lote": "I", "Name_2": "Ponto 564", "description_2": "Velocidade: 14km/h<br>05/07/2026 23:34:21", "layer": "TTI9B27", "path": "C:/KMLs/Estevao/05-07-2026/Coleta/Trajeto_TTI9B27.kml|layername=Trajeto|geometrytype=Point|uniqueGeometryType=yes", "Velocidade": 14.0, "Data": "2026-07-05", "hora": "23:34:21", "Rota": "ROTA 610 (NOITE) - Vila São Luís - Domingo", "Turno": "Noite", "Dias_da_semana": [ "dom" ], "Hit_Rate": 50.0, "Status": "Baixo hit rate", "Bloco": "Domingo" }, "geometry": { "type": "MultiLineString", "coordinates": [ [ [ 674339.47644702414982, 7480163.227901754900813 ], [ 674286.77438171650283, 7480087.21902840025723 ], [ 674274.922460952308029, 7480070.123033005744219 ] ] ] } },
{ "type": "Feature", "properties": { "id": "Vila_Sao_Luis.56", "id_trecho": 7041, "Name": "Avenida Presidente Tancredo Neves", "description": null, "Extensao_m": 109.84125659471701, "Bairro_logradouros": "Vila Sao Luis", "Bairro_rotas": "Vila São Luis", "Distrito": "1º", "Lote": "I", "Name_2": "Ponto 565", "description_2": "Velocidade: 0km/h<br>05/07/2026 23:35:20", "layer": "TTI9B27", "path": "C:/KMLs/Estevao/05-07-2026/Coleta/Trajeto_TTI9B27.kml|layername=Trajeto|geometrytype=Point|uniqueGeometryType=yes", "Velocidade": 0.0, "Data": "2026-07-05", "hora": "23:35:20", "Rota": "ROTA 610 (NOITE) - Vila São Luís - Domingo", "Turno": "Noite", "Dias_da_semana": [ "dom" ], "Hit_Rate": 66.67, "Status": "Validado", "Bloco": "Domingo" }, "geometry": { "type": "MultiLineString", "coordinates": [ [ [ 674274.922460952308029, 7480070.123033005744219 ], [ 674209.460189237608574, 7479981.923307696357369 ] ] ] } },
{ "type": "Feature", "properties": { "id": "Vila_Sao_Luis.56", "id_trecho": 7042, "Name": "Avenida Presidente Tancredo Neves", "description": null, "Extensao_m": 110.65230103966451, "Bairro_logradouros": "Vila Sao Luis", "Bairro_rotas": "Vila São Luis", "Distrito": "1º", "Lote": "I", "Name_2": "Ponto 567", "description_2": "Velocidade: 0km/h<br>05/07/2026 23:37:20", "layer": "TTI9B27", "path": "C:/KMLs/Estevao/05-07-2026/Coleta/Trajeto_TTI9B27.kml|layername=Trajeto|geometrytype=Point|uniqueGeometryType=yes", "Velocidade": 0.0, "Data": "2026-07-05", "hora": "23:37:20", "Rota": "ROTA 610 (NOITE) - Vila São Luís - Domingo", "Turno": "Noite", "Dias_da_semana": [ "dom" ], "Hit_Rate": 83.33, "Status": "Validado", "Bloco": "Domingo" }, "geometry": { "type": "MultiLineString", "coordinates": [ [ [ 674209.460189237608574, 7479981.923307696357369 ], [ 674144.476021985290572, 7479892.366773272864521 ] ] ] } },
{ "type": "Feature", "properties": { "id": "Vila_Sao_Luis.56", "id_trecho": 7043, "Name": "Avenida Presidente Tancredo Neves", "description": null, "Extensao_m": 107.81976742471025, "Bairro_logradouros": "Vila Sao Luis", "Bairro_rotas": "Vila São Luis", "Distrito": "1º", "Lote": "I", "Name_2": "Ponto 571", "description_2": "Velocidade: 13km/h<br>05/07/2026 23:38:41", "layer": "TTI9B27", "path": "C:/KMLs/Estevao/05-07-2026/Coleta/Trajeto_TTI9B27.kml|layername=Trajeto|geometrytype=Point|uniqueGeometryType=yes", "Velocidade": 13.0, "Data": "2026-07-05", "hora": "23:38:41", "Rota": "ROTA 610 (NOITE) - Vila São Luís - Domingo", "Turno": "Noite", "Dias_da_semana": [ "dom" ], "Hit_Rate": 83.33, "Status": "Validado", "Bloco": "Domingo" }, "geometry": { "type": "MultiLineString", "coordinates": [ [ [ 674144.476021985290572, 7479892.366773272864521 ], [ 674079.644636026001535, 7479806.21921700425446 ] ] ] } },
{ "type": "Feature", "properties": { "id": "Vila_Sao_Luis.56", "id_trecho": 7045, "Name": "Avenida Presidente Tancredo Neves", "description": null, "Extensao_m": 163.82773921682613, "Bairro_logradouros": "Vila Sao Luis", "Bairro_rotas": "Vila São Luis", "Distrito": "1º", "Lote": "I", "Name_2": "Ponto 572", "description_2": "Velocidade: 23km/h<br>05/07/2026 23:39:20", "layer": "TTI9B27", "path": "C:/KMLs/Estevao/05-07-2026/Coleta/Trajeto_TTI9B27.kml|layername=Trajeto|geometrytype=Point|uniqueGeometryType=yes", "Velocidade": 23.0, "Data": "2026-07-05", "hora": "23:39:20", "Rota": "ROTA 610 (NOITE) - Vila São Luís - Domingo", "Turno": "Noite", "Dias_da_semana": [ "dom" ], "Hit_Rate": 66.67, "Status": "Validado", "Bloco": "Domingo" }, "geometry": { "type": "MultiLineString", "coordinates": [ [ [ 674071.153237221296877, 7479804.53355073928833 ], [ 674064.469308378640562, 7479781.353633146733046 ], [ 674059.323129558353685, 7479765.110898165032268 ], [ 674056.743592826765962, 7479744.331406803801656 ], [ 674056.050526231760159, 7479735.765262017026544 ], [ 674056.460460150847211, 7479732.382100831717253 ], [ 674060.469272556714714, 7479642.75201546959579 ] ] ] } },
{ "type": "Feature", "properties": { "id": "Centro.81", "id_trecho": 900, "Name": "Avenida Duque de Caxias", "description": null, "Extensao_m": 79.322610917274687, "Bairro_logradouros": "Centro", "Bairro_rotas": "Centro", "Distrito": "1º", "Lote": "I", "Name_2": "Ponto 576", "description_2": "Velocidade: 0km/h<br>05/07/2026 23:40:20", "layer": "TTI9B27", "path": "C:/KMLs/Estevao/05-07-2026/Coleta/Trajeto_TTI9B27.kml|layername=Trajeto|geometrytype=Point|uniqueGeometryType=yes", "Velocidade": 0.0, "Data": "2026-07-05", "hora": "23:40:20", "Rota": "ROTA 610 (NOITE) - Centro - Domingo", "Turno": "Noite", "Dias_da_semana": [ "dom" ], "Hit_Rate": 83.33, "Status": "Validado", "Bloco": "Domingo" }, "geometry": { "type": "MultiLineString", "coordinates": [ [ [ 673968.674359385273419, 7479557.793337169103324 ], [ 673899.902004471514374, 7479518.269804211333394 ] ] ] } },
{ "type": "Feature", "properties": { "id": "Centro.81", "id_trecho": 902, "Name": "Avenida Duque de Caxias", "description": null, "Extensao_m": 55.721869306054963, "Bairro_logradouros": "Centro", "Bairro_rotas": "Centro", "Distrito": "1º", "Lote": "I", "Name_2": "Ponto 579", "description_2": "Velocidade: 0km/h<br>05/07/2026 23:42:15", "layer": "TTI9B27", "path": "C:/KMLs/Estevao/05-07-2026/Coleta/Trajeto_TTI9B27.kml|layername=Trajeto|geometrytype=Point|uniqueGeometryType=yes", "Velocidade": 0.0, "Data": "2026-07-05", "hora": "23:42:15", "Rota": "ROTA 610 (NOITE) - Centro - Domingo", "Turno": "Noite", "Dias_da_semana": [ "dom" ], "Hit_Rate": 100.0, "Status": "Validado", "Bloco": "Domingo" }, "geometry": { "type": "MultiLineString", "coordinates": [ [ [ 673826.396903345594183, 7479459.984541743062437 ], [ 673784.003630878636613, 7479423.824193172156811 ] ] ] } },
{ "type": "Feature", "properties": { "id": "Centro.81", "id_trecho": 904, "Name": "Avenida Duque de Caxias", "description": null, "Extensao_m": 77.432843847019384, "Bairro_logradouros": "Centro", "Bairro_rotas": "Centro", "Distrito": "1º", "Lote": "I", "Name_2": "Ponto 583", "description_2": "Velocidade: 8km/h<br>05/07/2026 23:43:09", "layer": "TTI9B27", "path": "C:/KMLs/Estevao/05-07-2026/Coleta/Trajeto_TTI9B27.kml|layername=Trajeto|geometrytype=Point|uniqueGeometryType=yes", "Velocidade": 8.0, "Data": "2026-07-05", "hora": "23:43:09", "Rota": "ROTA 610 (NOITE) - Centro - Domingo", "Turno": "Noite", "Dias_da_semana": [ "dom" ], "Hit_Rate": 100.0, "Status": "Validado", "Bloco": "Domingo" }, "geometry": { "type": "MultiLineString", "coordinates": [ [ [ 673763.316963514545932, 7479405.433594115078449 ], [ 673704.556523095467128, 7479355.008094366639853 ] ] ] } },
{ "type": "Feature", "properties": { "id": "Centro.81", "id_trecho": 905, "Name": "Avenida Duque de Caxias", "description": null, "Extensao_m": 61.771471917790258, "Bairro_logradouros": "Centro", "Bairro_rotas": "Centro", "Distrito": "1º", "Lote": "I", "Name_2": "Ponto 584", "description_2": "Velocidade: 5km/h<br>05/07/2026 23:43:20", "layer": "TTI9B27", "path": "C:/KMLs/Estevao/05-07-2026/Coleta/Trajeto_TTI9B27.kml|layername=Trajeto|geometrytype=Point|uniqueGeometryType=yes", "Velocidade": 5.0, "Data": "2026-07-05", "hora": "23:43:20", "Rota": "ROTA 610 (NOITE) - Centro - Domingo", "Turno": "Noite", "Dias_da_semana": [ "dom" ], "Hit_Rate": 50.0, "Status": "Baixo hit rate", "Bloco": "Domingo" }, "geometry": { "type": "MultiLineString", "coordinates": [ [ [ 673704.556523095467128, 7479355.008094366639853 ], [ 673660.754600974731147, 7479311.454702963121235 ] ] ] } },
{ "type": "Feature", "properties": { "id": "Centro.81", "id_trecho": 906, "Name": "Avenida Duque de Caxias", "description": null, "Extensao_m": 128.20838178444282, "Bairro_logradouros": "Centro", "Bairro_rotas": "Centro", "Distrito": "1º", "Lote": "I", "Name_2": "Ponto 593", "description_2": "Velocidade: 6km/h<br>05/07/2026 23:45:33", "layer": "TTI9B27", "path": "C:/KMLs/Estevao/05-07-2026/Coleta/Trajeto_TTI9B27.kml|layername=Trajeto|geometrytype=Point|uniqueGeometryType=yes", "Velocidade": 6.0, "Data": "2026-07-05", "hora": "23:45:33", "Rota": "ROTA 610 (NOITE) - Centro - Domingo", "Turno": "Noite", "Dias_da_semana": [ "dom" ], "Hit_Rate": 83.33, "Status": "Validado", "Bloco": "Domingo" }, "geometry": { "type": "MultiLineString", "coordinates": [ [ [ 673660.754600974731147, 7479311.454702963121235 ], [ 673612.43281876842957, 7479259.658071915619075 ], [ 673590.704860122874379, 7479233.682054499164224 ], [ 673584.002269479213282, 7479224.057409889996052 ], [ 673577.890259645297192, 7479213.994104567915201 ] ] ] } },
{ "type": "Feature", "properties": { "id": "Centro.8", "id_trecho": 982, "Name": "Avenida Presidente Vargas", "description": null, "Extensao_m": 220.62200066962839, "Bairro_logradouros": "Centro", "Bairro_rotas": "Centro", "Distrito": "1º", "Lote": "I", "Name_2": "Ponto 597", "description_2": "Velocidade: 15km/h<br>05/07/2026 23:46:03", "layer": "TTI9B27", "path": "C:/KMLs/Estevao/05-07-2026/Coleta/Trajeto_TTI9B27.kml|layername=Trajeto|geometrytype=Point|uniqueGeometryType=yes", "Velocidade": 15.0, "Data": "2026-07-05", "hora": "23:46:03", "Rota": "ROTA 610 (NOITE) - Centro - Domingo", "Turno": "Noite", "Dias_da_semana": [ "dom" ], "Hit_Rate": 100.0, "Status": "Validado", "Bloco": "Domingo" }, "geometry": { "type": "MultiLineString", "coordinates": [ [ [ 673577.890259645297192, 7479213.994104567915201 ], [ 673574.693261987064034, 7479207.408093247562647 ], [ 673570.892935350653715, 7479198.348286878317595 ], [ 673569.849131873110309, 7479195.071088211610913 ], [ 673567.762552281958051, 7479187.70823913346976 ], [ 673567.08914915623609, 7479183.596216876059771 ], [ 673567.219487353228033, 7479181.523791836574674 ], [ 673567.620575366774574, 7479179.780507014133036 ], [ 673569.218023802037351, 7479176.694602513685822 ], [ 673577.668337794952095, 7479167.638705326244235 ], [ 673586.871198586421087, 7479158.839986587874591 ], [ 673589.041714476421475, 7479155.58140929043293 ], [ 673590.332412643590942, 7479151.712718399241567 ], [ 673590.865477199200541, 7479148.040957080200315 ], [ 673590.636362590361387, 7479143.270458556711674 ], [ 673573.674666757695377, 7479035.687162035144866 ], [ 673569.029072777368128, 7479005.684027764946222 ] ] ] } },
{ "type": "Feature", "properties": { "id": "Centro.8", "id_trecho": 984, "Name": "Avenida Presidente Vargas", "description": null, "Extensao_m": 100.42442234753695, "Bairro_logradouros": "Centro", "Bairro_rotas": "Centro", "Distrito": "1º", "Lote": "I", "Name_2": "Ponto 622", "description_2": "Velocidade: 12km/h<br>05/07/2026 23:53:50", "layer": "TTI9B27", "path": "C:/KMLs/Estevao/05-07-2026/Coleta/Trajeto_TTI9B27.kml|layername=Trajeto|geometrytype=Point|uniqueGeometryType=yes", "Velocidade": 12.0, "Data": "2026-07-05", "hora": "23:53:50", "Rota": "ROTA 610 (NOITE) - Centro - Domingo", "Turno": "Noite", "Dias_da_semana": [ "dom" ], "Hit_Rate": 100.0, "Status": "Validado", "Bloco": "Domingo" }, "geometry": { "type": "MultiLineString", "coordinates": [ [ [ 673622.861614924157038, 7478799.580625521950424 ], [ 673642.367485819850117, 7478771.383247290737927 ], [ 673669.662365444353782, 7478737.393339669331908 ], [ 673683.972367398091592, 7478719.975487243384123 ] ] ] } },
{ "type": "Feature", "properties": { "id": "Vinte_e_Cinco_de_Agosto.60", "id_trecho": 7439, "Name": "Rua General Mitre", "description": null, "Extensao_m": 119.28110616337966, "Bairro_logradouros": "Vinte e Cinco de Agosto", "Bairro_rotas": "Vinte e Cinco de Agosto", "Distrito": "1º", "Lote": "I", "Name_2": "Ponto 654", "description_2": "Velocidade: 5km/h<br>06/07/2026 00:04:21", "layer": "TTI9B27", "path": "C:/KMLs/Estevao/05-07-2026/Coleta/Trajeto_TTI9B27.kml|layername=Trajeto|geometrytype=Point|uniqueGeometryType=yes", "Velocidade": 5.0, "Data": "2026-07-06", "hora": "00:04:21", "Rota": "ROTA 610 (NOITE) - Vinte e Cinco de Agosto - Domingo", "Turno": "Noite", "Dias_da_semana": [ "dom" ], "Hit_Rate": 50.0, "Status": "Baixo hit rate", "Bloco": "Domingo" }, "geometry": { "type": "MultiLineString", "coordinates": [ [ [ 674237.429488911526278, 7478328.049384705722332 ], [ 674345.349971091840416, 7478277.251264942809939 ] ] ] } },
{ "type": "Feature", "properties": { "id": "Vinte_e_Cinco_de_Agosto.60", "id_trecho": 7441, "Name": "Rua General Mitre", "description": null, "Extensao_m": 251.89639577967918, "Bairro_logradouros": "Vinte e Cinco de Agosto", "Bairro_rotas": "Vinte e Cinco de Agosto", "Distrito": "1º", "Lote": "I", "Name_2": "Ponto 660", "description_2": "Velocidade: 8km/h<br>06/07/2026 00:07:21", "layer": "TTI9B27", "path": "C:/KMLs/Estevao/05-07-2026/Coleta/Trajeto_TTI9B27.kml|layername=Trajeto|geometrytype=Point|uniqueGeometryType=yes", "Velocidade": 8.0, "Data": "2026-07-06", "hora": "00:07:21", "Rota": "ROTA 610 (NOITE) - Vinte e Cinco de Agosto - Domingo", "Turno": "Noite", "Dias_da_semana": [ "dom" ], "Hit_Rate": 83.33, "Status": "Validado", "Bloco": "Domingo" }, "geometry": { "type": "MultiLineString", "coordinates": [ [ [ 674450.738677018554881, 7478228.685265863314271 ], [ 674679.163780162343755, 7478122.521328212693334 ] ] ] } },
{ "type": "Feature", "properties": { "id": "Vinte_e_Cinco_de_Agosto.60", "id_trecho": 7442, "Name": "Rua General Mitre", "description": null, "Extensao_m": 168.0178706697391, "Bairro_logradouros": "Vinte e Cinco de Agosto", "Bairro_rotas": "Vinte e Cinco de Agosto", "Distrito": "1º", "Lote": "I", "Name_2": "Ponto 665", "description_2": "Velocidade: 9km/h<br>06/07/2026 00:08:40", "layer": "TTI9B27", "path": "C:/KMLs/Estevao/05-07-2026/Coleta/Trajeto_TTI9B27.kml|layername=Trajeto|geometrytype=Point|uniqueGeometryType=yes", "Velocidade": 9.0, "Data": "2026-07-06", "hora": "00:08:40", "Rota": "ROTA 610 (NOITE) - Vinte e Cinco de Agosto - Domingo", "Turno": "Noite", "Dias_da_semana": [ "dom" ], "Hit_Rate": 83.33, "Status": "Validado", "Bloco": "Domingo" }, "geometry": { "type": "MultiLineString", "coordinates": [ [ [ 674679.163780162343755, 7478122.521328212693334 ], [ 674831.895873715635389, 7478052.509679576382041 ] ] ] } },
{ "type": "Feature", "properties": { "id": "Vinte_e_Cinco_de_Agosto.10", "id_trecho": 7494, "Name": "Rua Mena Barreto", "description": null, "Extensao_m": 166.3150986907026, "Bairro_logradouros": "Vinte e Cinco de Agosto", "Bairro_rotas": "Vinte e Cinco de Agosto", "Distrito": "1º", "Lote": "I", "Name_2": "Ponto 668", "description_2": "Velocidade: 10km/h<br>06/07/2026 00:09:55", "layer": "TTI9B27", "path": "C:/KMLs/Estevao/05-07-2026/Coleta/Trajeto_TTI9B27.kml|layername=Trajeto|geometrytype=Point|uniqueGeometryType=yes", "Velocidade": 10.0, "Data": "2026-07-06", "hora": "00:09:55", "Rota": "ROTA 610 (NOITE) - Vinte e Cinco de Agosto - Domingo", "Turno": "Noite", "Dias_da_semana": [ "dom" ], "Hit_Rate": 66.67, "Status": "Validado", "Bloco": "Domingo" }, "geometry": { "type": "MultiLineString", "coordinates": [ [ [ 674648.816038521472365, 7478056.910352566279471 ], [ 674799.393272614921443, 7477986.299125119112432 ] ] ] } },
{ "type": "Feature", "properties": { "id": "Vinte_e_Cinco_de_Agosto.10", "id_trecho": 7493, "Name": "Rua Mena Barreto", "description": null, "Extensao_m": 252.10273781893841, "Bairro_logradouros": "Vinte e Cinco de Agosto", "Bairro_rotas": "Vinte e Cinco de Agosto", "Distrito": "1º", "Lote": "I", "Name_2": "Ponto 677", "description_2": "Velocidade: 6km/h<br>06/07/2026 00:12:21", "layer": "TTI9B27", "path": "C:/KMLs/Estevao/05-07-2026/Coleta/Trajeto_TTI9B27.kml|layername=Trajeto|geometrytype=Point|uniqueGeometryType=yes", "Velocidade": 6.0, "Data": "2026-07-06", "hora": "00:12:21", "Rota": "ROTA 610 (NOITE) - Vinte e Cinco de Agosto - Domingo", "Turno": "Noite", "Dias_da_semana": [ "dom" ], "Hit_Rate": 66.67, "Status": "Validado", "Bloco": "Domingo" }, "geometry": { "type": "MultiLineString", "coordinates": [ [ [ 674420.302821615943685, 7478163.373928231187165 ], [ 674425.235946984495968, 7478161.080162275582552 ], [ 674648.816038521472365, 7478056.910352566279471 ] ] ] } },
{ "type": "Feature", "properties": { "id": "Vinte_e_Cinco_de_Agosto.75", "id_trecho": 7483, "Name": "Rua Marechal Floriano", "description": null, "Extensao_m": 252.11724652666467, "Bairro_logradouros": "Vinte e Cinco de Agosto", "Bairro_rotas": "Vinte e Cinco de Agosto", "Distrito": "1º", "Lote": "I", "Name_2": "Ponto 686", "description_2": "Velocidade: 7km/h<br>06/07/2026 00:15:01", "layer": "TTI9B27", "path": "C:/KMLs/Estevao/05-07-2026/Coleta/Trajeto_TTI9B27.kml|layername=Trajeto|geometrytype=Point|uniqueGeometryType=yes", "Velocidade": 7.0, "Data": "2026-07-06", "hora": "00:15:01", "Rota": "ROTA 610 (NOITE) - Vinte e Cinco de Agosto - Domingo", "Turno": "Noite", "Dias_da_semana": [ "dom" ], "Hit_Rate": 100.0, "Status": "Validado", "Bloco": "Domingo" }, "geometry": { "type": "MultiLineString", "coordinates": [ [ [ 674481.560966955497861, 7478293.648802669718862 ], [ 674709.780748258926906, 7478186.523342432454228 ] ] ] } },
{ "type": "Feature", "properties": { "id": "Parque_Duque.129", "id_trecho": 3728, "Name": "Avenida Brigadeiro Lima e Silva", "description": null, "Extensao_m": 208.48275427833988, "Bairro_logradouros": "Parque Duque", "Bairro_rotas": "Vinte e Cinco de Agosto", "Distrito": "1º", "Lote": "I", "Name_2": "Ponto 706", "description_2": "Velocidade: 0km/h<br>06/07/2026 00:23:21", "layer": "TTI9B27", "path": "C:/KMLs/Estevao/05-07-2026/Coleta/Trajeto_TTI9B27.kml|layername=Trajeto|geometrytype=Point|uniqueGeometryType=yes", "Velocidade": 0.0, "Data": "2026-07-06", "hora": "00:23:21", "Rota": "ROTA 610 (NOITE) - Vinte e Cinco de Agosto - Domingo", "Turno": "Noite", "Dias_da_semana": [ "dom" ], "Hit_Rate": 100.0, "Status": "Validado", "Bloco": "Domingo" }, "geometry": { "type": "MultiLineString", "coordinates": [ [ [ 675236.758380325976759, 7477611.820443447679281 ], [ 675129.345864410977811, 7477790.498359808698297 ] ] ] } },
{ "type": "Feature", "properties": { "id": "Parque_Duque.129", "id_trecho": 3730, "Name": "Avenida Brigadeiro Lima e Silva", "description": null, "Extensao_m": 212.74804738267093, "Bairro_logradouros": "Parque Duque", "Bairro_rotas": "Vinte e Cinco de Agosto", "Distrito": "1º", "Lote": "I", "Name_2": "Ponto 708", "description_2": "Velocidade: 22km/h<br>06/07/2026 00:25:21", "layer": "TTI9B27", "path": "C:/KMLs/Estevao/05-07-2026/Coleta/Trajeto_TTI9B27.kml|layername=Trajeto|geometrytype=Point|uniqueGeometryType=yes", "Velocidade": 22.0, "Data": "2026-07-06", "hora": "00:25:21", "Rota": "ROTA 610 (NOITE) - Vinte e Cinco de Agosto - Domingo", "Turno": "Noite", "Dias_da_semana": [ "dom" ], "Hit_Rate": 83.33, "Status": "Validado", "Bloco": "Domingo" }, "geometry": { "type": "MultiLineString", "coordinates": [ [ [ 675021.137970899115317, 7477971.665172113105655 ], [ 675009.964784739306197, 7477990.222202057950199 ], [ 674911.420391034567729, 7478153.933688377961516 ] ] ] } },
{ "type": "Feature", "properties": { "id": "Parque_Duque.129", "id_trecho": 3731, "Name": "Avenida Brigadeiro Lima e Silva", "description": null, "Extensao_m": 16.207381701377422, "Bairro_logradouros": "Parque Duque", "Bairro_rotas": "Vinte e Cinco de Agosto", "Distrito": "1º", "Lote": "I", "Name_2": "Ponto 710", "description_2": "Velocidade: 0km/h<br>06/07/2026 00:27:21", "layer": "TTI9B27", "path": "C:/KMLs/Estevao/05-07-2026/Coleta/Trajeto_TTI9B27.kml|layername=Trajeto|geometrytype=Point|uniqueGeometryType=yes", "Velocidade": 0.0, "Data": "2026-07-06", "hora": "00:27:21", "Rota": "ROTA 610 (NOITE) - Vinte e Cinco de Agosto - Domingo", "Turno": "Noite", "Dias_da_semana": [ "dom" ], "Hit_Rate": 16.67, "Status": "Baixo hit rate", "Bloco": "Domingo" }, "geometry": { "type": "MultiLineString", "coordinates": [ [ [ 674911.420391034567729, 7478153.933688377961516 ], [ 674900.303955085459165, 7478165.727436302229762 ] ] ] } },
{ "type": "Feature", "properties": { "id": "Vinte_e_Cinco_de_Agosto.79", "id_trecho": 7313, "Name": "Avenida Brigadeiro Lima e Silva", "description": null, "Extensao_m": 178.11709501612623, "Bairro_logradouros": "Vinte e Cinco de Agosto", "Bairro_rotas": "Vinte e Cinco de Agosto", "Distrito": "1º", "Lote": "I", "Name_2": "Ponto 712", "description_2": "Velocidade: 27km/h<br>06/07/2026 00:28:21", "layer": "TTI9B27", "path": "C:/KMLs/Estevao/05-07-2026/Coleta/Trajeto_TTI9B27.kml|layername=Trajeto|geometrytype=Point|uniqueGeometryType=yes", "Velocidade": 27.0, "Data": "2026-07-06", "hora": "00:28:21", "Rota": "ROTA 610 (NOITE) - Vinte e Cinco de Agosto - Domingo", "Turno": "Noite", "Dias_da_semana": [ "dom" ], "Hit_Rate": 83.33, "Status": "Validado", "Bloco": "Domingo" }, "geometry": { "type": "MultiLineString", "coordinates": [ [ [ 674897.553430651198141, 7478168.645547114312649 ], [ 674870.650174206472002, 7478191.747123249806464 ], [ 674862.655187730677426, 7478197.431924359872937 ], [ 674857.573462159372866, 7478200.192681957967579 ], [ 674795.763109853607602, 7478229.056389280594885 ], [ 674742.450030867708847, 7478253.956952769309282 ] ] ] } },
{ "type": "Feature", "properties": { "id": "Vinte_e_Cinco_de_Agosto.79", "id_trecho": 7314, "Name": "Avenida Brigadeiro Lima e Silva", "description": null, "Extensao_m": 250.64537995853948, "Bairro_logradouros": "Vinte e Cinco de Agosto", "Bairro_rotas": "Vinte e Cinco de Agosto", "Distrito": "1º", "Lote": "I", "Name_2": "Ponto 713", "description_2": "Velocidade: 0km/h<br>06/07/2026 00:28:44", "layer": "TTI9B27", "path": "C:/KMLs/Estevao/05-07-2026/Coleta/Trajeto_TTI9B27.kml|layername=Trajeto|geometrytype=Point|uniqueGeometryType=yes", "Velocidade": 0.0, "Data": "2026-07-06", "hora": "00:28:44", "Rota": "ROTA 610 (NOITE) - Vinte e Cinco de Agosto - Domingo", "Turno": "Noite", "Dias_da_semana": [ "dom" ], "Hit_Rate": 83.33, "Status": "Validado", "Bloco": "Domingo" }, "geometry": { "type": "MultiLineString", "coordinates": [ [ [ 674742.450030867708847, 7478253.956952769309282 ], [ 674515.356913665309548, 7478360.017794089391828 ] ] ] } },
{ "type": "Feature", "properties": { "id": "Vinte_e_Cinco_de_Agosto.79", "id_trecho": 7317, "Name": "Avenida Brigadeiro Lima e Silva", "description": null, "Extensao_m": 203.67178391938336, "Bairro_logradouros": "Vinte e Cinco de Agosto", "Bairro_rotas": "Vinte e Cinco de Agosto", "Distrito": "1º", "Lote": "I", "Name_2": "Ponto 717", "description_2": "Velocidade: 24km/h<br>06/07/2026 00:30:21", "layer": "TTI9B27", "path": "C:/KMLs/Estevao/05-07-2026/Coleta/Trajeto_TTI9B27.kml|layername=Trajeto|geometrytype=Point|uniqueGeometryType=yes", "Velocidade": 24.0, "Data": "2026-07-06", "hora": "00:30:21", "Rota": "ROTA 610 (NOITE) - Vinte e Cinco de Agosto - Domingo", "Turno": "Noite", "Dias_da_semana": [ "dom" ], "Hit_Rate": 50.0, "Status": "Baixo hit rate", "Bloco": "Domingo" }, "geometry": { "type": "MultiLineString", "coordinates": [ [ [ 674300.933996348641813, 7478461.787592699751258 ], [ 674254.918620571494102, 7478484.764125754125416 ], [ 674116.710473916609772, 7478548.58930884487927 ] ] ] } },
{ "type": "Feature", "properties": { "id": "Vinte_e_Cinco_de_Agosto.66", "id_trecho": 7537, "Name": "Rua Professor José de Souza Herdy", "description": null, "Extensao_m": 209.33808002152981, "Bairro_logradouros": "Vinte e Cinco de Agosto", "Bairro_rotas": "Vinte e Cinco de Agosto", "Distrito": "1º", "Lote": "I", "Name_2": "Ponto 730", "description_2": "Velocidade: 5km/h<br>06/07/2026 00:35:49", "layer": "TTI9B27", "path": "C:/KMLs/Estevao/05-07-2026/Coleta/Trajeto_TTI9B27.kml|layername=Trajeto|geometrytype=Point|uniqueGeometryType=yes", "Velocidade": 5.0, "Data": "2026-07-06", "hora": "00:35:49", "Rota": "ROTA 610 (NOITE) - Vinte e Cinco de Agosto - Domingo", "Turno": "Noite", "Dias_da_semana": [ "dom" ], "Hit_Rate": 83.33, "Status": "Validado", "Bloco": "Domingo" }, "geometry": { "type": "MultiLineString", "coordinates": [ [ [ 673809.077335757086985, 7478805.734339656308293 ], [ 673984.105447818059474, 7478691.8424830166623 ], [ 673984.563818581867963, 7478691.61528112180531 ] ] ] } },
{ "type": "Feature", "properties": { "id": "Vinte_e_Cinco_de_Agosto.66", "id_trecho": 7538, "Name": "Rua Professor José de Souza Herdy", "description": null, "Extensao_m": 181.17156903754849, "Bairro_logradouros": "Vinte e Cinco de Agosto", "Bairro_rotas": "Vinte e Cinco de Agosto", "Distrito": "1º", "Lote": "I", "Name_2": "Ponto 745", "description_2": "Velocidade: 7km/h<br>06/07/2026 00:46:27", "layer": "TTI9B27", "path": "C:/KMLs/Estevao/05-07-2026/Coleta/Trajeto_TTI9B27.kml|layername=Trajeto|geometrytype=Point|uniqueGeometryType=yes", "Velocidade": 7.0, "Data": "2026-07-06", "hora": "00:46:27", "Rota": "ROTA 610 (NOITE) - Vinte e Cinco de Agosto - Domingo", "Turno": "Noite", "Dias_da_semana": [ "dom" ], "Hit_Rate": 100.0, "Status": "Validado", "Bloco": "Domingo" }, "geometry": { "type": "MultiLineString", "coordinates": [ [ [ 673984.563818581867963, 7478691.61528112180531 ], [ 674023.411612308234908, 7478674.801758205518126 ], [ 674074.912885931320488, 7478651.076465776190162 ], [ 674149.013995658024214, 7478615.651684268377721 ] ] ] } },
{ "type": "Feature", "properties": { "id": "Vinte_e_Cinco_de_Agosto.66", "id_trecho": 7539, "Name": "Rua Professor José de Souza Herdy", "description": null, "Extensao_m": 201.92769261314373, "Bairro_logradouros": "Vinte e Cinco de Agosto", "Bairro_rotas": "Vinte e Cinco de Agosto", "Distrito": "1º", "Lote": "I", "Name_2": "Ponto 753", "description_2": "Velocidade: 20km/h<br>06/07/2026 00:53:21", "layer": "TTI9B27", "path": "C:/KMLs/Estevao/05-07-2026/Coleta/Trajeto_TTI9B27.kml|layername=Trajeto|geometrytype=Point|uniqueGeometryType=yes", "Velocidade": 20.0, "Data": "2026-07-06", "hora": "00:53:21", "Rota": "ROTA 610 (NOITE) - Vinte e Cinco de Agosto - Domingo", "Turno": "Noite", "Dias_da_semana": [ "dom" ], "Hit_Rate": 33.33, "Status": "Baixo hit rate", "Bloco": "Domingo" }, "geometry": { "type": "MultiLineString", "coordinates": [ [ [ 674149.013995658024214, 7478615.651684268377721 ], [ 674208.815213531255722, 7478587.755233861505985 ], [ 674332.012440273072571, 7478530.303397150710225 ] ] ] } },
{ "type": "Feature", "properties": { "id": "Vinte_e_Cinco_de_Agosto.66", "id_trecho": 7541, "Name": "Rua Professor José de Souza Herdy", "description": null, "Extensao_m": 131.94016439028283, "Bairro_logradouros": "Vinte e Cinco de Agosto", "Bairro_rotas": "Vinte e Cinco de Agosto", "Distrito": "1º", "Lote": "I", "Name_2": "Ponto 754", "description_2": "Velocidade: 19km/h<br>06/07/2026 00:54:21", "layer": "TTI9B27", "path": "C:/KMLs/Estevao/05-07-2026/Coleta/Trajeto_TTI9B27.kml|layername=Trajeto|geometrytype=Point|uniqueGeometryType=yes", "Velocidade": 19.0, "Data": "2026-07-06", "hora": "00:54:21", "Rota": "ROTA 610 (NOITE) - Vinte e Cinco de Agosto - Domingo", "Turno": "Noite", "Dias_da_semana": [ "dom" ], "Hit_Rate": 83.33, "Status": "Validado", "Bloco": "Domingo" }, "geometry": { "type": "MultiLineString", "coordinates": [ [ [ 674424.318531649885699, 7478485.974517650902271 ], [ 674544.046259024529718, 7478430.543053085915744 ] ] ] } },
{ "type": "Feature", "properties": { "id": "Vinte_e_Cinco_de_Agosto.66", "id_trecho": 7542, "Name": "Rua Professor José de Souza Herdy", "description": null, "Extensao_m": 83.201676987472311, "Bairro_logradouros": "Vinte e Cinco de Agosto", "Bairro_rotas": "Vinte e Cinco de Agosto", "Distrito": "1º", "Lote": "I", "Name_2": "Ponto 756", "description_2": "Velocidade: 10km/h<br>06/07/2026 00:56:18", "layer": "TTI9B27", "path": "C:/KMLs/Estevao/05-07-2026/Coleta/Trajeto_TTI9B27.kml|layername=Trajeto|geometrytype=Point|uniqueGeometryType=yes", "Velocidade": 10.0, "Data": "2026-07-06", "hora": "00:56:18", "Rota": "ROTA 610 (NOITE) - Vinte e Cinco de Agosto - Domingo", "Turno": "Noite", "Dias_da_semana": [ "dom" ], "Hit_Rate": 100.0, "Status": "Validado", "Bloco": "Domingo" }, "geometry": { "type": "MultiLineString", "coordinates": [ [ [ 674544.046259024529718, 7478430.543053085915744 ], [ 674618.989455856266432, 7478394.408420749008656 ] ] ] } },
{ "type": "Feature", "properties": { "id": "Vinte_e_Cinco_de_Agosto.66", "id_trecho": 7543, "Name": "Rua Professor José de Souza Herdy", "description": null, "Extensao_m": 57.769676179006268, "Bairro_logradouros": "Vinte e Cinco de Agosto", "Bairro_rotas": "Vinte e Cinco de Agosto", "Distrito": "1º", "Lote": "I", "Name_2": "Ponto 758", "description_2": "Velocidade: 10km/h<br>06/07/2026 00:57:12", "layer": "TTI9B27", "path": "C:/KMLs/Estevao/05-07-2026/Coleta/Trajeto_TTI9B27.kml|layername=Trajeto|geometrytype=Point|uniqueGeometryType=yes", "Velocidade": 10.0, "Data": "2026-07-06", "hora": "00:57:12", "Rota": "ROTA 610 (NOITE) - Vinte e Cinco de Agosto - Domingo", "Turno": "Noite", "Dias_da_semana": [ "dom" ], "Hit_Rate": 83.33, "Status": "Validado", "Bloco": "Domingo" }, "geometry": { "type": "MultiLineString", "coordinates": [ [ [ 674618.989455856266432, 7478394.408420749008656 ], [ 674671.97580845549237, 7478371.394788838922977 ] ] ] } },
{ "type": "Feature", "properties": { "id": "Centro.132", "id_trecho": 931, "Name": "Avenida Governador Leonel de Moura Brizola", "description": null, "Extensao_m": 75.356235333559766, "Bairro_logradouros": "Centro", "Bairro_rotas": "Centro", "Distrito": "1º", "Lote": "I", "Name_2": "Ponto 351", "description_2": "Velocidade: 0km/h<br>05/07/2026 17:15:35", "layer": "TTW7E72", "path": "C:/KMLs/Estevao/05-07-2026/Coleta/Trajeto_TTW7E72.kml|layername=Trajeto|geometrytype=Point|uniqueGeometryType=yes", "Velocidade": 0.0, "Data": "2026-07-05", "hora": "17:15:35", "Rota": "ROTA 600 (NOITE) - Centro - Domingo", "Turno": "Noite", "Dias_da_semana": [ "dom" ], "Hit_Rate": 83.33, "Status": "Validado", "Bloco": "Domingo" }, "geometry": { "type": "MultiLineString", "coordinates": [ [ [ 673694.925587560865097, 7478358.100495662540197 ], [ 673667.715996862272732, 7478375.245177269913256 ], [ 673647.268415594473481, 7478390.18612758629024 ], [ 673634.109400453977287, 7478402.27502915263176 ] ] ] } },
{ "type": "Feature", "properties": { "id": "Centro.151", "id_trecho": 1274, "Name": "Rua Piratini", "description": null, "Extensao_m": 85.612592587874474, "Bairro_logradouros": "Centro", "Bairro_rotas": "Centro", "Distrito": "1º", "Lote": "I", "Name_2": "Ponto 365", "description_2": "Velocidade: 10km/h<br>05/07/2026 18:03:15", "layer": "TTW7E72", "path": "C:/KMLs/Estevao/05-07-2026/Coleta/Trajeto_TTW7E72.kml|layername=Trajeto|geometrytype=Point|uniqueGeometryType=yes", "Velocidade": 10.0, "Data": "2026-07-05", "hora": "18:03:15", "Rota": "ROTA 600 (NOITE) - Centro - Domingo", "Turno": "Noite", "Dias_da_semana": [ "dom" ], "Hit_Rate": 83.33, "Status": "Validado", "Bloco": "Domingo" }, "geometry": { "type": "MultiLineString", "coordinates": [ [ [ 673641.774294637143612, 7478610.920105954632163 ], [ 673633.929407859686762, 7478611.829366181977093 ], [ 673626.902981641120277, 7478610.680471839383245 ], [ 673620.670297333854251, 7478608.005284402519464 ], [ 673614.841463519027457, 7478603.830413768067956 ], [ 673607.599990866612643, 7478597.346047980710864 ], [ 673576.506082264822908, 7478562.207809832878411 ] ] ] } },
{ "type": "Feature", "properties": { "id": "Centro.151", "id_trecho": 1275, "Name": "Rua Piratini", "description": null, "Extensao_m": 35.765309284461139, "Bairro_logradouros": "Centro", "Bairro_rotas": "Centro", "Distrito": "1º", "Lote": "I", "Name_2": "Ponto 373", "description_2": "Velocidade: 8km/h<br>05/07/2026 18:08:02", "layer": "TTW7E72", "path": "C:/KMLs/Estevao/05-07-2026/Coleta/Trajeto_TTW7E72.kml|layername=Trajeto|geometrytype=Point|uniqueGeometryType=yes", "Velocidade": 8.0, "Data": "2026-07-05", "hora": "18:08:02", "Rota": "ROTA 600 (NOITE) - Centro - Domingo", "Turno": "Noite", "Dias_da_semana": [ "dom" ], "Hit_Rate": 50.0, "Status": "Baixo hit rate", "Bloco": "Domingo" }, "geometry": { "type": "MultiLineString", "coordinates": [ [ [ 673576.506082264822908, 7478562.207809832878411 ], [ 673572.030502016306855, 7478556.943219609558582 ], [ 673565.546227363753133, 7478544.835392189212143 ], [ 673559.616398776881397, 7478530.927149117924273 ] ] ] } },
{ "type": "Feature", "properties": { "id": "Centro.132", "id_trecho": 925, "Name": "Avenida Governador Leonel de Moura Brizola", "description": null, "Extensao_m": 380.38542850713947, "Bairro_logradouros": "Centro", "Bairro_rotas": "Centro", "Distrito": "1º", "Lote": "I", "Name_2": "Ponto 375", "description_2": "Velocidade: 4km/h<br>05/07/2026 18:08:42", "layer": "TTW7E72", "path": "C:/KMLs/Estevao/05-07-2026/Coleta/Trajeto_TTW7E72.kml|layername=Trajeto|geometrytype=Point|uniqueGeometryType=yes", "Velocidade": 4.0, "Data": "2026-07-05", "hora": "18:08:42", "Rota": "ROTA 600 (NOITE) - Centro - Domingo", "Turno": "Noite", "Dias_da_semana": [ "dom" ], "Hit_Rate": 66.67, "Status": "Validado", "Bloco": "Domingo" }, "geometry": { "type": "MultiLineString", "coordinates": [ [ [ 673684.970833358354867, 7478348.701397884637117 ], [ 673691.895630954764783, 7478343.671828590333462 ], [ 673738.915643505519256, 7478312.457144947722554 ], [ 673771.362377234268934, 7478294.466061300598085 ], [ 673809.018743413034827, 7478277.699884700588882 ], [ 673841.61468145949766, 7478264.679400565102696 ], [ 673871.449656212120317, 7478248.179843387566507 ], [ 673897.682656781980768, 7478227.391348831355572 ], [ 673900.825370892882347, 7478222.96981449984014 ], [ 673920.449705102946609, 7478195.368632195517421 ], [ 673928.914846097002737, 7478179.612197618931532 ], [ 673935.443524783593602, 7478157.953066565096378 ], [ 673938.065137034514919, 7478144.799672856926918 ], [ 673941.694430058239959, 7478117.437150416895747 ], [ 673943.604199082357809, 7478103.992900711484253 ] ] ] } },
{ "type": "Feature", "properties": { "id": "Centro.132", "id_trecho": 926, "Name": "Avenida Governador Leonel de Moura Brizola", "description": null, "Extensao_m": 123.58835963294459, "Bairro_logradouros": "Centro", "Bairro_rotas": "Centro", "Distrito": "1º", "Lote": "I", "Name_2": "Ponto 384", "description_2": "Velocidade: 35km/h<br>05/07/2026 19:03:22", "layer": "TTW7E72", "path": "C:/KMLs/Estevao/05-07-2026/Coleta/Trajeto_TTW7E72.kml|layername=Trajeto|geometrytype=Point|uniqueGeometryType=yes", "Velocidade": 35.0, "Data": "2026-07-05", "hora": "19:03:22", "Rota": "ROTA 600 (NOITE) - Centro - Domingo", "Turno": "Noite", "Dias_da_semana": [ "dom" ], "Hit_Rate": 33.33, "Status": "Baixo hit rate", "Bloco": "Domingo" }, "geometry": { "type": "MultiLineString", "coordinates": [ [ [ 673943.604199082357809, 7478103.992900711484253 ], [ 673945.025792522821575, 7478071.2512984033674 ], [ 673945.665570865385234, 7478007.033696750178933 ], [ 673946.531446804408915, 7477980.455912780016661 ] ] ] } },
{ "type": "Feature", "properties": { "id": "Centro.132", "id_trecho": 955, "Name": "Avenida Governador Leonel de Moura Brizola", "description": null, "Extensao_m": 114.55547484513275, "Bairro_logradouros": "Centro", "Bairro_rotas": "Centro", "Distrito": "1º", "Lote": "I", "Name_2": "Ponto 385", "description_2": "Velocidade: 16km/h<br>05/07/2026 19:03:27", "layer": "TTW7E72", "path": "C:/KMLs/Estevao/05-07-2026/Coleta/Trajeto_TTW7E72.kml|layername=Trajeto|geometrytype=Point|uniqueGeometryType=yes", "Velocidade": 16.0, "Data": "2026-07-05", "hora": "19:03:27", "Rota": "ROTA 600 (NOITE) - Centro - Domingo", "Turno": "Noite", "Dias_da_semana": [ "dom" ], "Hit_Rate": 66.67, "Status": "Validado", "Bloco": "Domingo" }, "geometry": { "type": "MultiLineString", "coordinates": [ [ [ 673946.531446804408915, 7477980.455912780016661 ], [ 673951.061175754992291, 7477973.427015626803041 ], [ 673954.127157620270737, 7477970.379588318988681 ], [ 673957.472636999329552, 7477968.425337132066488 ], [ 673963.938285191426985, 7477967.254830943420529 ], [ 673969.519262181594968, 7477967.733499171212316 ], [ 673972.712855885736644, 7477970.443374341353774 ], [ 673973.780758677516133, 7477973.133322492241859 ], [ 673974.554569844854996, 7477980.621925661340356 ], [ 673974.373858324834146, 7477989.040660875849426 ], [ 673971.707827330566943, 7478009.060802076011896 ], [ 673969.957449945388362, 7478023.865402675233781 ], [ 673969.165773471817374, 7478051.538719916716218 ] ] ] } },
{ "type": "Feature", "properties": { "id": "Centro.120", "id_trecho": 895, "Name": "Avenida Doutor Plínio Casado", "description": null, "Extensao_m": 182.99447815201802, "Bairro_logradouros": "Centro", "Bairro_rotas": "Centro", "Distrito": "1º", "Lote": "I", "Name_2": "Ponto 396", "description_2": "Velocidade: 35km/h<br>05/07/2026 19:11:22", "layer": "TTW7E72", "path": "C:/KMLs/Estevao/05-07-2026/Coleta/Trajeto_TTW7E72.kml|layername=Trajeto|geometrytype=Point|uniqueGeometryType=yes", "Velocidade": 35.0, "Data": "2026-07-05", "hora": "19:11:22", "Rota": "ROTA 600 (NOITE) - Centro - Domingo", "Turno": "Noite", "Dias_da_semana": [ "dom" ], "Hit_Rate": 50.0, "Status": "Baixo hit rate", "Bloco": "Domingo" }, "geometry": { "type": "MultiLineString", "coordinates": [ [ [ 673547.020145745482296, 7479271.292173938825727 ], [ 673578.020866022678092, 7479437.398847371339798 ], [ 673579.082109876326285, 7479444.895237063989043 ], [ 673579.539916735840961, 7479448.112687546759844 ], [ 673579.986823225859553, 7479451.274890050292015 ] ] ] } },
{ "type": "Feature", "properties": { "id": "Gramacho.230", "id_trecho": 1970, "Name": "Avenida Governador Leonel de Moura Brizola", "description": null, "Extensao_m": 138.61316734595255, "Bairro_logradouros": "Gramacho", "Bairro_rotas": "Centro", "Distrito": "1º", "Lote": "I", "Name_2": "Ponto 401", "description_2": "Velocidade: 38km/h<br>05/07/2026 19:16:22", "layer": "TTW7E72", "path": "C:/KMLs/Estevao/05-07-2026/Coleta/Trajeto_TTW7E72.kml|layername=Trajeto|geometrytype=Point|uniqueGeometryType=yes", "Velocidade": 38.0, "Data": "2026-07-05", "hora": "19:16:22", "Rota": "ROTA 600 (NOITE) - Centro - Domingo", "Turno": "Noite", "Dias_da_semana": [ "dom" ], "Hit_Rate": 100.0, "Status": "Validado", "Bloco": "Domingo" }, "geometry": { "type": "MultiLineString", "coordinates": [ [ [ 674066.480842995224521, 7482931.997651502490044 ], [ 674064.920560506288894, 7482934.773060645908117 ], [ 674055.730400573345833, 7482951.157759830355644 ], [ 674030.623506855918095, 7482992.110644243657589 ], [ 674023.544108270201832, 7483003.565161908045411 ], [ 674007.390846155933104, 7483029.010914949700236 ], [ 673996.554942371323705, 7483046.101016239263117 ], [ 673994.455712737049907, 7483050.375112390145659 ] ] ] } },
{ "type": "Feature", "properties": { "id": "Gramacho.224", "id_trecho": 2070, "Name": "Avenida República do Paraguai", "description": null, "Extensao_m": 84.186358256764265, "Bairro_logradouros": "Gramacho", "Bairro_rotas": "Gramacho", "Distrito": "1º", "Lote": "I", "Name_2": "Ponto 407", "description_2": "Velocidade: 19km/h<br>05/07/2026 19:18:11", "layer": "TTW7E72", "path": "C:/KMLs/Estevao/05-07-2026/Coleta/Trajeto_TTW7E72.kml|layername=Trajeto|geometrytype=Point|uniqueGeometryType=yes", "Velocidade": 19.0, "Data": "2026-07-05", "hora": "19:18:11", "Rota": "ROTA 600 (NOITE) - Gramacho - Domingo", "Turno": "Noite", "Dias_da_semana": [ "dom" ], "Hit_Rate": 83.33, "Status": "Validado", "Bloco": "Domingo" }, "geometry": { "type": "MultiLineString", "coordinates": [ [ [ 674305.97707348014228, 7483175.784055484458804 ], [ 674293.765820578089915, 7483167.850686337798834 ], [ 674283.206419070833363, 7483159.754410572350025 ], [ 674265.099192952271551, 7483142.840712837874889 ], [ 674246.0147721337853, 7483117.731984335929155 ] ] ] } },
{ "type": "Feature", "properties": { "id": "Gramacho.224", "id_trecho": 2069, "Name": "Avenida República do Paraguai", "description": null, "Extensao_m": 21.787111967619648, "Bairro_logradouros": "Gramacho", "Bairro_rotas": "Gramacho", "Distrito": "1º", "Lote": "I", "Name_2": "Ponto 408", "description_2": "Velocidade: 32km/h<br>05/07/2026 19:18:22", "layer": "TTW7E72", "path": "C:/KMLs/Estevao/05-07-2026/Coleta/Trajeto_TTW7E72.kml|layername=Trajeto|geometrytype=Point|uniqueGeometryType=yes", "Velocidade": 32.0, "Data": "2026-07-05", "hora": "19:18:22", "Rota": "ROTA 600 (NOITE) - Gramacho - Domingo", "Turno": "Noite", "Dias_da_semana": [ "dom" ], "Hit_Rate": 50.0, "Status": "Baixo hit rate", "Bloco": "Domingo" }, "geometry": { "type": "MultiLineString", "coordinates": [ [ [ 674326.316189245786518, 7483183.09267895668745 ], [ 674319.274033994181082, 7483181.656187817454338 ], [ 674312.499909219099209, 7483179.408182516694069 ], [ 674305.97707348014228, 7483175.784055484458804 ] ] ] } },
{ "type": "Feature", "properties": { "id": "Gramacho.224", "id_trecho": 2064, "Name": "Avenida República do Paraguai", "description": null, "Extensao_m": 33.690843087790718, "Bairro_logradouros": "Gramacho", "Bairro_rotas": "Gramacho", "Distrito": "1º", "Lote": "I", "Name_2": "Ponto 409", "description_2": "Velocidade: 29km/h<br>05/07/2026 19:19:22", "layer": "TTW7E72", "path": "C:/KMLs/Estevao/05-07-2026/Coleta/Trajeto_TTW7E72.kml|layername=Trajeto|geometrytype=Point|uniqueGeometryType=yes", "Velocidade": 29.0, "Data": "2026-07-05", "hora": "19:19:22", "Rota": "ROTA 600 (NOITE) - Gramacho - Domingo", "Turno": "Noite", "Dias_da_semana": [ "dom" ], "Hit_Rate": 66.67, "Status": "Validado", "Bloco": "Domingo" }, "geometry": { "type": "MultiLineString", "coordinates": [ [ [ 674712.276184010086581, 7483200.84614085033536 ], [ 674701.659861419117078, 7483200.336842937394977 ], [ 674680.885338625055738, 7483199.855615252628922 ], [ 674678.604473873157986, 7483199.804289899766445 ] ] ] } },
{ "type": "Feature", "properties": { "id": "Gramacho.224", "id_trecho": 2058, "Name": "Avenida República do Paraguai", "description": null, "Extensao_m": 85.821338591803027, "Bairro_logradouros": "Gramacho", "Bairro_rotas": "Gramacho", "Distrito": "1º", "Lote": "I", "Name_2": "Ponto 410", "description_2": "Velocidade: 5km/h<br>05/07/2026 19:20:16", "layer": "TTW7E72", "path": "C:/KMLs/Estevao/05-07-2026/Coleta/Trajeto_TTW7E72.kml|layername=Trajeto|geometrytype=Point|uniqueGeometryType=yes", "Velocidade": 5.0, "Data": "2026-07-05", "hora": "19:20:16", "Rota": "ROTA 600 (NOITE) - Gramacho - Domingo", "Turno": "Noite", "Dias_da_semana": [ "dom" ], "Hit_Rate": 100.0, "Status": "Validado", "Bloco": "Domingo" }, "geometry": { "type": "MultiLineString", "coordinates": [ [ [ 675008.506898941122927, 7482995.551331437192857 ], [ 674965.326389947906137, 7483061.65379841811955 ], [ 674960.835855548386462, 7483066.844049209728837 ] ] ] } },
{ "type": "Feature", "properties": { "id": "Gramacho.224", "id_trecho": 2057, "Name": "Avenida República do Paraguai", "description": null, "Extensao_m": 79.831575780901531, "Bairro_logradouros": "Gramacho", "Bairro_rotas": "Gramacho", "Distrito": "1º", "Lote": "I", "Name_2": "Ponto 411", "description_2": "Velocidade: 14km/h<br>05/07/2026 19:20:22", "layer": "TTW7E72", "path": "C:/KMLs/Estevao/05-07-2026/Coleta/Trajeto_TTW7E72.kml|layername=Trajeto|geometrytype=Point|uniqueGeometryType=yes", "Velocidade": 14.0, "Data": "2026-07-05", "hora": "19:20:22", "Rota": "ROTA 600 (NOITE) - Gramacho - Domingo", "Turno": "Noite", "Dias_da_semana": [ "dom" ], "Hit_Rate": 83.33, "Status": "Validado", "Bloco": "Domingo" }, "geometry": { "type": "MultiLineString", "coordinates": [ [ [ 675051.602507970063016, 7482928.353304521180689 ], [ 675008.506898941122927, 7482995.551331437192857 ] ] ] } },
{ "type": "Feature", "properties": { "id": "Gramacho.107", "id_trecho": 2022, "Name": "Avenida Pelótas", "description": null, "Extensao_m": 117.94235018309938, "Bairro_logradouros": "Gramacho", "Bairro_rotas": "Gramacho", "Distrito": "1º", "Lote": "I", "Name_2": "Ponto 412", "description_2": "Velocidade: 33km/h<br>05/07/2026 19:21:22", "layer": "TTW7E72", "path": "C:/KMLs/Estevao/05-07-2026/Coleta/Trajeto_TTW7E72.kml|layername=Trajeto|geometrytype=Point|uniqueGeometryType=yes", "Velocidade": 33.0, "Data": "2026-07-05", "hora": "19:21:22", "Rota": "ROTA 600 (NOITE) - Gramacho - Domingo", "Turno": "Noite", "Dias_da_semana": [ "dom" ], "Hit_Rate": 83.33, "Status": "Validado", "Bloco": "Domingo" }, "geometry": { "type": "MultiLineString", "coordinates": [ [ [ 675181.403848724672571, 7482669.098183507099748 ], [ 675273.665252043167129, 7482595.629436360672116 ] ] ] } },
{ "type": "Feature", "properties": { "id": "Gramacho.107", "id_trecho": 2038, "Name": "Avenida Pelótas", "description": null, "Extensao_m": 117.83615360254306, "Bairro_logradouros": "Gramacho", "Bairro_rotas": "Gramacho", "Distrito": "1º", "Lote": "I", "Name_2": "Ponto 467", "description_2": "Velocidade: 5km/h<br>05/07/2026 19:44:19", "layer": "TTW7E72", "path": "C:/KMLs/Estevao/05-07-2026/Coleta/Trajeto_TTW7E72.kml|layername=Trajeto|geometrytype=Point|uniqueGeometryType=yes", "Velocidade": 5.0, "Data": "2026-07-05", "hora": "19:44:19", "Rota": "ROTA 600 (NOITE) - Gramacho - Domingo", "Turno": "Noite", "Dias_da_semana": [ "dom" ], "Hit_Rate": 83.33, "Status": "Validado", "Bloco": "Domingo" }, "geometry": { "type": "MultiLineString", "coordinates": [ [ [ 676102.385878670611419, 7481887.356064194813371 ], [ 676015.555349507601932, 7481967.01373752579093 ] ] ] } },
{ "type": "Feature", "properties": { "id": "Gramacho.107", "id_trecho": 2034, "Name": "Avenida Pelótas", "description": null, "Extensao_m": 85.287508677299797, "Bairro_logradouros": "Gramacho", "Bairro_rotas": "Gramacho", "Distrito": "1º", "Lote": "I", "Name_2": "Ponto 471", "description_2": "Velocidade: 12km/h<br>05/07/2026 19:45:09", "layer": "TTW7E72", "path": "C:/KMLs/Estevao/05-07-2026/Coleta/Trajeto_TTW7E72.kml|layername=Trajeto|geometrytype=Point|uniqueGeometryType=yes", "Velocidade": 12.0, "Data": "2026-07-05", "hora": "19:45:09", "Rota": "ROTA 600 (NOITE) - Gramacho - Domingo", "Turno": "Noite", "Dias_da_semana": [ "dom" ], "Hit_Rate": 66.67, "Status": "Validado", "Bloco": "Domingo" }, "geometry": { "type": "MultiLineString", "coordinates": [ [ [ 676248.351652331999503, 7481756.12428433727473 ], [ 676185.735232327599078, 7481814.028559703379869 ] ] ] } },
{ "type": "Feature", "properties": { "id": "Gramacho.106", "id_trecho": 1993, "Name": "Avenida Monte Castelo", "description": null, "Extensao_m": 233.07214820905668, "Bairro_logradouros": "Gramacho", "Bairro_rotas": "Gramacho", "Distrito": "1º", "Lote": "I", "Name_2": "Ponto 472", "description_2": "Velocidade: 39km/h<br>05/07/2026 19:45:22", "layer": "TTW7E72", "path": "C:/KMLs/Estevao/05-07-2026/Coleta/Trajeto_TTW7E72.kml|layername=Trajeto|geometrytype=Point|uniqueGeometryType=yes", "Velocidade": 39.0, "Data": "2026-07-05", "hora": "19:45:22", "Rota": "ROTA 600 (NOITE) - Gramacho - Domingo", "Turno": "Noite", "Dias_da_semana": [ "dom" ], "Hit_Rate": 83.33, "Status": "Validado", "Bloco": "Domingo" }, "geometry": { "type": "MultiLineString", "coordinates": [ [ [ 676192.147624165983871, 7481529.934192233718932 ], [ 676248.351652331999503, 7481756.12428433727473 ] ] ] } },
{ "type": "Feature", "properties": { "id": "Gramacho.106", "id_trecho": 2019, "Name": "Avenida Monte Castelo", "description": null, "Extensao_m": 23.270820121301089, "Bairro_logradouros": "Gramacho", "Bairro_rotas": "Gramacho", "Distrito": "1º", "Lote": "I", "Name_2": "Ponto 473", "description_2": "Velocidade: 36km/h<br>05/07/2026 19:45:58", "layer": "TTW7E72", "path": "C:/KMLs/Estevao/05-07-2026/Coleta/Trajeto_TTW7E72.kml|layername=Trajeto|geometrytype=Point|uniqueGeometryType=yes", "Velocidade": 36.0, "Data": "2026-07-05", "hora": "19:45:58", "Rota": "ROTA 600 (NOITE) - Gramacho - Domingo", "Turno": "Noite", "Dias_da_semana": [ "dom" ], "Hit_Rate": 100.0, "Status": "Validado", "Bloco": "Domingo" }, "geometry": { "type": "MultiLineString", "coordinates": [ [ [ 676109.184976940508932, 7481288.201004592701793 ], [ 676109.315517829731107, 7481288.335689635947347 ], [ 676117.831756772357039, 7481295.376609331928194 ], [ 676127.247277399525046, 7481302.869241944514215 ] ] ] } },
{ "type": "Feature", "properties": { "id": "Parque_Duque.129", "id_trecho": 3726, "Name": "Avenida Brigadeiro Lima e Silva", "description": null, "Extensao_m": 71.204012593640897, "Bairro_logradouros": "Parque Duque", "Bairro_rotas": "Vinte e Cinco de Agosto", "Distrito": "1º", "Lote": "I", "Name_2": "Ponto 404", "description_2": "Velocidade: 32km/h<br>05/07/2026 18:09:28", "layer": "TUN3B98", "path": "C:/KMLs/Estevao/05-07-2026/Coleta/Trajeto_TUN3B98.kml|layername=Trajeto|geometrytype=Point|uniqueGeometryType=yes", "Velocidade": 32.0, "Data": "2026-07-05", "hora": "18:09:28", "Rota": "ROTA 610 (NOITE) - Vinte e Cinco de Agosto - Domingo", "Turno": "Noite", "Dias_da_semana": [ "dom" ], "Hit_Rate": 50.0, "Status": "Baixo hit rate", "Bloco": "Domingo" }, "geometry": { "type": "MultiLineString", "coordinates": [ [ [ 675276.722833430976607, 7477542.696049647405744 ], [ 675273.97474386554677, 7477547.456668306142092 ], [ 675241.087111017550342, 7477604.339365932159126 ] ] ] } },
{ "type": "Feature", "properties": { "id": "Gramacho.106", "id_trecho": 1995, "Name": "Avenida Monte Castelo", "description": null, "Extensao_m": 233.96478928601258, "Bairro_logradouros": "Gramacho", "Bairro_rotas": "Gramacho", "Distrito": "1º", "Lote": "I", "Name_2": "Ponto 457", "description_2": "Velocidade: 13km/h<br>05/07/2026 18:32:31", "layer": "TUN3B98", "path": "C:/KMLs/Estevao/05-07-2026/Coleta/Trajeto_TUN3B98.kml|layername=Trajeto|geometrytype=Point|uniqueGeometryType=yes", "Velocidade": 13.0, "Data": "2026-07-05", "hora": "18:32:31", "Rota": "ROTA 600 (NOITE) - Gramacho - Domingo", "Turno": "Noite", "Dias_da_semana": [ "dom" ], "Hit_Rate": 83.33, "Status": "Validado", "Bloco": "Domingo" }, "geometry": { "type": "MultiLineString", "coordinates": [ [ [ 676367.495500895893201, 7481898.136706115677953 ], [ 676452.005253003211692, 7481999.186612986959517 ], [ 676463.689455280080438, 7482009.461144933477044 ], [ 676474.938985307933763, 7482017.680831392295659 ], [ 676486.457045332645066, 7482024.258345307782292 ], [ 676520.434166108607315, 7482038.515589892864227 ], [ 676542.198096225387417, 7482044.708292619325221 ] ] ] } },
{ "type": "Feature", "properties": { "id": "Gramacho.106", "id_trecho": 1994, "Name": "Avenida Monte Castelo", "description": null, "Extensao_m": 185.64345452343628, "Bairro_logradouros": "Gramacho", "Bairro_rotas": "Gramacho", "Distrito": "1º", "Lote": "I", "Name_2": "Ponto 458", "description_2": "Velocidade: 28km/h<br>05/07/2026 18:33:12", "layer": "TUN3B98", "path": "C:/KMLs/Estevao/05-07-2026/Coleta/Trajeto_TUN3B98.kml|layername=Trajeto|geometrytype=Point|uniqueGeometryType=yes", "Velocidade": 28.0, "Data": "2026-07-05", "hora": "18:33:12", "Rota": "ROTA 600 (NOITE) - Gramacho - Domingo", "Turno": "Noite", "Dias_da_semana": [ "dom" ], "Hit_Rate": 50.0, "Status": "Baixo hit rate", "Bloco": "Domingo" }, "geometry": { "type": "MultiLineString", "coordinates": [ [ [ 676248.351652331999503, 7481756.12428433727473 ], [ 676262.80738411936909, 7481778.692879712209105 ], [ 676288.363909709034488, 7481809.073234064504504 ], [ 676367.495500895893201, 7481898.136706115677953 ] ] ] } },
{ "type": "Feature", "properties": { "id": "Gramacho.106", "id_trecho": 1991, "Name": "Avenida Monte Castelo", "description": null, "Extensao_m": 99.961311325828859, "Bairro_logradouros": "Gramacho", "Bairro_rotas": "Gramacho", "Distrito": "1º", "Lote": "I", "Name_2": "Ponto 459", "description_2": "Velocidade: 31km/h<br>05/07/2026 18:34:12", "layer": "TUN3B98", "path": "C:/KMLs/Estevao/05-07-2026/Coleta/Trajeto_TUN3B98.kml|layername=Trajeto|geometrytype=Point|uniqueGeometryType=yes", "Velocidade": 31.0, "Data": "2026-07-05", "hora": "18:34:12", "Rota": "ROTA 600 (NOITE) - Gramacho - Domingo", "Turno": "Noite", "Dias_da_semana": [ "dom" ], "Hit_Rate": 33.33, "Status": "Baixo hit rate", "Bloco": "Domingo" }, "geometry": { "type": "MultiLineString", "coordinates": [ [ [ 676127.214124157442711, 7481302.869241937994957 ], [ 676154.697573590558022, 7481398.976422913372517 ] ] ] } },
{ "type": "Feature", "properties": { "id": "Gramacho.106", "id_trecho": 1992, "Name": "Avenida Monte Castelo", "description": null, "Extensao_m": 136.20960932950823, "Bairro_logradouros": "Gramacho", "Bairro_rotas": "Gramacho", "Distrito": "1º", "Lote": "I", "Name_2": "Ponto 577", "description_2": "Velocidade: 25km/h<br>05/07/2026 21:18:28", "layer": "TUN3B98", "path": "C:/KMLs/Estevao/05-07-2026/Coleta/Trajeto_TUN3B98.kml|layername=Trajeto|geometrytype=Point|uniqueGeometryType=yes", "Velocidade": 25.0, "Data": "2026-07-05", "hora": "21:18:28", "Rota": "ROTA 600 (NOITE) - Gramacho - Domingo", "Turno": "Noite", "Dias_da_semana": [ "dom" ], "Hit_Rate": 83.33, "Status": "Validado", "Bloco": "Domingo" }, "geometry": { "type": "MultiLineString", "coordinates": [ [ [ 676154.697573590558022, 7481398.976422913372517 ], [ 676192.147624165983871, 7481529.934192233718932 ] ] ] } },
{ "type": "Feature", "properties": { "id": "Gramacho.107", "id_trecho": 2031, "Name": "Avenida Pelótas", "description": null, "Extensao_m": 86.099913915637117, "Bairro_logradouros": "Gramacho", "Bairro_rotas": "Gramacho", "Distrito": "1º", "Lote": "I", "Name_2": "Ponto 596", "description_2": "Velocidade: 13km/h<br>05/07/2026 21:21:41", "layer": "TUN3B98", "path": "C:/KMLs/Estevao/05-07-2026/Coleta/Trajeto_TUN3B98.kml|layername=Trajeto|geometrytype=Point|uniqueGeometryType=yes", "Velocidade": 13.0, "Data": "2026-07-05", "hora": "21:21:41", "Rota": "ROTA 600 (NOITE) - Gramacho - Domingo", "Turno": "Noite", "Dias_da_semana": [ "dom" ], "Hit_Rate": 66.67, "Status": "Validado", "Bloco": "Domingo" }, "geometry": { "type": "MultiLineString", "coordinates": [ [ [ 675784.304283151985146, 7482170.859910951927304 ], [ 675833.685750413569622, 7482130.818930009379983 ], [ 675848.920687881647609, 7482114.230137955397367 ] ] ] } },
{ "type": "Feature", "properties": { "id": "Gramacho.224", "id_trecho": 2060, "Name": "Avenida República do Paraguai", "description": null, "Extensao_m": 162.67005105808093, "Bairro_logradouros": "Gramacho", "Bairro_rotas": "Gramacho", "Distrito": "1º", "Lote": "I", "Name_2": "Ponto 653", "description_2": "Velocidade: 17km/h<br>05/07/2026 21:59:58", "layer": "TUN3B98", "path": "C:/KMLs/Estevao/05-07-2026/Coleta/Trajeto_TUN3B98.kml|layername=Trajeto|geometrytype=Point|uniqueGeometryType=yes", "Velocidade": 17.0, "Data": "2026-07-05", "hora": "21:59:58", "Rota": "ROTA 600 (NOITE) - Gramacho - Domingo", "Turno": "Noite", "Dias_da_semana": [ "dom" ], "Hit_Rate": 83.33, "Status": "Validado", "Bloco": "Domingo" }, "geometry": { "type": "MultiLineString", "coordinates": [ [ [ 674951.727508017560467, 7483077.768662892282009 ], [ 674940.983065331936814, 7483089.332264526747167 ], [ 674863.070372618618421, 7483165.834172204136848 ], [ 674847.107628111029044, 7483179.163171341642737 ], [ 674833.165879116393626, 7483188.703576974570751 ] ] ] } },
{ "type": "Feature", "properties": { "id": "Gramacho.224", "id_trecho": 2061, "Name": "Avenida República do Paraguai", "description": null, "Extensao_m": 5.3002355273362731, "Bairro_logradouros": "Gramacho", "Bairro_rotas": "Gramacho", "Distrito": "1º", "Lote": "I", "Name_2": "Ponto 655", "description_2": "Velocidade: 0km/h<br>05/07/2026 22:00:28", "layer": "TUN3B98", "path": "C:/KMLs/Estevao/05-07-2026/Coleta/Trajeto_TUN3B98.kml|layername=Trajeto|geometrytype=Point|uniqueGeometryType=yes", "Velocidade": 0.0, "Data": "2026-07-05", "hora": "22:00:28", "Rota": "ROTA 600 (NOITE) - Gramacho - Domingo", "Turno": "Noite", "Dias_da_semana": [ "dom" ], "Hit_Rate": 66.67, "Status": "Validado", "Bloco": "Domingo" }, "geometry": { "type": "MultiLineString", "coordinates": [ [ [ 674833.165879116393626, 7483188.703576974570751 ], [ 674828.793840892729349, 7483191.699661353603005 ] ] ] } },
{ "type": "Feature", "properties": { "id": "Gramacho.224", "id_trecho": 2062, "Name": "Avenida República do Paraguai", "description": null, "Extensao_m": 61.219763613333512, "Bairro_logradouros": "Gramacho", "Bairro_rotas": "Gramacho", "Distrito": "1º", "Lote": "I", "Name_2": "Ponto 659", "description_2": "Velocidade: 16km/h<br>05/07/2026 22:01:39", "layer": "TUN3B98", "path": "C:/KMLs/Estevao/05-07-2026/Coleta/Trajeto_TUN3B98.kml|layername=Trajeto|geometrytype=Point|uniqueGeometryType=yes", "Velocidade": 16.0, "Data": "2026-07-05", "hora": "22:01:39", "Rota": "ROTA 600 (NOITE) - Gramacho - Domingo", "Turno": "Noite", "Dias_da_semana": [ "dom" ], "Hit_Rate": 100.0, "Status": "Validado", "Bloco": "Domingo" }, "geometry": { "type": "MultiLineString", "coordinates": [ [ [ 674828.793840892729349, 7483191.699661353603005 ], [ 674813.841873528901488, 7483197.353423434309661 ], [ 674800.11833207635209, 7483201.752703629434109 ], [ 674793.831503727473319, 7483202.589100764133036 ], [ 674786.498518095584586, 7483203.559337874874473 ], [ 674769.416056969203055, 7483203.4787811152637 ] ] ] } },
{ "type": "Feature", "properties": { "id": "Gramacho.224", "id_trecho": 2066, "Name": "Avenida República do Paraguai", "description": null, "Extensao_m": 12.969997251013682, "Bairro_logradouros": "Gramacho", "Bairro_rotas": "Gramacho", "Distrito": "1º", "Lote": "I", "Name_2": "Ponto 663", "description_2": "Velocidade: 17km/h<br>05/07/2026 22:02:32", "layer": "TUN3B98", "path": "C:/KMLs/Estevao/05-07-2026/Coleta/Trajeto_TUN3B98.kml|layername=Trajeto|geometrytype=Point|uniqueGeometryType=yes", "Velocidade": 17.0, "Data": "2026-07-05", "hora": "22:02:32", "Rota": "ROTA 600 (NOITE) - Gramacho - Domingo", "Turno": "Noite", "Dias_da_semana": [ "dom" ], "Hit_Rate": 100.0, "Status": "Validado", "Bloco": "Domingo" }, "geometry": { "type": "MultiLineString", "coordinates": [ [ [ 674527.54517313616816, 7483193.863842746242881 ], [ 674514.586643439601175, 7483193.325920028612018 ] ] ] } },
{ "type": "Feature", "properties": { "id": "Gramacho.224", "id_trecho": 2067, "Name": "Avenida República do Paraguai", "description": null, "Extensao_m": 151.00221203642491, "Bairro_logradouros": "Gramacho", "Bairro_rotas": "Gramacho", "Distrito": "1º", "Lote": "I", "Name_2": "Ponto 664", "description_2": "Velocidade: 24km/h<br>05/07/2026 22:02:35", "layer": "TUN3B98", "path": "C:/KMLs/Estevao/05-07-2026/Coleta/Trajeto_TUN3B98.kml|layername=Trajeto|geometrytype=Point|uniqueGeometryType=yes", "Velocidade": 24.0, "Data": "2026-07-05", "hora": "22:02:35", "Rota": "ROTA 600 (NOITE) - Gramacho - Domingo", "Turno": "Noite", "Dias_da_semana": [ "dom" ], "Hit_Rate": 100.0, "Status": "Validado", "Bloco": "Domingo" }, "geometry": { "type": "MultiLineString", "coordinates": [ [ [ 674514.586643439601175, 7483193.325920028612018 ], [ 674412.033708343748003, 7483187.746859446167946 ], [ 674363.818549720337614, 7483184.988423096016049 ] ] ] } },
{ "type": "Feature", "properties": { "id": "Gramacho.224", "id_trecho": 2053, "Name": "Avenida República do Paraguai", "description": null, "Extensao_m": 43.063820889614199, "Bairro_logradouros": "Gramacho", "Bairro_rotas": "Gramacho", "Distrito": "1º", "Lote": "I", "Name_2": "Ponto 679", "description_2": "Velocidade: 16km/h<br>05/07/2026 22:05:14", "layer": "TUN3B98", "path": "C:/KMLs/Estevao/05-07-2026/Coleta/Trajeto_TUN3B98.kml|layername=Trajeto|geometrytype=Point|uniqueGeometryType=yes", "Velocidade": 16.0, "Data": "2026-07-05", "hora": "22:05:14", "Rota": "ROTA 600 (NOITE) - Gramacho - Domingo", "Turno": "Noite", "Dias_da_semana": [ "dom" ], "Hit_Rate": 66.67, "Status": "Validado", "Bloco": "Domingo" }, "geometry": { "type": "MultiLineString", "coordinates": [ [ [ 674144.108284732094035, 7483004.388877233490348 ], [ 674156.2596035344759, 7483008.901017401367426 ], [ 674165.057454984867945, 7483012.975350412540138 ], [ 674164.34234259231016, 7483005.242463608272374 ], [ 674164.282740530674346, 7483000.038130462169647 ], [ 674165.729653188725933, 7482992.745612135156989 ] ] ] } },
{ "type": "Feature", "properties": { "id": "Gramacho.230", "id_trecho": 1971, "Name": "Avenida Governador Leonel de Moura Brizola", "description": null, "Extensao_m": 0.4970405503314726, "Bairro_logradouros": "Gramacho", "Bairro_rotas": "Centro", "Distrito": "1º", "Lote": "I", "Name_2": "Ponto 702", "description_2": "Velocidade: 24km/h<br>05/07/2026 22:09:54", "layer": "TUN3B98", "path": "C:/KMLs/Estevao/05-07-2026/Coleta/Trajeto_TUN3B98.kml|layername=Trajeto|geometrytype=Point|uniqueGeometryType=yes", "Velocidade": 24.0, "Data": "2026-07-05", "hora": "22:09:54", "Rota": "ROTA 600 (NOITE) - Centro - Domingo", "Turno": "Noite", "Dias_da_semana": [ "dom" ], "Hit_Rate": 16.67, "Status": "Baixo hit rate", "Bloco": "Domingo" }, "geometry": { "type": "MultiLineString", "coordinates": [ [ [ 673994.455712737049907, 7483050.375112390145659 ], [ 673994.236598699819297, 7483050.821235144510865 ] ] ] } },
{ "type": "Feature", "properties": { "id": "Gramacho.230", "id_trecho": 1972, "Name": "Avenida Governador Leonel de Moura Brizola", "description": null, "Extensao_m": 95.604150077743213, "Bairro_logradouros": "Gramacho", "Bairro_rotas": "Centro", "Distrito": "1º", "Lote": "I", "Name_2": "Ponto 703", "description_2": "Velocidade: 28km/h<br>05/07/2026 22:09:56", "layer": "TUN3B98", "path": "C:/KMLs/Estevao/05-07-2026/Coleta/Trajeto_TUN3B98.kml|layername=Trajeto|geometrytype=Point|uniqueGeometryType=yes", "Velocidade": 28.0, "Data": "2026-07-05", "hora": "22:09:56", "Rota": "ROTA 600 (NOITE) - Centro - Domingo", "Turno": "Noite", "Dias_da_semana": [ "dom" ], "Hit_Rate": 66.67, "Status": "Validado", "Bloco": "Domingo" }, "geometry": { "type": "MultiLineString", "coordinates": [ [ [ 673994.236598699819297, 7483050.821235144510865 ], [ 673991.752033796394244, 7483055.436389964073896 ], [ 673985.166159687680192, 7483067.837644338607788 ], [ 673968.177889659185894, 7483100.214452152140439 ], [ 673955.065779728116468, 7483123.953096404671669 ], [ 673948.792147269239649, 7483134.922149140387774 ] ] ] } },
{ "type": "Feature", "properties": { "id": "Sao_Bento.239", "id_trecho": 5637, "Name": "Avenida Governador Leonel de Moura Brizola", "description": null, "Extensao_m": 107.27639012204099, "Bairro_logradouros": "Sao Bento", "Bairro_rotas": "Centro", "Distrito": "2º", "Lote": "I", "Name_2": "Ponto 704", "description_2": "Velocidade: 56km/h<br>05/07/2026 22:10:27", "layer": "TUN3B98", "path": "C:/KMLs/Estevao/05-07-2026/Coleta/Trajeto_TUN3B98.kml|layername=Trajeto|geometrytype=Point|uniqueGeometryType=yes", "Velocidade": 56.0, "Data": "2026-07-05", "hora": "22:10:27", "Rota": "ROTA 600 (NOITE) - Centro - Domingo", "Turno": "Noite", "Dias_da_semana": [ "dom" ], "Hit_Rate": 16.67, "Status": "Baixo hit rate", "Bloco": "Domingo" }, "geometry": { "type": "MultiLineString", "coordinates": [ [ [ 673813.315864636097103, 7483368.935445566661656 ], [ 673808.434552579186857, 7483381.317118534818292 ], [ 673799.215318438364193, 7483406.893759664148092 ], [ 673782.753829616005532, 7483448.588976693339646 ], [ 673774.812718834378757, 7483469.05189860984683 ] ] ] } },
{ "type": "Feature", "properties": { "id": "Sao_Bento.239", "id_trecho": 5633, "Name": "Avenida Governador Leonel de Moura Brizola", "description": null, "Extensao_m": 221.25300856738286, "Bairro_logradouros": "Sao Bento", "Bairro_rotas": "Centro", "Distrito": "2º", "Lote": "I", "Name_2": "Ponto 706", "description_2": "Velocidade: 45km/h<br>05/07/2026 22:12:27", "layer": "TUN3B98", "path": "C:/KMLs/Estevao/05-07-2026/Coleta/Trajeto_TUN3B98.kml|layername=Trajeto|geometrytype=Point|uniqueGeometryType=yes", "Velocidade": 45.0, "Data": "2026-07-05", "hora": "22:12:27", "Rota": "ROTA 600 (NOITE) - Centro - Domingo", "Turno": "Noite", "Dias_da_semana": [ "dom" ], "Hit_Rate": 100.0, "Status": "Validado", "Bloco": "Domingo" }, "geometry": { "type": "MultiLineString", "coordinates": [ [ [ 673480.761795853148215, 7484799.386907781474292 ], [ 673472.42820419522468, 7484853.237222291529179 ], [ 673457.814019931014627, 7484924.767456419765949 ], [ 673447.607180231949314, 7484972.005498348735273 ], [ 673438.999316257191822, 7485014.430076189339161 ], [ 673438.571098234737292, 7485016.516949268989265 ] ] ] } },
{ "type": "Feature", "properties": { "id": "Sao_Bento.239", "id_trecho": 5635, "Name": "Avenida Governador Leonel de Moura Brizola", "description": null, "Extensao_m": 535.57159377798826, "Bairro_logradouros": "Sao Bento", "Bairro_rotas": "Centro", "Distrito": "2º", "Lote": "I", "Name_2": "Ponto 710", "description_2": "Velocidade: 58km/h<br>05/07/2026 22:15:28", "layer": "TUN3B98", "path": "C:/KMLs/Estevao/05-07-2026/Coleta/Trajeto_TUN3B98.kml|layername=Trajeto|geometrytype=Point|uniqueGeometryType=yes", "Velocidade": 58.0, "Data": "2026-07-05", "hora": "22:15:28", "Rota": "ROTA 600 (NOITE) - Centro - Domingo", "Turno": "Noite", "Dias_da_semana": [ "dom" ], "Hit_Rate": 66.67, "Status": "Validado", "Bloco": "Domingo" }, "geometry": { "type": "MultiLineString", "coordinates": [ [ [ 673433.123974541202188, 7485043.334848782047629 ], [ 673414.07763568405062, 7485137.042209601961076 ], [ 673387.902585689909756, 7485257.885546674951911 ], [ 673384.512815585010685, 7485275.045222056098282 ], [ 673354.989906593458727, 7485404.154873225837946 ], [ 673350.411784481722862, 7485426.123290239833295 ], [ 673348.272600702708587, 7485443.955322341062129 ], [ 673346.644327944144607, 7485457.938710988499224 ], [ 673344.451112866634503, 7485519.747890524566174 ], [ 673344.355637311469764, 7485534.821266892366111 ], [ 673343.366594159742817, 7485569.761255859397352 ] ] ] } },
{ "type": "Feature", "properties": { "id": "Sao_Bento.239", "id_trecho": 5608, "Name": "Avenida Governador Leonel de Moura Brizola", "description": null, "Extensao_m": 73.930249028646159, "Bairro_logradouros": "Sao Bento", "Bairro_rotas": "Centro", "Distrito": "2º", "Lote": "I", "Name_2": "Ponto 711", "description_2": "Velocidade: 4km/h<br>05/07/2026 22:16:28", "layer": "TUN3B98", "path": "C:/KMLs/Estevao/05-07-2026/Coleta/Trajeto_TUN3B98.kml|layername=Trajeto|geometrytype=Point|uniqueGeometryType=yes", "Velocidade": 4.0, "Data": "2026-07-05", "hora": "22:16:28", "Rota": "ROTA 600 (NOITE) - Centro - Domingo", "Turno": "Noite", "Dias_da_semana": [ "dom" ], "Hit_Rate": 83.33, "Status": "Validado", "Bloco": "Domingo" }, "geometry": { "type": "MultiLineString", "coordinates": [ [ [ 672955.583954792818986, 7486167.880897892639041 ], [ 672892.082291293889284, 7486205.734383532777429 ] ] ] } },
{ "type": "Feature", "properties": { "id": "Sao_Bento.239", "id_trecho": 5609, "Name": "Avenida Governador Leonel de Moura Brizola", "description": null, "Extensao_m": 63.943333965371558, "Bairro_logradouros": "Sao Bento", "Bairro_rotas": "Centro", "Distrito": "2º", "Lote": "I", "Name_2": "Ponto 714", "description_2": "Velocidade: 5km/h<br>05/07/2026 22:17:08", "layer": "TUN3B98", "path": "C:/KMLs/Estevao/05-07-2026/Coleta/Trajeto_TUN3B98.kml|layername=Trajeto|geometrytype=Point|uniqueGeometryType=yes", "Velocidade": 5.0, "Data": "2026-07-05", "hora": "22:17:08", "Rota": "ROTA 600 (NOITE) - Centro - Domingo", "Turno": "Noite", "Dias_da_semana": [ "dom" ], "Hit_Rate": 100.0, "Status": "Validado", "Bloco": "Domingo" }, "geometry": { "type": "MultiLineString", "coordinates": [ [ [ 672892.082291293889284, 7486205.734383532777429 ], [ 672882.877188589889556, 7486211.154589818790555 ], [ 672837.0994940220844, 7486238.374535648152232 ] ] ] } },
{ "type": "Feature", "properties": { "id": "Sao_Bento.239", "id_trecho": 5610, "Name": "Avenida Governador Leonel de Moura Brizola", "description": null, "Extensao_m": 68.526299188557914, "Bairro_logradouros": "Sao Bento", "Bairro_rotas": "Centro", "Distrito": "2º", "Lote": "I", "Name_2": "Ponto 719", "description_2": "Velocidade: 0km/h<br>05/07/2026 22:18:04", "layer": "TUN3B98", "path": "C:/KMLs/Estevao/05-07-2026/Coleta/Trajeto_TUN3B98.kml|layername=Trajeto|geometrytype=Point|uniqueGeometryType=yes", "Velocidade": 0.0, "Data": "2026-07-05", "hora": "22:18:04", "Rota": "ROTA 600 (NOITE) - Centro - Domingo", "Turno": "Noite", "Dias_da_semana": [ "dom" ], "Hit_Rate": 100.0, "Status": "Validado", "Bloco": "Domingo" }, "geometry": { "type": "MultiLineString", "coordinates": [ [ [ 672837.0994940220844, 7486238.374535648152232 ], [ 672820.606294410303235, 7486247.952784658409655 ], [ 672777.999407700495794, 7486273.054569699801505 ] ] ] } },
{ "type": "Feature", "properties": { "id": "Sao_Bento.239", "id_trecho": 5611, "Name": "Avenida Governador Leonel de Moura Brizola", "description": null, "Extensao_m": 43.04902920863028, "Bairro_logradouros": "Sao Bento", "Bairro_rotas": "Centro", "Distrito": "2º", "Lote": "I", "Name_2": "Ponto 725", "description_2": "Velocidade: 5km/h<br>05/07/2026 22:19:18", "layer": "TUN3B98", "path": "C:/KMLs/Estevao/05-07-2026/Coleta/Trajeto_TUN3B98.kml|layername=Trajeto|geometrytype=Point|uniqueGeometryType=yes", "Velocidade": 5.0, "Data": "2026-07-05", "hora": "22:19:18", "Rota": "ROTA 600 (NOITE) - Centro - Domingo", "Turno": "Noite", "Dias_da_semana": [ "dom" ], "Hit_Rate": 66.67, "Status": "Validado", "Bloco": "Domingo" }, "geometry": { "type": "MultiLineString", "coordinates": [ [ [ 672777.999407700495794, 7486273.054569699801505 ], [ 672743.571907713427208, 7486293.788741448894143 ], [ 672741.120889637619257, 7486295.259922497905791 ] ] ] } },
{ "type": "Feature", "properties": { "id": "Sao_Bento.239", "id_trecho": 5612, "Name": "Avenida Governador Leonel de Moura Brizola", "description": null, "Extensao_m": 24.514537293614271, "Bairro_logradouros": "Sao Bento", "Bairro_rotas": "Centro", "Distrito": "2º", "Lote": "I", "Name_2": "Ponto 728", "description_2": "Velocidade: 0km/h<br>05/07/2026 22:19:52", "layer": "TUN3B98", "path": "C:/KMLs/Estevao/05-07-2026/Coleta/Trajeto_TUN3B98.kml|layername=Trajeto|geometrytype=Point|uniqueGeometryType=yes", "Velocidade": 0.0, "Data": "2026-07-05", "hora": "22:19:52", "Rota": "ROTA 600 (NOITE) - Centro - Domingo", "Turno": "Noite", "Dias_da_semana": [ "dom" ], "Hit_Rate": 100.0, "Status": "Validado", "Bloco": "Domingo" }, "geometry": { "type": "MultiLineString", "coordinates": [ [ [ 672741.120889637619257, 7486295.259922497905791 ], [ 672720.102664614212699, 7486307.875747131183743 ] ] ] } },
{ "type": "Feature", "properties": { "id": "Sao_Bento.239", "id_trecho": 5613, "Name": "Avenida Governador Leonel de Moura Brizola", "description": null, "Extensao_m": 65.695542068705493, "Bairro_logradouros": "Sao Bento", "Bairro_rotas": "Centro", "Distrito": "2º", "Lote": "I", "Name_2": "Ponto 733", "description_2": "Velocidade: 4km/h<br>05/07/2026 22:21:23", "layer": "TUN3B98", "path": "C:/KMLs/Estevao/05-07-2026/Coleta/Trajeto_TUN3B98.kml|layername=Trajeto|geometrytype=Point|uniqueGeometryType=yes", "Velocidade": 4.0, "Data": "2026-07-05", "hora": "22:21:23", "Rota": "ROTA 600 (NOITE) - Centro - Domingo", "Turno": "Noite", "Dias_da_semana": [ "dom" ], "Hit_Rate": 83.33, "Status": "Validado", "Bloco": "Domingo" }, "geometry": { "type": "MultiLineString", "coordinates": [ [ [ 672720.102664614212699, 7486307.875747131183743 ], [ 672679.924060054356232, 7486331.872954349964857 ], [ 672663.702999467612244, 7486341.561199033632874 ] ] ] } },
{ "type": "Feature", "properties": { "id": "Sao_Bento.239", "id_trecho": 5615, "Name": "Avenida Governador Leonel de Moura Brizola", "description": null, "Extensao_m": 74.053501942069232, "Bairro_logradouros": "Sao Bento", "Bairro_rotas": "Centro", "Distrito": "2º", "Lote": "I", "Name_2": "Ponto 748", "description_2": "Velocidade: 4km/h<br>05/07/2026 22:23:53", "layer": "TUN3B98", "path": "C:/KMLs/Estevao/05-07-2026/Coleta/Trajeto_TUN3B98.kml|layername=Trajeto|geometrytype=Point|uniqueGeometryType=yes", "Velocidade": 4.0, "Data": "2026-07-05", "hora": "22:23:53", "Rota": "ROTA 600 (NOITE) - Centro - Domingo", "Turno": "Noite", "Dias_da_semana": [ "dom" ], "Hit_Rate": 16.67, "Status": "Baixo hit rate", "Bloco": "Domingo" }, "geometry": { "type": "MultiLineString", "coordinates": [ [ [ 672394.762618311680853, 7486500.86321627907455 ], [ 672394.234953279723413, 7486501.182548404671252 ], [ 672331.93700650439132, 7486540.06135032325983 ] ] ] } },
{ "type": "Feature", "properties": { "id": "Sao_Bento.239", "id_trecho": 5617, "Name": "Avenida Governador Leonel de Moura Brizola", "description": null, "Extensao_m": 71.627722522523669, "Bairro_logradouros": "Sao Bento", "Bairro_rotas": "Centro", "Distrito": "2º", "Lote": "I", "Name_2": "Ponto 757", "description_2": "Velocidade: 0km/h<br>05/07/2026 22:25:28", "layer": "TUN3B98", "path": "C:/KMLs/Estevao/05-07-2026/Coleta/Trajeto_TUN3B98.kml|layername=Trajeto|geometrytype=Point|uniqueGeometryType=yes", "Velocidade": 0.0, "Data": "2026-07-05", "hora": "22:25:28", "Rota": "ROTA 600 (NOITE) - Centro - Domingo", "Turno": "Noite", "Dias_da_semana": [ "dom" ], "Hit_Rate": 66.67, "Status": "Validado", "Bloco": "Domingo" }, "geometry": { "type": "MultiLineString", "coordinates": [ [ [ 672272.420538041507825, 7486575.364110780879855 ], [ 672248.949957561679184, 7486589.406038332730532 ], [ 672210.937265388434753, 7486612.106369568966329 ] ] ] } },
{ "type": "Feature", "properties": { "id": "Sao_Bento.239", "id_trecho": 5618, "Name": "Avenida Governador Leonel de Moura Brizola", "description": null, "Extensao_m": 71.206872471068124, "Bairro_logradouros": "Sao Bento", "Bairro_rotas": "Centro", "Distrito": "2º", "Lote": "I", "Name_2": "Ponto 759", "description_2": "Velocidade: 19km/h<br>05/07/2026 22:25:46", "layer": "TUN3B98", "path": "C:/KMLs/Estevao/05-07-2026/Coleta/Trajeto_TUN3B98.kml|layername=Trajeto|geometrytype=Point|uniqueGeometryType=yes", "Velocidade": 19.0, "Data": "2026-07-05", "hora": "22:25:46", "Rota": "ROTA 600 (NOITE) - Centro - Domingo", "Turno": "Noite", "Dias_da_semana": [ "dom" ], "Hit_Rate": 83.33, "Status": "Validado", "Bloco": "Domingo" }, "geometry": { "type": "MultiLineString", "coordinates": [ [ [ 672210.937265388434753, 7486612.106369568966329 ], [ 672193.127920964732766, 7486623.47065032273531 ], [ 672152.356126488186419, 7486652.547895140945911 ] ] ] } },
{ "type": "Feature", "properties": { "id": "Parque_Fluminense.175", "id_trecho": 4712, "Name": "Avenida Governador Leonel de Moura Brizola", "description": null, "Extensao_m": 166.94527608242856, "Bairro_logradouros": "Parque Fluminense", "Bairro_rotas": "Centro", "Distrito": "2º", "Lote": "I", "Name_2": "Ponto 767", "description_2": "Velocidade: 4km/h<br>05/07/2026 22:28:17", "layer": "TUN3B98", "path": "C:/KMLs/Estevao/05-07-2026/Coleta/Trajeto_TUN3B98.kml|layername=Trajeto|geometrytype=Point|uniqueGeometryType=yes", "Velocidade": 4.0, "Data": "2026-07-05", "hora": "22:28:17", "Rota": "ROTA 600 (NOITE) - Centro - Domingo", "Turno": "Noite", "Dias_da_semana": [ "dom" ], "Hit_Rate": 100.0, "Status": "Validado", "Bloco": "Domingo" }, "geometry": { "type": "MultiLineString", "coordinates": [ [ [ 672295.980285165016539, 7486551.952233918011189 ], [ 672314.726633827784099, 7486540.787632195279002 ], [ 672438.780821815598756, 7486465.484483289532363 ] ] ] } },
{ "type": "Feature", "properties": { "id": "Parque_Fluminense.175", "id_trecho": 4714, "Name": "Avenida Governador Leonel de Moura Brizola", "description": null, "Extensao_m": 118.51251981060861, "Bairro_logradouros": "Parque Fluminense", "Bairro_rotas": "Centro", "Distrito": "2º", "Lote": "I", "Name_2": "Ponto 775", "description_2": "Velocidade: 0km/h<br>05/07/2026 22:31:08", "layer": "TUN3B98", "path": "C:/KMLs/Estevao/05-07-2026/Coleta/Trajeto_TUN3B98.kml|layername=Trajeto|geometrytype=Point|uniqueGeometryType=yes", "Velocidade": 0.0, "Data": "2026-07-05", "hora": "22:31:08", "Rota": "ROTA 600 (NOITE) - Centro - Domingo", "Turno": "Noite", "Dias_da_semana": [ "dom" ], "Hit_Rate": 66.67, "Status": "Validado", "Bloco": "Domingo" }, "geometry": { "type": "MultiLineString", "coordinates": [ [ [ 672491.995400084997527, 7486433.508242206647992 ], [ 672593.242004710016772, 7486371.917348282411695 ] ] ] } },
{ "type": "Feature", "properties": { "id": "Parque_Fluminense.175", "id_trecho": 4721, "Name": "Avenida Governador Leonel de Moura Brizola", "description": null, "Extensao_m": 325.40786909520182, "Bairro_logradouros": "Parque Fluminense", "Bairro_rotas": "Centro", "Distrito": "2º", "Lote": "I", "Name_2": "Ponto 780", "description_2": "Velocidade: 15km/h<br>05/07/2026 22:33:04", "layer": "TUN3B98", "path": "C:/KMLs/Estevao/05-07-2026/Coleta/Trajeto_TUN3B98.kml|layername=Trajeto|geometrytype=Point|uniqueGeometryType=yes", "Velocidade": 15.0, "Data": "2026-07-05", "hora": "22:33:04", "Rota": "ROTA 600 (NOITE) - Centro - Domingo", "Turno": "Noite", "Dias_da_semana": [ "dom" ], "Hit_Rate": 100.0, "Status": "Validado", "Bloco": "Domingo" }, "geometry": { "type": "MultiLineString", "coordinates": [ [ [ 673218.730206892127171, 7485936.934424959123135 ], [ 673230.857338904635981, 7485914.769464271143079 ], [ 673241.475992809981108, 7485889.144287563860416 ], [ 673249.419766532606445, 7485861.378949680365622 ], [ 673271.424496882362291, 7485761.12659977376461 ], [ 673279.731253376696259, 7485721.939378483220935 ], [ 673300.654831792693585, 7485623.316108997911215 ] ] ] } },
{ "type": "Feature", "properties": { "id": "Parque_Fluminense.175", "id_trecho": 4724, "Name": "Avenida Governador Leonel de Moura Brizola", "description": null, "Extensao_m": 260.08026621106416, "Bairro_logradouros": "Parque Fluminense", "Bairro_rotas": "Centro", "Distrito": "2º", "Lote": "I", "Name_2": "Ponto 793", "description_2": "Velocidade: 5km/h<br>05/07/2026 22:37:51", "layer": "TUN3B98", "path": "C:/KMLs/Estevao/05-07-2026/Coleta/Trajeto_TUN3B98.kml|layername=Trajeto|geometrytype=Point|uniqueGeometryType=yes", "Velocidade": 5.0, "Data": "2026-07-05", "hora": "22:37:51", "Rota": "ROTA 600 (NOITE) - Centro - Domingo", "Turno": "Noite", "Dias_da_semana": [ "dom" ], "Hit_Rate": 66.67, "Status": "Validado", "Bloco": "Domingo" }, "geometry": { "type": "MultiLineString", "coordinates": [ [ [ 673464.299890600843355, 7484841.280874498188496 ], [ 673470.380709254648536, 7484810.590745821595192 ], [ 673474.213584104203619, 7484792.672914188355207 ], [ 673475.368000610964373, 7484785.804677919484675 ], [ 673477.206262420397252, 7484776.746982113458216 ], [ 673478.760210664942861, 7484767.980461997911334 ], [ 673481.858839082764462, 7484750.536121780052781 ], [ 673499.622173170559108, 7484665.1268743686378 ], [ 673513.764793235808611, 7484600.036172806285322 ], [ 673516.775258498615585, 7484586.579621620476246 ] ] ] } },
{ "type": "Feature", "properties": { "id": "Parque_Fluminense.175", "id_trecho": 4725, "Name": "Avenida Governador Leonel de Moura Brizola", "description": null, "Extensao_m": 126.65024175700538, "Bairro_logradouros": "Parque Fluminense", "Bairro_rotas": "Centro", "Distrito": "2º", "Lote": "I", "Name_2": "Ponto 795", "description_2": "Velocidade: 31km/h<br>05/07/2026 22:38:28", "layer": "TUN3B98", "path": "C:/KMLs/Estevao/05-07-2026/Coleta/Trajeto_TUN3B98.kml|layername=Trajeto|geometrytype=Point|uniqueGeometryType=yes", "Velocidade": 31.0, "Data": "2026-07-05", "hora": "22:38:28", "Rota": "ROTA 600 (NOITE) - Centro - Domingo", "Turno": "Noite", "Dias_da_semana": [ "dom" ], "Hit_Rate": 83.33, "Status": "Validado", "Bloco": "Domingo" }, "geometry": { "type": "MultiLineString", "coordinates": [ [ [ 673516.775258498615585, 7484586.579621620476246 ], [ 673520.060806980123743, 7484572.023562628775835 ], [ 673525.811501923482865, 7484544.836674224585295 ], [ 673527.313439663033932, 7484537.820498307235539 ], [ 673539.945609051501378, 7484471.816714707762003 ], [ 673541.738906498532742, 7484462.427281249314547 ] ] ] } },
{ "type": "Feature", "properties": { "id": "Parque_Fluminense.175", "id_trecho": 4726, "Name": "Avenida Governador Leonel de Moura Brizola", "description": null, "Extensao_m": 259.61049812232011, "Bairro_logradouros": "Parque Fluminense", "Bairro_rotas": "Centro", "Distrito": "2º", "Lote": "I", "Name_2": "Ponto 796", "description_2": "Velocidade: 9km/h<br>05/07/2026 22:38:32", "layer": "TUN3B98", "path": "C:/KMLs/Estevao/05-07-2026/Coleta/Trajeto_TUN3B98.kml|layername=Trajeto|geometrytype=Point|uniqueGeometryType=yes", "Velocidade": 9.0, "Data": "2026-07-05", "hora": "22:38:32", "Rota": "ROTA 600 (NOITE) - Centro - Domingo", "Turno": "Noite", "Dias_da_semana": [ "dom" ], "Hit_Rate": 83.33, "Status": "Validado", "Bloco": "Domingo" }, "geometry": { "type": "MultiLineString", "coordinates": [ [ [ 673541.738906498532742, 7484462.427281249314547 ], [ 673551.411945819389075, 7484422.49324900098145 ], [ 673561.589912154711783, 7484372.796855391934514 ], [ 673573.763403633143753, 7484317.04210832901299 ], [ 673591.655405473546125, 7484230.412973939441144 ], [ 673596.636392631102353, 7484208.71666425652802 ] ] ] } },
{ "type": "Feature", "properties": { "id": "Parque_Fluminense.175", "id_trecho": 4737, "Name": "Avenida Governador Leonel de Moura Brizola", "description": null, "Extensao_m": 110.99317054294136, "Bairro_logradouros": "Parque Fluminense", "Bairro_rotas": "Centro", "Distrito": "2º", "Lote": "I", "Name_2": "Ponto 810", "description_2": "Velocidade: 0km/h<br>05/07/2026 22:43:58", "layer": "TUN3B98", "path": "C:/KMLs/Estevao/05-07-2026/Coleta/Trajeto_TUN3B98.kml|layername=Trajeto|geometrytype=Point|uniqueGeometryType=yes", "Velocidade": 0.0, "Data": "2026-07-05", "hora": "22:43:58", "Rota": "ROTA 600 (NOITE) - Centro - Domingo", "Turno": "Noite", "Dias_da_semana": [ "dom" ], "Hit_Rate": 66.67, "Status": "Validado", "Bloco": "Domingo" }, "geometry": { "type": "MultiLineString", "coordinates": [ [ [ 673696.293081418611109, 7483630.79915114864707 ], [ 673699.837451399187557, 7483612.862339975312352 ], [ 673706.071189705980942, 7483592.967859052121639 ], [ 673733.546609414392151, 7483528.089923 ], [ 673734.101689520990476, 7483526.802196647971869 ] ] ] } },
{ "type": "Feature", "properties": { "id": "Vila_São_Jose.216", "id_trecho": 6346, "Name": "Avenida Governador Leonel de Moura Brizola", "description": null, "Extensao_m": 13.613778876855164, "Bairro_logradouros": "Vila São Jose", "Bairro_rotas": "Centro", "Distrito": "2º", "Lote": "I", "Name_2": "Ponto 814", "description_2": "Velocidade: 22km/h<br>05/07/2026 22:45:30", "layer": "TUN3B98", "path": "C:/KMLs/Estevao/05-07-2026/Coleta/Trajeto_TUN3B98.kml|layername=Trajeto|geometrytype=Point|uniqueGeometryType=yes", "Velocidade": 22.0, "Data": "2026-07-05", "hora": "22:45:30", "Rota": "ROTA 600 (NOITE) - Centro - Domingo", "Turno": "Noite", "Dias_da_semana": [ "dom" ], "Hit_Rate": 16.67, "Status": "Baixo hit rate", "Bloco": "Domingo" }, "geometry": { "type": "MultiLineString", "coordinates": [ [ [ 673734.101689520990476, 7483526.802196647971869 ], [ 673739.490486687165685, 7483514.300764638930559 ] ] ] } },
{ "type": "Feature", "properties": { "id": "Gramacho.230", "id_trecho": 1965, "Name": "Avenida Governador Leonel de Moura Brizola", "description": null, "Extensao_m": 98.015320911326725, "Bairro_logradouros": "Gramacho", "Bairro_rotas": "Centro", "Distrito": "1º", "Lote": "I", "Name_2": "Ponto 815", "description_2": "Velocidade: 0km/h<br>05/07/2026 22:46:28", "layer": "TUN3B98", "path": "C:/KMLs/Estevao/05-07-2026/Coleta/Trajeto_TUN3B98.kml|layername=Trajeto|geometrytype=Point|uniqueGeometryType=yes", "Velocidade": 0.0, "Data": "2026-07-05", "hora": "22:46:28", "Rota": "ROTA 600 (NOITE) - Centro - Domingo", "Turno": "Noite", "Dias_da_semana": [ "dom" ], "Hit_Rate": 100.0, "Status": "Validado", "Bloco": "Domingo" }, "geometry": { "type": "MultiLineString", "coordinates": [ [ [ 673928.610784157877788, 7483127.910246962681413 ], [ 673965.432193438289687, 7483037.076971326954663 ] ] ] } },
{ "type": "Feature", "properties": { "id": "Gramacho.230", "id_trecho": 1966, "Name": "Avenida Governador Leonel de Moura Brizola", "description": null, "Extensao_m": 122.79354618968586, "Bairro_logradouros": "Gramacho", "Bairro_rotas": "Centro", "Distrito": "1º", "Lote": "I", "Name_2": "Ponto 818", "description_2": "Velocidade: 0km/h<br>05/07/2026 22:47:28", "layer": "TUN3B98", "path": "C:/KMLs/Estevao/05-07-2026/Coleta/Trajeto_TUN3B98.kml|layername=Trajeto|geometrytype=Point|uniqueGeometryType=yes", "Velocidade": 0.0, "Data": "2026-07-05", "hora": "22:47:28", "Rota": "ROTA 600 (NOITE) - Centro - Domingo", "Turno": "Noite", "Dias_da_semana": [ "dom" ], "Hit_Rate": 83.33, "Status": "Validado", "Bloco": "Domingo" }, "geometry": { "type": "MultiLineString", "coordinates": [ [ [ 673965.432193438289687, 7483037.076971326954663 ], [ 673977.699166024802253, 7483011.299196340143681 ], [ 673984.278412464773282, 7483000.116212848573923 ], [ 673999.854918553144671, 7482973.636080836877227 ], [ 674024.214962105965242, 7482929.347299499437213 ] ] ] } },
{ "type": "Feature", "properties": { "id": "Gramacho.230", "id_trecho": 1974, "Name": "Avenida Governador Leonel de Moura Brizola", "description": null, "Extensao_m": 178.46671491717794, "Bairro_logradouros": "Gramacho", "Bairro_rotas": "Centro", "Distrito": "1º", "Lote": "I", "Name_2": "Ponto 821", "description_2": "Velocidade: 17km/h<br>05/07/2026 22:48:03", "layer": "TUN3B98", "path": "C:/KMLs/Estevao/05-07-2026/Coleta/Trajeto_TUN3B98.kml|layername=Trajeto|geometrytype=Point|uniqueGeometryType=yes", "Velocidade": 17.0, "Data": "2026-07-05", "hora": "22:48:03", "Rota": "ROTA 600 (NOITE) - Centro - Domingo", "Turno": "Noite", "Dias_da_semana": [ "dom" ], "Hit_Rate": 83.33, "Status": "Validado", "Bloco": "Domingo" }, "geometry": { "type": "MultiLineString", "coordinates": [ [ [ 674059.504005329450592, 7482901.257184309884906 ], [ 674063.416600934229791, 7482899.396182623691857 ], [ 674068.258942282525823, 7482897.103706538677216 ], [ 674072.32368645304814, 7482894.177809009328485 ], [ 674076.104169723927043, 7482890.646066850982606 ], [ 674080.726284870645031, 7482884.369287950918078 ], [ 674098.617666257894598, 7482852.867929883301258 ], [ 674142.565969411400147, 7482775.529809044674039 ], [ 674155.81121771177277, 7482753.605641935020685 ] ] ] } },
{ "type": "Feature", "properties": { "id": "Gramacho.230", "id_trecho": 1975, "Name": "Avenida Governador Leonel de Moura Brizola", "description": null, "Extensao_m": 352.20358504004031, "Bairro_logradouros": "Gramacho", "Bairro_rotas": "Centro", "Distrito": "1º", "Lote": "I", "Name_2": "Ponto 828", "description_2": "Velocidade: 14km/h<br>05/07/2026 22:49:22", "layer": "TUN3B98", "path": "C:/KMLs/Estevao/05-07-2026/Coleta/Trajeto_TUN3B98.kml|layername=Trajeto|geometrytype=Point|uniqueGeometryType=yes", "Velocidade": 14.0, "Data": "2026-07-05", "hora": "22:49:22", "Rota": "ROTA 600 (NOITE) - Centro - Domingo", "Turno": "Noite", "Dias_da_semana": [ "dom" ], "Hit_Rate": 83.33, "Status": "Validado", "Bloco": "Domingo" }, "geometry": { "type": "MultiLineString", "coordinates": [ [ [ 674155.81121771177277, 7482753.605641935020685 ], [ 674173.108787592849694, 7482724.093305315822363 ], [ 674187.456738393288106, 7482701.602746250107884 ], [ 674201.257059514289722, 7482680.624576781876385 ], [ 674222.889762785052881, 7482644.916148646734655 ], [ 674248.436961800325662, 7482602.152655430138111 ], [ 674274.768145353300497, 7482556.113138716667891 ], [ 674284.342455564066768, 7482538.339545572176576 ], [ 674291.163694498711266, 7482519.634020680561662 ], [ 674296.354879476130009, 7482504.778959782794118 ], [ 674302.164289391599596, 7482482.928789101541042 ], [ 674304.644373642862774, 7482458.259558023884892 ], [ 674304.362009612494148, 7482439.901246517896652 ] ] ] } },
{ "type": "Feature", "properties": { "id": "Gramacho.230", "id_trecho": 1977, "Name": "Avenida Governador Leonel de Moura Brizola", "description": null, "Extensao_m": 258.99596527990479, "Bairro_logradouros": "Gramacho", "Bairro_rotas": "Centro", "Distrito": "1º", "Lote": "I", "Name_2": "Ponto 839", "description_2": "Velocidade: 5km/h<br>05/07/2026 22:53:06", "layer": "TUN3B98", "path": "C:/KMLs/Estevao/05-07-2026/Coleta/Trajeto_TUN3B98.kml|layername=Trajeto|geometrytype=Point|uniqueGeometryType=yes", "Velocidade": 5.0, "Data": "2026-07-05", "hora": "22:53:06", "Rota": "ROTA 600 (NOITE) - Centro - Domingo", "Turno": "Noite", "Dias_da_semana": [ "dom" ], "Hit_Rate": 83.33, "Status": "Validado", "Bloco": "Domingo" }, "geometry": { "type": "MultiLineString", "coordinates": [ [ [ 674182.498292958363891, 7482122.956792952492833 ], [ 674182.511699663591571, 7482122.949780747294426 ], [ 674158.474339054315351, 7482071.51828086655587 ], [ 674141.392987821716815, 7482035.555683312937617 ], [ 674118.399950332706794, 7481988.29833790846169 ], [ 674106.834699655068107, 7481964.044732616283 ], [ 674095.032502135611139, 7481932.551103809848428 ], [ 674080.800798615440726, 7481885.315188109874725 ] ] ] } },
{ "type": "Feature", "properties": { "id": "Gramacho.230", "id_trecho": 1979, "Name": "Avenida Governador Leonel de Moura Brizola", "description": null, "Extensao_m": 135.72420826769212, "Bairro_logradouros": "Gramacho", "Bairro_rotas": "Centro", "Distrito": "1º", "Lote": "I", "Name_2": "Ponto 843", "description_2": "Velocidade: 0km/h<br>05/07/2026 22:55:21", "layer": "TUN3B98", "path": "C:/KMLs/Estevao/05-07-2026/Coleta/Trajeto_TUN3B98.kml|layername=Trajeto|geometrytype=Point|uniqueGeometryType=yes", "Velocidade": 0.0, "Data": "2026-07-05", "hora": "22:55:21", "Rota": "ROTA 600 (NOITE) - Centro - Domingo", "Turno": "Noite", "Dias_da_semana": [ "dom" ], "Hit_Rate": 83.33, "Status": "Validado", "Bloco": "Domingo" }, "geometry": { "type": "MultiLineString", "coordinates": [ [ [ 674062.813530176063068, 7481825.818488907068968 ], [ 674049.760672893375158, 7481779.266747653484344 ], [ 674038.420682250638492, 7481739.683402170427144 ], [ 674027.843398177879862, 7481694.712629971094429 ] ] ] } },
{ "type": "Feature", "properties": { "id": "Gramacho.230", "id_trecho": 1981, "Name": "Avenida Governador Leonel de Moura Brizola", "description": null, "Extensao_m": 330.07600932219884, "Bairro_logradouros": "Gramacho", "Bairro_rotas": "Centro", "Distrito": "1º", "Lote": "I", "Name_2": "Ponto 849", "description_2": "Velocidade: 16km/h<br>05/07/2026 22:56:44", "layer": "TUN3B98", "path": "C:/KMLs/Estevao/05-07-2026/Coleta/Trajeto_TUN3B98.kml|layername=Trajeto|geometrytype=Point|uniqueGeometryType=yes", "Velocidade": 16.0, "Data": "2026-07-05", "hora": "22:56:44", "Rota": "ROTA 600 (NOITE) - Centro - Domingo", "Turno": "Noite", "Dias_da_semana": [ "dom" ], "Hit_Rate": 33.33, "Status": "Baixo hit rate", "Bloco": "Domingo" }, "geometry": { "type": "MultiLineString", "coordinates": [ [ [ 674053.372920242720284, 7481734.163194904103875 ], [ 674076.920851958217099, 7481818.259155823849142 ], [ 674097.538020440842956, 7481886.773597367107868 ], [ 674110.826881585060619, 7481928.804205574095249 ], [ 674120.778711457853206, 7481955.667724861763418 ], [ 674131.388934439746663, 7481979.93226127140224 ], [ 674160.858037834172137, 7482045.598758095875382 ] ] ] } },
{ "type": "Feature", "properties": { "id": "Centenario.2", "id_trecho": 675, "Name": "Avenida Governador Leonel de Moura Brizola", "description": null, "Extensao_m": 261.55634174325172, "Bairro_logradouros": "Centenario", "Bairro_rotas": "Centro", "Distrito": "1º", "Lote": "I", "Name_2": "Ponto 853", "description_2": "Velocidade: 0km/h<br>05/07/2026 22:57:43", "layer": "TUN3B98", "path": "C:/KMLs/Estevao/05-07-2026/Coleta/Trajeto_TUN3B98.kml|layername=Trajeto|geometrytype=Point|uniqueGeometryType=yes", "Velocidade": 0.0, "Data": "2026-07-05", "hora": "22:57:43", "Rota": "ROTA 600 (NOITE) - Centro - Domingo", "Turno": "Noite", "Dias_da_semana": [ "dom" ], "Hit_Rate": 100.0, "Status": "Validado", "Bloco": "Domingo" }, "geometry": { "type": "MultiLineString", "coordinates": [ [ [ 673978.531851276871748, 7481477.559855910949409 ], [ 673951.663097355864011, 7481368.849941654130816 ], [ 673918.054663063492626, 7481223.106446267105639 ] ] ] } },
{ "type": "Feature", "properties": { "id": "Centenario.2", "id_trecho": 677, "Name": "Avenida Governador Leonel de Moura Brizola", "description": null, "Extensao_m": 189.52780030696209, "Bairro_logradouros": "Centenario", "Bairro_rotas": "Centro", "Distrito": "1º", "Lote": "I", "Name_2": "Ponto 860", "description_2": "Velocidade: 40km/h<br>05/07/2026 23:01:28", "layer": "TUN3B98", "path": "C:/KMLs/Estevao/05-07-2026/Coleta/Trajeto_TUN3B98.kml|layername=Trajeto|geometrytype=Point|uniqueGeometryType=yes", "Velocidade": 40.0, "Data": "2026-07-05", "hora": "23:01:28", "Rota": "ROTA 600 (NOITE) - Centro - Domingo", "Turno": "Noite", "Dias_da_semana": [ "dom" ], "Hit_Rate": 50.0, "Status": "Baixo hit rate", "Bloco": "Domingo" }, "geometry": { "type": "MultiLineString", "coordinates": [ [ [ 673894.074992964160629, 7481102.04854038823396 ], [ 673887.750405775848776, 7481067.202984815463424 ], [ 673860.145341236959212, 7480915.587654916569591 ] ] ] } },
{ "type": "Feature", "properties": { "id": "Centenario.2", "id_trecho": 668, "Name": "Avenida Governador Leonel de Moura Brizola", "description": null, "Extensao_m": 180.30513984524814, "Bairro_logradouros": "Centenario", "Bairro_rotas": "Centro", "Distrito": "1º", "Lote": "I", "Name_2": "Ponto 872", "description_2": "Velocidade: 32km/h<br>05/07/2026 23:04:28", "layer": "TUN3B98", "path": "C:/KMLs/Estevao/05-07-2026/Coleta/Trajeto_TUN3B98.kml|layername=Trajeto|geometrytype=Point|uniqueGeometryType=yes", "Velocidade": 32.0, "Data": "2026-07-05", "hora": "23:04:28", "Rota": "ROTA 600 (NOITE) - Centro - Domingo", "Turno": "Noite", "Dias_da_semana": [ "dom" ], "Hit_Rate": 50.0, "Status": "Baixo hit rate", "Bloco": "Domingo" }, "geometry": { "type": "MultiLineString", "coordinates": [ [ [ 673746.374772165203467, 7480322.010741556063294 ], [ 673719.546090382616967, 7480196.78799351491034 ], [ 673709.317255573347211, 7480145.563536287285388 ] ] ] } },
{ "type": "Feature", "properties": { "id": "Centenario.2", "id_trecho": 669, "Name": "Avenida Governador Leonel de Moura Brizola", "description": null, "Extensao_m": 240.89267868257559, "Bairro_logradouros": "Centenario", "Bairro_rotas": "Centro", "Distrito": "1º", "Lote": "I", "Name_2": "Ponto 877", "description_2": "Velocidade: 14km/h<br>05/07/2026 23:06:06", "layer": "TUN3B98", "path": "C:/KMLs/Estevao/05-07-2026/Coleta/Trajeto_TUN3B98.kml|layername=Trajeto|geometrytype=Point|uniqueGeometryType=yes", "Velocidade": 14.0, "Data": "2026-07-05", "hora": "23:06:06", "Rota": "ROTA 600 (NOITE) - Centro - Domingo", "Turno": "Noite", "Dias_da_semana": [ "dom" ], "Hit_Rate": 83.33, "Status": "Validado", "Bloco": "Domingo" }, "geometry": { "type": "MultiLineString", "coordinates": [ [ [ 673709.317255573347211, 7480145.563536287285388 ], [ 673700.747315888176672, 7480106.490993058308959 ], [ 673695.200624107266776, 7480079.444017540663481 ], [ 673685.609329961822368, 7480035.466064878739417 ], [ 673670.536138131748885, 7479962.015066955238581 ], [ 673663.562983790179715, 7479930.554589917883277 ], [ 673660.276316804694943, 7479915.242896180599928 ], [ 673659.219681362970732, 7479909.950286378152668 ] ] ] } },
{ "type": "Feature", "properties": { "id": "Centro.7", "id_trecho": 870, "Name": "Avenida Doutor Manoel Reis", "description": null, "Extensao_m": 46.433762818453403, "Bairro_logradouros": "Centro", "Bairro_rotas": "Centro", "Distrito": "1º", "Lote": "I", "Name_2": "Ponto 905", "description_2": "Velocidade: 21km/h<br>05/07/2026 23:12:45", "layer": "TUN3B98", "path": "C:/KMLs/Estevao/05-07-2026/Coleta/Trajeto_TUN3B98.kml|layername=Trajeto|geometrytype=Point|uniqueGeometryType=yes", "Velocidade": 21.0, "Data": "2026-07-05", "hora": "23:12:45", "Rota": "ROTA 600 (NOITE) - Centro - Domingo", "Turno": "Noite", "Dias_da_semana": [ "dom" ], "Hit_Rate": 33.33, "Status": "Baixo hit rate", "Bloco": "Domingo" }, "geometry": { "type": "MultiLineString", "coordinates": [ [ [ 673334.28479876217898, 7479889.586417531594634 ], [ 673355.036610284005292, 7479886.691672956570983 ], [ 673380.336191660142504, 7479883.667458701878786 ] ] ] } },
{ "type": "Feature", "properties": { "id": "Centro.132", "id_trecho": 947, "Name": "Avenida Governador Leonel de Moura Brizola", "description": null, "Extensao_m": 66.44306818624483, "Bairro_logradouros": "Centro", "Bairro_rotas": "Centro", "Distrito": "1º", "Lote": "I", "Name_2": "Ponto 920", "description_2": "Velocidade: 16km/h<br>05/07/2026 23:15:05", "layer": "TUN3B98", "path": "C:/KMLs/Estevao/05-07-2026/Coleta/Trajeto_TUN3B98.kml|layername=Trajeto|geometrytype=Point|uniqueGeometryType=yes", "Velocidade": 16.0, "Data": "2026-07-05", "hora": "23:15:05", "Rota": "ROTA 600 (NOITE) - Centro - Domingo", "Turno": "Noite", "Dias_da_semana": [ "dom" ], "Hit_Rate": 50.0, "Status": "Baixo hit rate", "Bloco": "Domingo" }, "geometry": { "type": "MultiLineString", "coordinates": [ [ [ 673618.128381357062608, 7479710.181830199435353 ], [ 673608.716063341707923, 7479657.574751516804099 ], [ 673606.977084898157045, 7479644.692823250778019 ] ] ] } },
{ "type": "Feature", "properties": { "id": "Centro.7", "id_trecho": 875, "Name": "Avenida Doutor Manoel Reis", "description": null, "Extensao_m": 57.683605526684644, "Bairro_logradouros": "Centro", "Bairro_rotas": "Centro", "Distrito": "1º", "Lote": "I", "Name_2": "Ponto 1002", "description_2": "Velocidade: 7km/h<br>05/07/2026 23:37:33", "layer": "TUN3B98", "path": "C:/KMLs/Estevao/05-07-2026/Coleta/Trajeto_TUN3B98.kml|layername=Trajeto|geometrytype=Point|uniqueGeometryType=yes", "Velocidade": 7.0, "Data": "2026-07-05", "hora": "23:37:33", "Rota": "ROTA 600 (NOITE) - Centro - Domingo", "Turno": "Noite", "Dias_da_semana": [ "dom" ], "Hit_Rate": 83.33, "Status": "Validado", "Bloco": "Domingo" }, "geometry": { "type": "MultiLineString", "coordinates": [ [ [ 673181.993298319401219, 7479916.364250970073044 ], [ 673124.954276735545136, 7479924.952119957655668 ] ] ] } },
{ "type": "Feature", "properties": { "id": "Centro.7", "id_trecho": 868, "Name": "Avenida Doutor Manoel Reis", "description": null, "Extensao_m": 37.959249949464521, "Bairro_logradouros": "Centro", "Bairro_rotas": "Centro", "Distrito": "1º", "Lote": "I", "Name_2": "Ponto 1006", "description_2": "Velocidade: 8km/h<br>05/07/2026 23:39:13", "layer": "TUN3B98", "path": "C:/KMLs/Estevao/05-07-2026/Coleta/Trajeto_TUN3B98.kml|layername=Trajeto|geometrytype=Point|uniqueGeometryType=yes", "Velocidade": 8.0, "Data": "2026-07-05", "hora": "23:39:13", "Rota": "ROTA 600 (NOITE) - Centro - Domingo", "Turno": "Noite", "Dias_da_semana": [ "dom" ], "Hit_Rate": 83.33, "Status": "Validado", "Bloco": "Domingo" }, "geometry": { "type": "MultiLineString", "coordinates": [ [ [ 673181.993298319401219, 7479916.364250970073044 ], [ 673198.184855794534087, 7479911.89277702383697 ], [ 673219.130536351469345, 7479908.885266412049532 ] ] ] } },
{ "type": "Feature", "properties": { "id": "Centro.7", "id_trecho": 869, "Name": "Avenida Doutor Manoel Reis", "description": null, "Extensao_m": 116.7637815738001, "Bairro_logradouros": "Centro", "Bairro_rotas": "Centro", "Distrito": "1º", "Lote": "I", "Name_2": "Ponto 1007", "description_2": "Velocidade: 6km/h<br>05/07/2026 23:39:28", "layer": "TUN3B98", "path": "C:/KMLs/Estevao/05-07-2026/Coleta/Trajeto_TUN3B98.kml|layername=Trajeto|geometrytype=Point|uniqueGeometryType=yes", "Velocidade": 6.0, "Data": "2026-07-05", "hora": "23:39:28", "Rota": "ROTA 600 (NOITE) - Centro - Domingo", "Turno": "Noite", "Dias_da_semana": [ "dom" ], "Hit_Rate": 100.0, "Status": "Validado", "Bloco": "Domingo" }, "geometry": { "type": "MultiLineString", "coordinates": [ [ [ 673219.130536351469345, 7479908.885266412049532 ], [ 673235.171960304258391, 7479906.265904204919934 ], [ 673334.28479876217898, 7479889.586417531594634 ] ] ] } },
{ "type": "Feature", "properties": { "id": "Centro.7", "id_trecho": 872, "Name": "Avenida Doutor Manoel Reis", "description": null, "Extensao_m": 111.80322614102268, "Bairro_logradouros": "Centro", "Bairro_rotas": "Centro", "Distrito": "1º", "Lote": "I", "Name_2": "Ponto 1016", "description_2": "Velocidade: 21km/h<br>05/07/2026 23:41:58", "layer": "TUN3B98", "path": "C:/KMLs/Estevao/05-07-2026/Coleta/Trajeto_TUN3B98.kml|layername=Trajeto|geometrytype=Point|uniqueGeometryType=yes", "Velocidade": 21.0, "Data": "2026-07-05", "hora": "23:41:58", "Rota": "ROTA 600 (NOITE) - Centro - Domingo", "Turno": "Noite", "Dias_da_semana": [ "dom" ], "Hit_Rate": 66.67, "Status": "Validado", "Bloco": "Domingo" }, "geometry": { "type": "MultiLineString", "coordinates": [ [ [ 673440.828308276366442, 7479874.349688343703747 ], [ 673500.829517017817125, 7479882.2913599293679 ], [ 673551.844323751982301, 7479887.456125011667609 ] ] ] } },
{ "type": "Feature", "properties": { "id": "Centro.132", "id_trecho": 909, "Name": "Avenida Governador Leonel de Moura Brizola", "description": null, "Extensao_m": 115.57084093296569, "Bairro_logradouros": "Centro", "Bairro_rotas": "Centro", "Distrito": "1º", "Lote": "I", "Name_2": "Ponto 1020", "description_2": "Velocidade: 0km/h<br>05/07/2026 23:43:01", "layer": "TUN3B98", "path": "C:/KMLs/Estevao/05-07-2026/Coleta/Trajeto_TUN3B98.kml|layername=Trajeto|geometrytype=Point|uniqueGeometryType=yes", "Velocidade": 0.0, "Data": "2026-07-05", "hora": "23:43:01", "Rota": "ROTA 600 (NOITE) - Centro - Domingo", "Turno": "Noite", "Dias_da_semana": [ "dom" ], "Hit_Rate": 66.67, "Status": "Validado", "Bloco": "Domingo" }, "geometry": { "type": "MultiLineString", "coordinates": [ [ [ 673607.816326421801932, 7479630.972979141399264 ], [ 673586.790413110051304, 7479517.334117962047458 ] ] ] } },
{ "type": "Feature", "properties": { "id": "Centro.132", "id_trecho": 912, "Name": "Avenida Governador Leonel de Moura Brizola", "description": null, "Extensao_m": 110.21351265117482, "Bairro_logradouros": "Centro", "Bairro_rotas": "Centro", "Distrito": "1º", "Lote": "I", "Name_2": "Ponto 1025", "description_2": "Velocidade: 0km/h<br>05/07/2026 23:44:22", "layer": "TUN3B98", "path": "C:/KMLs/Estevao/05-07-2026/Coleta/Trajeto_TUN3B98.kml|layername=Trajeto|geometrytype=Point|uniqueGeometryType=yes", "Velocidade": 0.0, "Data": "2026-07-05", "hora": "23:44:22", "Rota": "ROTA 600 (NOITE) - Centro - Domingo", "Turno": "Noite", "Dias_da_semana": [ "dom" ], "Hit_Rate": 83.33, "Status": "Validado", "Bloco": "Domingo" }, "geometry": { "type": "MultiLineString", "coordinates": [ [ [ 673545.801299280603416, 7479442.263394489884377 ], [ 673496.60563561716117, 7479343.642278032377362 ] ] ] } },
{ "type": "Feature", "properties": { "id": "Centro.132", "id_trecho": 916, "Name": "Avenida Governador Leonel de Moura Brizola", "description": null, "Extensao_m": 176.0460785499468, "Bairro_logradouros": "Centro", "Bairro_rotas": "Centro", "Distrito": "1º", "Lote": "I", "Name_2": "Ponto 1027", "description_2": "Velocidade: 28km/h<br>05/07/2026 23:45:28", "layer": "TUN3B98", "path": "C:/KMLs/Estevao/05-07-2026/Coleta/Trajeto_TUN3B98.kml|layername=Trajeto|geometrytype=Point|uniqueGeometryType=yes", "Velocidade": 28.0, "Data": "2026-07-05", "hora": "23:45:28", "Rota": "ROTA 600 (NOITE) - Centro - Domingo", "Turno": "Noite", "Dias_da_semana": [ "dom" ], "Hit_Rate": 66.67, "Status": "Validado", "Bloco": "Domingo" }, "geometry": { "type": "MultiLineString", "coordinates": [ [ [ 673433.909201677888632, 7479232.616774411872029 ], [ 673413.89092813571915, 7479191.770081451162696 ], [ 673404.005882471334189, 7479170.520259127020836 ], [ 673401.781312257051468, 7479164.554357746616006 ], [ 673392.638677545124665, 7479139.973697567358613 ], [ 673388.261054579634219, 7479118.118315021507442 ], [ 673385.822147916653194, 7479097.879817264154553 ], [ 673387.113117685075849, 7479080.544539994560182 ], [ 673387.932461211225018, 7479071.36548797506839 ], [ 673388.365599198499694, 7479066.133372285403311 ] ] ] } },
{ "type": "Feature", "properties": { "id": "Centro.132", "id_trecho": 917, "Name": "Avenida Governador Leonel de Moura Brizola", "description": null, "Extensao_m": 90.471426659118137, "Bairro_logradouros": "Centro", "Bairro_rotas": "Centro", "Distrito": "1º", "Lote": "I", "Name_2": "Ponto 1034", "description_2": "Velocidade: 10km/h<br>05/07/2026 23:47:11", "layer": "TUN3B98", "path": "C:/KMLs/Estevao/05-07-2026/Coleta/Trajeto_TUN3B98.kml|layername=Trajeto|geometrytype=Point|uniqueGeometryType=yes", "Velocidade": 10.0, "Data": "2026-07-05", "hora": "23:47:11", "Rota": "ROTA 600 (NOITE) - Centro - Domingo", "Turno": "Noite", "Dias_da_semana": [ "dom" ], "Hit_Rate": 66.67, "Status": "Validado", "Bloco": "Domingo" }, "geometry": { "type": "MultiLineString", "coordinates": [ [ [ 673388.365599198499694, 7479066.133372285403311 ], [ 673389.376937228254974, 7479058.480409506708384 ], [ 673398.233472765656188, 7478976.20637989602983 ] ] ] } },
{ "type": "Feature", "properties": { "id": "Centro.132", "id_trecho": 918, "Name": "Avenida Governador Leonel de Moura Brizola", "description": null, "Extensao_m": 122.08877628087603, "Bairro_logradouros": "Centro", "Bairro_rotas": "Centro", "Distrito": "1º", "Lote": "I", "Name_2": "Ponto 1039", "description_2": "Velocidade: 10km/h<br>05/07/2026 23:48:32", "layer": "TUN3B98", "path": "C:/KMLs/Estevao/05-07-2026/Coleta/Trajeto_TUN3B98.kml|layername=Trajeto|geometrytype=Point|uniqueGeometryType=yes", "Velocidade": 10.0, "Data": "2026-07-05", "hora": "23:48:32", "Rota": "ROTA 600 (NOITE) - Centro - Domingo", "Turno": "Noite", "Dias_da_semana": [ "dom" ], "Hit_Rate": 50.0, "Status": "Baixo hit rate", "Bloco": "Domingo" }, "geometry": { "type": "MultiLineString", "coordinates": [ [ [ 673398.233472765656188, 7478976.20637989602983 ], [ 673405.998128597973846, 7478909.82565457932651 ], [ 673411.36743343307171, 7478874.669185400009155 ], [ 673414.153458880609833, 7478855.179437042213976 ] ] ] } },
{ "type": "Feature", "properties": { "id": "Centro.147", "id_trecho": 879, "Name": "Avenida Doutor Manoel Teles", "description": null, "Extensao_m": 110.1410616332592, "Bairro_logradouros": "Centro", "Bairro_rotas": "Centro", "Distrito": "1º", "Lote": "I", "Name_2": "Ponto 1044", "description_2": "Velocidade: 23km/h<br>05/07/2026 23:49:28", "layer": "TUN3B98", "path": "C:/KMLs/Estevao/05-07-2026/Coleta/Trajeto_TUN3B98.kml|layername=Trajeto|geometrytype=Point|uniqueGeometryType=yes", "Velocidade": 23.0, "Data": "2026-07-05", "hora": "23:49:28", "Rota": "ROTA 600 (NOITE) - Centro - Domingo", "Turno": "Noite", "Dias_da_semana": [ "dom" ], "Hit_Rate": 50.0, "Status": "Baixo hit rate", "Bloco": "Domingo" }, "geometry": { "type": "MultiLineString", "coordinates": [ [ [ 673401.851739500067197, 7478839.893169023096561 ], [ 673391.814501774380915, 7478830.472667560912669 ], [ 673322.183033459819853, 7478763.846265876665711 ] ] ] } },
{ "type": "Feature", "properties": { "id": "Centro.19", "id_trecho": 1164, "Name": "Rua Genaro Lomba", "description": null, "Extensao_m": 242.3407673070559, "Bairro_logradouros": "Centro", "Bairro_rotas": "Centro", "Distrito": "1º", "Lote": "I", "Name_2": "Ponto 1051", "description_2": "Velocidade: 4km/h<br>05/07/2026 23:50:28", "layer": "TUN3B98", "path": "C:/KMLs/Estevao/05-07-2026/Coleta/Trajeto_TUN3B98.kml|layername=Trajeto|geometrytype=Point|uniqueGeometryType=yes", "Velocidade": 4.0, "Data": "2026-07-05", "hora": "23:50:28", "Rota": "ROTA 600 (NOITE) - Centro - Domingo", "Turno": "Noite", "Dias_da_semana": [ "dom" ], "Hit_Rate": 66.67, "Status": "Validado", "Bloco": "Domingo" }, "geometry": { "type": "MultiLineString", "coordinates": [ [ [ 673210.085787626798265, 7478721.835583196952939 ], [ 673209.678192288498394, 7478734.708808688446879 ], [ 673211.108007348142564, 7478769.123126897960901 ], [ 673219.280461039044894, 7478830.20542963873595 ], [ 673236.972306227078661, 7478962.410301530733705 ] ] ] } },
{ "type": "Feature", "properties": { "id": "Centro.9", "id_trecho": 1349, "Name": "Rua Tenente José Dias", "description": null, "Extensao_m": 243.98286595900316, "Bairro_logradouros": "Centro", "Bairro_rotas": "Centro", "Distrito": "1º", "Lote": "I", "Name_2": "Ponto 1056", "description_2": "Velocidade: 18km/h<br>05/07/2026 23:52:46", "layer": "TUN3B98", "path": "C:/KMLs/Estevao/05-07-2026/Coleta/Trajeto_TUN3B98.kml|layername=Trajeto|geometrytype=Point|uniqueGeometryType=yes", "Velocidade": 18.0, "Data": "2026-07-05", "hora": "23:52:46", "Rota": "ROTA 600 (NOITE) - Centro - Domingo", "Turno": "Noite", "Dias_da_semana": [ "dom" ], "Hit_Rate": 66.67, "Status": "Validado", "Bloco": "Domingo" }, "geometry": { "type": "MultiLineString", "coordinates": [ [ [ 673183.631054681842215, 7478965.455315971747041 ], [ 673183.244077241863124, 7478952.23677758872509 ], [ 673181.74872465908993, 7478936.373003635555506 ], [ 673175.534872256219387, 7478892.145890646614134 ], [ 673170.752304097753949, 7478859.065544337034225 ], [ 673163.191424119053409, 7478835.374843995086849 ], [ 673152.122547613224015, 7478820.118628131225705 ], [ 673131.822745268465951, 7478803.096102674491704 ], [ 673077.405238862615079, 7478764.834114867262542 ] ] ] } },
{ "type": "Feature", "properties": { "id": "Centro.9", "id_trecho": 1348, "Name": "Rua Tenente José Dias", "description": null, "Extensao_m": 15.323201552416055, "Bairro_logradouros": "Centro", "Bairro_rotas": "Centro", "Distrito": "1º", "Lote": "I", "Name_2": "Ponto 1058", "description_2": "Velocidade: 27km/h<br>05/07/2026 23:52:50", "layer": "TUN3B98", "path": "C:/KMLs/Estevao/05-07-2026/Coleta/Trajeto_TUN3B98.kml|layername=Trajeto|geometrytype=Point|uniqueGeometryType=yes", "Velocidade": 27.0, "Data": "2026-07-05", "hora": "23:52:50", "Rota": "ROTA 600 (NOITE) - Centro - Domingo", "Turno": "Noite", "Dias_da_semana": [ "dom" ], "Hit_Rate": 50.0, "Status": "Baixo hit rate", "Bloco": "Domingo" }, "geometry": { "type": "MultiLineString", "coordinates": [ [ [ 673181.534806197043508, 7478980.62914608232677 ], [ 673183.142095080809668, 7478970.300450619310141 ], [ 673183.631054681842215, 7478965.455315971747041 ] ] ] } },
{ "type": "Feature", "properties": { "id": "Centro.22", "id_trecho": 1321, "Name": "Rua Sebastião de Oliveira", "description": null, "Extensao_m": 108.93824089921536, "Bairro_logradouros": "Centro", "Bairro_rotas": "Centro", "Distrito": "1º", "Lote": "I", "Name_2": "Ponto 1068", "description_2": "Velocidade: 0km/h<br>05/07/2026 23:57:27", "layer": "TUN3B98", "path": "C:/KMLs/Estevao/05-07-2026/Coleta/Trajeto_TUN3B98.kml|layername=Trajeto|geometrytype=Point|uniqueGeometryType=yes", "Velocidade": 0.0, "Data": "2026-07-05", "hora": "23:57:27", "Rota": "ROTA 600 (NOITE) - Centro - Domingo", "Turno": "Noite", "Dias_da_semana": [ "dom" ], "Hit_Rate": 50.0, "Status": "Baixo hit rate", "Bloco": "Domingo" }, "geometry": { "type": "MultiLineString", "coordinates": [ [ [ 673076.372379249194637, 7479208.335070108063519 ], [ 672969.14998447149992, 7479227.575209202244878 ] ] ] } },
{ "type": "Feature", "properties": { "id": "Centro.22", "id_trecho": 1322, "Name": "Rua Sebastião de Oliveira", "description": null, "Extensao_m": 80.5269253129498, "Bairro_logradouros": "Centro", "Bairro_rotas": "Centro", "Distrito": "1º", "Lote": "I", "Name_2": "Ponto 1069", "description_2": "Velocidade: 17km/h<br>05/07/2026 23:57:32", "layer": "TUN3B98", "path": "C:/KMLs/Estevao/05-07-2026/Coleta/Trajeto_TUN3B98.kml|layername=Trajeto|geometrytype=Point|uniqueGeometryType=yes", "Velocidade": 17.0, "Data": "2026-07-05", "hora": "23:57:32", "Rota": "ROTA 600 (NOITE) - Centro - Domingo", "Turno": "Noite", "Dias_da_semana": [ "dom" ], "Hit_Rate": 66.67, "Status": "Validado", "Bloco": "Domingo" }, "geometry": { "type": "MultiLineString", "coordinates": [ [ [ 672969.14998447149992, 7479227.575209202244878 ], [ 672907.640642651356757, 7479242.030354107730091 ], [ 672890.60025132575538, 7479245.236670748330653 ] ] ] } },
{ "type": "Feature", "properties": { "id": "Centro.25", "id_trecho": 1206, "Name": "Rua Lindóia", "description": null, "Extensao_m": 113.13432481906102, "Bairro_logradouros": "Centro", "Bairro_rotas": "Centro", "Distrito": "1º", "Lote": "I", "Name_2": "Ponto 1079", "description_2": "Velocidade: 10km/h<br>05/07/2026 23:58:50", "layer": "TUN3B98", "path": "C:/KMLs/Estevao/05-07-2026/Coleta/Trajeto_TUN3B98.kml|layername=Trajeto|geometrytype=Point|uniqueGeometryType=yes", "Velocidade": 10.0, "Data": "2026-07-05", "hora": "23:58:50", "Rota": "ROTA 600 (NOITE) - Centro - Domingo", "Turno": "Noite", "Dias_da_semana": [ "dom" ], "Hit_Rate": 66.67, "Status": "Validado", "Bloco": "Domingo" }, "geometry": { "type": "MultiLineString", "coordinates": [ [ [ 672815.70332794461865, 7479343.854845725931227 ], [ 672712.872486357111484, 7479391.018323054537177 ] ] ] } },
{ "type": "Feature", "properties": { "id": "Centro.3", "id_trecho": 967, "Name": "Avenida Nilo Peçanha", "description": null, "Extensao_m": 14.991662258231987, "Bairro_logradouros": "Centro", "Bairro_rotas": "Centro", "Distrito": "1º", "Lote": "I", "Name_2": "Ponto 1087", "description_2": "Velocidade: 19km/h<br>06/07/2026 00:00:39", "layer": "TUN3B98", "path": "C:/KMLs/Estevao/05-07-2026/Coleta/Trajeto_TUN3B98.kml|layername=Trajeto|geometrytype=Point|uniqueGeometryType=yes", "Velocidade": 19.0, "Data": "2026-07-06", "hora": "00:00:39", "Rota": "ROTA 600 (NOITE) - Centro - Domingo", "Turno": "Noite", "Dias_da_semana": [ "dom" ], "Hit_Rate": 33.33, "Status": "Baixo hit rate", "Bloco": "Domingo" }, "geometry": { "type": "MultiLineString", "coordinates": [ [ [ 672652.723156381049193, 7479322.71843961533159 ], [ 672667.134637891431339, 7479318.589893585070968 ] ] ] } },
{ "type": "Feature", "properties": { "id": "Centro.3", "id_trecho": 966, "Name": "Avenida Nilo Peçanha", "description": null, "Extensao_m": 28.537491444034345, "Bairro_logradouros": "Centro", "Bairro_rotas": "Centro", "Distrito": "1º", "Lote": "I", "Name_2": "Ponto 1088", "description_2": "Velocidade: 20km/h<br>06/07/2026 00:00:41", "layer": "TUN3B98", "path": "C:/KMLs/Estevao/05-07-2026/Coleta/Trajeto_TUN3B98.kml|layername=Trajeto|geometrytype=Point|uniqueGeometryType=yes", "Velocidade": 20.0, "Data": "2026-07-06", "hora": "00:00:41", "Rota": "ROTA 600 (NOITE) - Centro - Domingo", "Turno": "Noite", "Dias_da_semana": [ "dom" ], "Hit_Rate": 50.0, "Status": "Baixo hit rate", "Bloco": "Domingo" }, "geometry": { "type": "MultiLineString", "coordinates": [ [ [ 672624.506393038551323, 7479323.197209247387946 ], [ 672637.1826387665933, 7479325.087894668802619 ], [ 672652.723156381049193, 7479322.71843961533159 ] ] ] } },
{ "type": "Feature", "properties": { "id": "Centro.3", "id_trecho": 963, "Name": "Avenida Nilo Peçanha", "description": null, "Extensao_m": 37.397415975707986, "Bairro_logradouros": "Centro", "Bairro_rotas": "Centro", "Distrito": "1º", "Lote": "I", "Name_2": "Ponto 1089", "description_2": "Velocidade: 0km/h<br>06/07/2026 00:00:55", "layer": "TUN3B98", "path": "C:/KMLs/Estevao/05-07-2026/Coleta/Trajeto_TUN3B98.kml|layername=Trajeto|geometrytype=Point|uniqueGeometryType=yes", "Velocidade": 0.0, "Data": "2026-07-06", "hora": "00:00:55", "Rota": "ROTA 600 (NOITE) - Centro - Domingo", "Turno": "Noite", "Dias_da_semana": [ "dom" ], "Hit_Rate": 66.67, "Status": "Validado", "Bloco": "Domingo" }, "geometry": { "type": "MultiLineString", "coordinates": [ [ [ 672542.294548739329912, 7479264.138468300923705 ], [ 672545.916727826581337, 7479264.806069027632475 ], [ 672557.525341486325487, 7479267.95217608846724 ], [ 672568.400834474363364, 7479275.259530650451779 ], [ 672574.194125914946198, 7479281.592720659449697 ] ] ] } },
{ "type": "Feature", "properties": { "id": "Bar_dos_Cavalheiros.164", "id_trecho": 122, "Name": "Avenida Nilo Peçanha", "description": null, "Extensao_m": 101.82730519446918, "Bairro_logradouros": "Bar dos Cavalheiros", "Bairro_rotas": "Centro", "Distrito": "1º", "Lote": "I", "Name_2": "Ponto 1102", "description_2": "Velocidade: 4km/h<br>06/07/2026 00:03:11", "layer": "TUN3B98", "path": "C:/KMLs/Estevao/05-07-2026/Coleta/Trajeto_TUN3B98.kml|layername=Trajeto|geometrytype=Point|uniqueGeometryType=yes", "Velocidade": 4.0, "Data": "2026-07-06", "hora": "00:03:11", "Rota": "ROTA 600 (NOITE) - Centro - Domingo", "Turno": "Noite", "Dias_da_semana": [ "dom" ], "Hit_Rate": 83.33, "Status": "Validado", "Bloco": "Domingo" }, "geometry": { "type": "MultiLineString", "coordinates": [ [ [ 672304.249431203119457, 7479235.56763023417443 ], [ 672327.178454596665688, 7479243.624302767217159 ], [ 672363.27699481730815, 7479253.026488189585507 ], [ 672403.205107764573768, 7479257.844579758122563 ] ] ] } },
{ "type": "Feature", "properties": { "id": "Bar_dos_Cavalheiros.164", "id_trecho": 121, "Name": "Avenida Nilo Peçanha", "description": null, "Extensao_m": 90.280072626933489, "Bairro_logradouros": "Bar dos Cavalheiros", "Bairro_rotas": "Centro", "Distrito": "1º", "Lote": "I", "Name_2": "Ponto 1105", "description_2": "Velocidade: 10km/h<br>06/07/2026 00:04:09", "layer": "TUN3B98", "path": "C:/KMLs/Estevao/05-07-2026/Coleta/Trajeto_TUN3B98.kml|layername=Trajeto|geometrytype=Point|uniqueGeometryType=yes", "Velocidade": 10.0, "Data": "2026-07-06", "hora": "00:04:09", "Rota": "ROTA 600 (NOITE) - Centro - Domingo", "Turno": "Noite", "Dias_da_semana": [ "dom" ], "Hit_Rate": 66.67, "Status": "Validado", "Bloco": "Domingo" }, "geometry": { "type": "MultiLineString", "coordinates": [ [ [ 672218.722304698778316, 7479206.670262647792697 ], [ 672304.249431203119457, 7479235.56763023417443 ] ] ] } },
{ "type": "Feature", "properties": { "id": "Bar_dos_Cavalheiros.164", "id_trecho": 120, "Name": "Avenida Nilo Peçanha", "description": null, "Extensao_m": 70.972212954958508, "Bairro_logradouros": "Bar dos Cavalheiros", "Bairro_rotas": "Centro", "Distrito": "1º", "Lote": "I", "Name_2": "Ponto 1110", "description_2": "Velocidade: 0km/h<br>06/07/2026 00:05:09", "layer": "TUN3B98", "path": "C:/KMLs/Estevao/05-07-2026/Coleta/Trajeto_TUN3B98.kml|layername=Trajeto|geometrytype=Point|uniqueGeometryType=yes", "Velocidade": 0.0, "Data": "2026-07-06", "hora": "00:05:09", "Rota": "ROTA 600 (NOITE) - Centro - Domingo", "Turno": "Noite", "Dias_da_semana": [ "dom" ], "Hit_Rate": 83.33, "Status": "Validado", "Bloco": "Domingo" }, "geometry": { "type": "MultiLineString", "coordinates": [ [ [ 672151.682792934589088, 7479183.531936539337039 ], [ 672182.28463722160086, 7479192.697850350290537 ], [ 672218.722304698778316, 7479206.670262647792697 ] ] ] } },
{ "type": "Feature", "properties": { "id": "Bar_dos_Cavalheiros.164", "id_trecho": 119, "Name": "Avenida Nilo Peçanha", "description": null, "Extensao_m": 103.35109788164743, "Bairro_logradouros": "Bar dos Cavalheiros", "Bairro_rotas": "Centro", "Distrito": "1º", "Lote": "I", "Name_2": "Ponto 1121", "description_2": "Velocidade: 16km/h<br>06/07/2026 00:09:05", "layer": "TUN3B98", "path": "C:/KMLs/Estevao/05-07-2026/Coleta/Trajeto_TUN3B98.kml|layername=Trajeto|geometrytype=Point|uniqueGeometryType=yes", "Velocidade": 16.0, "Data": "2026-07-06", "hora": "00:09:05", "Rota": "ROTA 600 (NOITE) - Centro - Domingo", "Turno": "Noite", "Dias_da_semana": [ "dom" ], "Hit_Rate": 66.67, "Status": "Validado", "Bloco": "Domingo" }, "geometry": { "type": "MultiLineString", "coordinates": [ [ [ 672072.639990340219811, 7479116.951474631205201 ], [ 672151.682792934589088, 7479183.531936539337039 ] ] ] } },
{ "type": "Feature", "properties": { "id": "Bar_dos_Cavalheiros.164", "id_trecho": 118, "Name": "Avenida Nilo Peçanha", "description": null, "Extensao_m": 101.36345652340003, "Bairro_logradouros": "Bar dos Cavalheiros", "Bairro_rotas": "Centro", "Distrito": "1º", "Lote": "I", "Name_2": "Ponto 1123", "description_2": "Velocidade: 23km/h<br>06/07/2026 00:09:28", "layer": "TUN3B98", "path": "C:/KMLs/Estevao/05-07-2026/Coleta/Trajeto_TUN3B98.kml|layername=Trajeto|geometrytype=Point|uniqueGeometryType=yes", "Velocidade": 23.0, "Data": "2026-07-06", "hora": "00:09:28", "Rota": "ROTA 600 (NOITE) - Centro - Domingo", "Turno": "Noite", "Dias_da_semana": [ "dom" ], "Hit_Rate": 50.0, "Status": "Baixo hit rate", "Bloco": "Domingo" }, "geometry": { "type": "MultiLineString", "coordinates": [ [ [ 671990.819743224419653, 7479057.124296371825039 ], [ 672072.639990340219811, 7479116.951474631205201 ] ] ] } },
{ "type": "Feature", "properties": { "id": "Bar_dos_Cavalheiros.161", "id_trecho": 9, "Name": "Avenida Covanca", "description": null, "Extensao_m": 112.12892633859641, "Bairro_logradouros": "Bar dos Cavalheiros", "Bairro_rotas": "Bar dos Cavalheiros", "Distrito": "1º", "Lote": "I", "Name_2": "Ponto 1125", "description_2": "Velocidade: 9km/h<br>06/07/2026 00:10:16", "layer": "TUN3B98", "path": "C:/KMLs/Estevao/05-07-2026/Coleta/Trajeto_TUN3B98.kml|layername=Trajeto|geometrytype=Point|uniqueGeometryType=yes", "Velocidade": 9.0, "Data": "2026-07-06", "hora": "00:10:16", "Rota": "ROTA 600 (NOITE) - Bar dos Cavalheiros - Domingo", "Turno": "Noite", "Dias_da_semana": [ "dom" ], "Hit_Rate": 33.33, "Status": "Baixo hit rate", "Bloco": "Domingo" }, "geometry": { "type": "MultiLineString", "coordinates": [ [ [ 671732.056191923446022, 7479088.326676858589053 ], [ 671734.694198474171571, 7479077.344235645607114 ], [ 671736.373849239083938, 7479067.878755856305361 ], [ 671737.205813854234293, 7479056.097237184643745 ], [ 671737.642812175443396, 7479033.910232422873378 ], [ 671736.051103837555274, 7478976.717788239941001 ] ] ] } },
{ "type": "Feature", "properties": { "id": "Bar_dos_Cavalheiros.161", "id_trecho": 6, "Name": "Avenida Covanca", "description": null, "Extensao_m": 60.087592181092063, "Bairro_logradouros": "Bar dos Cavalheiros", "Bairro_rotas": "Bar dos Cavalheiros", "Distrito": "1º", "Lote": "I", "Name_2": "Ponto 1127", "description_2": "Velocidade: 8km/h<br>06/07/2026 00:11:28", "layer": "TUN3B98", "path": "C:/KMLs/Estevao/05-07-2026/Coleta/Trajeto_TUN3B98.kml|layername=Trajeto|geometrytype=Point|uniqueGeometryType=yes", "Velocidade": 8.0, "Data": "2026-07-06", "hora": "00:11:28", "Rota": "ROTA 600 (NOITE) - Bar dos Cavalheiros - Domingo", "Turno": "Noite", "Dias_da_semana": [ "dom" ], "Hit_Rate": 16.67, "Status": "Baixo hit rate", "Bloco": "Domingo" }, "geometry": { "type": "MultiLineString", "coordinates": [ [ [ 671715.834464434185065, 7479280.119713736698031 ], [ 671718.532224626746029, 7479257.165162751451135 ], [ 671719.399264932377264, 7479237.586864387616515 ], [ 671719.367038652533665, 7479220.21147090010345 ] ] ] } },
{ "type": "Feature", "properties": { "id": "Bar_dos_Cavalheiros.161", "id_trecho": 3, "Name": "Avenida Covanca", "description": null, "Extensao_m": 53.9776457664099, "Bairro_logradouros": "Bar dos Cavalheiros", "Bairro_rotas": "Bar dos Cavalheiros", "Distrito": "1º", "Lote": "I", "Name_2": "Ponto 1128", "description_2": "Velocidade: 0km/h<br>06/07/2026 00:12:08", "layer": "TUN3B98", "path": "C:/KMLs/Estevao/05-07-2026/Coleta/Trajeto_TUN3B98.kml|layername=Trajeto|geometrytype=Point|uniqueGeometryType=yes", "Velocidade": 0.0, "Data": "2026-07-06", "hora": "00:12:08", "Rota": "ROTA 600 (NOITE) - Bar dos Cavalheiros - Domingo", "Turno": "Noite", "Dias_da_semana": [ "dom" ], "Hit_Rate": 50.0, "Status": "Baixo hit rate", "Bloco": "Domingo" }, "geometry": { "type": "MultiLineString", "coordinates": [ [ [ 671674.254824118572287, 7479432.541922335512936 ], [ 671687.461060825618915, 7479418.970413451083004 ], [ 671693.143604660290293, 7479409.326791099272668 ], [ 671696.85078270744998, 7479400.259224500507116 ], [ 671700.229019499383867, 7479386.621644073165953 ] ] ] } },
{ "type": "Feature", "properties": { "id": "Bar_dos_Cavalheiros.161", "id_trecho": 2, "Name": "Avenida Covanca", "description": null, "Extensao_m": 70.681435726244132, "Bairro_logradouros": "Bar dos Cavalheiros", "Bairro_rotas": "Bar dos Cavalheiros", "Distrito": "1º", "Lote": "I", "Name_2": "Ponto 1145", "description_2": "Velocidade: 8km/h<br>06/07/2026 00:17:22", "layer": "TUN3B98", "path": "C:/KMLs/Estevao/05-07-2026/Coleta/Trajeto_TUN3B98.kml|layername=Trajeto|geometrytype=Point|uniqueGeometryType=yes", "Velocidade": 8.0, "Data": "2026-07-06", "hora": "00:17:22", "Rota": "ROTA 600 (NOITE) - Bar dos Cavalheiros - Domingo", "Turno": "Noite", "Dias_da_semana": [ "dom" ], "Hit_Rate": 50.0, "Status": "Baixo hit rate", "Bloco": "Domingo" }, "geometry": { "type": "MultiLineString", "coordinates": [ [ [ 671615.60079268598929, 7479469.905567293055356 ], [ 671634.953175851609558, 7479464.072100158780813 ], [ 671649.704471465665847, 7479453.63937059417367 ], [ 671660.769215527921915, 7479445.020209675654769 ], [ 671674.254824118572287, 7479432.541922335512936 ] ] ] } },
{ "type": "Feature", "properties": { "id": "Bar_dos_Cavalheiros.161", "id_trecho": 5, "Name": "Avenida Covanca", "description": null, "Extensao_m": 95.415214412536656, "Bairro_logradouros": "Bar dos Cavalheiros", "Bairro_rotas": "Bar dos Cavalheiros", "Distrito": "1º", "Lote": "I", "Name_2": "Ponto 1150", "description_2": "Velocidade: 0km/h<br>06/07/2026 00:18:22", "layer": "TUN3B98", "path": "C:/KMLs/Estevao/05-07-2026/Coleta/Trajeto_TUN3B98.kml|layername=Trajeto|geometrytype=Point|uniqueGeometryType=yes", "Velocidade": 0.0, "Data": "2026-07-06", "hora": "00:18:22", "Rota": "ROTA 600 (NOITE) - Bar dos Cavalheiros - Domingo", "Turno": "Noite", "Dias_da_semana": [ "dom" ], "Hit_Rate": 50.0, "Status": "Baixo hit rate", "Bloco": "Domingo" }, "geometry": { "type": "MultiLineString", "coordinates": [ [ [ 671702.146018613711931, 7479374.528855886310339 ], [ 671711.627532262471505, 7479314.90773107111454 ], [ 671715.834464434185065, 7479280.119713736698031 ] ] ] } },
{ "type": "Feature", "properties": { "id": "Bar_dos_Cavalheiros.161", "id_trecho": 8, "Name": "Avenida Covanca", "description": null, "Extensao_m": 98.05259453199298, "Bairro_logradouros": "Bar dos Cavalheiros", "Bairro_rotas": "Bar dos Cavalheiros", "Distrito": "1º", "Lote": "I", "Name_2": "Ponto 1156", "description_2": "Velocidade: 15km/h<br>06/07/2026 00:22:22", "layer": "TUN3B98", "path": "C:/KMLs/Estevao/05-07-2026/Coleta/Trajeto_TUN3B98.kml|layername=Trajeto|geometrytype=Point|uniqueGeometryType=yes", "Velocidade": 15.0, "Data": "2026-07-06", "hora": "00:22:22", "Rota": "ROTA 600 (NOITE) - Bar dos Cavalheiros - Domingo", "Turno": "Noite", "Dias_da_semana": [ "dom" ], "Hit_Rate": 16.67, "Status": "Baixo hit rate", "Bloco": "Domingo" }, "geometry": { "type": "MultiLineString", "coordinates": [ [ [ 671717.123904585372657, 7479184.400032425299287 ], [ 671716.604830696247518, 7479158.480695258826017 ], [ 671718.581596861709841, 7479138.059261245653033 ], [ 671721.562684433767572, 7479122.000860761851072 ], [ 671725.943747215438634, 7479107.155883407220244 ], [ 671729.126556915114634, 7479097.130755724385381 ], [ 671732.056191923446022, 7479088.326676858589053 ] ] ] } },
{ "type": "Feature", "properties": { "id": "Bar_dos_Cavalheiros.164", "id_trecho": 111, "Name": "Avenida Nilo Peçanha", "description": null, "Extensao_m": 77.08959762929382, "Bairro_logradouros": "Bar dos Cavalheiros", "Bairro_rotas": "Centro", "Distrito": "1º", "Lote": "I", "Name_2": "Ponto 1159", "description_2": "Velocidade: 19km/h<br>06/07/2026 00:22:53", "layer": "TUN3B98", "path": "C:/KMLs/Estevao/05-07-2026/Coleta/Trajeto_TUN3B98.kml|layername=Trajeto|geometrytype=Point|uniqueGeometryType=yes", "Velocidade": 19.0, "Data": "2026-07-06", "hora": "00:22:53", "Rota": "ROTA 600 (NOITE) - Centro - Domingo", "Turno": "Noite", "Dias_da_semana": [ "dom" ], "Hit_Rate": 50.0, "Status": "Baixo hit rate", "Bloco": "Domingo" }, "geometry": { "type": "MultiLineString", "coordinates": [ [ [ 671736.051103837555274, 7478976.717788239941001 ], [ 671728.926559491315857, 7478975.967804203741252 ], [ 671723.847805222147144, 7478973.611032941378653 ], [ 671719.566509739612229, 7478970.946230094879866 ], [ 671715.200308638624847, 7478964.406339994631708 ], [ 671711.945834647514857, 7478955.384278371930122 ], [ 671720.603254060028121, 7478944.588459382764995 ], [ 671723.675123183988035, 7478942.006593534722924 ], [ 671724.826788788661361, 7478940.332402635365725 ], [ 671728.649902536300942, 7478936.080874319188297 ], [ 671730.699304074863903, 7478932.070898922160268 ], [ 671732.869115436216816, 7478920.551104008220136 ] ] ] } },
{ "type": "Feature", "properties": { "id": "Bar_dos_Cavalheiros.164", "id_trecho": 115, "Name": "Avenida Nilo Peçanha", "description": null, "Extensao_m": 68.954735484520654, "Bairro_logradouros": "Bar dos Cavalheiros", "Bairro_rotas": "Centro", "Distrito": "1º", "Lote": "I", "Name_2": "Ponto 1165", "description_2": "Velocidade: 24km/h<br>06/07/2026 00:23:07", "layer": "TUN3B98", "path": "C:/KMLs/Estevao/05-07-2026/Coleta/Trajeto_TUN3B98.kml|layername=Trajeto|geometrytype=Point|uniqueGeometryType=yes", "Velocidade": 24.0, "Data": "2026-07-06", "hora": "00:23:07", "Rota": "ROTA 600 (NOITE) - Centro - Domingo", "Turno": "Noite", "Dias_da_semana": [ "dom" ], "Hit_Rate": 50.0, "Status": "Baixo hit rate", "Bloco": "Domingo" }, "geometry": { "type": "MultiLineString", "coordinates": [ [ [ 671765.145104168332182, 7478971.571250198408961 ], [ 671770.83262163377367, 7478972.370700804516673 ], [ 671783.617754549952224, 7478972.447517680004239 ], [ 671801.862884430447593, 7478971.366164822131395 ], [ 671833.976579848327674, 7478969.917398881167173 ] ] ] } },
{ "type": "Feature", "properties": { "id": "Bar_dos_Cavalheiros.164", "id_trecho": 116, "Name": "Avenida Nilo Peçanha", "description": null, "Extensao_m": 72.697131625339352, "Bairro_logradouros": "Bar dos Cavalheiros", "Bairro_rotas": "Centro", "Distrito": "1º", "Lote": "I", "Name_2": "Ponto 1167", "description_2": "Velocidade: 19km/h<br>06/07/2026 00:23:22", "layer": "TUN3B98", "path": "C:/KMLs/Estevao/05-07-2026/Coleta/Trajeto_TUN3B98.kml|layername=Trajeto|geometrytype=Point|uniqueGeometryType=yes", "Velocidade": 19.0, "Data": "2026-07-06", "hora": "00:23:22", "Rota": "ROTA 600 (NOITE) - Centro - Domingo", "Turno": "Noite", "Dias_da_semana": [ "dom" ], "Hit_Rate": 33.33, "Status": "Baixo hit rate", "Bloco": "Domingo" }, "geometry": { "type": "MultiLineString", "coordinates": [ [ [ 671833.976579848327674, 7478969.917398881167173 ], [ 671849.16459771245718, 7478969.092081526294351 ], [ 671860.093756994814612, 7478969.400258189067245 ], [ 671871.372891634819098, 7478970.690088705159724 ], [ 671882.564917060546577, 7478974.26222944073379 ], [ 671892.568742153933272, 7478979.907660244032741 ], [ 671902.380773244658485, 7478986.751295138150454 ] ] ] } },
{ "type": "Feature", "properties": { "id": "Bar_dos_Cavalheiros.164", "id_trecho": 117, "Name": "Avenida Nilo Peçanha", "description": null, "Extensao_m": 113.26131326010662, "Bairro_logradouros": "Bar dos Cavalheiros", "Bairro_rotas": "Centro", "Distrito": "1º", "Lote": "I", "Name_2": "Ponto 1168", "description_2": "Velocidade: 4km/h<br>06/07/2026 00:23:45", "layer": "TUN3B98", "path": "C:/KMLs/Estevao/05-07-2026/Coleta/Trajeto_TUN3B98.kml|layername=Trajeto|geometrytype=Point|uniqueGeometryType=yes", "Velocidade": 4.0, "Data": "2026-07-06", "hora": "00:23:45", "Rota": "ROTA 600 (NOITE) - Centro - Domingo", "Turno": "Noite", "Dias_da_semana": [ "dom" ], "Hit_Rate": 50.0, "Status": "Baixo hit rate", "Bloco": "Domingo" }, "geometry": { "type": "MultiLineString", "coordinates": [ [ [ 671902.380773244658485, 7478986.751295138150454 ], [ 671922.102471820428036, 7479004.523906586691737 ], [ 671938.814870540052652, 7479019.517673877067864 ], [ 671948.199756362824701, 7479027.628605330362916 ], [ 671961.80813549971208, 7479036.920952754095197 ], [ 671971.260362589731812, 7479042.816222371533513 ], [ 671990.819743224419653, 7479057.124296371825039 ] ] ] } },
{ "type": "Feature", "properties": { "id": "Centro.3", "id_trecho": 964, "Name": "Avenida Nilo Peçanha", "description": null, "Extensao_m": 38.841862421845505, "Bairro_logradouros": "Centro", "Bairro_rotas": "Centro", "Distrito": "1º", "Lote": "I", "Name_2": "Ponto 1190", "description_2": "Velocidade: 0km/h<br>06/07/2026 00:28:49", "layer": "TUN3B98", "path": "C:/KMLs/Estevao/05-07-2026/Coleta/Trajeto_TUN3B98.kml|layername=Trajeto|geometrytype=Point|uniqueGeometryType=yes", "Velocidade": 0.0, "Data": "2026-07-06", "hora": "00:28:49", "Rota": "ROTA 600 (NOITE) - Centro - Domingo", "Turno": "Noite", "Dias_da_semana": [ "dom" ], "Hit_Rate": 50.0, "Status": "Baixo hit rate", "Bloco": "Domingo" }, "geometry": { "type": "MultiLineString", "coordinates": [ [ [ 672582.695854314486496, 7479291.37811928242445 ], [ 672600.655369868385606, 7479309.622402598150074 ], [ 672611.218917169026099, 7479317.603995168581605 ] ] ] } },
{ "type": "Feature", "properties": { "id": "Centro.3", "id_trecho": 965, "Name": "Avenida Nilo Peçanha", "description": null, "Extensao_m": 11.411627129875727, "Bairro_logradouros": "Centro", "Bairro_rotas": "Centro", "Distrito": "1º", "Lote": "I", "Name_2": "Ponto 1191", "description_2": "Velocidade: 15km/h<br>06/07/2026 00:29:04", "layer": "TUN3B98", "path": "C:/KMLs/Estevao/05-07-2026/Coleta/Trajeto_TUN3B98.kml|layername=Trajeto|geometrytype=Point|uniqueGeometryType=yes", "Velocidade": 15.0, "Data": "2026-07-06", "hora": "00:29:04", "Rota": "ROTA 600 (NOITE) - Centro - Domingo", "Turno": "Noite", "Dias_da_semana": [ "dom" ], "Hit_Rate": 33.33, "Status": "Baixo hit rate", "Bloco": "Domingo" }, "geometry": { "type": "MultiLineString", "coordinates": [ [ [ 672612.851814929861575, 7479318.523673331364989 ], [ 672623.356880803359672, 7479322.980188118293881 ] ] ] } },
{ "type": "Feature", "properties": { "id": "Centro.3", "id_trecho": 968, "Name": "Avenida Nilo Peçanha", "description": null, "Extensao_m": 126.22193300658083, "Bairro_logradouros": "Centro", "Bairro_rotas": "Centro", "Distrito": "1º", "Lote": "I", "Name_2": "Ponto 1200", "description_2": "Velocidade: 7km/h<br>06/07/2026 00:30:42", "layer": "TUN3B98", "path": "C:/KMLs/Estevao/05-07-2026/Coleta/Trajeto_TUN3B98.kml|layername=Trajeto|geometrytype=Point|uniqueGeometryType=yes", "Velocidade": 7.0, "Data": "2026-07-06", "hora": "00:30:42", "Rota": "ROTA 600 (NOITE) - Centro - Domingo", "Turno": "Noite", "Dias_da_semana": [ "dom" ], "Hit_Rate": 66.67, "Status": "Validado", "Bloco": "Domingo" }, "geometry": { "type": "MultiLineString", "coordinates": [ [ [ 672667.134637891431339, 7479318.589893585070968 ], [ 672693.625381826772355, 7479303.005839135497808 ], [ 672771.647496968740597, 7479247.964019177481532 ] ] ] } },
{ "type": "Feature", "properties": { "id": "Centro.3", "id_trecho": 969, "Name": "Avenida Nilo Peçanha", "description": null, "Extensao_m": 101.99588817314707, "Bairro_logradouros": "Centro", "Bairro_rotas": "Centro", "Distrito": "1º", "Lote": "I", "Name_2": "Ponto 1201", "description_2": "Velocidade: 0km/h<br>06/07/2026 00:31:22", "layer": "TUN3B98", "path": "C:/KMLs/Estevao/05-07-2026/Coleta/Trajeto_TUN3B98.kml|layername=Trajeto|geometrytype=Point|uniqueGeometryType=yes", "Velocidade": 0.0, "Data": "2026-07-06", "hora": "00:31:22", "Rota": "ROTA 600 (NOITE) - Centro - Domingo", "Turno": "Noite", "Dias_da_semana": [ "dom" ], "Hit_Rate": 66.67, "Status": "Validado", "Bloco": "Domingo" }, "geometry": { "type": "MultiLineString", "coordinates": [ [ [ 672771.647496968740597, 7479247.964019177481532 ], [ 672778.844051735242829, 7479244.194323034025729 ], [ 672860.906270523788407, 7479198.618993422016501 ] ] ] } },
{ "type": "Feature", "properties": { "id": "Centro.3", "id_trecho": 971, "Name": "Avenida Nilo Peçanha", "description": null, "Extensao_m": 54.573546103686354, "Bairro_logradouros": "Centro", "Bairro_rotas": "Centro", "Distrito": "1º", "Lote": "I", "Name_2": "Ponto 1208", "description_2": "Velocidade: 16km/h<br>06/07/2026 00:34:07", "layer": "TUN3B98", "path": "C:/KMLs/Estevao/05-07-2026/Coleta/Trajeto_TUN3B98.kml|layername=Trajeto|geometrytype=Point|uniqueGeometryType=yes", "Velocidade": 16.0, "Data": "2026-07-06", "hora": "00:34:07", "Rota": "ROTA 600 (NOITE) - Centro - Domingo", "Turno": "Noite", "Dias_da_semana": [ "dom" ], "Hit_Rate": 66.67, "Status": "Validado", "Bloco": "Domingo" }, "geometry": { "type": "MultiLineString", "coordinates": [ [ [ 672903.757741436245851, 7479176.092815263196826 ], [ 672952.648028918541968, 7479151.847614273428917 ] ] ] } },
{ "type": "Feature", "properties": { "id": "Centro.3", "id_trecho": 972, "Name": "Avenida Nilo Peçanha", "description": null, "Extensao_m": 78.377405303662755, "Bairro_logradouros": "Centro", "Bairro_rotas": "Centro", "Distrito": "1º", "Lote": "I", "Name_2": "Ponto 1210", "description_2": "Velocidade: 4km/h<br>06/07/2026 00:34:15", "layer": "TUN3B98", "path": "C:/KMLs/Estevao/05-07-2026/Coleta/Trajeto_TUN3B98.kml|layername=Trajeto|geometrytype=Point|uniqueGeometryType=yes", "Velocidade": 4.0, "Data": "2026-07-06", "hora": "00:34:15", "Rota": "ROTA 600 (NOITE) - Centro - Domingo", "Turno": "Noite", "Dias_da_semana": [ "dom" ], "Hit_Rate": 66.67, "Status": "Validado", "Bloco": "Domingo" }, "geometry": { "type": "MultiLineString", "coordinates": [ [ [ 672952.648028918541968, 7479151.847614273428917 ], [ 673022.753412195248529, 7479116.806485249660909 ] ] ] } },
{ "type": "Feature", "properties": { "id": "Centro.3", "id_trecho": 973, "Name": "Avenida Nilo Peçanha", "description": null, "Extensao_m": 32.475707232043931, "Bairro_logradouros": "Centro", "Bairro_rotas": "Centro", "Distrito": "1º", "Lote": "I", "Name_2": "Ponto 1218", "description_2": "Velocidade: 0km/h<br>06/07/2026 00:36:09", "layer": "TUN3B98", "path": "C:/KMLs/Estevao/05-07-2026/Coleta/Trajeto_TUN3B98.kml|layername=Trajeto|geometrytype=Point|uniqueGeometryType=yes", "Velocidade": 0.0, "Data": "2026-07-06", "hora": "00:36:09", "Rota": "ROTA 600 (NOITE) - Centro - Domingo", "Turno": "Noite", "Dias_da_semana": [ "dom" ], "Hit_Rate": 50.0, "Status": "Baixo hit rate", "Bloco": "Domingo" }, "geometry": { "type": "MultiLineString", "coordinates": [ [ [ 673022.753412195248529, 7479116.806485249660909 ], [ 673051.497690133051947, 7479101.694417408667505 ] ] ] } },
{ "type": "Feature", "properties": { "id": "Centro.3", "id_trecho": 974, "Name": "Avenida Nilo Peçanha", "description": null, "Extensao_m": 56.160965791115942, "Bairro_logradouros": "Centro", "Bairro_rotas": "Centro", "Distrito": "1º", "Lote": "I", "Name_2": "Ponto 1222", "description_2": "Velocidade: 8km/h<br>06/07/2026 00:37:18", "layer": "TUN3B98", "path": "C:/KMLs/Estevao/05-07-2026/Coleta/Trajeto_TUN3B98.kml|layername=Trajeto|geometrytype=Point|uniqueGeometryType=yes", "Velocidade": 8.0, "Data": "2026-07-06", "hora": "00:37:18", "Rota": "ROTA 600 (NOITE) - Centro - Domingo", "Turno": "Noite", "Dias_da_semana": [ "dom" ], "Hit_Rate": 66.67, "Status": "Validado", "Bloco": "Domingo" }, "geometry": { "type": "MultiLineString", "coordinates": [ [ [ 673051.497690133051947, 7479101.694417408667505 ], [ 673082.489908357849345, 7479090.111574228852987 ], [ 673104.445521513000131, 7479083.017206005752087 ] ] ] } },
{ "type": "Feature", "properties": { "id": "Centro.3", "id_trecho": 975, "Name": "Avenida Nilo Peçanha", "description": null, "Extensao_m": 62.420745917785595, "Bairro_logradouros": "Centro", "Bairro_rotas": "Centro", "Distrito": "1º", "Lote": "I", "Name_2": "Ponto 1226", "description_2": "Velocidade: 0km/h<br>06/07/2026 00:38:22", "layer": "TUN3B98", "path": "C:/KMLs/Estevao/05-07-2026/Coleta/Trajeto_TUN3B98.kml|layername=Trajeto|geometrytype=Point|uniqueGeometryType=yes", "Velocidade": 0.0, "Data": "2026-07-06", "hora": "00:38:22", "Rota": "ROTA 600 (NOITE) - Centro - Domingo", "Turno": "Noite", "Dias_da_semana": [ "dom" ], "Hit_Rate": 66.67, "Status": "Validado", "Bloco": "Domingo" }, "geometry": { "type": "MultiLineString", "coordinates": [ [ [ 673104.445521513000131, 7479083.017206005752087 ], [ 673166.372482454869896, 7479090.838324291631579 ] ] ] } },
{ "type": "Feature", "properties": { "id": "Centro.147", "id_trecho": 882, "Name": "Avenida Doutor Manoel Teles", "description": null, "Extensao_m": 82.053375428200056, "Bairro_logradouros": "Centro", "Bairro_rotas": "Centro", "Distrito": "1º", "Lote": "I", "Name_2": "Ponto 1248", "description_2": "Velocidade: 0km/h<br>06/07/2026 00:42:06", "layer": "TUN3B98", "path": "C:/KMLs/Estevao/05-07-2026/Coleta/Trajeto_TUN3B98.kml|layername=Trajeto|geometrytype=Point|uniqueGeometryType=yes", "Velocidade": 0.0, "Data": "2026-07-06", "hora": "00:42:06", "Rota": "ROTA 600 (NOITE) - Centro - Domingo", "Turno": "Noite", "Dias_da_semana": [ "dom" ], "Hit_Rate": 50.0, "Status": "Baixo hit rate", "Bloco": "Domingo" }, "geometry": { "type": "MultiLineString", "coordinates": [ [ [ 673153.520772145013325, 7478615.036132233217359 ], [ 673091.128576731309295, 7478561.748514400795102 ] ] ] } },
{ "type": "Feature", "properties": { "id": "Centro.150", "id_trecho": 887, "Name": "Avenida Doutor Manoel Teles", "description": null, "Extensao_m": 68.214675893319352, "Bairro_logradouros": "Centro", "Bairro_rotas": "Centro", "Distrito": "1º", "Lote": "I", "Name_2": "Ponto 1262", "description_2": "Velocidade: 10km/h<br>06/07/2026 00:47:36", "layer": "TUN3B98", "path": "C:/KMLs/Estevao/05-07-2026/Coleta/Trajeto_TUN3B98.kml|layername=Trajeto|geometrytype=Point|uniqueGeometryType=yes", "Velocidade": 10.0, "Data": "2026-07-06", "hora": "00:47:36", "Rota": "ROTA 600 (NOITE) - Centro - Domingo", "Turno": "Noite", "Dias_da_semana": [ "dom" ], "Hit_Rate": 66.67, "Status": "Validado", "Bloco": "Domingo" }, "geometry": { "type": "MultiLineString", "coordinates": [ [ [ 673244.953480128548108, 7478377.894863467663527 ], [ 673236.169854438165203, 7478368.48257961217314 ], [ 673211.27123464026954, 7478355.134048455394804 ], [ 673187.928918785066344, 7478341.391186401247978 ] ] ] } },
{ "type": "Feature", "properties": { "id": "Centro.151", "id_trecho": 1272, "Name": "Rua Piratini", "description": null, "Extensao_m": 117.70906688190377, "Bairro_logradouros": "Centro", "Bairro_rotas": "Centro", "Distrito": "1º", "Lote": "I", "Name_2": "Ponto 1263", "description_2": "Velocidade: 16km/h<br>06/07/2026 00:47:39", "layer": "TUN3B98", "path": "C:/KMLs/Estevao/05-07-2026/Coleta/Trajeto_TUN3B98.kml|layername=Trajeto|geometrytype=Point|uniqueGeometryType=yes", "Velocidade": 16.0, "Data": "2026-07-06", "hora": "00:47:39", "Rota": "ROTA 600 (NOITE) - Centro - Domingo", "Turno": "Noite", "Dias_da_semana": [ "dom" ], "Hit_Rate": 83.33, "Status": "Validado", "Bloco": "Domingo" }, "geometry": { "type": "MultiLineString", "coordinates": [ [ [ 673351.69179703167174, 7478424.662382094189525 ], [ 673269.423774376162328, 7478383.363637681119144 ], [ 673258.723466056166217, 7478378.790204394608736 ], [ 673256.147150552715175, 7478377.977952862158418 ], [ 673253.162563815480098, 7478377.380777375772595 ], [ 673249.627866220427677, 7478377.16641454026103 ], [ 673244.953901389730163, 7478377.895314884372056 ] ] ] } },
{ "type": "Feature", "properties": { "id": "Centro.151", "id_trecho": 1286, "Name": "Rua Piratini", "description": null, "Extensao_m": 85.619675340312611, "Bairro_logradouros": "Centro", "Bairro_rotas": "Centro", "Distrito": "1º", "Lote": "I", "Name_2": "Ponto 1265", "description_2": "Velocidade: 25km/h<br>06/07/2026 00:48:19", "layer": "TUN3B98", "path": "C:/KMLs/Estevao/05-07-2026/Coleta/Trajeto_TUN3B98.kml|layername=Trajeto|geometrytype=Point|uniqueGeometryType=yes", "Velocidade": 25.0, "Data": "2026-07-06", "hora": "00:48:19", "Rota": "ROTA 600 (NOITE) - Centro - Domingo", "Turno": "Noite", "Dias_da_semana": [ "dom" ], "Hit_Rate": 66.67, "Status": "Validado", "Bloco": "Domingo" }, "geometry": { "type": "MultiLineString", "coordinates": [ [ [ 673357.876922569237649, 7478423.185270485468209 ], [ 673369.357936678919941, 7478428.67997972201556 ], [ 673396.109316400485113, 7478441.497675211168826 ], [ 673399.597993116592988, 7478443.074696882627904 ], [ 673404.053022877313197, 7478444.751422075554729 ], [ 673408.921784523292445, 7478445.792171260342002 ], [ 673412.495925868628547, 7478445.862078983336687 ], [ 673416.183780723600648, 7478445.100097573362291 ], [ 673419.86328457982745, 7478443.607292339205742 ], [ 673423.768044627737254, 7478441.159503483213484 ], [ 673434.128263159072958, 7478432.137202050536871 ] ] ] } },
{ "type": "Feature", "properties": { "id": "Parque_Duque.129", "id_trecho": 3725, "Name": "Avenida Brigadeiro Lima e Silva", "description": null, "Extensao_m": 94.164589083278088, "Bairro_logradouros": "Parque Duque", "Bairro_rotas": "Vinte e Cinco de Agosto", "Distrito": "1º", "Lote": "I", "Name_2": "Ponto 252", "description_2": "Velocidade: 30km/h<br>05/07/2026 17:23:27", "layer": "TTI9B27", "path": "C:/KMLs/Estevao/05-07-2026/Coleta/Trajeto_TTI9B27.kml|layername=Trajeto|geometrytype=Point|uniqueGeometryType=yes", "Velocidade": 30.0, "Data": "2026-07-05", "hora": "17:23:27", "Rota": "ROTA 610 (NOITE) - Vinte e Cinco de Agosto - Domingo", "Turno": "Noite", "Dias_da_semana": [ "dom" ], "Hit_Rate": 83.33, "Status": "Validado", "Bloco": "Domingo" }, "geometry": { "type": "MultiLineString", "coordinates": [ [ [ 675325.642825739923865, 7477462.238337071612477 ], [ 675276.722833430976607, 7477542.696049647405744 ] ] ] } },
{ "type": "Feature", "properties": { "id": "Parque_Duque.56", "id_trecho": 4004, "Name": "Rua 14 de Julho", "description": null, "Extensao_m": 28.854482813798199, "Bairro_logradouros": "Parque Duque", "Bairro_rotas": "Parque Duque", "Distrito": "1º", "Lote": "I", "Name_2": "Ponto 386", "description_2": "Velocidade: 0km/h<br>05/07/2026 22:14:35", "layer": "TTI9B27", "path": "C:/KMLs/Estevao/05-07-2026/Coleta/Trajeto_TTI9B27.kml|layername=Trajeto|geometrytype=Point|uniqueGeometryType=yes", "Velocidade": 0.0, "Data": "2026-07-05", "hora": "22:14:35", "Rota": "ROTA 610 (NOITE) - Parque Duque - Domingo", "Turno": "Noite", "Dias_da_semana": [ "dom" ], "Hit_Rate": 66.67, "Status": "Validado", "Bloco": "Domingo" }, "geometry": { "type": "MultiLineString", "coordinates": [ [ [ 675647.493994579417631, 7480052.583769328892231 ], [ 675667.380680497968569, 7480073.489979170262814 ] ] ] } },
{ "type": "Feature", "properties": { "id": "Vila_Sao_Luis.3", "id_trecho": 7076, "Name": "Rua Albino Imparato", "description": null, "Extensao_m": 89.067315861840513, "Bairro_logradouros": "Vila Sao Luis", "Bairro_rotas": "Parque Duque", "Distrito": "1º", "Lote": "I", "Name_2": "Ponto 419", "description_2": "Velocidade: 10km/h<br>05/07/2026 22:29:44", "layer": "TTI9B27", "path": "C:/KMLs/Estevao/05-07-2026/Coleta/Trajeto_TTI9B27.kml|layername=Trajeto|geometrytype=Point|uniqueGeometryType=yes", "Velocidade": 10.0, "Data": "2026-07-05", "hora": "22:29:44", "Rota": "ROTA 610 (NOITE) - Parque Duque - Domingo", "Turno": "Noite", "Dias_da_semana": [ "dom" ], "Hit_Rate": 100.0, "Status": "Validado", "Bloco": "Domingo" }, "geometry": { "type": "MultiLineString", "coordinates": [ [ [ 674978.949127855128609, 7479384.061696985736489 ], [ 675038.931765270070173, 7479395.432941494509578 ], [ 675066.432036563986912, 7479400.775480304844677 ] ] ] } },
{ "type": "Feature", "properties": { "id": "Vila_Sao_Luis.3", "id_trecho": 7073, "Name": "Rua Albino Imparato", "description": null, "Extensao_m": 50.001438864583314, "Bairro_logradouros": "Vila Sao Luis", "Bairro_rotas": "Parque Duque", "Distrito": "1º", "Lote": "I", "Name_2": "Ponto 432", "description_2": "Velocidade: 10km/h<br>05/07/2026 22:35:34", "layer": "TTI9B27", "path": "C:/KMLs/Estevao/05-07-2026/Coleta/Trajeto_TTI9B27.kml|layername=Trajeto|geometrytype=Point|uniqueGeometryType=yes", "Velocidade": 10.0, "Data": "2026-07-05", "hora": "22:35:34", "Rota": "ROTA 610 (NOITE) - Parque Duque - Domingo", "Turno": "Noite", "Dias_da_semana": [ "dom" ], "Hit_Rate": 66.67, "Status": "Validado", "Bloco": "Domingo" }, "geometry": { "type": "MultiLineString", "coordinates": [ [ [ 674658.110952416434884, 7479320.7347920704633 ], [ 674663.563218352501281, 7479315.334124241024256 ], [ 674671.341367905610241, 7479309.485862308181822 ], [ 674680.303513146238402, 7479304.797879371792078 ], [ 674691.547463269205764, 7479300.294053832069039 ], [ 674701.787387932650745, 7479298.670088638551533 ] ] ] } },
{ "type": "Feature", "properties": { "id": "Vila_Sao_Luis.3", "id_trecho": 7077, "Name": "Rua Albino Imparato", "description": null, "Extensao_m": 119.98242794241102, "Bairro_logradouros": "Vila Sao Luis", "Bairro_rotas": "Parque Duque", "Distrito": "1º", "Lote": "I", "Name_2": "Ponto 434", "description_2": "Velocidade: 0km/h<br>05/07/2026 22:37:35", "layer": "TTI9B27", "path": "C:/KMLs/Estevao/05-07-2026/Coleta/Trajeto_TTI9B27.kml|layername=Trajeto|geometrytype=Point|uniqueGeometryType=yes", "Velocidade": 0.0, "Data": "2026-07-05", "hora": "22:37:35", "Rota": "ROTA 610 (NOITE) - Parque Duque - Domingo", "Turno": "Noite", "Dias_da_semana": [ "dom" ], "Hit_Rate": 83.33, "Status": "Validado", "Bloco": "Domingo" }, "geometry": { "type": "MultiLineString", "coordinates": [ [ [ 674576.722102114930749, 7479678.587986135855317 ], [ 674586.206150398007594, 7479604.724118117243052 ], [ 674591.075307392165996, 7479559.47598360478878 ] ] ] } },
{ "type": "Feature", "properties": { "id": "Vila_Sao_Luis.19", "id_trecho": 7167, "Name": "Rua Itamaracá", "description": null, "Extensao_m": 112.23832714186504, "Bairro_logradouros": "Vila Sao Luis", "Bairro_rotas": "Vila São Luis", "Distrito": "1º", "Lote": "I", "Name_2": "Ponto 443", "description_2": "Velocidade: 11km/h<br>05/07/2026 22:40:34", "layer": "TTI9B27", "path": "C:/KMLs/Estevao/05-07-2026/Coleta/Trajeto_TTI9B27.kml|layername=Trajeto|geometrytype=Point|uniqueGeometryType=yes", "Velocidade": 11.0, "Data": "2026-07-05", "hora": "22:40:34", "Rota": "ROTA 610 (NOITE) - Vila São Luís - Domingo", "Turno": "Noite", "Dias_da_semana": [ "dom" ], "Hit_Rate": 16.67, "Status": "Baixo hit rate", "Bloco": "Domingo" }, "geometry": { "type": "MultiLineString", "coordinates": [ [ [ 674588.952275439514779, 7479979.204582383856177 ], [ 674655.408036828157492, 7480069.650629915297031 ] ] ] } },
{ "type": "Feature", "properties": { "id": "Vila_Sao_Luis.19", "id_trecho": 7168, "Name": "Rua Itamaracá", "description": null, "Extensao_m": 59.467088121392401, "Bairro_logradouros": "Vila Sao Luis", "Bairro_rotas": "Vila São Luis", "Distrito": "1º", "Lote": "I", "Name_2": "Ponto 444", "description_2": "Velocidade: 4km/h<br>05/07/2026 22:41:08", "layer": "TTI9B27", "path": "C:/KMLs/Estevao/05-07-2026/Coleta/Trajeto_TTI9B27.kml|layername=Trajeto|geometrytype=Point|uniqueGeometryType=yes", "Velocidade": 4.0, "Data": "2026-07-05", "hora": "22:41:08", "Rota": "ROTA 610 (NOITE) - Vila São Luís - Domingo", "Turno": "Noite", "Dias_da_semana": [ "dom" ], "Hit_Rate": 50.0, "Status": "Baixo hit rate", "Bloco": "Domingo" }, "geometry": { "type": "MultiLineString", "coordinates": [ [ [ 674655.408036828157492, 7480069.650629915297031 ], [ 674690.628609029459767, 7480117.563914272002876 ] ] ] } },
{ "type": "Feature", "properties": { "id": "Vila_Sao_Luis.56", "id_trecho": 7038, "Name": "Avenida Presidente Tancredo Neves", "description": null, "Extensao_m": 60.912356310037168, "Bairro_logradouros": "Vila Sao Luis", "Bairro_rotas": "Vila São Luis", "Distrito": "1º", "Lote": "I", "Name_2": "Ponto 560", "description_2": "Velocidade: 0km/h<br>05/07/2026 23:18:10", "layer": "TTI9B27", "path": "C:/KMLs/Estevao/05-07-2026/Coleta/Trajeto_TTI9B27.kml|layername=Trajeto|geometrytype=Point|uniqueGeometryType=yes", "Velocidade": 0.0, "Data": "2026-07-05", "hora": "23:18:10", "Rota": "ROTA 610 (NOITE) - Vila São Luís - Domingo", "Turno": "Noite", "Dias_da_semana": [ "dom" ], "Hit_Rate": 33.33, "Status": "Baixo hit rate", "Bloco": "Domingo" }, "geometry": { "type": "MultiLineString", "coordinates": [ [ [ 674439.484550016932189, 7480296.834817420691252 ], [ 674402.655497910454869, 7480248.31928442325443 ] ] ] } },
{ "type": "Feature", "properties": { "id": "Centro.81", "id_trecho": 908, "Name": "Avenida Duque de Caxias", "description": null, "Extensao_m": 47.529639767038688, "Bairro_logradouros": "Centro", "Bairro_rotas": "Centro", "Distrito": "1º", "Lote": "I", "Name_2": "Ponto 574", "description_2": "Velocidade: 19km/h<br>05/07/2026 23:39:38", "layer": "TTI9B27", "path": "C:/KMLs/Estevao/05-07-2026/Coleta/Trajeto_TTI9B27.kml|layername=Trajeto|geometrytype=Point|uniqueGeometryType=yes", "Velocidade": 19.0, "Data": "2026-07-05", "hora": "23:39:38", "Rota": "ROTA 610 (NOITE) - Centro - Domingo", "Turno": "Noite", "Dias_da_semana": [ "dom" ], "Hit_Rate": 83.33, "Status": "Validado", "Bloco": "Domingo" }, "geometry": { "type": "MultiLineString", "coordinates": [ [ [ 674062.311857588239945, 7479608.47577596642077 ], [ 674020.294324035989121, 7479586.261432033032179 ] ] ] } },
{ "type": "Feature", "properties": { "id": "Centro.81", "id_trecho": 898, "Name": "Avenida Duque de Caxias", "description": null, "Extensao_m": 42.328070414284291, "Bairro_logradouros": "Centro", "Bairro_rotas": "Centro", "Distrito": "1º", "Lote": "I", "Name_2": "Ponto 575", "description_2": "Velocidade: 0km/h<br>05/07/2026 23:39:56", "layer": "TTI9B27", "path": "C:/KMLs/Estevao/05-07-2026/Coleta/Trajeto_TTI9B27.kml|layername=Trajeto|geometrytype=Point|uniqueGeometryType=yes", "Velocidade": 0.0, "Data": "2026-07-05", "hora": "23:39:56", "Rota": "ROTA 610 (NOITE) - Centro - Domingo", "Turno": "Noite", "Dias_da_semana": [ "dom" ], "Hit_Rate": 83.33, "Status": "Validado", "Bloco": "Domingo" }, "geometry": { "type": "MultiLineString", "coordinates": [ [ [ 674020.294324035989121, 7479586.261432033032179 ], [ 673983.20508724427782, 7479565.866307865828276 ] ] ] } },
{ "type": "Feature", "properties": { "id": "Centro.67", "id_trecho": 866, "Name": "Avenida Brigadeiro Lima e Silva", "description": null, "Extensao_m": 228.23708467741866, "Bairro_logradouros": "Centro", "Bairro_rotas": "Vinte e Cinco de Agosto", "Distrito": "1º", "Lote": "I", "Name_2": "Ponto 726", "description_2": "Velocidade: 20km/h<br>06/07/2026 00:34:21", "layer": "TTI9B27", "path": "C:/KMLs/Estevao/05-07-2026/Coleta/Trajeto_TTI9B27.kml|layername=Trajeto|geometrytype=Point|uniqueGeometryType=yes", "Velocidade": 20.0, "Data": "2026-07-06", "hora": "00:34:21", "Rota": "ROTA 610 (NOITE) - Vinte e Cinco de Agosto - Domingo", "Turno": "Noite", "Dias_da_semana": [ "dom" ], "Hit_Rate": 83.33, "Status": "Validado", "Bloco": "Domingo" }, "geometry": { "type": "MultiLineString", "coordinates": [ [ [ 673946.043945990386419, 7478629.309244655072689 ], [ 673933.062868232140318, 7478637.430813167244196 ], [ 673893.398616640246473, 7478661.850596288219094 ], [ 673784.633799238596112, 7478727.151393923908472 ], [ 673752.6454659239389, 7478750.28683852031827 ] ] ] } },
{ "type": "Feature", "properties": { "id": "Centro.132", "id_trecho": 938, "Name": "Avenida Governador Leonel de Moura Brizola", "description": null, "Extensao_m": 35.968577849932004, "Bairro_logradouros": "Centro", "Bairro_rotas": "Centro", "Distrito": "1º", "Lote": "I", "Name_2": "Ponto 390", "description_2": "Velocidade: 26km/h<br>05/07/2026 19:05:22", "layer": "TTW7E72", "path": "C:/KMLs/Estevao/05-07-2026/Coleta/Trajeto_TTW7E72.kml|layername=Trajeto|geometrytype=Point|uniqueGeometryType=yes", "Velocidade": 26.0, "Data": "2026-07-05", "hora": "19:05:22", "Rota": "ROTA 600 (NOITE) - Centro - Domingo", "Turno": "Noite", "Dias_da_semana": [ "dom" ], "Hit_Rate": 50.0, "Status": "Baixo hit rate", "Bloco": "Domingo" }, "geometry": { "type": "MultiLineString", "coordinates": [ [ [ 673417.644554181722924, 7478832.691513271071017 ], [ 673436.208490767283365, 7478824.472546568140388 ], [ 673440.332845746772364, 7478824.159634452313185 ], [ 673444.741245713434182, 7478824.441499553620815 ], [ 673450.972315635997802, 7478827.869848440401256 ] ] ] } },
{ "type": "Feature", "properties": { "id": "Gramacho.224", "id_trecho": 2054, "Name": "Avenida República do Paraguai", "description": null, "Extensao_m": 43.90366036872426, "Bairro_logradouros": "Gramacho", "Bairro_rotas": "Gramacho", "Distrito": "1º", "Lote": "I", "Name_2": "Ponto 646", "description_2": "Velocidade: 23km/h<br>05/07/2026 21:57:28", "layer": "TUN3B98", "path": "C:/KMLs/Estevao/05-07-2026/Coleta/Trajeto_TUN3B98.kml|layername=Trajeto|geometrytype=Point|uniqueGeometryType=yes", "Velocidade": 23.0, "Data": "2026-07-05", "hora": "21:57:28", "Rota": "ROTA 600 (NOITE) - Gramacho - Domingo", "Turno": "Noite", "Dias_da_semana": [ "dom" ], "Hit_Rate": 33.33, "Status": "Baixo hit rate", "Bloco": "Domingo" }, "geometry": { "type": "MultiLineString", "coordinates": [ [ [ 675099.426641166210175, 7482828.508256406523287 ], [ 675094.32759235939011, 7482846.851061400026083 ], [ 675090.469007948995568, 7482858.745264114812016 ], [ 675085.866008105920628, 7482870.216128516942263 ] ] ] } },
{ "type": "Feature", "properties": { "id": "Centro.22", "id_trecho": 1320, "Name": "Rua Sebastião de Oliveira", "description": null, "Extensao_m": 112.94669232155105, "Bairro_logradouros": "Centro", "Bairro_rotas": "Centro", "Distrito": "1º", "Lote": "I", "Name_2": "Ponto 1059", "description_2": "Velocidade: 18km/h<br>05/07/2026 23:53:17", "layer": "TUN3B98", "path": "C:/KMLs/Estevao/05-07-2026/Coleta/Trajeto_TUN3B98.kml|layername=Trajeto|geometrytype=Point|uniqueGeometryType=yes", "Velocidade": 18.0, "Data": "2026-07-05", "hora": "23:53:17", "Rota": "ROTA 600 (NOITE) - Centro - Domingo", "Turno": "Noite", "Dias_da_semana": [ "dom" ], "Hit_Rate": 33.33, "Status": "Baixo hit rate", "Bloco": "Domingo" }, "geometry": { "type": "MultiLineString", "coordinates": [ [ [ 673186.679534591268748, 7479184.075441349297762 ], [ 673122.691401256248355, 7479198.150006035342813 ], [ 673076.372379249194637, 7479208.335070108063519 ] ] ] } },
{ "type": "Feature", "properties": { "id": "Vila_Sao_Luis.19", "id_trecho": 7163, "Name": "Rua Itamaracá", "description": null, "Extensao_m": 20.259441349044327, "Bairro_logradouros": "Vila Sao Luis", "Bairro_rotas": "Vila São Luis", "Distrito": "1º", "Lote": "I", "Name_2": "Ponto 858", "description_2": "Velocidade: 17km/h<br>12/07/2026 22:01:17", "layer": "TTW7E72", "path": "C:/KMLs/Estevao/12-07-2026/Coleta/Trajeto_TTW7E72.kml|layername=Trajeto|geometrytype=Point|uniqueGeometryType=yes", "Velocidade": 17.0, "Data": "2026-07-12", "hora": "22:01:17", "Rota": "ROTA 610 (NOITE) - Vila São Luís - Domingo", "Turno": "Noite", "Dias_da_semana": [ "dom" ], "Hit_Rate": 16.67, "Status": "Baixo hit rate", "Bloco": "Domingo" }, "geometry": { "type": "MultiLineString", "coordinates": [ [ [ 674412.072660276666284, 7479739.501469953916967 ], [ 674427.544469134882092, 7479752.580012451857328 ] ] ] } },
{ "type": "Feature", "properties": { "id": "Vinte_e_Cinco_de_Agosto.58", "id_trecho": 7451, "Name": "Rua General Venâncio Flores", "description": null, "Extensao_m": 40.039822842712525, "Bairro_logradouros": "Vinte e Cinco de Agosto", "Bairro_rotas": "Vinte e Cinco de Agosto", "Distrito": "1º", "Lote": "I", "Name_2": "Ponto 951", "description_2": "Velocidade: 0km/h<br>12/07/2026 23:08:17", "layer": "TTW7E72", "path": "C:/KMLs/Estevao/12-07-2026/Coleta/Trajeto_TTW7E72.kml|layername=Trajeto|geometrytype=Point|uniqueGeometryType=yes", "Velocidade": 0.0, "Data": "2026-07-12", "hora": "23:08:17", "Rota": "ROTA 610 (NOITE) - Vinte e Cinco de Agosto - Domingo", "Turno": "Noite", "Dias_da_semana": [ "dom" ], "Hit_Rate": 33.33, "Status": "Baixo hit rate", "Bloco": "Domingo" }, "geometry": { "type": "MultiLineString", "coordinates": [ [ [ 674509.997426347574219, 7478524.381904170848429 ], [ 674545.812944593839347, 7478506.483296976424754 ] ] ] } },
{ "type": "Feature", "properties": { "id": "Vila_Sao_Luis.4", "id_trecho": 6970, "Name": "Avenida Brasil", "description": null, "Extensao_m": 208.84122093693949, "Bairro_logradouros": "Vila Sao Luis", "Bairro_rotas": "Vila São Luis", "Distrito": "1º", "Lote": "I", "Name_2": "Ponto 982", "description_2": "Velocidade: 0km/h<br>12/07/2026 23:31:14", "layer": "TTW7E72", "path": "C:/KMLs/Estevao/12-07-2026/Coleta/Trajeto_TTW7E72.kml|layername=Trajeto|geometrytype=Point|uniqueGeometryType=yes", "Velocidade": 0.0, "Data": "2026-07-12", "hora": "23:31:14", "Rota": "ROTA 610 (NOITE) - Vila São Luís - Domingo", "Turno": "Noite", "Dias_da_semana": [ "dom" ], "Hit_Rate": 66.67, "Status": "Validado", "Bloco": "Domingo" }, "geometry": { "type": "MultiLineString", "coordinates": [ [ [ 675159.186289689270779, 7480160.652088535018265 ], [ 675283.200876775546931, 7480031.641995604149997 ], [ 675303.912040277034976, 7480010.095413455739617 ] ] ] } },
{ "type": "Feature", "properties": { "id": "Vinte_e_Cinco_de_Agosto.32", "id_trecho": 7517, "Name": "Rua Passos da Pátria", "description": null, "Extensao_m": 74.945855584632056, "Bairro_logradouros": "Vinte e Cinco de Agosto", "Bairro_rotas": "Vinte e Cinco de Agosto", "Distrito": "1º", "Lote": "I", "Name_2": "Ponto 1091", "description_2": "Velocidade: 11km/h<br>13/07/2026 00:41:32", "layer": "TTW7E72", "path": "C:/KMLs/Estevao/12-07-2026/Coleta/Trajeto_TTW7E72.kml|layername=Trajeto|geometrytype=Point|uniqueGeometryType=yes", "Velocidade": 11.0, "Data": "2026-07-13", "hora": "00:41:32", "Rota": "ROTA 610 (NOITE) - Vinte e Cinco de Agosto - Domingo", "Turno": "Noite", "Dias_da_semana": [ "dom" ], "Hit_Rate": 66.67, "Status": "Validado", "Bloco": "Domingo" }, "geometry": { "type": "MultiLineString", "coordinates": [ [ [ 674019.609559696400538, 7478757.86017413623631 ], [ 673984.563818581867963, 7478691.61528112180531 ] ] ] } },
{ "type": "Feature", "properties": { "id": "Parque_Duque.189", "id_trecho": 4294, "Name": "Rua Marechal Bento Manoel", "description": null, "Extensao_m": 38.258244094637021, "Bairro_logradouros": "Parque Duque", "Bairro_rotas": "Vinte e Cinco de Agosto", "Distrito": "1º", "Lote": "I", "Name_2": "Ponto 1114", "description_2": "Velocidade: 16km/h<br>13/07/2026 00:51:36", "layer": "TTW7E72", "path": "C:/KMLs/Estevao/12-07-2026/Coleta/Trajeto_TTW7E72.kml|layername=Trajeto|geometrytype=Point|uniqueGeometryType=yes", "Velocidade": 16.0, "Data": "2026-07-13", "hora": "00:51:36", "Rota": "ROTA 600 (NOITE) - Vinte e Cinco de Agosto - Domingo", "Turno": "Noite", "Dias_da_semana": [ "dom" ], "Hit_Rate": 83.33, "Status": "Validado", "Bloco": "Domingo" }, "geometry": { "type": "MultiLineString", "coordinates": [ [ [ 674666.201053887140006, 7478719.03720461577177 ], [ 674681.75467763422057, 7478730.364715099334717 ], [ 674697.808683156268671, 7478740.55684445053339 ] ] ] } },
{ "type": "Feature", "properties": { "id": "Parque_Duque.189", "id_trecho": 4294, "Name": "Rua Marechal Bento Manoel", "description": null, "Extensao_m": 38.258244094637021, "Bairro_logradouros": "Parque Duque", "Bairro_rotas": "Vinte e Cinco de Agosto", "Distrito": "1º", "Lote": "I", "Name_2": "Ponto 1114", "description_2": "Velocidade: 16km/h<br>13/07/2026 00:51:36", "layer": "TTW7E72", "path": "C:/KMLs/Estevao/12-07-2026/Coleta/Trajeto_TTW7E72.kml|layername=Trajeto|geometrytype=Point|uniqueGeometryType=yes", "Velocidade": 16.0, "Data": "2026-07-13", "hora": "00:51:36", "Rota": "ROTA 610 (NOITE) - Vinte e Cinco de Agosto - Domingo", "Turno": "Noite", "Dias_da_semana": [ "dom" ], "Hit_Rate": 83.33, "Status": "Validado", "Bloco": "Domingo" }, "geometry": { "type": "MultiLineString", "coordinates": [ [ [ 674666.201053887140006, 7478719.03720461577177 ], [ 674681.75467763422057, 7478730.364715099334717 ], [ 674697.808683156268671, 7478740.55684445053339 ] ] ] } },
{ "type": "Feature", "properties": { "id": "Parque_Fluminense.175", "id_trecho": 4718, "Name": "Avenida Governador Leonel de Moura Brizola", "description": null, "Extensao_m": 84.410273615242673, "Bairro_logradouros": "Parque Fluminense", "Bairro_rotas": "Centro", "Distrito": "2º", "Lote": "I", "Name_2": "Ponto 1550", "description_2": "Velocidade: 6km/h<br>12/07/2026 22:01:35", "layer": "TUN3B98", "path": "C:/KMLs/Estevao/12-07-2026/Coleta/Trajeto_TUN3B98.kml|layername=Trajeto|geometrytype=Point|uniqueGeometryType=yes", "Velocidade": 6.0, "Data": "2026-07-12", "hora": "22:01:35", "Rota": "ROTA 600 (NOITE) - Centro - Domingo", "Turno": "Noite", "Dias_da_semana": [ "dom" ], "Hit_Rate": 50.0, "Status": "Baixo hit rate", "Bloco": "Domingo" }, "geometry": { "type": "MultiLineString", "coordinates": [ [ [ 672819.977212255005725, 7486237.78256425075233 ], [ 672893.07652923418209, 7486195.578956060111523 ] ] ] } },
{ "type": "Feature", "properties": { "id": "Parque_Fluminense.175", "id_trecho": 4732, "Name": "Avenida Governador Leonel de Moura Brizola", "description": null, "Extensao_m": 209.09200358693244, "Bairro_logradouros": "Parque Fluminense", "Bairro_rotas": "Centro", "Distrito": "2º", "Lote": "I", "Name_2": "Ponto 1633", "description_2": "Velocidade: 0km/h<br>12/07/2026 22:26:12", "layer": "TUN3B98", "path": "C:/KMLs/Estevao/12-07-2026/Coleta/Trajeto_TUN3B98.kml|layername=Trajeto|geometrytype=Point|uniqueGeometryType=yes", "Velocidade": 0.0, "Data": "2026-07-12", "hora": "22:26:12", "Rota": "ROTA 600 (NOITE) - Centro - Domingo", "Turno": "Noite", "Dias_da_semana": [ "dom" ], "Hit_Rate": 50.0, "Status": "Baixo hit rate", "Bloco": "Domingo" }, "geometry": { "type": "MultiLineString", "coordinates": [ [ [ 673604.793472044053487, 7484210.605925281532109 ], [ 673561.436071905074641, 7484415.147305575199425 ] ] ] } },
{ "type": "Feature", "properties": { "id": "Centro.7", "id_trecho": 874, "Name": "Avenida Doutor Manoel Reis", "description": null, "Extensao_m": 12.099736887014899, "Bairro_logradouros": "Centro", "Bairro_rotas": "Centro", "Distrito": "1º", "Lote": "I", "Name_2": "Ponto 1748", "description_2": "Velocidade: 12km/h<br>12/07/2026 23:10:19", "layer": "TUN3B98", "path": "C:/KMLs/Estevao/12-07-2026/Coleta/Trajeto_TUN3B98.kml|layername=Trajeto|geometrytype=Point|uniqueGeometryType=yes", "Velocidade": 12.0, "Data": "2026-07-12", "hora": "23:10:19", "Rota": "ROTA 600 (NOITE) - Centro - Domingo", "Turno": "Noite", "Dias_da_semana": [ "dom" ], "Hit_Rate": 33.33, "Status": "Baixo hit rate", "Bloco": "Domingo" }, "geometry": { "type": "MultiLineString", "coordinates": [ [ [ 673652.922724940464832, 7479878.349179657176137 ], [ 673664.316048938781023, 7479874.276370722800493 ] ] ] } },
{ "type": "Feature", "properties": { "id": "Centro.3", "id_trecho": 970, "Name": "Avenida Nilo Peçanha", "description": null, "Extensao_m": 48.413028956337278, "Bairro_logradouros": "Centro", "Bairro_rotas": "Centro", "Distrito": "1º", "Lote": "I", "Name_2": "Ponto 1907", "description_2": "Velocidade: 16km/h<br>13/07/2026 00:07:57", "layer": "TUN3B98", "path": "C:/KMLs/Estevao/12-07-2026/Coleta/Trajeto_TUN3B98.kml|layername=Trajeto|geometrytype=Point|uniqueGeometryType=yes", "Velocidade": 16.0, "Data": "2026-07-13", "hora": "00:07:57", "Rota": "ROTA 600 (NOITE) - Centro - Domingo", "Turno": "Noite", "Dias_da_semana": [ "dom" ], "Hit_Rate": 33.33, "Status": "Baixo hit rate", "Bloco": "Domingo" }, "geometry": { "type": "MultiLineString", "coordinates": [ [ [ 672860.906270523788407, 7479198.618993422016501 ], [ 672903.757741436245851, 7479176.092815263196826 ] ] ] } },
{ "type": "Feature", "properties": { "id": "Centro.151", "id_trecho": 1283, "Name": "Rua Piratini", "description": null, "Extensao_m": 43.635335185483385, "Bairro_logradouros": "Centro", "Bairro_rotas": "Centro", "Distrito": "1º", "Lote": "I", "Name_2": "Ponto 2027", "description_2": "Velocidade: 9km/h<br>13/07/2026 00:45:00", "layer": "TUN3B98", "path": "C:/KMLs/Estevao/12-07-2026/Coleta/Trajeto_TUN3B98.kml|layername=Trajeto|geometrytype=Point|uniqueGeometryType=yes", "Velocidade": 9.0, "Data": "2026-07-13", "hora": "00:45:00", "Rota": "ROTA 600 (NOITE) - Centro - Domingo", "Turno": "Noite", "Dias_da_semana": [ "dom" ], "Hit_Rate": 16.67, "Status": "Baixo hit rate", "Bloco": "Domingo" }, "geometry": { "type": "MultiLineString", "coordinates": [ [ [ 673396.507163607166149, 7478448.459002123214304 ], [ 673393.533221921301447, 7478446.997918713837862 ], [ 673367.074367467779666, 7478434.61985737644136 ], [ 673357.009144538082182, 7478429.91741428244859 ] ] ] } },
{ "type": "Feature", "properties": { "id": "Vinte_e_Cinco_de_Agosto.75", "id_trecho": 7480, "Name": "Rua Marechal Floriano", "description": null, "Extensao_m": 169.19458734230864, "Bairro_logradouros": "Vinte e Cinco de Agosto", "Bairro_rotas": "Vinte e Cinco de Agosto", "Distrito": "1º", "Lote": "I", "Name_2": "Ponto 1210", "description_2": "Velocidade: 14km/h<br>12/07/2026 18:08:56", "layer": "TUS0I00", "path": "C:/KMLs/Estevao/12-07-2026/Coleta/Trajeto_TUS0I00.kml|layername=Trajeto|geometrytype=Point|uniqueGeometryType=yes", "Velocidade": 14.0, "Data": "2026-07-12", "hora": "18:08:56", "Rota": "ROTA 610 (NOITE) - Vinte e Cinco de Agosto - Domingo", "Turno": "Noite", "Dias_da_semana": [ "dom" ], "Hit_Rate": 50.0, "Status": "Baixo hit rate", "Bloco": "Domingo" }, "geometry": { "type": "MultiLineString", "coordinates": [ [ [ 673930.560454973136075, 7478551.676051497459412 ], [ 673973.150999435572885, 7478530.855051735416055 ], [ 674083.667447418090887, 7478479.696986988186836 ] ] ] } },
{ "type": "Feature", "properties": { "id": "Parque_Duque.56", "id_trecho": 4006, "Name": "Rua 14 de Julho", "description": null, "Extensao_m": 92.31791214781282, "Bairro_logradouros": "Parque Duque", "Bairro_rotas": "Parque Duque", "Distrito": "1º", "Lote": "I", "Name_2": "Ponto 786", "description_2": "Velocidade: 17km/h<br>12/07/2026 21:15:17", "layer": "TTW7E72", "path": "C:/KMLs/Estevao/12-07-2026/Coleta/Trajeto_TTW7E72.kml|layername=Trajeto|geometrytype=Point|uniqueGeometryType=yes", "Velocidade": 17.0, "Data": "2026-07-12", "hora": "21:15:17", "Rota": "ROTA 610 (NOITE) - Parque Duque - Domingo", "Turno": "Noite", "Dias_da_semana": [ "dom" ], "Hit_Rate": 66.67, "Status": "Validado", "Bloco": "Domingo" }, "geometry": { "type": "MultiLineString", "coordinates": [ [ [ 675904.741365597350523, 7480308.861870522610843 ], [ 675839.143651745398529, 7480243.906251752749085 ] ] ] } },
{ "type": "Feature", "properties": { "id": "Vila_Sao_Luis.2", "id_trecho": 6973, "Name": "Avenida Duque de Caxias", "description": null, "Extensao_m": 130.6728667010745, "Bairro_logradouros": "Vila Sao Luis", "Bairro_rotas": "Centro", "Distrito": "1º", "Lote": "I", "Name_2": "Ponto 852", "description_2": "Velocidade: 25km/h<br>12/07/2026 21:59:17", "layer": "TTW7E72", "path": "C:/KMLs/Estevao/12-07-2026/Coleta/Trajeto_TTW7E72.kml|layername=Trajeto|geometrytype=Point|uniqueGeometryType=yes", "Velocidade": 25.0, "Data": "2026-07-12", "hora": "21:59:17", "Rota": "ROTA 610 (NOITE) - Centro - Domingo", "Turno": "Noite", "Dias_da_semana": [ "dom" ], "Hit_Rate": 50.0, "Status": "Baixo hit rate", "Bloco": "Domingo" }, "geometry": { "type": "MultiLineString", "coordinates": [ [ [ 674094.034360405406915, 7479625.506021098233759 ], [ 674142.469818421755917, 7479649.358934979885817 ], [ 674166.605768955661915, 7479657.731346977874637 ], [ 674214.918828432331793, 7479674.475589720532298 ] ] ] } },
{ "type": "Feature", "properties": { "id": "Vila_Sao_Luis.2", "id_trecho": 6981, "Name": "Avenida Duque de Caxias", "description": null, "Extensao_m": 130.25208895130726, "Bairro_logradouros": "Vila Sao Luis", "Bairro_rotas": "Centro", "Distrito": "1º", "Lote": "I", "Name_2": "Ponto 853", "description_2": "Velocidade: 0km/h<br>12/07/2026 22:00:17", "layer": "TTW7E72", "path": "C:/KMLs/Estevao/12-07-2026/Coleta/Trajeto_TTW7E72.kml|layername=Trajeto|geometrytype=Point|uniqueGeometryType=yes", "Velocidade": 0.0, "Data": "2026-07-12", "hora": "22:00:17", "Rota": "ROTA 610 (NOITE) - Centro - Domingo", "Turno": "Noite", "Dias_da_semana": [ "dom" ], "Hit_Rate": 50.0, "Status": "Baixo hit rate", "Bloco": "Domingo" }, "geometry": { "type": "MultiLineString", "coordinates": [ [ [ 674362.225068362196907, 7479731.79832062497735 ], [ 674360.992643497418612, 7479731.590754333883524 ], [ 674359.228330014040694, 7479731.156162399798632 ], [ 674355.232678880449384, 7479729.962656220421195 ], [ 674345.554900492192246, 7479726.823216045275331 ], [ 674333.827404964249581, 7479722.905402272008359 ], [ 674320.569108026567847, 7479717.768136532045901 ], [ 674250.359809582820162, 7479689.487229180522263 ], [ 674240.809288455639035, 7479684.974242754280567 ] ] ] } },
{ "type": "Feature", "properties": { "id": "Vila_Sao_Luis.2", "id_trecho": 6976, "Name": "Avenida Duque de Caxias", "description": null, "Extensao_m": 47.40766363204164, "Bairro_logradouros": "Vila Sao Luis", "Bairro_rotas": "Centro", "Distrito": "1º", "Lote": "I", "Name_2": "Ponto 855", "description_2": "Velocidade: 19km/h<br>12/07/2026 22:00:41", "layer": "TTW7E72", "path": "C:/KMLs/Estevao/12-07-2026/Coleta/Trajeto_TTW7E72.kml|layername=Trajeto|geometrytype=Point|uniqueGeometryType=yes", "Velocidade": 19.0, "Data": "2026-07-12", "hora": "22:00:41", "Rota": "ROTA 610 (NOITE) - Centro - Domingo", "Turno": "Noite", "Dias_da_semana": [ "dom" ], "Hit_Rate": 50.0, "Status": "Baixo hit rate", "Bloco": "Domingo" }, "geometry": { "type": "MultiLineString", "coordinates": [ [ [ 674365.156910642632283, 7479732.69780396297574 ], [ 674412.072660276666284, 7479739.501469953916967 ] ] ] } },
{ "type": "Feature", "properties": { "id": "Vila_Sao_Luis.19", "id_trecho": 7164, "Name": "Rua Itamaracá", "description": null, "Extensao_m": 58.265103722047535, "Bairro_logradouros": "Vila Sao Luis", "Bairro_rotas": "Vila São Luis", "Distrito": "1º", "Lote": "I", "Name_2": "Ponto 859", "description_2": "Velocidade: 8km/h<br>12/07/2026 22:01:36", "layer": "TTW7E72", "path": "C:/KMLs/Estevao/12-07-2026/Coleta/Trajeto_TTW7E72.kml|layername=Trajeto|geometrytype=Point|uniqueGeometryType=yes", "Velocidade": 8.0, "Data": "2026-07-12", "hora": "22:01:36", "Rota": "ROTA 610 (NOITE) - Vila São Luís - Domingo", "Turno": "Noite", "Dias_da_semana": [ "dom" ], "Hit_Rate": 33.33, "Status": "Baixo hit rate", "Bloco": "Domingo" }, "geometry": { "type": "MultiLineString", "coordinates": [ [ [ 674427.544469134882092, 7479752.580012451857328 ], [ 674461.942172269104049, 7479799.606144797056913 ] ] ] } },
{ "type": "Feature", "properties": { "id": "Centro.81", "id_trecho": 901, "Name": "Avenida Duque de Caxias", "description": null, "Extensao_m": 93.964316153300587, "Bairro_logradouros": "Centro", "Bairro_rotas": "Centro", "Distrito": "1º", "Lote": "I", "Name_2": "Ponto 863", "description_2": "Velocidade: 10km/h<br>12/07/2026 22:04:34", "layer": "TTW7E72", "path": "C:/KMLs/Estevao/12-07-2026/Coleta/Trajeto_TTW7E72.kml|layername=Trajeto|geometrytype=Point|uniqueGeometryType=yes", "Velocidade": 10.0, "Data": "2026-07-12", "hora": "22:04:34", "Rota": "ROTA 610 (NOITE) - Centro - Domingo", "Turno": "Noite", "Dias_da_semana": [ "dom" ], "Hit_Rate": 83.33, "Status": "Validado", "Bloco": "Domingo" }, "geometry": { "type": "MultiLineString", "coordinates": [ [ [ 673899.902004471514374, 7479518.269804211333394 ], [ 673886.872219021664932, 7479510.334615361876786 ], [ 673878.531586854951456, 7479503.862931040115654 ], [ 673852.160489590605721, 7479482.303768076002598 ], [ 673826.396903345594183, 7479459.984541743062437 ] ] ] } },
{ "type": "Feature", "properties": { "id": "Vinte_e_Cinco_de_Agosto.79", "id_trecho": 7316, "Name": "Avenida Brigadeiro Lima e Silva", "description": null, "Extensao_m": 102.05712061861884, "Bairro_logradouros": "Vinte e Cinco de Agosto", "Bairro_rotas": "Vinte e Cinco de Agosto", "Distrito": "1º", "Lote": "I", "Name_2": "Ponto 914", "description_2": "Velocidade: 0km/h<br>12/07/2026 22:36:17", "layer": "TTW7E72", "path": "C:/KMLs/Estevao/12-07-2026/Coleta/Trajeto_TTW7E72.kml|layername=Trajeto|geometrytype=Point|uniqueGeometryType=yes", "Velocidade": 0.0, "Data": "2026-07-12", "hora": "22:36:17", "Rota": "ROTA 610 (NOITE) - Vinte e Cinco de Agosto - Domingo", "Turno": "Noite", "Dias_da_semana": [ "dom" ], "Hit_Rate": 50.0, "Status": "Baixo hit rate", "Bloco": "Domingo" }, "geometry": { "type": "MultiLineString", "coordinates": [ [ [ 674393.249145358568057, 7478418.278287798166275 ], [ 674300.933996348641813, 7478461.787592699751258 ] ] ] } },
{ "type": "Feature", "properties": { "id": "Vinte_e_Cinco_de_Agosto.79", "id_trecho": 7318, "Name": "Avenida Brigadeiro Lima e Silva", "description": null, "Extensao_m": 186.39234980520916, "Bairro_logradouros": "Vinte e Cinco de Agosto", "Bairro_rotas": "Vinte e Cinco de Agosto", "Distrito": "1º", "Lote": "I", "Name_2": "Ponto 915", "description_2": "Velocidade: 33km/h<br>12/07/2026 22:37:17", "layer": "TTW7E72", "path": "C:/KMLs/Estevao/12-07-2026/Coleta/Trajeto_TTW7E72.kml|layername=Trajeto|geometrytype=Point|uniqueGeometryType=yes", "Velocidade": 33.0, "Data": "2026-07-12", "hora": "22:37:17", "Rota": "ROTA 610 (NOITE) - Vinte e Cinco de Agosto - Domingo", "Turno": "Noite", "Dias_da_semana": [ "dom" ], "Hit_Rate": 50.0, "Status": "Baixo hit rate", "Bloco": "Domingo" }, "geometry": { "type": "MultiLineString", "coordinates": [ [ [ 674116.710473916609772, 7478548.58930884487927 ], [ 674017.400146467145532, 7478594.702005093917251 ], [ 673948.100914866663516, 7478628.022308863699436 ] ] ] } },
{ "type": "Feature", "properties": { "id": "Vinte_e_Cinco_de_Agosto.31", "id_trecho": 7371, "Name": "Rua Conde de Porto Alegre", "description": null, "Extensao_m": 201.21293750258616, "Bairro_logradouros": "Vinte e Cinco de Agosto", "Bairro_rotas": "Vinte e Cinco de Agosto", "Distrito": "1º", "Lote": "I", "Name_2": "Ponto 916", "description_2": "Velocidade: 52km/h<br>12/07/2026 22:38:17", "layer": "TTW7E72", "path": "C:/KMLs/Estevao/12-07-2026/Coleta/Trajeto_TTW7E72.kml|layername=Trajeto|geometrytype=Point|uniqueGeometryType=yes", "Velocidade": 52.0, "Data": "2026-07-12", "hora": "22:38:17", "Rota": "ROTA 610 (NOITE) - Vinte e Cinco de Agosto - Domingo", "Turno": "Noite", "Dias_da_semana": [ "dom" ], "Hit_Rate": 83.33, "Status": "Validado", "Bloco": "Domingo" }, "geometry": { "type": "MultiLineString", "coordinates": [ [ [ 673713.56047919834964, 7478798.454344542697072 ], [ 673689.115650278166868, 7478833.840331427752972 ], [ 673675.969116373918951, 7478855.558143118396401 ], [ 673659.287235789932311, 7478892.00726618245244 ], [ 673648.233706075814553, 7478923.139616907574236 ], [ 673645.481540964450687, 7478939.898336634039879 ], [ 673642.483267316012643, 7478982.500335773453116 ] ] ] } },
{ "type": "Feature", "properties": { "id": "Vinte_e_Cinco_de_Agosto.31", "id_trecho": 7375, "Name": "Rua Conde de Porto Alegre", "description": null, "Extensao_m": 44.171113388789628, "Bairro_logradouros": "Vinte e Cinco de Agosto", "Bairro_rotas": "Vinte e Cinco de Agosto", "Distrito": "1º", "Lote": "I", "Name_2": "Ponto 919", "description_2": "Velocidade: 0km/h<br>12/07/2026 22:41:17", "layer": "TTW7E72", "path": "C:/KMLs/Estevao/12-07-2026/Coleta/Trajeto_TTW7E72.kml|layername=Trajeto|geometrytype=Point|uniqueGeometryType=yes", "Velocidade": 0.0, "Data": "2026-07-12", "hora": "22:41:17", "Rota": "ROTA 610 (NOITE) - Vinte e Cinco de Agosto - Domingo", "Turno": "Noite", "Dias_da_semana": [ "dom" ], "Hit_Rate": 66.67, "Status": "Validado", "Bloco": "Domingo" }, "geometry": { "type": "MultiLineString", "coordinates": [ [ [ 673792.88893421064131, 7479320.632605104707181 ], [ 673826.349350247648545, 7479349.466324126347899 ] ] ] } },
{ "type": "Feature", "properties": { "id": "Vinte_e_Cinco_de_Agosto.34", "id_trecho": 7422, "Name": "Rua General Câmara", "description": null, "Extensao_m": 137.1818715415356, "Bairro_logradouros": "Vinte e Cinco de Agosto", "Bairro_rotas": "Vinte e Cinco de Agosto", "Distrito": "1º", "Lote": "I", "Name_2": "Ponto 920", "description_2": "Velocidade: 12km/h<br>12/07/2026 22:42:17", "layer": "TTW7E72", "path": "C:/KMLs/Estevao/12-07-2026/Coleta/Trajeto_TTW7E72.kml|layername=Trajeto|geometrytype=Point|uniqueGeometryType=yes", "Velocidade": 12.0, "Data": "2026-07-12", "hora": "22:42:17", "Rota": "ROTA 610 (NOITE) - Vinte e Cinco de Agosto - Domingo", "Turno": "Noite", "Dias_da_semana": [ "dom" ], "Hit_Rate": 66.67, "Status": "Validado", "Bloco": "Domingo" }, "geometry": { "type": "MultiLineString", "coordinates": [ [ [ 673883.826113902498037, 7479302.366205969825387 ], [ 673779.874039389658719, 7479212.857390274293721 ] ] ] } },
{ "type": "Feature", "properties": { "id": "Vinte_e_Cinco_de_Agosto.34", "id_trecho": 7425, "Name": "Rua General Câmara", "description": null, "Extensao_m": 138.04478201608293, "Bairro_logradouros": "Vinte e Cinco de Agosto", "Bairro_rotas": "Vinte e Cinco de Agosto", "Distrito": "1º", "Lote": "I", "Name_2": "Ponto 922", "description_2": "Velocidade: 13km/h<br>12/07/2026 22:44:17", "layer": "TTW7E72", "path": "C:/KMLs/Estevao/12-07-2026/Coleta/Trajeto_TTW7E72.kml|layername=Trajeto|geometrytype=Point|uniqueGeometryType=yes", "Velocidade": 13.0, "Data": "2026-07-12", "hora": "22:44:17", "Rota": "ROTA 610 (NOITE) - Vinte e Cinco de Agosto - Domingo", "Turno": "Noite", "Dias_da_semana": [ "dom" ], "Hit_Rate": 66.67, "Status": "Validado", "Bloco": "Domingo" }, "geometry": { "type": "MultiLineString", "coordinates": [ [ [ 673712.151439315872267, 7478976.825782645493746 ], [ 673713.685910593019798, 7478955.678021317347884 ], [ 673717.357982914661989, 7478935.5800268240273 ], [ 673725.483877344522625, 7478909.860571529716253 ], [ 673733.702506917295977, 7478892.246604833751917 ], [ 673743.810152237536386, 7478874.599936564452946 ], [ 673762.274243751890026, 7478851.386786729097366 ] ] ] } },
{ "type": "Feature", "properties": { "id": "Vinte_e_Cinco_de_Agosto.59", "id_trecho": 7474, "Name": "Rua Marechal Bento Manoel", "description": null, "Extensao_m": 199.12406196251032, "Bairro_logradouros": "Vinte e Cinco de Agosto", "Bairro_rotas": "Vinte e Cinco de Agosto", "Distrito": "1º", "Lote": "I", "Name_2": "Ponto 952", "description_2": "Velocidade: 29km/h<br>12/07/2026 23:09:17", "layer": "TTW7E72", "path": "C:/KMLs/Estevao/12-07-2026/Coleta/Trajeto_TTW7E72.kml|layername=Trajeto|geometrytype=Point|uniqueGeometryType=yes", "Velocidade": 29.0, "Data": "2026-07-12", "hora": "23:09:17", "Rota": "ROTA 600 (NOITE) - Vinte e Cinco de Agosto - Domingo", "Turno": "Noite", "Dias_da_semana": [ "dom" ], "Hit_Rate": 66.67, "Status": "Validado", "Bloco": "Domingo" }, "geometry": { "type": "MultiLineString", "coordinates": [ [ [ 674454.746061446378008, 7478551.407789171673357 ], [ 674463.343536690692417, 7478568.629605083726346 ], [ 674466.64536061999388, 7478574.483326708897948 ], [ 674470.569529543165118, 7478579.986582089215517 ], [ 674476.000535699306056, 7478585.262098261155188 ], [ 674483.501583463745192, 7478591.067545122466981 ], [ 674588.451758335344493, 7478664.005035864189267 ], [ 674606.010328728589229, 7478676.461311007849872 ] ] ] } },
{ "type": "Feature", "properties": { "id": "Vinte_e_Cinco_de_Agosto.59", "id_trecho": 7474, "Name": "Rua Marechal Bento Manoel", "description": null, "Extensao_m": 199.12406196251032, "Bairro_logradouros": "Vinte e Cinco de Agosto", "Bairro_rotas": "Vinte e Cinco de Agosto", "Distrito": "1º", "Lote": "I", "Name_2": "Ponto 952", "description_2": "Velocidade: 29km/h<br>12/07/2026 23:09:17", "layer": "TTW7E72", "path": "C:/KMLs/Estevao/12-07-2026/Coleta/Trajeto_TTW7E72.kml|layername=Trajeto|geometrytype=Point|uniqueGeometryType=yes", "Velocidade": 29.0, "Data": "2026-07-12", "hora": "23:09:17", "Rota": "ROTA 610 (NOITE) - Vinte e Cinco de Agosto - Domingo", "Turno": "Noite", "Dias_da_semana": [ "dom" ], "Hit_Rate": 66.67, "Status": "Validado", "Bloco": "Domingo" }, "geometry": { "type": "MultiLineString", "coordinates": [ [ [ 674454.746061446378008, 7478551.407789171673357 ], [ 674463.343536690692417, 7478568.629605083726346 ], [ 674466.64536061999388, 7478574.483326708897948 ], [ 674470.569529543165118, 7478579.986582089215517 ], [ 674476.000535699306056, 7478585.262098261155188 ], [ 674483.501583463745192, 7478591.067545122466981 ], [ 674588.451758335344493, 7478664.005035864189267 ], [ 674606.010328728589229, 7478676.461311007849872 ] ] ] } },
{ "type": "Feature", "properties": { "id": "Parque_Duque.189", "id_trecho": 4296, "Name": "Rua Marechal Bento Manoel", "description": null, "Extensao_m": 289.96780471897267, "Bairro_logradouros": "Parque Duque", "Bairro_rotas": "Vinte e Cinco de Agosto", "Distrito": "1º", "Lote": "I", "Name_2": "Ponto 957", "description_2": "Velocidade: 0km/h<br>12/07/2026 23:13:17", "layer": "TTW7E72", "path": "C:/KMLs/Estevao/12-07-2026/Coleta/Trajeto_TTW7E72.kml|layername=Trajeto|geometrytype=Point|uniqueGeometryType=yes", "Velocidade": 0.0, "Data": "2026-07-12", "hora": "23:13:17", "Rota": "ROTA 600 (NOITE) - Vinte e Cinco de Agosto - Domingo", "Turno": "Noite", "Dias_da_semana": [ "dom" ], "Hit_Rate": 83.33, "Status": "Validado", "Bloco": "Domingo" }, "geometry": { "type": "MultiLineString", "coordinates": [ [ [ 674716.573592234752141, 7478746.287920023314655 ], [ 674738.051235164282843, 7478748.609995784237981 ], [ 674777.799175910884514, 7478753.833643374964595 ], [ 674787.122128803166561, 7478755.542526556178927 ], [ 674793.579782247077674, 7478757.217951681464911 ], [ 674799.352980569354258, 7478759.200270155444741 ], [ 674808.1361128622666, 7478763.074902974069118 ], [ 674816.304367784643546, 7478767.056283789686859 ], [ 674824.757237645564601, 7478771.676709001883864 ], [ 674831.205400319653563, 7478775.201685551553965 ], [ 674853.728972286218777, 7478788.087794444523752 ], [ 674866.411121629877016, 7478795.262010261416435 ], [ 674982.118165475316346, 7478854.141247928142548 ] ] ] } },
{ "type": "Feature", "properties": { "id": "Parque_Duque.189", "id_trecho": 4296, "Name": "Rua Marechal Bento Manoel", "description": null, "Extensao_m": 289.96780471897267, "Bairro_logradouros": "Parque Duque", "Bairro_rotas": "Vinte e Cinco de Agosto", "Distrito": "1º", "Lote": "I", "Name_2": "Ponto 957", "description_2": "Velocidade: 0km/h<br>12/07/2026 23:13:17", "layer": "TTW7E72", "path": "C:/KMLs/Estevao/12-07-2026/Coleta/Trajeto_TTW7E72.kml|layername=Trajeto|geometrytype=Point|uniqueGeometryType=yes", "Velocidade": 0.0, "Data": "2026-07-12", "hora": "23:13:17", "Rota": "ROTA 610 (NOITE) - Vinte e Cinco de Agosto - Domingo", "Turno": "Noite", "Dias_da_semana": [ "dom" ], "Hit_Rate": 83.33, "Status": "Validado", "Bloco": "Domingo" }, "geometry": { "type": "MultiLineString", "coordinates": [ [ [ 674716.573592234752141, 7478746.287920023314655 ], [ 674738.051235164282843, 7478748.609995784237981 ], [ 674777.799175910884514, 7478753.833643374964595 ], [ 674787.122128803166561, 7478755.542526556178927 ], [ 674793.579782247077674, 7478757.217951681464911 ], [ 674799.352980569354258, 7478759.200270155444741 ], [ 674808.1361128622666, 7478763.074902974069118 ], [ 674816.304367784643546, 7478767.056283789686859 ], [ 674824.757237645564601, 7478771.676709001883864 ], [ 674831.205400319653563, 7478775.201685551553965 ], [ 674853.728972286218777, 7478788.087794444523752 ], [ 674866.411121629877016, 7478795.262010261416435 ], [ 674982.118165475316346, 7478854.141247928142548 ] ] ] } },
{ "type": "Feature", "properties": { "id": "Parque_Duque.189", "id_trecho": 4300, "Name": "Rua Marechal Bento Manoel", "description": null, "Extensao_m": 20.503469608272169, "Bairro_logradouros": "Parque Duque", "Bairro_rotas": "Vinte e Cinco de Agosto", "Distrito": "1º", "Lote": "I", "Name_2": "Ponto 962", "description_2": "Velocidade: 0km/h<br>12/07/2026 23:17:17", "layer": "TTW7E72", "path": "C:/KMLs/Estevao/12-07-2026/Coleta/Trajeto_TTW7E72.kml|layername=Trajeto|geometrytype=Point|uniqueGeometryType=yes", "Velocidade": 0.0, "Data": "2026-07-12", "hora": "23:17:17", "Rota": "ROTA 600 (NOITE) - Vinte e Cinco de Agosto - Domingo", "Turno": "Noite", "Dias_da_semana": [ "dom" ], "Hit_Rate": 33.33, "Status": "Baixo hit rate", "Bloco": "Domingo" }, "geometry": { "type": "MultiLineString", "coordinates": [ [ [ 675124.363647439633496, 7478928.439482713118196 ], [ 675141.639689197763801, 7478939.480901803821325 ] ] ] } },
{ "type": "Feature", "properties": { "id": "Parque_Duque.189", "id_trecho": 4300, "Name": "Rua Marechal Bento Manoel", "description": null, "Extensao_m": 20.503469608272169, "Bairro_logradouros": "Parque Duque", "Bairro_rotas": "Vinte e Cinco de Agosto", "Distrito": "1º", "Lote": "I", "Name_2": "Ponto 962", "description_2": "Velocidade: 0km/h<br>12/07/2026 23:17:17", "layer": "TTW7E72", "path": "C:/KMLs/Estevao/12-07-2026/Coleta/Trajeto_TTW7E72.kml|layername=Trajeto|geometrytype=Point|uniqueGeometryType=yes", "Velocidade": 0.0, "Data": "2026-07-12", "hora": "23:17:17", "Rota": "ROTA 610 (NOITE) - Vinte e Cinco de Agosto - Domingo", "Turno": "Noite", "Dias_da_semana": [ "dom" ], "Hit_Rate": 33.33, "Status": "Baixo hit rate", "Bloco": "Domingo" }, "geometry": { "type": "MultiLineString", "coordinates": [ [ [ 675124.363647439633496, 7478928.439482713118196 ], [ 675141.639689197763801, 7478939.480901803821325 ] ] ] } },
{ "type": "Feature", "properties": { "id": "Parque_Duque.189", "id_trecho": 4307, "Name": "Rua Marechal Bento Manoel", "description": null, "Extensao_m": 53.425933468488488, "Bairro_logradouros": "Parque Duque", "Bairro_rotas": "Vinte e Cinco de Agosto", "Distrito": "1º", "Lote": "I", "Name_2": "Ponto 966", "description_2": "Velocidade: 15km/h<br>12/07/2026 23:20:16", "layer": "TTW7E72", "path": "C:/KMLs/Estevao/12-07-2026/Coleta/Trajeto_TTW7E72.kml|layername=Trajeto|geometrytype=Point|uniqueGeometryType=yes", "Velocidade": 15.0, "Data": "2026-07-12", "hora": "23:20:16", "Rota": "ROTA 600 (NOITE) - Vinte e Cinco de Agosto - Domingo", "Turno": "Noite", "Dias_da_semana": [ "dom" ], "Hit_Rate": 66.67, "Status": "Validado", "Bloco": "Domingo" }, "geometry": { "type": "MultiLineString", "coordinates": [ [ [ 675288.809822343057021, 7479021.262710086070001 ], [ 675335.85573058668524, 7479046.578654889017344 ] ] ] } },
{ "type": "Feature", "properties": { "id": "Parque_Duque.189", "id_trecho": 4307, "Name": "Rua Marechal Bento Manoel", "description": null, "Extensao_m": 53.425933468488488, "Bairro_logradouros": "Parque Duque", "Bairro_rotas": "Vinte e Cinco de Agosto", "Distrito": "1º", "Lote": "I", "Name_2": "Ponto 966", "description_2": "Velocidade: 15km/h<br>12/07/2026 23:20:16", "layer": "TTW7E72", "path": "C:/KMLs/Estevao/12-07-2026/Coleta/Trajeto_TTW7E72.kml|layername=Trajeto|geometrytype=Point|uniqueGeometryType=yes", "Velocidade": 15.0, "Data": "2026-07-12", "hora": "23:20:16", "Rota": "ROTA 610 (NOITE) - Vinte e Cinco de Agosto - Domingo", "Turno": "Noite", "Dias_da_semana": [ "dom" ], "Hit_Rate": 66.67, "Status": "Validado", "Bloco": "Domingo" }, "geometry": { "type": "MultiLineString", "coordinates": [ [ [ 675288.809822343057021, 7479021.262710086070001 ], [ 675335.85573058668524, 7479046.578654889017344 ] ] ] } },
{ "type": "Feature", "properties": { "id": "Parque_Duque.189", "id_trecho": 4309, "Name": "Rua Marechal Bento Manoel", "description": null, "Extensao_m": 51.330682723582306, "Bairro_logradouros": "Parque Duque", "Bairro_rotas": "Vinte e Cinco de Agosto", "Distrito": "1º", "Lote": "I", "Name_2": "Ponto 968", "description_2": "Velocidade: 18km/h<br>12/07/2026 23:22:16", "layer": "TTW7E72", "path": "C:/KMLs/Estevao/12-07-2026/Coleta/Trajeto_TTW7E72.kml|layername=Trajeto|geometrytype=Point|uniqueGeometryType=yes", "Velocidade": 18.0, "Data": "2026-07-12", "hora": "23:22:16", "Rota": "ROTA 600 (NOITE) - Vinte e Cinco de Agosto - Domingo", "Turno": "Noite", "Dias_da_semana": [ "dom" ], "Hit_Rate": 50.0, "Status": "Baixo hit rate", "Bloco": "Domingo" }, "geometry": { "type": "MultiLineString", "coordinates": [ [ [ 675358.95603927411139, 7479059.534936368465424 ], [ 675392.849046040326357, 7479098.083575981669128 ] ] ] } },
{ "type": "Feature", "properties": { "id": "Parque_Duque.189", "id_trecho": 4309, "Name": "Rua Marechal Bento Manoel", "description": null, "Extensao_m": 51.330682723582306, "Bairro_logradouros": "Parque Duque", "Bairro_rotas": "Vinte e Cinco de Agosto", "Distrito": "1º", "Lote": "I", "Name_2": "Ponto 968", "description_2": "Velocidade: 18km/h<br>12/07/2026 23:22:16", "layer": "TTW7E72", "path": "C:/KMLs/Estevao/12-07-2026/Coleta/Trajeto_TTW7E72.kml|layername=Trajeto|geometrytype=Point|uniqueGeometryType=yes", "Velocidade": 18.0, "Data": "2026-07-12", "hora": "23:22:16", "Rota": "ROTA 610 (NOITE) - Vinte e Cinco de Agosto - Domingo", "Turno": "Noite", "Dias_da_semana": [ "dom" ], "Hit_Rate": 50.0, "Status": "Baixo hit rate", "Bloco": "Domingo" }, "geometry": { "type": "MultiLineString", "coordinates": [ [ [ 675358.95603927411139, 7479059.534936368465424 ], [ 675392.849046040326357, 7479098.083575981669128 ] ] ] } },
{ "type": "Feature", "properties": { "id": "Parque_Duque.140", "id_trecho": 3850, "Name": "Estrada São Vicente", "description": null, "Extensao_m": 69.235258702889027, "Bairro_logradouros": "Parque Duque", "Bairro_rotas": "Parque Duque", "Distrito": "1º", "Lote": "I", "Name_2": "Ponto 969", "description_2": "Velocidade: 0km/h<br>12/07/2026 23:23:16", "layer": "TTW7E72", "path": "C:/KMLs/Estevao/12-07-2026/Coleta/Trajeto_TTW7E72.kml|layername=Trajeto|geometrytype=Point|uniqueGeometryType=yes", "Velocidade": 0.0, "Data": "2026-07-12", "hora": "23:23:16", "Rota": "ROTA 600 (NOITE) - Parque Duque - Domingo", "Turno": "Noite", "Dias_da_semana": [ "dom" ], "Hit_Rate": 66.67, "Status": "Validado", "Bloco": "Domingo" }, "geometry": { "type": "MultiLineString", "coordinates": [ [ [ 675392.857115047401749, 7479098.092753371223807 ], [ 675432.57486865343526, 7479154.801048662513494 ] ] ] } },
{ "type": "Feature", "properties": { "id": "Parque_Duque.140", "id_trecho": 3850, "Name": "Estrada São Vicente", "description": null, "Extensao_m": 69.235258702889027, "Bairro_logradouros": "Parque Duque", "Bairro_rotas": "Parque Duque", "Distrito": "1º", "Lote": "I", "Name_2": "Ponto 969", "description_2": "Velocidade: 0km/h<br>12/07/2026 23:23:16", "layer": "TTW7E72", "path": "C:/KMLs/Estevao/12-07-2026/Coleta/Trajeto_TTW7E72.kml|layername=Trajeto|geometrytype=Point|uniqueGeometryType=yes", "Velocidade": 0.0, "Data": "2026-07-12", "hora": "23:23:16", "Rota": "ROTA 610 (NOITE) - Parque Duque - Domingo", "Turno": "Noite", "Dias_da_semana": [ "dom" ], "Hit_Rate": 66.67, "Status": "Validado", "Bloco": "Domingo" }, "geometry": { "type": "MultiLineString", "coordinates": [ [ [ 675392.857115047401749, 7479098.092753371223807 ], [ 675432.57486865343526, 7479154.801048662513494 ] ] ] } },
{ "type": "Feature", "properties": { "id": "Parque_Duque.132", "id_trecho": 3720, "Name": "Avenida Brasil", "description": null, "Extensao_m": 196.77261324488234, "Bairro_logradouros": "Parque Duque", "Bairro_rotas": "Vila São Luis", "Distrito": "1º", "Lote": "I", "Name_2": "Ponto 978", "description_2": "Velocidade: 0km/h<br>12/07/2026 23:28:17", "layer": "TTW7E72", "path": "C:/KMLs/Estevao/12-07-2026/Coleta/Trajeto_TTW7E72.kml|layername=Trajeto|geometrytype=Point|uniqueGeometryType=yes", "Velocidade": 0.0, "Data": "2026-07-12", "hora": "23:28:17", "Rota": "ROTA 610 (NOITE) - Vila São Luís - Domingo", "Turno": "Noite", "Dias_da_semana": [ "dom" ], "Hit_Rate": 50.0, "Status": "Baixo hit rate", "Bloco": "Domingo" }, "geometry": { "type": "MultiLineString", "coordinates": [ [ [ 675623.031869294471107, 7479688.467203927226365 ], [ 675484.056280513759702, 7479827.764572502113879 ] ] ] } },
{ "type": "Feature", "properties": { "id": "Parque_Duque.132", "id_trecho": 3721, "Name": "Avenida Brasil", "description": null, "Extensao_m": 43.514845626900723, "Bairro_logradouros": "Parque Duque", "Bairro_rotas": "Vila São Luis", "Distrito": "1º", "Lote": "I", "Name_2": "Ponto 980", "description_2": "Velocidade: 15km/h<br>12/07/2026 23:30:17", "layer": "TTW7E72", "path": "C:/KMLs/Estevao/12-07-2026/Coleta/Trajeto_TTW7E72.kml|layername=Trajeto|geometrytype=Point|uniqueGeometryType=yes", "Velocidade": 15.0, "Data": "2026-07-12", "hora": "23:30:17", "Rota": "ROTA 610 (NOITE) - Vila São Luís - Domingo", "Turno": "Noite", "Dias_da_semana": [ "dom" ], "Hit_Rate": 50.0, "Status": "Baixo hit rate", "Bloco": "Domingo" }, "geometry": { "type": "MultiLineString", "coordinates": [ [ [ 675484.056280513759702, 7479827.764572502113879 ], [ 675454.350034805014729, 7479859.560900842770934 ] ] ] } },
{ "type": "Feature", "properties": { "id": "Vila_Sao_Luis.4", "id_trecho": 6971, "Name": "Avenida Brasil", "description": null, "Extensao_m": 212.57132854269261, "Bairro_logradouros": "Vila Sao Luis", "Bairro_rotas": "Vila São Luis", "Distrito": "1º", "Lote": "I", "Name_2": "Ponto 981", "description_2": "Velocidade: 5km/h<br>12/07/2026 23:30:23", "layer": "TTW7E72", "path": "C:/KMLs/Estevao/12-07-2026/Coleta/Trajeto_TTW7E72.kml|layername=Trajeto|geometrytype=Point|uniqueGeometryType=yes", "Velocidade": 5.0, "Data": "2026-07-12", "hora": "23:30:23", "Rota": "ROTA 610 (NOITE) - Vila São Luís - Domingo", "Turno": "Noite", "Dias_da_semana": [ "dom" ], "Hit_Rate": 66.67, "Status": "Validado", "Bloco": "Domingo" }, "geometry": { "type": "MultiLineString", "coordinates": [ [ [ 675303.912040277034976, 7480010.095413455739617 ], [ 675453.137846992583945, 7479860.858376199379563 ], [ 675454.176873641088605, 7479859.746245348826051 ] ] ] } },
{ "type": "Feature", "properties": { "id": "Vila_Sao_Luis.49", "id_trecho": 7259, "Name": "Rua Prudente de Moraes", "description": null, "Extensao_m": 91.103278647489077, "Bairro_logradouros": "Vila Sao Luis", "Bairro_rotas": "Vila São Luis", "Distrito": "1º", "Lote": "I", "Name_2": "Ponto 998", "description_2": "Velocidade: 10km/h<br>12/07/2026 23:44:17", "layer": "TTW7E72", "path": "C:/KMLs/Estevao/12-07-2026/Coleta/Trajeto_TTW7E72.kml|layername=Trajeto|geometrytype=Point|uniqueGeometryType=yes", "Velocidade": 10.0, "Data": "2026-07-12", "hora": "23:44:17", "Rota": "ROTA 610 (NOITE) - Vila São Luís - Domingo", "Turno": "Noite", "Dias_da_semana": [ "dom" ], "Hit_Rate": 50.0, "Status": "Baixo hit rate", "Bloco": "Domingo" }, "geometry": { "type": "MultiLineString", "coordinates": [ [ [ 675139.307209716178477, 7480437.879014553502202 ], [ 675205.25483782379888, 7480500.730990527197719 ] ] ] } },
{ "type": "Feature", "properties": { "id": "Vinte_e_Cinco_de_Agosto.58", "id_trecho": 7447, "Name": "Rua General Venâncio Flores", "description": null, "Extensao_m": 177.05633514279887, "Bairro_logradouros": "Vinte e Cinco de Agosto", "Bairro_rotas": "Vinte e Cinco de Agosto", "Distrito": "1º", "Lote": "I", "Name_2": "Ponto 1090", "description_2": "Velocidade: 22km/h<br>13/07/2026 00:41:17", "layer": "TTW7E72", "path": "C:/KMLs/Estevao/12-07-2026/Coleta/Trajeto_TTW7E72.kml|layername=Trajeto|geometrytype=Point|uniqueGeometryType=yes", "Velocidade": 22.0, "Data": "2026-07-13", "hora": "00:41:17", "Rota": "ROTA 610 (NOITE) - Vinte e Cinco de Agosto - Domingo", "Turno": "Noite", "Dias_da_semana": [ "dom" ], "Hit_Rate": 83.33, "Status": "Validado", "Bloco": "Domingo" }, "geometry": { "type": "MultiLineString", "coordinates": [ [ [ 674019.609559696400538, 7478757.86017413623631 ], [ 674112.091742857825011, 7478712.578948196023703 ], [ 674178.459010473219678, 7478679.668082227930427 ] ] ] } },
{ "type": "Feature", "properties": { "id": "Vinte_e_Cinco_de_Agosto.66", "id_trecho": 7540, "Name": "Rua Professor José de Souza Herdy", "description": null, "Extensao_m": 102.40104595857372, "Bairro_logradouros": "Vinte e Cinco de Agosto", "Bairro_rotas": "Vinte e Cinco de Agosto", "Distrito": "1º", "Lote": "I", "Name_2": "Ponto 1098", "description_2": "Velocidade: 30km/h<br>13/07/2026 00:45:17", "layer": "TTW7E72", "path": "C:/KMLs/Estevao/12-07-2026/Coleta/Trajeto_TTW7E72.kml|layername=Trajeto|geometrytype=Point|uniqueGeometryType=yes", "Velocidade": 30.0, "Data": "2026-07-13", "hora": "00:45:17", "Rota": "ROTA 610 (NOITE) - Vinte e Cinco de Agosto - Domingo", "Turno": "Noite", "Dias_da_semana": [ "dom" ], "Hit_Rate": 33.33, "Status": "Baixo hit rate", "Bloco": "Domingo" }, "geometry": { "type": "MultiLineString", "coordinates": [ [ [ 674332.012440273072571, 7478530.303397150710225 ], [ 674424.318531649885699, 7478485.974517650902271 ] ] ] } },
{ "type": "Feature", "properties": { "id": "Parque_Duque.189", "id_trecho": 4293, "Name": "Rua Marechal Bento Manoel", "description": null, "Extensao_m": 73.728602873081897, "Bairro_logradouros": "Parque Duque", "Bairro_rotas": "Vinte e Cinco de Agosto", "Distrito": "1º", "Lote": "I", "Name_2": "Ponto 1112", "description_2": "Velocidade: 13km/h<br>13/07/2026 00:51:17", "layer": "TTW7E72", "path": "C:/KMLs/Estevao/12-07-2026/Coleta/Trajeto_TTW7E72.kml|layername=Trajeto|geometrytype=Point|uniqueGeometryType=yes", "Velocidade": 13.0, "Data": "2026-07-13", "hora": "00:51:17", "Rota": "ROTA 600 (NOITE) - Vinte e Cinco de Agosto - Domingo", "Turno": "Noite", "Dias_da_semana": [ "dom" ], "Hit_Rate": 66.67, "Status": "Validado", "Bloco": "Domingo" }, "geometry": { "type": "MultiLineString", "coordinates": [ [ [ 674606.010328728589229, 7478676.461311007849872 ], [ 674637.80110272380989, 7478698.88748375326395 ], [ 674645.35580414684955, 7478704.292322690598667 ], [ 674666.201053887140006, 7478719.03720461577177 ] ] ] } },
{ "type": "Feature", "properties": { "id": "Parque_Duque.189", "id_trecho": 4293, "Name": "Rua Marechal Bento Manoel", "description": null, "Extensao_m": 73.728602873081897, "Bairro_logradouros": "Parque Duque", "Bairro_rotas": "Vinte e Cinco de Agosto", "Distrito": "1º", "Lote": "I", "Name_2": "Ponto 1112", "description_2": "Velocidade: 13km/h<br>13/07/2026 00:51:17", "layer": "TTW7E72", "path": "C:/KMLs/Estevao/12-07-2026/Coleta/Trajeto_TTW7E72.kml|layername=Trajeto|geometrytype=Point|uniqueGeometryType=yes", "Velocidade": 13.0, "Data": "2026-07-13", "hora": "00:51:17", "Rota": "ROTA 610 (NOITE) - Vinte e Cinco de Agosto - Domingo", "Turno": "Noite", "Dias_da_semana": [ "dom" ], "Hit_Rate": 66.67, "Status": "Validado", "Bloco": "Domingo" }, "geometry": { "type": "MultiLineString", "coordinates": [ [ [ 674606.010328728589229, 7478676.461311007849872 ], [ 674637.80110272380989, 7478698.88748375326395 ], [ 674645.35580414684955, 7478704.292322690598667 ], [ 674666.201053887140006, 7478719.03720461577177 ] ] ] } },
{ "type": "Feature", "properties": { "id": "Parque_Duque.189", "id_trecho": 4306, "Name": "Rua Marechal Bento Manoel", "description": null, "Extensao_m": 46.587325961672612, "Bairro_logradouros": "Parque Duque", "Bairro_rotas": "Vinte e Cinco de Agosto", "Distrito": "1º", "Lote": "I", "Name_2": "Ponto 1116", "description_2": "Velocidade: 30km/h<br>13/07/2026 00:53:17", "layer": "TTW7E72", "path": "C:/KMLs/Estevao/12-07-2026/Coleta/Trajeto_TTW7E72.kml|layername=Trajeto|geometrytype=Point|uniqueGeometryType=yes", "Velocidade": 30.0, "Data": "2026-07-13", "hora": "00:53:17", "Rota": "ROTA 600 (NOITE) - Vinte e Cinco de Agosto - Domingo", "Turno": "Noite", "Dias_da_semana": [ "dom" ], "Hit_Rate": 50.0, "Status": "Baixo hit rate", "Bloco": "Domingo" }, "geometry": { "type": "MultiLineString", "coordinates": [ [ [ 675247.536842780420557, 7478999.65643326472491 ], [ 675288.809822343057021, 7479021.262710086070001 ] ] ] } },
{ "type": "Feature", "properties": { "id": "Parque_Duque.189", "id_trecho": 4306, "Name": "Rua Marechal Bento Manoel", "description": null, "Extensao_m": 46.587325961672612, "Bairro_logradouros": "Parque Duque", "Bairro_rotas": "Vinte e Cinco de Agosto", "Distrito": "1º", "Lote": "I", "Name_2": "Ponto 1116", "description_2": "Velocidade: 30km/h<br>13/07/2026 00:53:17", "layer": "TTW7E72", "path": "C:/KMLs/Estevao/12-07-2026/Coleta/Trajeto_TTW7E72.kml|layername=Trajeto|geometrytype=Point|uniqueGeometryType=yes", "Velocidade": 30.0, "Data": "2026-07-13", "hora": "00:53:17", "Rota": "ROTA 610 (NOITE) - Vinte e Cinco de Agosto - Domingo", "Turno": "Noite", "Dias_da_semana": [ "dom" ], "Hit_Rate": 50.0, "Status": "Baixo hit rate", "Bloco": "Domingo" }, "geometry": { "type": "MultiLineString", "coordinates": [ [ [ 675247.536842780420557, 7478999.65643326472491 ], [ 675288.809822343057021, 7479021.262710086070001 ] ] ] } },
{ "type": "Feature", "properties": { "id": "Parque_Duque.189", "id_trecho": 4308, "Name": "Rua Marechal Bento Manoel", "description": null, "Extensao_m": 26.486180249932136, "Bairro_logradouros": "Parque Duque", "Bairro_rotas": "Vinte e Cinco de Agosto", "Distrito": "1º", "Lote": "I", "Name_2": "Ponto 1117", "description_2": "Velocidade: 5km/h<br>13/07/2026 00:53:28", "layer": "TTW7E72", "path": "C:/KMLs/Estevao/12-07-2026/Coleta/Trajeto_TTW7E72.kml|layername=Trajeto|geometrytype=Point|uniqueGeometryType=yes", "Velocidade": 5.0, "Data": "2026-07-13", "hora": "00:53:28", "Rota": "ROTA 600 (NOITE) - Vinte e Cinco de Agosto - Domingo", "Turno": "Noite", "Dias_da_semana": [ "dom" ], "Hit_Rate": 50.0, "Status": "Baixo hit rate", "Bloco": "Domingo" }, "geometry": { "type": "MultiLineString", "coordinates": [ [ [ 675335.85573058668524, 7479046.578654889017344 ], [ 675358.95603927411139, 7479059.534936368465424 ] ] ] } },
{ "type": "Feature", "properties": { "id": "Parque_Duque.189", "id_trecho": 4308, "Name": "Rua Marechal Bento Manoel", "description": null, "Extensao_m": 26.486180249932136, "Bairro_logradouros": "Parque Duque", "Bairro_rotas": "Vinte e Cinco de Agosto", "Distrito": "1º", "Lote": "I", "Name_2": "Ponto 1117", "description_2": "Velocidade: 5km/h<br>13/07/2026 00:53:28", "layer": "TTW7E72", "path": "C:/KMLs/Estevao/12-07-2026/Coleta/Trajeto_TTW7E72.kml|layername=Trajeto|geometrytype=Point|uniqueGeometryType=yes", "Velocidade": 5.0, "Data": "2026-07-13", "hora": "00:53:28", "Rota": "ROTA 610 (NOITE) - Vinte e Cinco de Agosto - Domingo", "Turno": "Noite", "Dias_da_semana": [ "dom" ], "Hit_Rate": 50.0, "Status": "Baixo hit rate", "Bloco": "Domingo" }, "geometry": { "type": "MultiLineString", "coordinates": [ [ [ 675335.85573058668524, 7479046.578654889017344 ], [ 675358.95603927411139, 7479059.534936368465424 ] ] ] } },
{ "type": "Feature", "properties": { "id": "Parque_Duque.47", "id_trecho": 3810, "Name": "Avenida Sāo Vicente", "description": null, "Extensao_m": 350.91327105272973, "Bairro_logradouros": "Parque Duque", "Bairro_rotas": "Parque Duque", "Distrito": "1º", "Lote": "I", "Name_2": "Ponto 1118", "description_2": "Velocidade: 34km/h<br>13/07/2026 00:54:17", "layer": "TTW7E72", "path": "C:/KMLs/Estevao/12-07-2026/Coleta/Trajeto_TTW7E72.kml|layername=Trajeto|geometrytype=Point|uniqueGeometryType=yes", "Velocidade": 34.0, "Data": "2026-07-13", "hora": "00:54:17", "Rota": "ROTA 600 (NOITE) - Parque Duque - Domingo", "Turno": "Noite", "Dias_da_semana": [ "dom" ], "Hit_Rate": 66.67, "Status": "Validado", "Bloco": "Domingo" }, "geometry": { "type": "MultiLineString", "coordinates": [ [ [ 675585.879417424555868, 7479234.814939493313432 ], [ 675622.713025385979563, 7479248.940980385988951 ], [ 675644.529495809809305, 7479259.165208817459643 ], [ 675691.036580777610652, 7479277.730855401605368 ], [ 675734.239284718292765, 7479297.364556362852454 ], [ 675776.048036191030405, 7479316.327653070911765 ], [ 675782.28285788546782, 7479319.123802376911044 ], [ 675789.138725812081248, 7479323.230641153641045 ], [ 675796.563780626165681, 7479329.490441923961043 ], [ 675804.360269988421351, 7479335.900983680039644 ], [ 675878.325265939463861, 7479416.365492034703493 ] ] ] } },
{ "type": "Feature", "properties": { "id": "Parque_Duque.47", "id_trecho": 3810, "Name": "Avenida Sāo Vicente", "description": null, "Extensao_m": 350.91327105272973, "Bairro_logradouros": "Parque Duque", "Bairro_rotas": "Parque Duque", "Distrito": "1º", "Lote": "I", "Name_2": "Ponto 1118", "description_2": "Velocidade: 34km/h<br>13/07/2026 00:54:17", "layer": "TTW7E72", "path": "C:/KMLs/Estevao/12-07-2026/Coleta/Trajeto_TTW7E72.kml|layername=Trajeto|geometrytype=Point|uniqueGeometryType=yes", "Velocidade": 34.0, "Data": "2026-07-13", "hora": "00:54:17", "Rota": "ROTA 610 (NOITE) - Parque Duque - Domingo", "Turno": "Noite", "Dias_da_semana": [ "dom" ], "Hit_Rate": 66.67, "Status": "Validado", "Bloco": "Domingo" }, "geometry": { "type": "MultiLineString", "coordinates": [ [ [ 675585.879417424555868, 7479234.814939493313432 ], [ 675622.713025385979563, 7479248.940980385988951 ], [ 675644.529495809809305, 7479259.165208817459643 ], [ 675691.036580777610652, 7479277.730855401605368 ], [ 675734.239284718292765, 7479297.364556362852454 ], [ 675776.048036191030405, 7479316.327653070911765 ], [ 675782.28285788546782, 7479319.123802376911044 ], [ 675789.138725812081248, 7479323.230641153641045 ], [ 675796.563780626165681, 7479329.490441923961043 ], [ 675804.360269988421351, 7479335.900983680039644 ], [ 675878.325265939463861, 7479416.365492034703493 ] ] ] } },
{ "type": "Feature", "properties": { "id": "Centro.132", "id_trecho": 928, "Name": "Avenida Governador Leonel de Moura Brizola", "description": null, "Extensao_m": 71.178224823726765, "Bairro_logradouros": "Centro", "Bairro_rotas": "Centro", "Distrito": "1º", "Lote": "I", "Name_2": "Ponto 569", "description_2": "Velocidade: 0km/h<br>12/07/2026 17:13:27", "layer": "TTX7B46", "path": "C:/KMLs/Estevao/12-07-2026/Coleta/Trajeto_TTX7B46.kml|layername=Trajeto|geometrytype=Point|uniqueGeometryType=yes", "Velocidade": 0.0, "Data": "2026-07-12", "hora": "17:13:27", "Rota": "ROTA 600 (NOITE) - Centro - Domingo", "Turno": "Noite", "Dias_da_semana": [ "dom" ], "Hit_Rate": 33.33, "Status": "Baixo hit rate", "Bloco": "Domingo" }, "geometry": { "type": "MultiLineString", "coordinates": [ [ [ 673884.338596483226866, 7478255.562860270962119 ], [ 673855.664187712711282, 7478276.567562166601419 ], [ 673840.877032162505202, 7478284.544510863721371 ], [ 673824.46125186199788, 7478293.769372440874577 ] ] ] } },
{ "type": "Feature", "properties": { "id": "Centro.132", "id_trecho": 929, "Name": "Avenida Governador Leonel de Moura Brizola", "description": null, "Extensao_m": 73.167918172733494, "Bairro_logradouros": "Centro", "Bairro_rotas": "Centro", "Distrito": "1º", "Lote": "I", "Name_2": "Ponto 573", "description_2": "Velocidade: 6km/h<br>12/07/2026 17:14:35", "layer": "TTX7B46", "path": "C:/KMLs/Estevao/12-07-2026/Coleta/Trajeto_TTX7B46.kml|layername=Trajeto|geometrytype=Point|uniqueGeometryType=yes", "Velocidade": 6.0, "Data": "2026-07-12", "hora": "17:14:35", "Rota": "ROTA 600 (NOITE) - Centro - Domingo", "Turno": "Noite", "Dias_da_semana": [ "dom" ], "Hit_Rate": 83.33, "Status": "Validado", "Bloco": "Domingo" }, "geometry": { "type": "MultiLineString", "coordinates": [ [ [ 673824.46125186199788, 7478293.769372440874577 ], [ 673758.449234491330571, 7478325.32361676171422 ] ] ] } },
{ "type": "Feature", "properties": { "id": "Centro.132", "id_trecho": 930, "Name": "Avenida Governador Leonel de Moura Brizola", "description": null, "Extensao_m": 71.496412521263679, "Bairro_logradouros": "Centro", "Bairro_rotas": "Centro", "Distrito": "1º", "Lote": "I", "Name_2": "Ponto 578", "description_2": "Velocidade: 14km/h<br>12/07/2026 17:15:17", "layer": "TTX7B46", "path": "C:/KMLs/Estevao/12-07-2026/Coleta/Trajeto_TTX7B46.kml|layername=Trajeto|geometrytype=Point|uniqueGeometryType=yes", "Velocidade": 14.0, "Data": "2026-07-12", "hora": "17:15:17", "Rota": "ROTA 600 (NOITE) - Centro - Domingo", "Turno": "Noite", "Dias_da_semana": [ "dom" ], "Hit_Rate": 83.33, "Status": "Validado", "Bloco": "Domingo" }, "geometry": { "type": "MultiLineString", "coordinates": [ [ [ 673758.449234491330571, 7478325.32361676171422 ], [ 673703.024734882987104, 7478353.40079159848392 ], [ 673694.925587560865097, 7478358.100495662540197 ] ] ] } },
{ "type": "Feature", "properties": { "id": "Centro.132", "id_trecho": 932, "Name": "Avenida Governador Leonel de Moura Brizola", "description": null, "Extensao_m": 76.558842498718548, "Bairro_logradouros": "Centro", "Bairro_rotas": "Centro", "Distrito": "1º", "Lote": "I", "Name_2": "Ponto 742", "description_2": "Velocidade: 36km/h<br>12/07/2026 18:42:27", "layer": "TTX7B46", "path": "C:/KMLs/Estevao/12-07-2026/Coleta/Trajeto_TTX7B46.kml|layername=Trajeto|geometrytype=Point|uniqueGeometryType=yes", "Velocidade": 36.0, "Data": "2026-07-12", "hora": "18:42:27", "Rota": "ROTA 600 (NOITE) - Centro - Domingo", "Turno": "Noite", "Dias_da_semana": [ "dom" ], "Hit_Rate": 33.33, "Status": "Baixo hit rate", "Bloco": "Domingo" }, "geometry": { "type": "MultiLineString", "coordinates": [ [ [ 673634.109400453977287, 7478402.27502915263176 ], [ 673621.156937222694978, 7478418.957485245540738 ], [ 673611.359700279892422, 7478432.303625054657459 ], [ 673595.966995917609893, 7478459.180387228727341 ], [ 673592.609019887284376, 7478466.339717609807849 ] ] ] } },
{ "type": "Feature", "properties": { "id": "Centro.132", "id_trecho": 936, "Name": "Avenida Governador Leonel de Moura Brizola", "description": null, "Extensao_m": 204.77606457208361, "Bairro_logradouros": "Centro", "Bairro_rotas": "Centro", "Distrito": "1º", "Lote": "I", "Name_2": "Ponto 743", "description_2": "Velocidade: 25km/h<br>12/07/2026 18:43:27", "layer": "TTX7B46", "path": "C:/KMLs/Estevao/12-07-2026/Coleta/Trajeto_TTX7B46.kml|layername=Trajeto|geometrytype=Point|uniqueGeometryType=yes", "Velocidade": 25.0, "Data": "2026-07-12", "hora": "18:43:27", "Rota": "ROTA 600 (NOITE) - Centro - Domingo", "Turno": "Noite", "Dias_da_semana": [ "dom" ], "Hit_Rate": 50.0, "Status": "Baixo hit rate", "Bloco": "Domingo" }, "geometry": { "type": "MultiLineString", "coordinates": [ [ [ 673525.648605472757481, 7478605.448404803872108 ], [ 673493.504280937253498, 7478674.234257359057665 ], [ 673460.670251342235133, 7478748.288291979581118 ], [ 673453.756270968937315, 7478763.273601434193552 ], [ 673445.712547861156054, 7478782.734845783561468 ], [ 673441.960922020603903, 7478792.301797367632389 ] ] ] } },
{ "type": "Feature", "properties": { "id": "Centro.120", "id_trecho": 894, "Name": "Avenida Doutor Plínio Casado", "description": null, "Extensao_m": 147.34767290602719, "Bairro_logradouros": "Centro", "Bairro_rotas": "Centro", "Distrito": "1º", "Lote": "I", "Name_2": "Ponto 744", "description_2": "Velocidade: 31km/h<br>12/07/2026 18:44:27", "layer": "TTX7B46", "path": "C:/KMLs/Estevao/12-07-2026/Coleta/Trajeto_TTX7B46.kml|layername=Trajeto|geometrytype=Point|uniqueGeometryType=yes", "Velocidade": 31.0, "Data": "2026-07-12", "hora": "18:44:27", "Rota": "ROTA 600 (NOITE) - Centro - Domingo", "Turno": "Noite", "Dias_da_semana": [ "dom" ], "Hit_Rate": 50.0, "Status": "Baixo hit rate", "Bloco": "Domingo" }, "geometry": { "type": "MultiLineString", "coordinates": [ [ [ 673518.361402770038694, 7479126.765070668421686 ], [ 673524.953582901973277, 7479160.876757057383657 ], [ 673529.646743467077613, 7479185.164902124553919 ], [ 673536.479827516828664, 7479217.88951700553298 ], [ 673547.020145745482296, 7479271.292173938825727 ] ] ] } },
{ "type": "Feature", "properties": { "id": "Centro.132", "id_trecho": 941, "Name": "Avenida Governador Leonel de Moura Brizola", "description": null, "Extensao_m": 169.90439203259263, "Bairro_logradouros": "Centro", "Bairro_rotas": "Centro", "Distrito": "1º", "Lote": "I", "Name_2": "Ponto 745", "description_2": "Velocidade: 25km/h<br>12/07/2026 18:45:27", "layer": "TTX7B46", "path": "C:/KMLs/Estevao/12-07-2026/Coleta/Trajeto_TTX7B46.kml|layername=Trajeto|geometrytype=Point|uniqueGeometryType=yes", "Velocidade": 25.0, "Data": "2026-07-12", "hora": "18:45:27", "Rota": "ROTA 600 (NOITE) - Centro - Domingo", "Turno": "Noite", "Dias_da_semana": [ "dom" ], "Hit_Rate": 50.0, "Status": "Baixo hit rate", "Bloco": "Domingo" }, "geometry": { "type": "MultiLineString", "coordinates": [ [ [ 673629.010195892304182, 7479708.086149794980884 ], [ 673632.756790691753849, 7479725.906504331156611 ], [ 673659.690711276140064, 7479853.254460714757442 ], [ 673664.316048938781023, 7479874.276370722800493 ] ] ] } },
{ "type": "Feature", "properties": { "id": "Gramacho.224", "id_trecho": 2065, "Name": "Avenida República do Paraguai", "description": null, "Extensao_m": 151.18149741847873, "Bairro_logradouros": "Gramacho", "Bairro_rotas": "Gramacho", "Distrito": "1º", "Lote": "I", "Name_2": "Ponto 759", "description_2": "Velocidade: 39km/h<br>12/07/2026 18:53:27", "layer": "TTX7B46", "path": "C:/KMLs/Estevao/12-07-2026/Coleta/Trajeto_TTX7B46.kml|layername=Trajeto|geometrytype=Point|uniqueGeometryType=yes", "Velocidade": 39.0, "Data": "2026-07-12", "hora": "18:53:27", "Rota": "ROTA 600 (NOITE) - Gramacho - Domingo", "Turno": "Noite", "Dias_da_semana": [ "dom" ], "Hit_Rate": 50.0, "Status": "Baixo hit rate", "Bloco": "Domingo" }, "geometry": { "type": "MultiLineString", "coordinates": [ [ [ 674678.604473873157986, 7483199.804289899766445 ], [ 674665.453461443772539, 7483199.501270518638194 ], [ 674527.54517313616816, 7483193.863842746242881 ] ] ] } },
{ "type": "Feature", "properties": { "id": "Gramacho.107", "id_trecho": 2028, "Name": "Avenida Pelótas", "description": null, "Extensao_m": 61.807758205133652, "Bairro_logradouros": "Gramacho", "Bairro_rotas": "Gramacho", "Distrito": "1º", "Lote": "I", "Name_2": "Ponto 763", "description_2": "Velocidade: 0km/h<br>12/07/2026 18:56:27", "layer": "TTX7B46", "path": "C:/KMLs/Estevao/12-07-2026/Coleta/Trajeto_TTX7B46.kml|layername=Trajeto|geometrytype=Point|uniqueGeometryType=yes", "Velocidade": 0.0, "Data": "2026-07-12", "hora": "18:56:27", "Rota": "ROTA 600 (NOITE) - Gramacho - Domingo", "Turno": "Noite", "Dias_da_semana": [ "dom" ], "Hit_Rate": 50.0, "Status": "Baixo hit rate", "Bloco": "Domingo" }, "geometry": { "type": "MultiLineString", "coordinates": [ [ [ 675531.353402576758526, 7482379.03911395650357 ], [ 675579.076482586096972, 7482339.763680775649846 ] ] ] } },
{ "type": "Feature", "properties": { "id": "Gramacho.107", "id_trecho": 2027, "Name": "Avenida Pelótas", "description": null, "Extensao_m": 73.381311421243069, "Bairro_logradouros": "Gramacho", "Bairro_rotas": "Gramacho", "Distrito": "1º", "Lote": "I", "Name_2": "Ponto 1426", "description_2": "Velocidade: 12km/h<br>12/07/2026 21:09:55", "layer": "TUN3B98", "path": "C:/KMLs/Estevao/12-07-2026/Coleta/Trajeto_TUN3B98.kml|layername=Trajeto|geometrytype=Point|uniqueGeometryType=yes", "Velocidade": 12.0, "Data": "2026-07-12", "hora": "21:09:55", "Rota": "ROTA 600 (NOITE) - Gramacho - Domingo", "Turno": "Noite", "Dias_da_semana": [ "dom" ], "Hit_Rate": 50.0, "Status": "Baixo hit rate", "Bloco": "Domingo" }, "geometry": { "type": "MultiLineString", "coordinates": [ [ [ 675475.108956761658192, 7482426.168400045484304 ], [ 675531.353402576758526, 7482379.03911395650357 ] ] ] } },
{ "type": "Feature", "properties": { "id": "Gramacho.107", "id_trecho": 2026, "Name": "Avenida Pelótas", "description": null, "Extensao_m": 121.83246605754329, "Bairro_logradouros": "Gramacho", "Bairro_rotas": "Gramacho", "Distrito": "1º", "Lote": "I", "Name_2": "Ponto 1427", "description_2": "Velocidade: 25km/h<br>12/07/2026 21:10:05", "layer": "TUN3B98", "path": "C:/KMLs/Estevao/12-07-2026/Coleta/Trajeto_TUN3B98.kml|layername=Trajeto|geometrytype=Point|uniqueGeometryType=yes", "Velocidade": 25.0, "Data": "2026-07-12", "hora": "21:10:05", "Rota": "ROTA 600 (NOITE) - Gramacho - Domingo", "Turno": "Noite", "Dias_da_semana": [ "dom" ], "Hit_Rate": 83.33, "Status": "Validado", "Bloco": "Domingo" }, "geometry": { "type": "MultiLineString", "coordinates": [ [ [ 675381.160953972605057, 7482503.733436167240143 ], [ 675385.779976806137711, 7482499.9147994145751 ], [ 675426.262953939614818, 7482466.489817490801215 ], [ 675465.545307207503356, 7482434.064206873998046 ], [ 675475.108956761658192, 7482426.168400045484304 ] ] ] } },
{ "type": "Feature", "properties": { "id": "Gramacho.107", "id_trecho": 2020, "Name": "Avenida Pelótas", "description": null, "Extensao_m": 158.71469395095514, "Bairro_logradouros": "Gramacho", "Bairro_rotas": "Gramacho", "Distrito": "1º", "Lote": "I", "Name_2": "Ponto 1428", "description_2": "Velocidade: 0km/h<br>12/07/2026 21:11:05", "layer": "TUN3B98", "path": "C:/KMLs/Estevao/12-07-2026/Coleta/Trajeto_TUN3B98.kml|layername=Trajeto|geometrytype=Point|uniqueGeometryType=yes", "Velocidade": 0.0, "Data": "2026-07-12", "hora": "21:11:05", "Rota": "ROTA 600 (NOITE) - Gramacho - Domingo", "Turno": "Noite", "Dias_da_semana": [ "dom" ], "Hit_Rate": 66.67, "Status": "Validado", "Bloco": "Domingo" }, "geometry": { "type": "MultiLineString", "coordinates": [ [ [ 675099.426641166210175, 7482828.508256406523287 ], [ 675103.18965884053614, 7482805.640264669433236 ], [ 675106.894613187061623, 7482783.083026735112071 ], [ 675113.458433350082487, 7482755.476089262403548 ], [ 675121.489124451763928, 7482734.840299339964986 ], [ 675132.561190172214992, 7482716.085373089648783 ], [ 675159.847916007274762, 7482686.323815651237965 ] ] ] } },
{ "type": "Feature", "properties": { "id": "Gramacho.224", "id_trecho": 2063, "Name": "Avenida República do Paraguai", "description": null, "Extensao_m": 57.204409681399113, "Bairro_logradouros": "Gramacho", "Bairro_rotas": "Gramacho", "Distrito": "1º", "Lote": "I", "Name_2": "Ponto 1442", "description_2": "Velocidade: 4km/h<br>12/07/2026 21:17:49", "layer": "TUN3B98", "path": "C:/KMLs/Estevao/12-07-2026/Coleta/Trajeto_TUN3B98.kml|layername=Trajeto|geometrytype=Point|uniqueGeometryType=yes", "Velocidade": 4.0, "Data": "2026-07-12", "hora": "21:17:49", "Rota": "ROTA 600 (NOITE) - Gramacho - Domingo", "Turno": "Noite", "Dias_da_semana": [ "dom" ], "Hit_Rate": 66.67, "Status": "Validado", "Bloco": "Domingo" }, "geometry": { "type": "MultiLineString", "coordinates": [ [ [ 674769.416056969203055, 7483203.4787811152637 ], [ 674750.303887133137323, 7483202.856725351884961 ], [ 674712.276184010086581, 7483200.84614085033536 ] ] ] } },
{ "type": "Feature", "properties": { "id": "Gramacho.224", "id_trecho": 2073, "Name": "Avenida República do Paraguai", "description": null, "Extensao_m": 10.586890136635843, "Bairro_logradouros": "Gramacho", "Bairro_rotas": "Gramacho", "Distrito": "1º", "Lote": "I", "Name_2": "Ponto 1484", "description_2": "Velocidade: 12km/h<br>12/07/2026 21:31:40", "layer": "TUN3B98", "path": "C:/KMLs/Estevao/12-07-2026/Coleta/Trajeto_TUN3B98.kml|layername=Trajeto|geometrytype=Point|uniqueGeometryType=yes", "Velocidade": 12.0, "Data": "2026-07-12", "hora": "21:31:40", "Rota": "ROTA 600 (NOITE) - Gramacho - Domingo", "Turno": "Noite", "Dias_da_semana": [ "dom" ], "Hit_Rate": 33.33, "Status": "Baixo hit rate", "Bloco": "Domingo" }, "geometry": { "type": "MultiLineString", "coordinates": [ [ [ 674203.071896178647876, 7483057.823590718209743 ], [ 674196.228858013637364, 7483049.745877750217915 ] ] ] } },
{ "type": "Feature", "properties": { "id": "Parque_Fluminense.175", "id_trecho": 4740, "Name": "Avenida Governador Leonel de Moura Brizola", "description": null, "Extensao_m": 171.53700496723454, "Bairro_logradouros": "Parque Fluminense", "Bairro_rotas": "Centro", "Distrito": "2º", "Lote": "I", "Name_2": "Ponto 1538", "description_2": "Velocidade: 54km/h<br>12/07/2026 21:54:05", "layer": "TUN3B98", "path": "C:/KMLs/Estevao/12-07-2026/Coleta/Trajeto_TUN3B98.kml|layername=Trajeto|geometrytype=Point|uniqueGeometryType=yes", "Velocidade": 54.0, "Data": "2026-07-12", "hora": "21:54:05", "Rota": "ROTA 600 (NOITE) - Centro - Domingo", "Turno": "Noite", "Dias_da_semana": [ "dom" ], "Hit_Rate": 16.67, "Status": "Baixo hit rate", "Bloco": "Domingo" }, "geometry": { "type": "MultiLineString", "coordinates": [ [ [ 673774.812718834378757, 7483469.05189860984683 ], [ 673773.813642797176726, 7483471.626351425424218 ], [ 673753.504172455868684, 7483522.668038742616773 ], [ 673745.133868863573298, 7483544.347792838700116 ], [ 673739.950163469882682, 7483560.841515257023275 ], [ 673732.946653492632322, 7483587.079403635114431 ], [ 673725.619455116800964, 7483632.645931095816195 ] ] ] } },
{ "type": "Feature", "properties": { "id": "Sao_Bento.239", "id_trecho": 5604, "Name": "Avenida Governador Leonel de Moura Brizola", "description": null, "Extensao_m": 332.41096726987735, "Bairro_logradouros": "Sao Bento", "Bairro_rotas": "Centro", "Distrito": "2º", "Lote": "I", "Name_2": "Ponto 1543", "description_2": "Velocidade: 59km/h<br>12/07/2026 21:59:05", "layer": "TUN3B98", "path": "C:/KMLs/Estevao/12-07-2026/Coleta/Trajeto_TUN3B98.kml|layername=Trajeto|geometrytype=Point|uniqueGeometryType=yes", "Velocidade": 59.0, "Data": "2026-07-12", "hora": "21:59:05", "Rota": "ROTA 600 (NOITE) - Centro - Domingo", "Turno": "Noite", "Dias_da_semana": [ "dom" ], "Hit_Rate": 83.33, "Status": "Validado", "Bloco": "Domingo" }, "geometry": { "type": "MultiLineString", "coordinates": [ [ [ 673330.525209077284671, 7485620.284997574985027 ], [ 673314.359695852966979, 7485660.370157614350319 ], [ 673294.881463790661655, 7485715.388088406994939 ], [ 673280.079781973501667, 7485770.618545882403851 ], [ 673266.445736620691605, 7485831.871246324852109 ], [ 673257.635293764295056, 7485869.236901011317968 ], [ 673251.278282468090765, 7485891.092602359130979 ], [ 673245.240723394788802, 7485905.812743137590587 ], [ 673230.826142070232891, 7485936.409218596294522 ] ] ] } },
{ "type": "Feature", "properties": { "id": "Parque_Fluminense.175", "id_trecho": 4711, "Name": "Avenida Governador Leonel de Moura Brizola", "description": null, "Extensao_m": 95.165112361744335, "Bairro_logradouros": "Parque Fluminense", "Bairro_rotas": "Centro", "Distrito": "2º", "Lote": "I", "Name_2": "Ponto 1581", "description_2": "Velocidade: 19km/h<br>12/07/2026 22:09:05", "layer": "TUN3B98", "path": "C:/KMLs/Estevao/12-07-2026/Coleta/Trajeto_TUN3B98.kml|layername=Trajeto|geometrytype=Point|uniqueGeometryType=yes", "Velocidade": 19.0, "Data": "2026-07-12", "hora": "22:09:05", "Rota": "ROTA 600 (NOITE) - Centro - Domingo", "Turno": "Noite", "Dias_da_semana": [ "dom" ], "Hit_Rate": 50.0, "Status": "Baixo hit rate", "Bloco": "Domingo" }, "geometry": { "type": "MultiLineString", "coordinates": [ [ [ 672214.302292823093012, 7486600.783565801568329 ], [ 672295.980285165016539, 7486551.952233918011189 ] ] ] } },
{ "type": "Feature", "properties": { "id": "Parque_Fluminense.175", "id_trecho": 4719, "Name": "Avenida Governador Leonel de Moura Brizola", "description": null, "Extensao_m": 68.535242429497657, "Bairro_logradouros": "Parque Fluminense", "Bairro_rotas": "Centro", "Distrito": "2º", "Lote": "I", "Name_2": "Ponto 1600", "description_2": "Velocidade: 6km/h<br>12/07/2026 22:15:36", "layer": "TUN3B98", "path": "C:/KMLs/Estevao/12-07-2026/Coleta/Trajeto_TUN3B98.kml|layername=Trajeto|geometrytype=Point|uniqueGeometryType=yes", "Velocidade": 6.0, "Data": "2026-07-12", "hora": "22:15:36", "Rota": "ROTA 600 (NOITE) - Centro - Domingo", "Turno": "Noite", "Dias_da_semana": [ "dom" ], "Hit_Rate": 66.67, "Status": "Validado", "Bloco": "Domingo" }, "geometry": { "type": "MultiLineString", "coordinates": [ [ [ 672893.07652923418209, 7486195.578956060111523 ], [ 672951.641758310841396, 7486159.985329676419497 ] ] ] } },
{ "type": "Feature", "properties": { "id": "Parque_Fluminense.175", "id_trecho": 4722, "Name": "Avenida Governador Leonel de Moura Brizola", "description": null, "Extensao_m": 95.10139893831014, "Bairro_logradouros": "Parque Fluminense", "Bairro_rotas": "Centro", "Distrito": "2º", "Lote": "I", "Name_2": "Ponto 1605", "description_2": "Velocidade: 13km/h<br>12/07/2026 22:17:33", "layer": "TUN3B98", "path": "C:/KMLs/Estevao/12-07-2026/Coleta/Trajeto_TUN3B98.kml|layername=Trajeto|geometrytype=Point|uniqueGeometryType=yes", "Velocidade": 13.0, "Data": "2026-07-12", "hora": "22:17:33", "Rota": "ROTA 600 (NOITE) - Centro - Domingo", "Turno": "Noite", "Dias_da_semana": [ "dom" ], "Hit_Rate": 50.0, "Status": "Baixo hit rate", "Bloco": "Domingo" }, "geometry": { "type": "MultiLineString", "coordinates": [ [ [ 673300.654831792693585, 7485623.316108997911215 ], [ 673304.799114976078272, 7485603.833330368623137 ], [ 673312.719369445345365, 7485561.394590612500906 ], [ 673319.685092387371697, 7485530.153240885585546 ] ] ] } },
{ "type": "Feature", "properties": { "id": "Gramacho.230", "id_trecho": 1964, "Name": "Avenida Governador Leonel de Moura Brizola", "description": null, "Extensao_m": 41.953995201537388, "Bairro_logradouros": "Gramacho", "Bairro_rotas": "Centro", "Distrito": "1º", "Lote": "I", "Name_2": "Ponto 1655", "description_2": "Velocidade: 50km/h<br>12/07/2026 22:35:05", "layer": "TUN3B98", "path": "C:/KMLs/Estevao/12-07-2026/Coleta/Trajeto_TUN3B98.kml|layername=Trajeto|geometrytype=Point|uniqueGeometryType=yes", "Velocidade": 50.0, "Data": "2026-07-12", "hora": "22:35:05", "Rota": "ROTA 600 (NOITE) - Centro - Domingo", "Turno": "Noite", "Dias_da_semana": [ "dom" ], "Hit_Rate": 33.33, "Status": "Baixo hit rate", "Bloco": "Domingo" }, "geometry": { "type": "MultiLineString", "coordinates": [ [ [ 673912.392987008788623, 7483166.60169580206275 ], [ 673928.610784157877788, 7483127.910246962681413 ] ] ] } },
{ "type": "Feature", "properties": { "id": "Gramacho.230", "id_trecho": 1985, "Name": "Avenida Governador Leonel de Moura Brizola", "description": null, "Extensao_m": 114.4191414701744, "Bairro_logradouros": "Gramacho", "Bairro_rotas": "Centro", "Distrito": "1º", "Lote": "I", "Name_2": "Ponto 1673", "description_2": "Velocidade: 8km/h<br>12/07/2026 22:40:05", "layer": "TUN3B98", "path": "C:/KMLs/Estevao/12-07-2026/Coleta/Trajeto_TUN3B98.kml|layername=Trajeto|geometrytype=Point|uniqueGeometryType=yes", "Velocidade": 8.0, "Data": "2026-07-12", "hora": "22:40:05", "Rota": "ROTA 600 (NOITE) - Centro - Domingo", "Turno": "Noite", "Dias_da_semana": [ "dom" ], "Hit_Rate": 33.33, "Status": "Baixo hit rate", "Bloco": "Domingo" }, "geometry": { "type": "MultiLineString", "coordinates": [ [ [ 674238.666249136906117, 7482278.357264753431082 ], [ 674238.332899127271958, 7482275.260220987722278 ], [ 674221.869483344838955, 7482238.581839200109243 ], [ 674202.05101435969118, 7482195.928428537212312 ], [ 674192.155378810828552, 7482173.992461826652288 ] ] ] } },
{ "type": "Feature", "properties": { "id": "Centenario.2", "id_trecho": 683, "Name": "Avenida Governador Leonel de Moura Brizola", "description": null, "Extensao_m": 171.48503545522618, "Bairro_logradouros": "Centenario", "Bairro_rotas": "Centro", "Distrito": "1º", "Lote": "I", "Name_2": "Ponto 1676", "description_2": "Velocidade: 0km/h<br>12/07/2026 22:42:43", "layer": "TUN3B98", "path": "C:/KMLs/Estevao/12-07-2026/Coleta/Trajeto_TUN3B98.kml|layername=Trajeto|geometrytype=Point|uniqueGeometryType=yes", "Velocidade": 0.0, "Data": "2026-07-12", "hora": "22:42:43", "Rota": "ROTA 600 (NOITE) - Centro - Domingo", "Turno": "Noite", "Dias_da_semana": [ "dom" ], "Hit_Rate": 66.67, "Status": "Validado", "Bloco": "Domingo" }, "geometry": { "type": "MultiLineString", "coordinates": [ [ [ 674018.778976785135455, 7481648.687552694231272 ], [ 674010.799904879881069, 7481612.897492596879601 ], [ 673994.722299041692168, 7481544.330998670309782 ], [ 673979.606790829915553, 7481481.744789861142635 ] ] ] } },
{ "type": "Feature", "properties": { "id": "Centenario.2", "id_trecho": 676, "Name": "Avenida Governador Leonel de Moura Brizola", "description": null, "Extensao_m": 123.42048306099642, "Bairro_logradouros": "Centenario", "Bairro_rotas": "Centro", "Distrito": "1º", "Lote": "I", "Name_2": "Ponto 1688", "description_2": "Velocidade: 4km/h<br>12/07/2026 22:50:13", "layer": "TUN3B98", "path": "C:/KMLs/Estevao/12-07-2026/Coleta/Trajeto_TUN3B98.kml|layername=Trajeto|geometrytype=Point|uniqueGeometryType=yes", "Velocidade": 4.0, "Data": "2026-07-12", "hora": "22:50:13", "Rota": "ROTA 600 (NOITE) - Centro - Domingo", "Turno": "Noite", "Dias_da_semana": [ "dom" ], "Hit_Rate": 66.67, "Status": "Validado", "Bloco": "Domingo" }, "geometry": { "type": "MultiLineString", "coordinates": [ [ [ 673918.054663063492626, 7481223.106446267105639 ], [ 673905.659486277378164, 7481163.955374987795949 ], [ 673894.074992964160629, 7481102.04854038823396 ] ] ] } },
{ "type": "Feature", "properties": { "id": "Bar_dos_Cavalheiros.161", "id_trecho": 10, "Name": "Avenida Covanca", "description": null, "Extensao_m": 32.882778252794878, "Bairro_logradouros": "Bar dos Cavalheiros", "Bairro_rotas": "Bar dos Cavalheiros", "Distrito": "1º", "Lote": "I", "Name_2": "Ponto 1828", "description_2": "Velocidade: 17km/h<br>12/07/2026 23:42:17", "layer": "TUN3B98", "path": "C:/KMLs/Estevao/12-07-2026/Coleta/Trajeto_TUN3B98.kml|layername=Trajeto|geometrytype=Point|uniqueGeometryType=yes", "Velocidade": 17.0, "Data": "2026-07-12", "hora": "23:42:17", "Rota": "ROTA 600 (NOITE) - Bar dos Cavalheiros - Domingo", "Turno": "Noite", "Dias_da_semana": [ "dom" ], "Hit_Rate": 16.67, "Status": "Baixo hit rate", "Bloco": "Domingo" }, "geometry": { "type": "MultiLineString", "coordinates": [ [ [ 671541.32701446628198, 7479480.31414519995451 ], [ 671559.025065310415812, 7479477.532214663922787 ], [ 671573.931690901983529, 7479476.197936331853271 ] ] ] } },
{ "type": "Feature", "properties": { "id": "Bar_dos_Cavalheiros.161", "id_trecho": 4, "Name": "Avenida Covanca", "description": null, "Extensao_m": 12.244228738547656, "Bairro_logradouros": "Bar dos Cavalheiros", "Bairro_rotas": "Bar dos Cavalheiros", "Distrito": "1º", "Lote": "I", "Name_2": "Ponto 1836", "description_2": "Velocidade: 17km/h<br>12/07/2026 23:44:51", "layer": "TUN3B98", "path": "C:/KMLs/Estevao/12-07-2026/Coleta/Trajeto_TUN3B98.kml|layername=Trajeto|geometrytype=Point|uniqueGeometryType=yes", "Velocidade": 17.0, "Data": "2026-07-12", "hora": "23:44:51", "Rota": "ROTA 600 (NOITE) - Bar dos Cavalheiros - Domingo", "Turno": "Noite", "Dias_da_semana": [ "dom" ], "Hit_Rate": 16.67, "Status": "Baixo hit rate", "Bloco": "Domingo" }, "geometry": { "type": "MultiLineString", "coordinates": [ [ [ 671700.229019499383867, 7479386.621644073165953 ], [ 671702.146018613711931, 7479374.528855886310339 ] ] ] } },
{ "type": "Feature", "properties": { "id": "Centro.9", "id_trecho": 1347, "Name": "Rua Tenente José Dias", "description": null, "Extensao_m": 111.25389845949378, "Bairro_logradouros": "Centro", "Bairro_rotas": "Centro", "Distrito": "1º", "Lote": "I", "Name_2": "Ponto 1994", "description_2": "Velocidade: 17km/h<br>13/07/2026 00:37:02", "layer": "TUN3B98", "path": "C:/KMLs/Estevao/12-07-2026/Coleta/Trajeto_TUN3B98.kml|layername=Trajeto|geometrytype=Point|uniqueGeometryType=yes", "Velocidade": 17.0, "Data": "2026-07-13", "hora": "00:37:02", "Rota": "ROTA 600 (NOITE) - Centro - Domingo", "Turno": "Noite", "Dias_da_semana": [ "dom" ], "Hit_Rate": 50.0, "Status": "Baixo hit rate", "Bloco": "Domingo" }, "geometry": { "type": "MultiLineString", "coordinates": [ [ [ 673166.372482454869896, 7479090.838324291631579 ], [ 673173.526831706869416, 7479041.973552386276424 ], [ 673181.534806197043508, 7478980.62914608232677 ] ] ] } },
{ "type": "Feature", "properties": { "id": "Centro.151", "id_trecho": 1284, "Name": "Rua Piratini", "description": null, "Extensao_m": 7.4761459811056676, "Bairro_logradouros": "Centro", "Bairro_rotas": "Centro", "Distrito": "1º", "Lote": "I", "Name_2": "Ponto 2026", "description_2": "Velocidade: 10km/h<br>13/07/2026 00:44:46", "layer": "TUN3B98", "path": "C:/KMLs/Estevao/12-07-2026/Coleta/Trajeto_TUN3B98.kml|layername=Trajeto|geometrytype=Point|uniqueGeometryType=yes", "Velocidade": 10.0, "Data": "2026-07-13", "hora": "00:44:46", "Rota": "ROTA 600 (NOITE) - Centro - Domingo", "Turno": "Noite", "Dias_da_semana": [ "dom" ], "Hit_Rate": 16.67, "Status": "Baixo hit rate", "Bloco": "Domingo" }, "geometry": { "type": "MultiLineString", "coordinates": [ [ [ 673357.009144538082182, 7478429.91741428244859 ], [ 673351.69179703167174, 7478424.662382094189525 ] ] ] } },
{ "type": "Feature", "properties": { "id": "Vinte_e_Cinco_de_Agosto.75", "id_trecho": 7484, "Name": "Rua Marechal Floriano", "description": null, "Extensao_m": 175.09551275222896, "Bairro_logradouros": "Vinte e Cinco de Agosto", "Bairro_rotas": "Vinte e Cinco de Agosto", "Distrito": "1º", "Lote": "I", "Name_2": "Ponto 1215", "description_2": "Velocidade: 30km/h<br>12/07/2026 18:11:28", "layer": "TUS0I00", "path": "C:/KMLs/Estevao/12-07-2026/Coleta/Trajeto_TUS0I00.kml|layername=Trajeto|geometrytype=Point|uniqueGeometryType=yes", "Velocidade": 30.0, "Data": "2026-07-12", "hora": "18:11:28", "Rota": "ROTA 610 (NOITE) - Vinte e Cinco de Agosto - Domingo", "Turno": "Noite", "Dias_da_semana": [ "dom" ], "Hit_Rate": 66.67, "Status": "Validado", "Bloco": "Domingo" }, "geometry": { "type": "MultiLineString", "coordinates": [ [ [ 674709.780748258926906, 7478186.523342432454228 ], [ 674839.630936920293607, 7478125.867332752794027 ], [ 674846.058023643912748, 7478122.238333579152822 ], [ 674851.786196046741679, 7478116.767925683408976 ], [ 674858.647289251093753, 7478101.793524445965886 ] ] ] } },
{ "type": "Feature", "properties": { "id": "Gramacho.107", "id_trecho": 2036, "Name": "Avenida Pelótas", "description": null, "Extensao_m": 89.79453030655597, "Bairro_logradouros": "Gramacho", "Bairro_rotas": "Gramacho", "Distrito": "1º", "Lote": "I", "Name_2": "Ponto 1303", "description_2": "Velocidade: 31km/h<br>12/07/2026 18:35:40", "layer": "TUS0I00", "path": "C:/KMLs/Estevao/12-07-2026/Coleta/Trajeto_TUS0I00.kml|layername=Trajeto|geometrytype=Point|uniqueGeometryType=yes", "Velocidade": 31.0, "Data": "2026-07-12", "hora": "18:35:40", "Rota": "ROTA 600 (NOITE) - Gramacho - Domingo", "Turno": "Noite", "Dias_da_semana": [ "dom" ], "Hit_Rate": 33.33, "Status": "Baixo hit rate", "Bloco": "Domingo" }, "geometry": { "type": "MultiLineString", "coordinates": [ [ [ 676177.347394680604339, 7481821.401815628632903 ], [ 676109.940171183203347, 7481880.723438568413258 ] ] ] } },
{ "type": "Feature", "properties": { "id": "Vinte_e_Cinco_de_Agosto.31", "id_trecho": 7376, "Name": "Rua Conde de Porto Alegre", "description": null, "Extensao_m": 93.882364740169649, "Bairro_logradouros": "Vinte e Cinco de Agosto", "Bairro_rotas": "Vinte e Cinco de Agosto", "Distrito": "1º", "Lote": "I", "Name_2": "Ponto 918", "description_2": "Velocidade: 44km/h<br>12/07/2026 22:40:17", "layer": "TTW7E72", "path": "C:/KMLs/Estevao/12-07-2026/Coleta/Trajeto_TTW7E72.kml|layername=Trajeto|geometrytype=Point|uniqueGeometryType=yes", "Velocidade": 44.0, "Data": "2026-07-12", "hora": "22:40:17", "Rota": "ROTA 610 (NOITE) - Vinte e Cinco de Agosto - Domingo", "Turno": "Noite", "Dias_da_semana": [ "dom" ], "Hit_Rate": 16.67, "Status": "Baixo hit rate", "Bloco": "Domingo" }, "geometry": { "type": "MultiLineString", "coordinates": [ [ [ 673792.88893421064131, 7479320.632605104707181 ], [ 673774.884577407618053, 7479305.117778144776821 ], [ 673721.771363549050875, 7479259.348727248609066 ] ] ] } },
{ "type": "Feature", "properties": { "id": "Vinte_e_Cinco_de_Agosto.34", "id_trecho": 7424, "Name": "Rua General Câmara", "description": null, "Extensao_m": 188.41627336358908, "Bairro_logradouros": "Vinte e Cinco de Agosto", "Bairro_rotas": "Vinte e Cinco de Agosto", "Distrito": "1º", "Lote": "I", "Name_2": "Ponto 921", "description_2": "Velocidade: 0km/h<br>12/07/2026 22:43:17", "layer": "TTW7E72", "path": "C:/KMLs/Estevao/12-07-2026/Coleta/Trajeto_TTW7E72.kml|layername=Trajeto|geometrytype=Point|uniqueGeometryType=yes", "Velocidade": 0.0, "Data": "2026-07-12", "hora": "22:43:17", "Rota": "ROTA 610 (NOITE) - Vinte e Cinco de Agosto - Domingo", "Turno": "Noite", "Dias_da_semana": [ "dom" ], "Hit_Rate": 66.67, "Status": "Validado", "Bloco": "Domingo" }, "geometry": { "type": "MultiLineString", "coordinates": [ [ [ 673749.558053241576999, 7479161.486315842717886 ], [ 673712.151439315872267, 7478976.825782645493746 ] ] ] } },
{ "type": "Feature", "properties": { "id": "Parque_Duque.140", "id_trecho": 3851, "Name": "Estrada São Vicente", "description": null, "Extensao_m": 72.048031421098315, "Bairro_logradouros": "Parque Duque", "Bairro_rotas": "Parque Duque", "Distrito": "1º", "Lote": "I", "Name_2": "Ponto 970", "description_2": "Velocidade: 0km/h<br>12/07/2026 23:24:16", "layer": "TTW7E72", "path": "C:/KMLs/Estevao/12-07-2026/Coleta/Trajeto_TTW7E72.kml|layername=Trajeto|geometrytype=Point|uniqueGeometryType=yes", "Velocidade": 0.0, "Data": "2026-07-12", "hora": "23:24:16", "Rota": "ROTA 600 (NOITE) - Parque Duque - Domingo", "Turno": "Noite", "Dias_da_semana": [ "dom" ], "Hit_Rate": 50.0, "Status": "Baixo hit rate", "Bloco": "Domingo" }, "geometry": { "type": "MultiLineString", "coordinates": [ [ [ 675432.57486865343526, 7479154.801048662513494 ], [ 675474.756536801345646, 7479213.20842342171818 ] ] ] } },
{ "type": "Feature", "properties": { "id": "Parque_Duque.140", "id_trecho": 3851, "Name": "Estrada São Vicente", "description": null, "Extensao_m": 72.048031421098315, "Bairro_logradouros": "Parque Duque", "Bairro_rotas": "Parque Duque", "Distrito": "1º", "Lote": "I", "Name_2": "Ponto 970", "description_2": "Velocidade: 0km/h<br>12/07/2026 23:24:16", "layer": "TTW7E72", "path": "C:/KMLs/Estevao/12-07-2026/Coleta/Trajeto_TTW7E72.kml|layername=Trajeto|geometrytype=Point|uniqueGeometryType=yes", "Velocidade": 0.0, "Data": "2026-07-12", "hora": "23:24:16", "Rota": "ROTA 610 (NOITE) - Parque Duque - Domingo", "Turno": "Noite", "Dias_da_semana": [ "dom" ], "Hit_Rate": 50.0, "Status": "Baixo hit rate", "Bloco": "Domingo" }, "geometry": { "type": "MultiLineString", "coordinates": [ [ [ 675432.57486865343526, 7479154.801048662513494 ], [ 675474.756536801345646, 7479213.20842342171818 ] ] ] } },
{ "type": "Feature", "properties": { "id": "Bar_dos_Cavalheiros.164", "id_trecho": 112, "Name": "Avenida Nilo Peçanha", "description": null, "Extensao_m": 23.125368411756476, "Bairro_logradouros": "Bar dos Cavalheiros", "Bairro_rotas": "Centro", "Distrito": "1º", "Lote": "I", "Name_2": "Ponto 1841", "description_2": "Velocidade: 14km/h<br>12/07/2026 23:46:00", "layer": "TUN3B98", "path": "C:/KMLs/Estevao/12-07-2026/Coleta/Trajeto_TUN3B98.kml|layername=Trajeto|geometrytype=Point|uniqueGeometryType=yes", "Velocidade": 14.0, "Data": "2026-07-12", "hora": "23:46:00", "Rota": "ROTA 600 (NOITE) - Centro - Domingo", "Turno": "Noite", "Dias_da_semana": [ "dom" ], "Hit_Rate": 16.67, "Status": "Baixo hit rate", "Bloco": "Domingo" }, "geometry": { "type": "MultiLineString", "coordinates": [ [ [ 671736.138627427513711, 7478953.593409277498722 ], [ 671736.051103837555274, 7478976.717788239941001 ] ] ] } },
{ "type": "Feature", "properties": { "id": "Gramacho.230", "id_trecho": 1969, "Name": "Avenida Governador Leonel de Moura Brizola", "description": null, "Extensao_m": 2.4791265927061361, "Bairro_logradouros": "Gramacho", "Bairro_rotas": "Centro", "Distrito": "1º", "Lote": "I", "Name_2": "Ponto 128", "description_2": "Velocidade: 6km/h<br>14/06/2026 22:01:01", "layer": "TTX7B46", "path": "C:/KMLs/Estevao/14-06-2026/Coleta/Trajeto_TTX7B46.kml|layername=Trajeto|geometrytype=Point|uniqueGeometryType=yes", "Velocidade": 6.0, "Data": "2026-06-14", "hora": "22:01:01", "Rota": "ROTA 600 (NOITE) - Centro - Domingo", "Turno": "Noite", "Dias_da_semana": [ "dom" ], "Hit_Rate": 16.67, "Status": "Baixo hit rate", "Bloco": "Domingo" }, "geometry": { "type": "MultiLineString", "coordinates": [ [ [ 673918.435268772067502, 7483184.273165721446276 ], [ 673917.097278870758601, 7483186.360155982896686 ] ] ] } },
{ "type": "Feature", "properties": { "id": "Parque_Fluminense.175", "id_trecho": 4717, "Name": "Avenida Governador Leonel de Moura Brizola", "description": null, "Extensao_m": 114.44261733924496, "Bairro_logradouros": "Parque Fluminense", "Bairro_rotas": "Centro", "Distrito": "2º", "Lote": "I", "Name_2": "Ponto 246", "description_2": "Velocidade: 7km/h<br>14/06/2026 22:48:02", "layer": "TTX7B46", "path": "C:/KMLs/Estevao/14-06-2026/Coleta/Trajeto_TTX7B46.kml|layername=Trajeto|geometrytype=Point|uniqueGeometryType=yes", "Velocidade": 7.0, "Data": "2026-06-14", "hora": "22:48:02", "Rota": "ROTA 600 (NOITE) - Centro - Domingo", "Turno": "Noite", "Dias_da_semana": [ "dom" ], "Hit_Rate": 33.33, "Status": "Baixo hit rate", "Bloco": "Domingo" }, "geometry": { "type": "MultiLineString", "coordinates": [ [ [ 672721.918525279848836, 7486296.780775528401136 ], [ 672819.977212255005725, 7486237.78256425075233 ] ] ] } },
{ "type": "Feature", "properties": { "id": "Parque_Fluminense.175", "id_trecho": 4715, "Name": "Avenida Governador Leonel de Moura Brizola", "description": null, "Extensao_m": 75.848900727250395, "Bairro_logradouros": "Parque Fluminense", "Bairro_rotas": "Centro", "Distrito": "2º", "Lote": "I", "Name_2": "Ponto 256", "description_2": "Velocidade: 10km/h<br>14/06/2026 22:50:56", "layer": "TTX7B46", "path": "C:/KMLs/Estevao/14-06-2026/Coleta/Trajeto_TTX7B46.kml|layername=Trajeto|geometrytype=Point|uniqueGeometryType=yes", "Velocidade": 10.0, "Data": "2026-06-14", "hora": "22:50:56", "Rota": "ROTA 600 (NOITE) - Centro - Domingo", "Turno": "Noite", "Dias_da_semana": [ "dom" ], "Hit_Rate": 16.67, "Status": "Baixo hit rate", "Bloco": "Domingo" }, "geometry": { "type": "MultiLineString", "coordinates": [ [ [ 672593.242004710016772, 7486371.917348282411695 ], [ 672658.953563125804067, 7486334.040170940570533 ] ] ] } },
{ "type": "Feature", "properties": { "id": "Parque_Fluminense.175", "id_trecho": 4713, "Name": "Avenida Governador Leonel de Moura Brizola", "description": null, "Extensao_m": 62.084796968195526, "Bairro_logradouros": "Parque Fluminense", "Bairro_rotas": "Centro", "Distrito": "2º", "Lote": "I", "Name_2": "Ponto 262", "description_2": "Velocidade: 4km/h<br>14/06/2026 22:51:53", "layer": "TTX7B46", "path": "C:/KMLs/Estevao/14-06-2026/Coleta/Trajeto_TTX7B46.kml|layername=Trajeto|geometrytype=Point|uniqueGeometryType=yes", "Velocidade": 4.0, "Data": "2026-06-14", "hora": "22:51:53", "Rota": "ROTA 600 (NOITE) - Centro - Domingo", "Turno": "Noite", "Dias_da_semana": [ "dom" ], "Hit_Rate": 50.0, "Status": "Baixo hit rate", "Bloco": "Domingo" }, "geometry": { "type": "MultiLineString", "coordinates": [ [ [ 672438.780821815598756, 7486465.484483289532363 ], [ 672491.995400084997527, 7486433.508242206647992 ] ] ] } },
{ "type": "Feature", "properties": { "id": "Centro.132", "id_trecho": 920, "Name": "Avenida Governador Leonel de Moura Brizola", "description": null, "Extensao_m": 101.48225497415919, "Bairro_logradouros": "Centro", "Bairro_rotas": "Centro", "Distrito": "1º", "Lote": "I", "Name_2": "Ponto 542", "description_2": "Velocidade: 14km/h<br>15/06/2026 00:43:02", "layer": "TTX7B46", "path": "C:/KMLs/Estevao/14-06-2026/Coleta/Trajeto_TTX7B46.kml|layername=Trajeto|geometrytype=Point|uniqueGeometryType=yes", "Velocidade": 14.0, "Data": "2026-06-15", "hora": "00:43:02", "Rota": "ROTA 600 (NOITE) - Centro - Domingo", "Turno": "Noite", "Dias_da_semana": [ "dom" ], "Hit_Rate": 33.33, "Status": "Baixo hit rate", "Bloco": "Domingo" }, "geometry": { "type": "MultiLineString", "coordinates": [ [ [ 673417.644554181722924, 7478832.691513271071017 ], [ 673423.930440216674469, 7478804.966635235585272 ], [ 673449.487580685643479, 7478743.764781282283366 ], [ 673452.076151508954354, 7478737.55562081374228 ] ] ] } },
{ "type": "Feature", "properties": { "id": "Centro.120", "id_trecho": 896, "Name": "Avenida Doutor Plínio Casado", "description": null, "Extensao_m": 36.628682334068749, "Bairro_logradouros": "Centro", "Bairro_rotas": "Centro", "Distrito": "1º", "Lote": "I", "Name_2": "Ponto 508", "description_2": "Velocidade: 0km/h<br>14/06/2026 21:03:14", "layer": "TTZ0H96", "path": "C:/KMLs/Estevao/14-06-2026/Coleta/Trajeto_TTZ0H96.kml|layername=Trajeto|geometrytype=Point|uniqueGeometryType=yes", "Velocidade": 0.0, "Data": "2026-06-14", "hora": "21:03:14", "Rota": "ROTA 600 (NOITE) - Centro - Domingo", "Turno": "Noite", "Dias_da_semana": [ "dom" ], "Hit_Rate": 33.33, "Status": "Baixo hit rate", "Bloco": "Domingo" }, "geometry": { "type": "MultiLineString", "coordinates": [ [ [ 673579.986823225859553, 7479451.274890050292015 ], [ 673578.844575609546155, 7479460.047889867797494 ], [ 673575.913194725755602, 7479463.226562812924385 ], [ 673570.768980661174282, 7479465.068365261889994 ], [ 673567.60580593929626, 7479465.038076771423221 ], [ 673564.219923926983029, 7479464.390160527080297 ], [ 673554.267820773064159, 7479458.866989951580763 ] ] ] } },
{ "type": "Feature", "properties": { "id": "Centro.41", "id_trecho": 1015, "Name": "Rua 11 de Junho", "description": null, "Extensao_m": 69.043084610316498, "Bairro_logradouros": "Centro", "Bairro_rotas": "Centro", "Distrito": "1º", "Lote": "I", "Name_2": "Ponto 630", "description_2": "Velocidade: 14km/h<br>14/06/2026 22:14:05", "layer": "TTZ0H96", "path": "C:/KMLs/Estevao/14-06-2026/Coleta/Trajeto_TTZ0H96.kml|layername=Trajeto|geometrytype=Point|uniqueGeometryType=yes", "Velocidade": 14.0, "Data": "2026-06-14", "hora": "22:14:05", "Rota": "ROTA 600 (NOITE) - Centro - Domingo", "Turno": "Noite", "Dias_da_semana": [ "dom" ], "Hit_Rate": 50.0, "Status": "Baixo hit rate", "Bloco": "Domingo" }, "geometry": { "type": "MultiLineString", "coordinates": [ [ [ 673487.931840374134481, 7478329.570196393877268 ], [ 673495.265934370458126, 7478335.189735766500235 ], [ 673542.720493368688039, 7478371.580714979209006 ] ] ] } },
{ "type": "Feature", "properties": { "id": "Centro.147", "id_trecho": 886, "Name": "Avenida Doutor Manoel Teles", "description": null, "Extensao_m": 17.569501369869769, "Bairro_logradouros": "Centro", "Bairro_rotas": "Centro", "Distrito": "1º", "Lote": "I", "Name_2": "Ponto 642", "description_2": "Velocidade: 9km/h<br>14/06/2026 22:20:45", "layer": "TTZ0H96", "path": "C:/KMLs/Estevao/14-06-2026/Coleta/Trajeto_TTZ0H96.kml|layername=Trajeto|geometrytype=Point|uniqueGeometryType=yes", "Velocidade": 9.0, "Data": "2026-06-14", "hora": "22:20:45", "Rota": "ROTA 600 (NOITE) - Centro - Domingo", "Turno": "Noite", "Dias_da_semana": [ "dom" ], "Hit_Rate": 33.33, "Status": "Baixo hit rate", "Bloco": "Domingo" }, "geometry": { "type": "MultiLineString", "coordinates": [ [ [ 673417.644554181722924, 7478832.691513271071017 ], [ 673410.194168983493, 7478837.582966256886721 ], [ 673401.851739500067197, 7478839.893169023096561 ] ] ] } },
{ "type": "Feature", "properties": { "id": "Vila_Sao_Luis.5", "id_trecho": 6990, "Name": "Avenida Expedicionário José Amaro", "description": null, "Extensao_m": 8.9072907806997286, "Bairro_logradouros": "Vila Sao Luis", "Bairro_rotas": "Vila São Luis", "Distrito": "1º", "Lote": "I", "Name_2": "Ponto 161", "description_2": "Velocidade: 11km/h<br>14/06/2026 21:56:03", "layer": "TUN3B98", "path": "C:/KMLs/Estevao/14-06-2026/Coleta/Trajeto_TUN3B98.kml|layername=Trajeto|geometrytype=Point|uniqueGeometryType=yes", "Velocidade": 11.0, "Data": "2026-06-14", "hora": "21:56:03", "Rota": "ROTA 610 (NOITE) - Vila São Luís - Domingo", "Turno": "Noite", "Dias_da_semana": [ "dom" ], "Hit_Rate": 33.33, "Status": "Baixo hit rate", "Bloco": "Domingo" }, "geometry": { "type": "MultiLineString", "coordinates": [ [ [ 675321.464811147423461, 7480757.201550042256713 ], [ 675325.494178483379073, 7480765.145152266137302 ] ] ] } },
{ "type": "Feature", "properties": { "id": "Vinte_e_Cinco_de_Agosto.75", "id_trecho": 7481, "Name": "Rua Marechal Floriano", "description": null, "Extensao_m": 204.30318130745832, "Bairro_logradouros": "Vinte e Cinco de Agosto", "Bairro_rotas": "Vinte e Cinco de Agosto", "Distrito": "1º", "Lote": "I", "Name_2": "Ponto 298", "description_2": "Velocidade: 18km/h<br>14/06/2026 18:07:38", "layer": "TTF6F97", "path": "C:/KMLs/Estevao/14-06-2026/Coleta/Trajeto_TTF6F97.kml|layername=Trajeto|geometrytype=Point|uniqueGeometryType=yes", "Velocidade": 18.0, "Data": "2026-06-14", "hora": "18:07:38", "Rota": "ROTA 610 (NOITE) - Vinte e Cinco de Agosto - Domingo", "Turno": "Noite", "Dias_da_semana": [ "dom" ], "Hit_Rate": 66.67, "Status": "Validado", "Bloco": "Domingo" }, "geometry": { "type": "MultiLineString", "coordinates": [ [ [ 674083.667447418090887, 7478479.696986988186836 ], [ 674268.882744639064185, 7478393.482253236696124 ] ] ] } },
{ "type": "Feature", "properties": { "id": "Vinte_e_Cinco_de_Agosto.59", "id_trecho": 7472, "Name": "Rua Marechal Bento Manoel", "description": null, "Extensao_m": 74.487999792035964, "Bairro_logradouros": "Vinte e Cinco de Agosto", "Bairro_rotas": "Vinte e Cinco de Agosto", "Distrito": "1º", "Lote": "I", "Name_2": "Ponto 325", "description_2": "Velocidade: 17km/h<br>14/06/2026 18:37:07", "layer": "TTM0I75", "path": "C:/KMLs/Estevao/14-06-2026/Coleta/Trajeto_TTM0I75.kml|layername=Trajeto|geometrytype=Point|uniqueGeometryType=yes", "Velocidade": 17.0, "Data": "2026-06-14", "hora": "18:37:07", "Rota": "ROTA 600 (NOITE) - Vinte e Cinco de Agosto - Domingo", "Turno": "Noite", "Dias_da_semana": [ "dom" ], "Hit_Rate": 16.67, "Status": "Baixo hit rate", "Bloco": "Domingo" }, "geometry": { "type": "MultiLineString", "coordinates": [ [ [ 674393.249145358568057, 7478418.278287798166275 ], [ 674406.019877012819052, 7478445.718305168673396 ], [ 674424.318531649885699, 7478485.974517650902271 ] ] ] } },
{ "type": "Feature", "properties": { "id": "Vinte_e_Cinco_de_Agosto.59", "id_trecho": 7472, "Name": "Rua Marechal Bento Manoel", "description": null, "Extensao_m": 74.487999792035964, "Bairro_logradouros": "Vinte e Cinco de Agosto", "Bairro_rotas": "Vinte e Cinco de Agosto", "Distrito": "1º", "Lote": "I", "Name_2": "Ponto 325", "description_2": "Velocidade: 17km/h<br>14/06/2026 18:37:07", "layer": "TTM0I75", "path": "C:/KMLs/Estevao/14-06-2026/Coleta/Trajeto_TTM0I75.kml|layername=Trajeto|geometrytype=Point|uniqueGeometryType=yes", "Velocidade": 17.0, "Data": "2026-06-14", "hora": "18:37:07", "Rota": "ROTA 610 (NOITE) - Vinte e Cinco de Agosto - Domingo", "Turno": "Noite", "Dias_da_semana": [ "dom" ], "Hit_Rate": 16.67, "Status": "Baixo hit rate", "Bloco": "Domingo" }, "geometry": { "type": "MultiLineString", "coordinates": [ [ [ 674393.249145358568057, 7478418.278287798166275 ], [ 674406.019877012819052, 7478445.718305168673396 ], [ 674424.318531649885699, 7478485.974517650902271 ] ] ] } },
{ "type": "Feature", "properties": { "id": "Parque_Duque.47", "id_trecho": 3812, "Name": "Avenida Sāo Vicente", "description": null, "Extensao_m": 132.29112546420552, "Bairro_logradouros": "Parque Duque", "Bairro_rotas": "Parque Duque", "Distrito": "1º", "Lote": "I", "Name_2": "Ponto 336", "description_2": "Velocidade: 6km/h<br>14/06/2026 18:42:56", "layer": "TTM0I75", "path": "C:/KMLs/Estevao/14-06-2026/Coleta/Trajeto_TTM0I75.kml|layername=Trajeto|geometrytype=Point|uniqueGeometryType=yes", "Velocidade": 6.0, "Data": "2026-06-14", "hora": "18:42:56", "Rota": "ROTA 600 (NOITE) - Parque Duque - Domingo", "Turno": "Noite", "Dias_da_semana": [ "dom" ], "Hit_Rate": 33.33, "Status": "Baixo hit rate", "Bloco": "Domingo" }, "geometry": { "type": "MultiLineString", "coordinates": [ [ [ 675881.314922917401418, 7479420.029792939312756 ], [ 675967.688573433668353, 7479520.229180222377181 ] ] ] } },
{ "type": "Feature", "properties": { "id": "Parque_Duque.47", "id_trecho": 3812, "Name": "Avenida Sāo Vicente", "description": null, "Extensao_m": 132.29112546420552, "Bairro_logradouros": "Parque Duque", "Bairro_rotas": "Parque Duque", "Distrito": "1º", "Lote": "I", "Name_2": "Ponto 336", "description_2": "Velocidade: 6km/h<br>14/06/2026 18:42:56", "layer": "TTM0I75", "path": "C:/KMLs/Estevao/14-06-2026/Coleta/Trajeto_TTM0I75.kml|layername=Trajeto|geometrytype=Point|uniqueGeometryType=yes", "Velocidade": 6.0, "Data": "2026-06-14", "hora": "18:42:56", "Rota": "ROTA 610 (NOITE) - Parque Duque - Domingo", "Turno": "Noite", "Dias_da_semana": [ "dom" ], "Hit_Rate": 33.33, "Status": "Baixo hit rate", "Bloco": "Domingo" }, "geometry": { "type": "MultiLineString", "coordinates": [ [ [ 675881.314922917401418, 7479420.029792939312756 ], [ 675967.688573433668353, 7479520.229180222377181 ] ] ] } },
{ "type": "Feature", "properties": { "id": "Gramacho.107", "id_trecho": 2033, "Name": "Avenida Pelótas", "description": null, "Extensao_m": 34.00911514216228, "Bairro_logradouros": "Gramacho", "Bairro_rotas": "Gramacho", "Distrito": "1º", "Lote": "I", "Name_2": "Ponto 345", "description_2": "Velocidade: 44km/h<br>14/06/2026 18:48:07", "layer": "TTM0I75", "path": "C:/KMLs/Estevao/14-06-2026/Coleta/Trajeto_TTM0I75.kml|layername=Trajeto|geometrytype=Point|uniqueGeometryType=yes", "Velocidade": 44.0, "Data": "2026-06-14", "hora": "18:48:07", "Rota": "ROTA 600 (NOITE) - Gramacho - Domingo", "Turno": "Noite", "Dias_da_semana": [ "dom" ], "Hit_Rate": 33.33, "Status": "Baixo hit rate", "Bloco": "Domingo" }, "geometry": { "type": "MultiLineString", "coordinates": [ [ [ 675905.891292199725285, 7482026.2034044675529 ], [ 675908.961261739837937, 7482035.880313928239048 ], [ 675911.625967078376561, 7482039.825263571925461 ], [ 675915.377585439477116, 7482042.727695750072598 ], [ 675921.395563501282595, 7482044.441064888611436 ], [ 675929.390673588495702, 7482045.710714661516249 ] ] ] } },
{ "type": "Feature", "properties": { "id": "Centro.120", "id_trecho": 892, "Name": "Avenida Doutor Plínio Casado", "description": null, "Extensao_m": 73.793289915146062, "Bairro_logradouros": "Centro", "Bairro_rotas": "Centro", "Distrito": "1º", "Lote": "I", "Name_2": "Ponto 568", "description_2": "Velocidade: 0km/h<br>14/06/2026 19:31:32", "layer": "TTW7E72", "path": "C:/KMLs/Estevao/14-06-2026/Coleta/Trajeto_TTW7E72.kml|layername=Trajeto|geometrytype=Point|uniqueGeometryType=yes", "Velocidade": 0.0, "Data": "2026-06-14", "hora": "19:31:32", "Rota": "ROTA 600 (NOITE) - Centro - Domingo", "Turno": "Noite", "Dias_da_semana": [ "dom" ], "Hit_Rate": 33.33, "Status": "Baixo hit rate", "Bloco": "Domingo" }, "geometry": { "type": "MultiLineString", "coordinates": [ [ [ 673485.383784111356363, 7478973.582716955803335 ], [ 673491.951623846194707, 7479001.980240698903799 ], [ 673502.008813700056635, 7479045.476748000830412 ] ] ] } },
{ "type": "Feature", "properties": { "id": "Gramacho.107", "id_trecho": 2025, "Name": "Avenida Pelótas", "description": null, "Extensao_m": 90.457597954087305, "Bairro_logradouros": "Gramacho", "Bairro_rotas": "Gramacho", "Distrito": "1º", "Lote": "I", "Name_2": "Ponto 38", "description_2": "Velocidade: 0km/h<br>14/06/2026 21:23:41", "layer": "TTX7B46", "path": "C:/KMLs/Estevao/14-06-2026/Coleta/Trajeto_TTX7B46.kml|layername=Trajeto|geometrytype=Point|uniqueGeometryType=yes", "Velocidade": 0.0, "Data": "2026-06-14", "hora": "21:23:41", "Rota": "ROTA 600 (NOITE) - Gramacho - Domingo", "Turno": "Noite", "Dias_da_semana": [ "dom" ], "Hit_Rate": 33.33, "Status": "Baixo hit rate", "Bloco": "Domingo" }, "geometry": { "type": "MultiLineString", "coordinates": [ [ [ 675311.510604222421534, 7482561.448912581428885 ], [ 675381.160953972605057, 7482503.733436167240143 ] ] ] } },
{ "type": "Feature", "properties": { "id": "Gramacho.107", "id_trecho": 2024, "Name": "Avenida Pelótas", "description": null, "Extensao_m": 46.802964257284728, "Bairro_logradouros": "Gramacho", "Bairro_rotas": "Gramacho", "Distrito": "1º", "Lote": "I", "Name_2": "Ponto 39", "description_2": "Velocidade: 17km/h<br>14/06/2026 21:23:44", "layer": "TTX7B46", "path": "C:/KMLs/Estevao/14-06-2026/Coleta/Trajeto_TTX7B46.kml|layername=Trajeto|geometrytype=Point|uniqueGeometryType=yes", "Velocidade": 17.0, "Data": "2026-06-14", "hora": "21:23:44", "Rota": "ROTA 600 (NOITE) - Gramacho - Domingo", "Turno": "Noite", "Dias_da_semana": [ "dom" ], "Hit_Rate": 50.0, "Status": "Baixo hit rate", "Bloco": "Domingo" }, "geometry": { "type": "MultiLineString", "coordinates": [ [ [ 675276.952647394849919, 7482593.011166328564286 ], [ 675311.510604222421534, 7482561.448912581428885 ] ] ] } },
{ "type": "Feature", "properties": { "id": "Gramacho.224", "id_trecho": 2059, "Name": "Avenida República do Paraguai", "description": null, "Extensao_m": 14.223853595277566, "Bairro_logradouros": "Gramacho", "Bairro_rotas": "Gramacho", "Distrito": "1º", "Lote": "I", "Name_2": "Ponto 58", "description_2": "Velocidade: 6km/h<br>14/06/2026 21:31:35", "layer": "TTX7B46", "path": "C:/KMLs/Estevao/14-06-2026/Coleta/Trajeto_TTX7B46.kml|layername=Trajeto|geometrytype=Point|uniqueGeometryType=yes", "Velocidade": 6.0, "Data": "2026-06-14", "hora": "21:31:35", "Rota": "ROTA 600 (NOITE) - Gramacho - Domingo", "Turno": "Noite", "Dias_da_semana": [ "dom" ], "Hit_Rate": 16.67, "Status": "Baixo hit rate", "Bloco": "Domingo" }, "geometry": { "type": "MultiLineString", "coordinates": [ [ [ 674960.835855548386462, 7483066.844049209728837 ], [ 674951.727508017560467, 7483077.768662892282009 ] ] ] } },
{ "type": "Feature", "properties": { "id": "Gramacho.224", "id_trecho": 2068, "Name": "Avenida República do Paraguai", "description": null, "Extensao_m": 37.551518388822188, "Bairro_logradouros": "Gramacho", "Bairro_rotas": "Gramacho", "Distrito": "1º", "Lote": "I", "Name_2": "Ponto 92", "description_2": "Velocidade: 13km/h<br>14/06/2026 21:40:49", "layer": "TTX7B46", "path": "C:/KMLs/Estevao/14-06-2026/Coleta/Trajeto_TTX7B46.kml|layername=Trajeto|geometrytype=Point|uniqueGeometryType=yes", "Velocidade": 13.0, "Data": "2026-06-14", "hora": "21:40:49", "Rota": "ROTA 600 (NOITE) - Gramacho - Domingo", "Turno": "Noite", "Dias_da_semana": [ "dom" ], "Hit_Rate": 50.0, "Status": "Baixo hit rate", "Bloco": "Domingo" }, "geometry": { "type": "MultiLineString", "coordinates": [ [ [ 674363.818549720337614, 7483184.988423096016049 ], [ 674338.442683839821257, 7483183.629223756492138 ], [ 674326.316189245786518, 7483183.09267895668745 ] ] ] } },
{ "type": "Feature", "properties": { "id": "Gramacho.230", "id_trecho": 1986, "Name": "Avenida Governador Leonel de Moura Brizola", "description": null, "Extensao_m": 49.812218830894018, "Bairro_logradouros": "Gramacho", "Bairro_rotas": "Centro", "Distrito": "1º", "Lote": "I", "Name_2": "Ponto 151", "description_2": "Velocidade: 4km/h<br>14/06/2026 22:06:37", "layer": "TTX7B46", "path": "C:/KMLs/Estevao/14-06-2026/Coleta/Trajeto_TTX7B46.kml|layername=Trajeto|geometrytype=Point|uniqueGeometryType=yes", "Velocidade": 4.0, "Data": "2026-06-14", "hora": "22:06:37", "Rota": "ROTA 600 (NOITE) - Centro - Domingo", "Turno": "Noite", "Dias_da_semana": [ "dom" ], "Hit_Rate": 16.67, "Status": "Baixo hit rate", "Bloco": "Domingo" }, "geometry": { "type": "MultiLineString", "coordinates": [ [ [ 674192.155378810828552, 7482173.992461826652288 ], [ 674172.077517255558632, 7482128.407247934490442 ] ] ] } },
{ "type": "Feature", "properties": { "id": "Parque_Fluminense.175", "id_trecho": 4729, "Name": "Avenida Governador Leonel de Moura Brizola", "description": null, "Extensao_m": 169.19396506046178, "Bairro_logradouros": "Parque Fluminense", "Bairro_rotas": "Centro", "Distrito": "2º", "Lote": "I", "Name_2": "Ponto 180", "description_2": "Velocidade: 34km/h<br>14/06/2026 22:20:18", "layer": "TTX7B46", "path": "C:/KMLs/Estevao/14-06-2026/Coleta/Trajeto_TTX7B46.kml|layername=Trajeto|geometrytype=Point|uniqueGeometryType=yes", "Velocidade": 34.0, "Data": "2026-06-14", "hora": "22:20:18", "Rota": "ROTA 600 (NOITE) - Centro - Domingo", "Turno": "Noite", "Dias_da_semana": [ "dom" ], "Hit_Rate": 33.33, "Status": "Baixo hit rate", "Bloco": "Domingo" }, "geometry": { "type": "MultiLineString", "coordinates": [ [ [ 673719.087643646053039, 7483664.216313129290938 ], [ 673716.088609502883628, 7483678.63629481010139 ], [ 673704.493166665895842, 7483733.631612664088607 ], [ 673700.801560904132202, 7483751.27109120041132 ], [ 673696.128543401602656, 7483776.518856581300497 ], [ 673685.028499439475127, 7483829.935911925509572 ] ] ] } },
{ "type": "Feature", "properties": { "id": "Sao_Bento.239", "id_trecho": 5606, "Name": "Avenida Governador Leonel de Moura Brizola", "description": null, "Extensao_m": 201.77326710899757, "Bairro_logradouros": "Sao Bento", "Bairro_rotas": "Centro", "Distrito": "2º", "Lote": "I", "Name_2": "Ponto 239", "description_2": "Velocidade: 0km/h<br>14/06/2026 22:45:36", "layer": "TTX7B46", "path": "C:/KMLs/Estevao/14-06-2026/Coleta/Trajeto_TTX7B46.kml|layername=Trajeto|geometrytype=Point|uniqueGeometryType=yes", "Velocidade": 0.0, "Data": "2026-06-14", "hora": "22:45:36", "Rota": "ROTA 600 (NOITE) - Centro - Domingo", "Turno": "Noite", "Dias_da_semana": [ "dom" ], "Hit_Rate": 16.67, "Status": "Baixo hit rate", "Bloco": "Domingo" }, "geometry": { "type": "MultiLineString", "coordinates": [ [ [ 673146.701658747158945, 7486040.601619822904468 ], [ 673122.602103087585419, 7486062.4374820869416 ], [ 673106.718716187751852, 7486073.880663762800395 ], [ 673091.432115241186693, 7486090.362766977399588 ], [ 673020.314582673367113, 7486128.897876994684339 ], [ 673008.284524803515524, 7486136.052487036213279 ], [ 672980.73811436467804, 7486152.932701973244548 ] ] ] } },
{ "type": "Feature", "properties": { "id": "Parque_Fluminense.175", "id_trecho": 4723, "Name": "Avenida Governador Leonel de Moura Brizola", "description": null, "Extensao_m": 47.540130577902602, "Bairro_logradouros": "Parque Fluminense", "Bairro_rotas": "Centro", "Distrito": "2º", "Lote": "I", "Name_2": "Ponto 320", "description_2": "Velocidade: 23km/h<br>14/06/2026 23:14:18", "layer": "TTX7B46", "path": "C:/KMLs/Estevao/14-06-2026/Coleta/Trajeto_TTX7B46.kml|layername=Trajeto|geometrytype=Point|uniqueGeometryType=yes", "Velocidade": 23.0, "Data": "2026-06-14", "hora": "23:14:18", "Rota": "ROTA 600 (NOITE) - Centro - Domingo", "Turno": "Noite", "Dias_da_semana": [ "dom" ], "Hit_Rate": 16.67, "Status": "Baixo hit rate", "Bloco": "Domingo" }, "geometry": { "type": "MultiLineString", "coordinates": [ [ [ 673455.716621723142453, 7484888.034344985149801 ], [ 673460.555647968081757, 7484863.372753747738898 ], [ 673464.299890600843355, 7484841.280874498188496 ] ] ] } },
{ "type": "Feature", "properties": { "id": "Centenario.2", "id_trecho": 682, "Name": "Avenida Governador Leonel de Moura Brizola", "description": null, "Extensao_m": 43.505303846056464, "Bairro_logradouros": "Centenario", "Bairro_rotas": "Centro", "Distrito": "1º", "Lote": "I", "Name_2": "Ponto 354", "description_2": "Velocidade: 18km/h<br>14/06/2026 23:29:18", "layer": "TTX7B46", "path": "C:/KMLs/Estevao/14-06-2026/Coleta/Trajeto_TTX7B46.kml|layername=Trajeto|geometrytype=Point|uniqueGeometryType=yes", "Velocidade": 18.0, "Data": "2026-06-14", "hora": "23:29:18", "Rota": "ROTA 600 (NOITE) - Centro - Domingo", "Turno": "Noite", "Dias_da_semana": [ "dom" ], "Hit_Rate": 16.67, "Status": "Baixo hit rate", "Bloco": "Domingo" }, "geometry": { "type": "MultiLineString", "coordinates": [ [ [ 674027.063241037307307, 7481691.395684998482466 ], [ 674018.778976785135455, 7481648.687552694231272 ] ] ] } },
{ "type": "Feature", "properties": { "id": "Centro.7", "id_trecho": 877, "Name": "Avenida Doutor Manoel Reis", "description": null, "Extensao_m": 109.08769802699143, "Bairro_logradouros": "Centro", "Bairro_rotas": "Centro", "Distrito": "1º", "Lote": "I", "Name_2": "Ponto 423", "description_2": "Velocidade: 10km/h<br>14/06/2026 23:57:02", "layer": "TTX7B46", "path": "C:/KMLs/Estevao/14-06-2026/Coleta/Trajeto_TTX7B46.kml|layername=Trajeto|geometrytype=Point|uniqueGeometryType=yes", "Velocidade": 10.0, "Data": "2026-06-14", "hora": "23:57:02", "Rota": "ROTA 600 (NOITE) - Centro - Domingo", "Turno": "Noite", "Dias_da_semana": [ "dom" ], "Hit_Rate": 33.33, "Status": "Baixo hit rate", "Bloco": "Domingo" }, "geometry": { "type": "MultiLineString", "coordinates": [ [ [ 673015.230020241811872, 7479941.471711514517665 ], [ 672907.81975412205793, 7479960.509489014744759 ] ] ] } },
{ "type": "Feature", "properties": { "id": "Centro.132", "id_trecho": 914, "Name": "Avenida Governador Leonel de Moura Brizola", "description": null, "Extensao_m": 47.942117724281999, "Bairro_logradouros": "Centro", "Bairro_rotas": "Centro", "Distrito": "1º", "Lote": "I", "Name_2": "Ponto 508", "description_2": "Velocidade: 0km/h<br>15/06/2026 00:26:53", "layer": "TTX7B46", "path": "C:/KMLs/Estevao/14-06-2026/Coleta/Trajeto_TTX7B46.kml|layername=Trajeto|geometrytype=Point|uniqueGeometryType=yes", "Velocidade": 0.0, "Data": "2026-06-15", "hora": "00:26:53", "Rota": "ROTA 600 (NOITE) - Centro - Domingo", "Turno": "Noite", "Dias_da_semana": [ "dom" ], "Hit_Rate": 50.0, "Status": "Baixo hit rate", "Bloco": "Domingo" }, "geometry": { "type": "MultiLineString", "coordinates": [ [ [ 673465.021032542223111, 7479288.121177861467004 ], [ 673441.714905666536652, 7479246.226774735376239 ] ] ] } },
{ "type": "Feature", "properties": { "id": "Centro.137", "id_trecho": 1196, "Name": "Rua José de Alvarenga", "description": null, "Extensao_m": 226.51284438988816, "Bairro_logradouros": "Centro", "Bairro_rotas": "Centro", "Distrito": "1º", "Lote": "I", "Name_2": "Ponto 516", "description_2": "Velocidade: 0km/h<br>15/06/2026 00:31:19", "layer": "TTX7B46", "path": "C:/KMLs/Estevao/14-06-2026/Coleta/Trajeto_TTX7B46.kml|layername=Trajeto|geometrytype=Point|uniqueGeometryType=yes", "Velocidade": 0.0, "Data": "2026-06-15", "hora": "00:31:19", "Rota": "ROTA 600 (NOITE) - Centro - Domingo", "Turno": "Noite", "Dias_da_semana": [ "dom" ], "Hit_Rate": 50.0, "Status": "Baixo hit rate", "Bloco": "Domingo" }, "geometry": { "type": "MultiLineString", "coordinates": [ [ [ 673352.822776553221047, 7478456.256134020164609 ], [ 673350.792571931146085, 7478467.298465736210346 ], [ 673344.865090482169762, 7478499.42688874155283 ], [ 673327.809209061320871, 7478662.151232214644551 ], [ 673327.813029338140041, 7478666.082640352658927 ], [ 673328.19561664829962, 7478669.013017165474594 ], [ 673329.404245383571833, 7478672.343718104064465 ], [ 673330.957654641475528, 7478675.293948381207883 ], [ 673332.440484362537973, 7478677.458694159053266 ], [ 673334.085943287005648, 7478679.477614003233612 ] ] ] } },
{ "type": "Feature", "properties": { "id": "Centro.37", "id_trecho": 1225, "Name": "Rua Mariano Sendra dos Santos", "description": null, "Extensao_m": 51.31588192952394, "Bairro_logradouros": "Centro", "Bairro_rotas": "Centro", "Distrito": "1º", "Lote": "I", "Name_2": "Ponto 517", "description_2": "Velocidade: 0km/h<br>15/06/2026 00:31:57", "layer": "TTX7B46", "path": "C:/KMLs/Estevao/14-06-2026/Coleta/Trajeto_TTX7B46.kml|layername=Trajeto|geometrytype=Point|uniqueGeometryType=yes", "Velocidade": 0.0, "Data": "2026-06-15", "hora": "00:31:57", "Rota": "ROTA 600 (NOITE) - Centro - Domingo", "Turno": "Noite", "Dias_da_semana": [ "dom" ], "Hit_Rate": 50.0, "Status": "Baixo hit rate", "Bloco": "Domingo" }, "geometry": { "type": "MultiLineString", "coordinates": [ [ [ 673334.085943287005648, 7478679.477614003233612 ], [ 673338.531095004174858, 7478682.981770013459027 ], [ 673346.287042843992822, 7478686.868946230039001 ], [ 673364.665332716424018, 7478695.67370262555778 ], [ 673379.636416846420616, 7478702.845105731859803 ] ] ] } },
{ "type": "Feature", "properties": { "id": "Centro.132", "id_trecho": 922, "Name": "Avenida Governador Leonel de Moura Brizola", "description": null, "Extensao_m": 120.38285516373521, "Bairro_logradouros": "Centro", "Bairro_rotas": "Centro", "Distrito": "1º", "Lote": "I", "Name_2": "Ponto 521", "description_2": "Velocidade: 25km/h<br>15/06/2026 00:34:19", "layer": "TTX7B46", "path": "C:/KMLs/Estevao/14-06-2026/Coleta/Trajeto_TTX7B46.kml|layername=Trajeto|geometrytype=Point|uniqueGeometryType=yes", "Velocidade": 25.0, "Data": "2026-06-15", "hora": "00:34:19", "Rota": "ROTA 600 (NOITE) - Centro - Domingo", "Turno": "Noite", "Dias_da_semana": [ "dom" ], "Hit_Rate": 33.33, "Status": "Baixo hit rate", "Bloco": "Domingo" }, "geometry": { "type": "MultiLineString", "coordinates": [ [ [ 673502.220067492220551, 7478630.035886324010789 ], [ 673538.169735820265487, 7478551.914966581389308 ], [ 673543.906332354759797, 7478539.944260120391846 ], [ 673552.950229305191897, 7478520.870184957049787 ] ] ] } },
{ "type": "Feature", "properties": { "id": "Centro.132", "id_trecho": 911, "Name": "Avenida Governador Leonel de Moura Brizola", "description": null, "Extensao_m": 18.638154869159692, "Bairro_logradouros": "Centro", "Bairro_rotas": "Centro", "Distrito": "1º", "Lote": "I", "Name_2": "Ponto 513", "description_2": "Velocidade: 0km/h<br>14/06/2026 21:07:39", "layer": "TTZ0H96", "path": "C:/KMLs/Estevao/14-06-2026/Coleta/Trajeto_TTZ0H96.kml|layername=Trajeto|geometrytype=Point|uniqueGeometryType=yes", "Velocidade": 0.0, "Data": "2026-06-14", "hora": "21:07:39", "Rota": "ROTA 600 (NOITE) - Centro - Domingo", "Turno": "Noite", "Dias_da_semana": [ "dom" ], "Hit_Rate": 33.33, "Status": "Baixo hit rate", "Bloco": "Domingo" }, "geometry": { "type": "MultiLineString", "coordinates": [ [ [ 673554.267820773064159, 7479458.866989951580763 ], [ 673549.372892901767045, 7479449.2770373262465 ], [ 673545.801299280603416, 7479442.263394489884377 ] ] ] } },
{ "type": "Feature", "properties": { "id": "Centro.132", "id_trecho": 913, "Name": "Avenida Governador Leonel de Moura Brizola", "description": null, "Extensao_m": 63.878084663137855, "Bairro_logradouros": "Centro", "Bairro_rotas": "Centro", "Distrito": "1º", "Lote": "I", "Name_2": "Ponto 524", "description_2": "Velocidade: 0km/h<br>14/06/2026 21:11:39", "layer": "TTZ0H96", "path": "C:/KMLs/Estevao/14-06-2026/Coleta/Trajeto_TTZ0H96.kml|layername=Trajeto|geometrytype=Point|uniqueGeometryType=yes", "Velocidade": 0.0, "Data": "2026-06-14", "hora": "21:11:39", "Rota": "ROTA 600 (NOITE) - Centro - Domingo", "Turno": "Noite", "Dias_da_semana": [ "dom" ], "Hit_Rate": 50.0, "Status": "Baixo hit rate", "Bloco": "Domingo" }, "geometry": { "type": "MultiLineString", "coordinates": [ [ [ 673496.60563561716117, 7479343.642278032377362 ], [ 673465.021032542223111, 7479288.121177861467004 ] ] ] } },
{ "type": "Feature", "properties": { "id": "Centro.94", "id_trecho": 1240, "Name": "Rua Nunes Alves", "description": null, "Extensao_m": 115.42441806124455, "Bairro_logradouros": "Centro", "Bairro_rotas": "Centro", "Distrito": "1º", "Lote": "I", "Name_2": "Ponto 525", "description_2": "Velocidade: 0km/h<br>14/06/2026 21:12:39", "layer": "TTZ0H96", "path": "C:/KMLs/Estevao/14-06-2026/Coleta/Trajeto_TTZ0H96.kml|layername=Trajeto|geometrytype=Point|uniqueGeometryType=yes", "Velocidade": 0.0, "Data": "2026-06-14", "hora": "21:12:39", "Rota": "ROTA 600 (NOITE) - Centro - Domingo", "Turno": "Noite", "Dias_da_semana": [ "dom" ], "Hit_Rate": 16.67, "Status": "Baixo hit rate", "Bloco": "Domingo" }, "geometry": { "type": "MultiLineString", "coordinates": [ [ [ 673433.909201677888632, 7479232.616774411872029 ], [ 673450.692958494997583, 7479206.953661426901817 ], [ 673470.587087090709247, 7479173.115218651480973 ], [ 673493.654221069067717, 7479133.891490885056555 ] ] ] } },
{ "type": "Feature", "properties": { "id": "Centro.120", "id_trecho": 890, "Name": "Avenida Doutor Plínio Casado", "description": null, "Extensao_m": 109.05188855171946, "Bairro_logradouros": "Centro", "Bairro_rotas": "Centro", "Distrito": "1º", "Lote": "I", "Name_2": "Ponto 537", "description_2": "Velocidade: 18km/h<br>14/06/2026 21:18:39", "layer": "TTZ0H96", "path": "C:/KMLs/Estevao/14-06-2026/Coleta/Trajeto_TTZ0H96.kml|layername=Trajeto|geometrytype=Point|uniqueGeometryType=yes", "Velocidade": 18.0, "Data": "2026-06-14", "hora": "21:18:39", "Rota": "ROTA 600 (NOITE) - Centro - Domingo", "Turno": "Noite", "Dias_da_semana": [ "dom" ], "Hit_Rate": 33.33, "Status": "Baixo hit rate", "Bloco": "Domingo" }, "geometry": { "type": "MultiLineString", "coordinates": [ [ [ 673450.972315635997802, 7478827.869848440401256 ], [ 673461.3900576911401, 7478865.193748233839869 ], [ 673466.323819687706418, 7478887.186732344329357 ], [ 673469.147265225765295, 7478901.529190720058978 ], [ 673475.536248543765396, 7478934.048483334481716 ] ] ] } },
{ "type": "Feature", "properties": { "id": "Centro.147", "id_trecho": 883, "Name": "Avenida Doutor Manoel Teles", "description": null, "Extensao_m": 70.435348578379745, "Bairro_logradouros": "Centro", "Bairro_rotas": "Centro", "Distrito": "1º", "Lote": "I", "Name_2": "Ponto 541", "description_2": "Velocidade: 21km/h<br>14/06/2026 21:20:39", "layer": "TTZ0H96", "path": "C:/KMLs/Estevao/14-06-2026/Coleta/Trajeto_TTZ0H96.kml|layername=Trajeto|geometrytype=Point|uniqueGeometryType=yes", "Velocidade": 21.0, "Data": "2026-06-14", "hora": "21:20:39", "Rota": "ROTA 600 (NOITE) - Centro - Domingo", "Turno": "Noite", "Dias_da_semana": [ "dom" ], "Hit_Rate": 33.33, "Status": "Baixo hit rate", "Bloco": "Domingo" }, "geometry": { "type": "MultiLineString", "coordinates": [ [ [ 673091.128576731309295, 7478561.748514400795102 ], [ 673038.361931979423389, 7478515.095302017405629 ] ] ] } },
{ "type": "Feature", "properties": { "id": "Bar_dos_Cavalheiros.141", "id_trecho": 20, "Name": "Avenida Doutor Manoel Teles", "description": null, "Extensao_m": 130.36704576442088, "Bairro_logradouros": "Bar dos Cavalheiros", "Bairro_rotas": "Centro", "Distrito": "1º", "Lote": "I", "Name_2": "Ponto 542", "description_2": "Velocidade: 20km/h<br>14/06/2026 21:21:39", "layer": "TTZ0H96", "path": "C:/KMLs/Estevao/14-06-2026/Coleta/Trajeto_TTZ0H96.kml|layername=Trajeto|geometrytype=Point|uniqueGeometryType=yes", "Velocidade": 20.0, "Data": "2026-06-14", "hora": "21:21:39", "Rota": "ROTA 600 (NOITE) - Centro - Domingo", "Turno": "Noite", "Dias_da_semana": [ "dom" ], "Hit_Rate": 33.33, "Status": "Baixo hit rate", "Bloco": "Domingo" }, "geometry": { "type": "MultiLineString", "coordinates": [ [ [ 672798.142169052385725, 7478304.570756837725639 ], [ 672702.249728120630607, 7478216.258004551753402 ] ] ] } },
{ "type": "Feature", "properties": { "id": "Bar_dos_Cavalheiros.141", "id_trecho": 22, "Name": "Avenida Doutor Manoel Teles", "description": null, "Extensao_m": 49.26298847234807, "Bairro_logradouros": "Bar dos Cavalheiros", "Bairro_rotas": "Centro", "Distrito": "1º", "Lote": "I", "Name_2": "Ponto 543", "description_2": "Velocidade: 7km/h<br>14/06/2026 21:22:39", "layer": "TTZ0H96", "path": "C:/KMLs/Estevao/14-06-2026/Coleta/Trajeto_TTZ0H96.kml|layername=Trajeto|geometrytype=Point|uniqueGeometryType=yes", "Velocidade": 7.0, "Data": "2026-06-14", "hora": "21:22:39", "Rota": "ROTA 600 (NOITE) - Centro - Domingo", "Turno": "Noite", "Dias_da_semana": [ "dom" ], "Hit_Rate": 16.67, "Status": "Baixo hit rate", "Bloco": "Domingo" }, "geometry": { "type": "MultiLineString", "coordinates": [ [ [ 672594.186708671739325, 7478079.731977378949523 ], [ 672577.712624684441835, 7478033.306863146834075 ] ] ] } },
{ "type": "Feature", "properties": { "id": "Bar_dos_Cavalheiros.141", "id_trecho": 23, "Name": "Avenida Doutor Manoel Teles", "description": null, "Extensao_m": 108.39131796265571, "Bairro_logradouros": "Bar dos Cavalheiros", "Bairro_rotas": "Centro", "Distrito": "1º", "Lote": "I", "Name_2": "Ponto 594", "description_2": "Velocidade: 16km/h<br>14/06/2026 21:51:39", "layer": "TTZ0H96", "path": "C:/KMLs/Estevao/14-06-2026/Coleta/Trajeto_TTZ0H96.kml|layername=Trajeto|geometrytype=Point|uniqueGeometryType=yes", "Velocidade": 16.0, "Data": "2026-06-14", "hora": "21:51:39", "Rota": "ROTA 600 (NOITE) - Centro - Domingo", "Turno": "Noite", "Dias_da_semana": [ "dom" ], "Hit_Rate": 16.67, "Status": "Baixo hit rate", "Bloco": "Domingo" }, "geometry": { "type": "MultiLineString", "coordinates": [ [ [ 672577.712624684441835, 7478033.306863146834075 ], [ 672545.168571521877311, 7477929.920172301121056 ] ] ] } },
{ "type": "Feature", "properties": { "id": "Bar_dos_Cavalheiros.141", "id_trecho": 21, "Name": "Avenida Doutor Manoel Teles", "description": null, "Extensao_m": 176.42117106499848, "Bairro_logradouros": "Bar dos Cavalheiros", "Bairro_rotas": "Centro", "Distrito": "1º", "Lote": "I", "Name_2": "Ponto 595", "description_2": "Velocidade: 17km/h<br>14/06/2026 21:52:39", "layer": "TTZ0H96", "path": "C:/KMLs/Estevao/14-06-2026/Coleta/Trajeto_TTZ0H96.kml|layername=Trajeto|geometrytype=Point|uniqueGeometryType=yes", "Velocidade": 17.0, "Data": "2026-06-14", "hora": "21:52:39", "Rota": "ROTA 600 (NOITE) - Centro - Domingo", "Turno": "Noite", "Dias_da_semana": [ "dom" ], "Hit_Rate": 16.67, "Status": "Baixo hit rate", "Bloco": "Domingo" }, "geometry": { "type": "MultiLineString", "coordinates": [ [ [ 672702.249728120630607, 7478216.258004551753402 ], [ 672641.855967110488564, 7478155.127435359172523 ], [ 672628.032838294981048, 7478141.375142963603139 ], [ 672619.064337414689362, 7478131.04500435013324 ], [ 672611.504078655387275, 7478119.945778221823275 ], [ 672605.254053702577949, 7478108.488337025046349 ], [ 672599.522223182022572, 7478094.743657123297453 ], [ 672594.186708671739325, 7478079.731977378949523 ] ] ] } },
{ "type": "Feature", "properties": { "id": "Bar_dos_Cavalheiros.141", "id_trecho": 16, "Name": "Avenida Doutor Manoel Teles", "description": null, "Extensao_m": 70.813765792103595, "Bairro_logradouros": "Bar dos Cavalheiros", "Bairro_rotas": "Centro", "Distrito": "1º", "Lote": "I", "Name_2": "Ponto 596", "description_2": "Velocidade: 23km/h<br>14/06/2026 21:53:39", "layer": "TTZ0H96", "path": "C:/KMLs/Estevao/14-06-2026/Coleta/Trajeto_TTZ0H96.kml|layername=Trajeto|geometrytype=Point|uniqueGeometryType=yes", "Velocidade": 23.0, "Data": "2026-06-14", "hora": "21:53:39", "Rota": "ROTA 600 (NOITE) - Centro - Domingo", "Turno": "Noite", "Dias_da_semana": [ "dom" ], "Hit_Rate": 16.67, "Status": "Baixo hit rate", "Bloco": "Domingo" }, "geometry": { "type": "MultiLineString", "coordinates": [ [ [ 672947.078130792709999, 7478435.878895699046552 ], [ 672893.636904029292054, 7478389.421194416470826 ] ] ] } },
{ "type": "Feature", "properties": { "id": "Centro.41", "id_trecho": 1016, "Name": "Rua 11 de Junho", "description": null, "Extensao_m": 91.949398804112832, "Bairro_logradouros": "Centro", "Bairro_rotas": "Centro", "Distrito": "1º", "Lote": "I", "Name_2": "Ponto 631", "description_2": "Velocidade: 16km/h<br>14/06/2026 22:14:31", "layer": "TTZ0H96", "path": "C:/KMLs/Estevao/14-06-2026/Coleta/Trajeto_TTZ0H96.kml|layername=Trajeto|geometrytype=Point|uniqueGeometryType=yes", "Velocidade": 16.0, "Data": "2026-06-14", "hora": "22:14:31", "Rota": "ROTA 600 (NOITE) - Centro - Domingo", "Turno": "Noite", "Dias_da_semana": [ "dom" ], "Hit_Rate": 16.67, "Status": "Baixo hit rate", "Bloco": "Domingo" }, "geometry": { "type": "MultiLineString", "coordinates": [ [ [ 673542.720493368688039, 7478371.580714979209006 ], [ 673581.364260656526312, 7478397.119625786319375 ], [ 673590.637087293318473, 7478402.561906462535262 ], [ 673599.339185997028835, 7478404.788021814078093 ], [ 673605.540373153169639, 7478404.717088621109724 ], [ 673623.911266031675041, 7478397.629651239141822 ] ] ] } },
{ "type": "Feature", "properties": { "id": "Centro.132", "id_trecho": 924, "Name": "Avenida Governador Leonel de Moura Brizola", "description": null, "Extensao_m": 78.329824868658477, "Bairro_logradouros": "Centro", "Bairro_rotas": "Centro", "Distrito": "1º", "Lote": "I", "Name_2": "Ponto 632", "description_2": "Velocidade: 27km/h<br>14/06/2026 22:14:39", "layer": "TTZ0H96", "path": "C:/KMLs/Estevao/14-06-2026/Coleta/Trajeto_TTZ0H96.kml|layername=Trajeto|geometrytype=Point|uniqueGeometryType=yes", "Velocidade": 27.0, "Data": "2026-06-14", "hora": "22:14:39", "Rota": "ROTA 600 (NOITE) - Centro - Domingo", "Turno": "Noite", "Dias_da_semana": [ "dom" ], "Hit_Rate": 33.33, "Status": "Baixo hit rate", "Bloco": "Domingo" }, "geometry": { "type": "MultiLineString", "coordinates": [ [ [ 673623.911266031675041, 7478397.629651239141822 ], [ 673646.601641016779467, 7478377.679533798247576 ], [ 673653.656896360567771, 7478371.48566535115242 ], [ 673684.970833358354867, 7478348.701397884637117 ] ] ] } },
{ "type": "Feature", "properties": { "id": "Centro.132", "id_trecho": 933, "Name": "Avenida Governador Leonel de Moura Brizola", "description": null, "Extensao_m": 72.529331860981188, "Bairro_logradouros": "Centro", "Bairro_rotas": "Centro", "Distrito": "1º", "Lote": "I", "Name_2": "Ponto 637", "description_2": "Velocidade: 0km/h<br>14/06/2026 22:18:11", "layer": "TTZ0H96", "path": "C:/KMLs/Estevao/14-06-2026/Coleta/Trajeto_TTZ0H96.kml|layername=Trajeto|geometrytype=Point|uniqueGeometryType=yes", "Velocidade": 0.0, "Data": "2026-06-14", "hora": "22:18:11", "Rota": "ROTA 600 (NOITE) - Centro - Domingo", "Turno": "Noite", "Dias_da_semana": [ "dom" ], "Hit_Rate": 33.33, "Status": "Baixo hit rate", "Bloco": "Domingo" }, "geometry": { "type": "MultiLineString", "coordinates": [ [ [ 673592.609019887284376, 7478466.339717609807849 ], [ 673568.902108278591186, 7478512.348650878295302 ], [ 673559.616398776881397, 7478530.927149117924273 ] ] ] } },
{ "type": "Feature", "properties": { "id": "Centro.132", "id_trecho": 937, "Name": "Avenida Governador Leonel de Moura Brizola", "description": null, "Extensao_m": 48.086240851425799, "Bairro_logradouros": "Centro", "Bairro_rotas": "Centro", "Distrito": "1º", "Lote": "I", "Name_2": "Ponto 641", "description_2": "Velocidade: 8km/h<br>14/06/2026 22:20:39", "layer": "TTZ0H96", "path": "C:/KMLs/Estevao/14-06-2026/Coleta/Trajeto_TTZ0H96.kml|layername=Trajeto|geometrytype=Point|uniqueGeometryType=yes", "Velocidade": 8.0, "Data": "2026-06-14", "hora": "22:20:39", "Rota": "ROTA 600 (NOITE) - Centro - Domingo", "Turno": "Noite", "Dias_da_semana": [ "dom" ], "Hit_Rate": 16.67, "Status": "Baixo hit rate", "Bloco": "Domingo" }, "geometry": { "type": "MultiLineString", "coordinates": [ [ [ 673441.960922020603903, 7478792.301797367632389 ], [ 673431.84916002699174, 7478817.700452154502273 ], [ 673427.856769222649746, 7478823.272249260917306 ], [ 673417.644554181722924, 7478832.691513271071017 ] ] ] } },
{ "type": "Feature", "properties": { "id": "Parque_Duque.56", "id_trecho": 4005, "Name": "Rua 14 de Julho", "description": null, "Extensao_m": 36.447857398499728, "Bairro_logradouros": "Parque Duque", "Bairro_rotas": "Parque Duque", "Distrito": "1º", "Lote": "I", "Name_2": "Ponto 44", "description_2": "Velocidade: 26km/h<br>14/06/2026 21:15:16", "layer": "TUN3B98", "path": "C:/KMLs/Estevao/14-06-2026/Coleta/Trajeto_TUN3B98.kml|layername=Trajeto|geometrytype=Point|uniqueGeometryType=yes", "Velocidade": 26.0, "Data": "2026-06-14", "hora": "21:15:16", "Rota": "ROTA 610 (NOITE) - Parque Duque - Domingo", "Turno": "Noite", "Dias_da_semana": [ "dom" ], "Hit_Rate": 66.67, "Status": "Validado", "Bloco": "Domingo" }, "geometry": { "type": "MultiLineString", "coordinates": [ [ [ 675930.597184950951487, 7480334.549922022968531 ], [ 675904.741365597350523, 7480308.861870522610843 ] ] ] } },
{ "type": "Feature", "properties": { "id": "Parque_Duque.56", "id_trecho": 4008, "Name": "Rua 14 de Julho", "description": null, "Extensao_m": 88.54567476883598, "Bairro_logradouros": "Parque Duque", "Bairro_rotas": "Parque Duque", "Distrito": "1º", "Lote": "I", "Name_2": "Ponto 46", "description_2": "Velocidade: 5km/h<br>14/06/2026 21:15:53", "layer": "TUN3B98", "path": "C:/KMLs/Estevao/14-06-2026/Coleta/Trajeto_TUN3B98.kml|layername=Trajeto|geometrytype=Point|uniqueGeometryType=yes", "Velocidade": 5.0, "Data": "2026-06-14", "hora": "21:15:53", "Rota": "ROTA 610 (NOITE) - Parque Duque - Domingo", "Turno": "Noite", "Dias_da_semana": [ "dom" ], "Hit_Rate": 50.0, "Status": "Baixo hit rate", "Bloco": "Domingo" }, "geometry": { "type": "MultiLineString", "coordinates": [ [ [ 675774.691024048370309, 7480180.083728230558336 ], [ 675711.846176236867905, 7480117.709271943196654 ] ] ] } },
{ "type": "Feature", "properties": { "id": "Vila_Sao_Luis.3", "id_trecho": 7072, "Name": "Rua Albino Imparato", "description": null, "Extensao_m": 57.638523836699875, "Bairro_logradouros": "Vila Sao Luis", "Bairro_rotas": "Parque Duque", "Distrito": "1º", "Lote": "I", "Name_2": "Ponto 122", "description_2": "Velocidade: 0km/h<br>14/06/2026 21:41:19", "layer": "TUN3B98", "path": "C:/KMLs/Estevao/14-06-2026/Coleta/Trajeto_TUN3B98.kml|layername=Trajeto|geometrytype=Point|uniqueGeometryType=yes", "Velocidade": 0.0, "Data": "2026-06-14", "hora": "21:41:19", "Rota": "ROTA 610 (NOITE) - Parque Duque - Domingo", "Turno": "Noite", "Dias_da_semana": [ "dom" ], "Hit_Rate": 33.33, "Status": "Baixo hit rate", "Bloco": "Domingo" }, "geometry": { "type": "MultiLineString", "coordinates": [ [ [ 674622.970649186521769, 7479366.256808694452047 ], [ 674627.622949022334069, 7479358.262831436470151 ], [ 674634.53489914839156, 7479348.526303104124963 ], [ 674645.067568680271506, 7479335.746913397684693 ], [ 674658.110952416434884, 7479320.7347920704633 ] ] ] } },
{ "type": "Feature", "properties": { "id": "Vila_Sao_Luis.49", "id_trecho": 7251, "Name": "Rua Prudente de Moraes", "description": null, "Extensao_m": 109.98386308424304, "Bairro_logradouros": "Vila Sao Luis", "Bairro_rotas": "Vila São Luis", "Distrito": "1º", "Lote": "I", "Name_2": "Ponto 134", "description_2": "Velocidade: 17km/h<br>14/06/2026 21:47:57", "layer": "TUN3B98", "path": "C:/KMLs/Estevao/14-06-2026/Coleta/Trajeto_TUN3B98.kml|layername=Trajeto|geometrytype=Point|uniqueGeometryType=yes", "Velocidade": 17.0, "Data": "2026-06-14", "hora": "21:47:57", "Rota": "ROTA 610 (NOITE) - Vila São Luís - Domingo", "Turno": "Noite", "Dias_da_semana": [ "dom" ], "Hit_Rate": 16.67, "Status": "Baixo hit rate", "Bloco": "Domingo" }, "geometry": { "type": "MultiLineString", "coordinates": [ [ [ 674572.307643353124149, 7479719.409405551850796 ], [ 674637.406595952808857, 7479808.054832235909998 ] ] ] } },
{ "type": "Feature", "properties": { "id": "Vila_Sao_Luis.49", "id_trecho": 7262, "Name": "Rua Prudente de Moraes", "description": null, "Extensao_m": 95.092794380572514, "Bairro_logradouros": "Vila Sao Luis", "Bairro_rotas": "Vila São Luis", "Distrito": "1º", "Lote": "I", "Name_2": "Ponto 158", "description_2": "Velocidade: 0km/h<br>14/06/2026 21:55:36", "layer": "TUN3B98", "path": "C:/KMLs/Estevao/14-06-2026/Coleta/Trajeto_TUN3B98.kml|layername=Trajeto|geometrytype=Point|uniqueGeometryType=yes", "Velocidade": 0.0, "Data": "2026-06-14", "hora": "21:55:36", "Rota": "ROTA 610 (NOITE) - Vila São Luís - Domingo", "Turno": "Noite", "Dias_da_semana": [ "dom" ], "Hit_Rate": 33.33, "Status": "Baixo hit rate", "Bloco": "Domingo" }, "geometry": { "type": "MultiLineString", "coordinates": [ [ [ 675333.13454748026561, 7480627.178241828456521 ], [ 675400.803453448694199, 7480693.985397681593895 ] ] ] } },
{ "type": "Feature", "properties": { "id": "Doutor_Laureano.99", "id_trecho": 1482, "Name": "Avenida Doutor Laureano", "description": null, "Extensao_m": 16.175329933498944, "Bairro_logradouros": "Doutor Laureano", "Bairro_rotas": "Doutor Laureano", "Distrito": "1º", "Lote": "I", "Name_2": "Ponto 177", "description_2": "Velocidade: 12km/h<br>14/06/2026 22:02:59", "layer": "TUN3B98", "path": "C:/KMLs/Estevao/14-06-2026/Coleta/Trajeto_TUN3B98.kml|layername=Trajeto|geometrytype=Point|uniqueGeometryType=yes", "Velocidade": 12.0, "Data": "2026-06-14", "hora": "22:02:59", "Rota": "ROTA 610 (NOITE) - Doutor Laureano - Domingo", "Turno": "Noite", "Dias_da_semana": [ "dom" ], "Hit_Rate": 16.67, "Status": "Baixo hit rate", "Bloco": "Domingo" }, "geometry": { "type": "MultiLineString", "coordinates": [ [ [ 675038.346774020814337, 7481292.826267967000604 ], [ 675053.638285646680743, 7481298.098814897239208 ] ] ] } },
{ "type": "Feature", "properties": { "id": "Doutor_Laureano.99", "id_trecho": 1479, "Name": "Avenida Doutor Laureano", "description": null, "Extensao_m": 24.401822714661421, "Bairro_logradouros": "Doutor Laureano", "Bairro_rotas": "Doutor Laureano", "Distrito": "1º", "Lote": "I", "Name_2": "Ponto 181", "description_2": "Velocidade: 15km/h<br>14/06/2026 22:03:25", "layer": "TUN3B98", "path": "C:/KMLs/Estevao/14-06-2026/Coleta/Trajeto_TUN3B98.kml|layername=Trajeto|geometrytype=Point|uniqueGeometryType=yes", "Velocidade": 15.0, "Data": "2026-06-14", "hora": "22:03:25", "Rota": "ROTA 610 (NOITE) - Doutor Laureano - Domingo", "Turno": "Noite", "Dias_da_semana": [ "dom" ], "Hit_Rate": 16.67, "Status": "Baixo hit rate", "Bloco": "Domingo" }, "geometry": { "type": "MultiLineString", "coordinates": [ [ [ 674906.506689998088405, 7481240.98704079259187 ], [ 674928.84446133300662, 7481250.807770357467234 ] ] ] } },
{ "type": "Feature", "properties": { "id": "Vila_Sao_Luis.5", "id_trecho": 6985, "Name": "Avenida Expedicionário José Amaro", "description": null, "Extensao_m": 19.192198713141575, "Bairro_logradouros": "Vila Sao Luis", "Bairro_rotas": "Vila São Luis", "Distrito": "1º", "Lote": "I", "Name_2": "Ponto 219", "description_2": "Velocidade: 4km/h<br>14/06/2026 22:11:39", "layer": "TUN3B98", "path": "C:/KMLs/Estevao/14-06-2026/Coleta/Trajeto_TUN3B98.kml|layername=Trajeto|geometrytype=Point|uniqueGeometryType=yes", "Velocidade": 4.0, "Data": "2026-06-14", "hora": "22:11:39", "Rota": "ROTA 610 (NOITE) - Vila São Luís - Domingo", "Turno": "Noite", "Dias_da_semana": [ "dom" ], "Hit_Rate": 16.67, "Status": "Baixo hit rate", "Bloco": "Domingo" }, "geometry": { "type": "MultiLineString", "coordinates": [ [ [ 674536.673205909086391, 7480429.237776128575206 ], [ 674554.932351667550392, 7480435.147657748311758 ] ] ] } },
{ "type": "Feature", "properties": { "id": "Vila_Sao_Luis.56", "id_trecho": 7039, "Name": "Avenida Presidente Tancredo Neves", "description": null, "Extensao_m": 105.98435271029336, "Bairro_logradouros": "Vila Sao Luis", "Bairro_rotas": "Vila São Luis", "Distrito": "1º", "Lote": "I", "Name_2": "Ponto 243", "description_2": "Velocidade: 23km/h<br>14/06/2026 22:16:22", "layer": "TUN3B98", "path": "C:/KMLs/Estevao/14-06-2026/Coleta/Trajeto_TUN3B98.kml|layername=Trajeto|geometrytype=Point|uniqueGeometryType=yes", "Velocidade": 23.0, "Data": "2026-06-14", "hora": "22:16:22", "Rota": "ROTA 610 (NOITE) - Vila São Luís - Domingo", "Turno": "Noite", "Dias_da_semana": [ "dom" ], "Hit_Rate": 16.67, "Status": "Baixo hit rate", "Bloco": "Domingo" }, "geometry": { "type": "MultiLineString", "coordinates": [ [ [ 674402.655497910454869, 7480248.31928442325443 ], [ 674339.47644702414982, 7480163.227901754900813 ] ] ] } },
{ "type": "Feature", "properties": { "id": "Vinte_e_Cinco_de_Agosto.79", "id_trecho": 7315, "Name": "Avenida Brigadeiro Lima e Silva", "description": null, "Extensao_m": 135.29781889051225, "Bairro_logradouros": "Vinte e Cinco de Agosto", "Bairro_rotas": "Vinte e Cinco de Agosto", "Distrito": "1º", "Lote": "I", "Name_2": "Ponto 430", "description_2": "Velocidade: 40km/h<br>14/06/2026 23:09:22", "layer": "TUN3B98", "path": "C:/KMLs/Estevao/14-06-2026/Coleta/Trajeto_TUN3B98.kml|layername=Trajeto|geometrytype=Point|uniqueGeometryType=yes", "Velocidade": 40.0, "Data": "2026-06-14", "hora": "23:09:22", "Rota": "ROTA 610 (NOITE) - Vinte e Cinco de Agosto - Domingo", "Turno": "Noite", "Dias_da_semana": [ "dom" ], "Hit_Rate": 66.67, "Status": "Validado", "Bloco": "Domingo" }, "geometry": { "type": "MultiLineString", "coordinates": [ [ [ 674515.356913665309548, 7478360.017794089391828 ], [ 674511.312494284822606, 7478361.91375551559031 ], [ 674393.249145358568057, 7478418.278287798166275 ] ] ] } },
{ "type": "Feature", "properties": { "id": "Vinte_e_Cinco_de_Agosto.34", "id_trecho": 7423, "Name": "Rua General Câmara", "description": null, "Extensao_m": 59.86967972325705, "Bairro_logradouros": "Vinte e Cinco de Agosto", "Bairro_rotas": "Vinte e Cinco de Agosto", "Distrito": "1º", "Lote": "I", "Name_2": "Ponto 442", "description_2": "Velocidade: 17km/h<br>14/06/2026 23:14:22", "layer": "TUN3B98", "path": "C:/KMLs/Estevao/14-06-2026/Coleta/Trajeto_TUN3B98.kml|layername=Trajeto|geometrytype=Point|uniqueGeometryType=yes", "Velocidade": 17.0, "Data": "2026-06-14", "hora": "23:14:22", "Rota": "ROTA 610 (NOITE) - Vinte e Cinco de Agosto - Domingo", "Turno": "Noite", "Dias_da_semana": [ "dom" ], "Hit_Rate": 33.33, "Status": "Baixo hit rate", "Bloco": "Domingo" }, "geometry": { "type": "MultiLineString", "coordinates": [ [ [ 673779.874039389658719, 7479212.857390274293721 ], [ 673771.842018033959903, 7479202.827204659581184 ], [ 673763.928025421337225, 7479189.65049828402698 ], [ 673756.602962538367137, 7479176.788209741935134 ], [ 673749.558053241576999, 7479161.486315842717886 ] ] ] } },
{ "type": "Feature", "properties": { "id": "Vinte_e_Cinco_de_Agosto.34", "id_trecho": 7426, "Name": "Rua General Câmara", "description": null, "Extensao_m": 47.564668030898893, "Bairro_logradouros": "Vinte e Cinco de Agosto", "Bairro_rotas": "Vinte e Cinco de Agosto", "Distrito": "1º", "Lote": "I", "Name_2": "Ponto 446", "description_2": "Velocidade: 5km/h<br>14/06/2026 23:16:22", "layer": "TUN3B98", "path": "C:/KMLs/Estevao/14-06-2026/Coleta/Trajeto_TUN3B98.kml|layername=Trajeto|geometrytype=Point|uniqueGeometryType=yes", "Velocidade": 5.0, "Data": "2026-06-14", "hora": "23:16:22", "Rota": "ROTA 610 (NOITE) - Vinte e Cinco de Agosto - Domingo", "Turno": "Noite", "Dias_da_semana": [ "dom" ], "Hit_Rate": 50.0, "Status": "Baixo hit rate", "Bloco": "Domingo" }, "geometry": { "type": "MultiLineString", "coordinates": [ [ [ 673762.274243751890026, 7478851.386786729097366 ], [ 673795.818074574228376, 7478817.666061183437705 ] ] ] } },
{ "type": "Feature", "properties": { "id": "Vinte_e_Cinco_de_Agosto.58", "id_trecho": 7448, "Name": "Rua General Venâncio Flores", "description": null, "Extensao_m": 203.68197073717621, "Bairro_logradouros": "Vinte e Cinco de Agosto", "Bairro_rotas": "Vinte e Cinco de Agosto", "Distrito": "1º", "Lote": "I", "Name_2": "Ponto 473", "description_2": "Velocidade: 23km/h<br>14/06/2026 23:22:22", "layer": "TUN3B98", "path": "C:/KMLs/Estevao/14-06-2026/Coleta/Trajeto_TUN3B98.kml|layername=Trajeto|geometrytype=Point|uniqueGeometryType=yes", "Velocidade": 23.0, "Data": "2026-06-14", "hora": "23:22:22", "Rota": "ROTA 610 (NOITE) - Vinte e Cinco de Agosto - Domingo", "Turno": "Noite", "Dias_da_semana": [ "dom" ], "Hit_Rate": 16.67, "Status": "Baixo hit rate", "Bloco": "Domingo" }, "geometry": { "type": "MultiLineString", "coordinates": [ [ [ 674178.459010473219678, 7478679.668082227930427 ], [ 674363.314798398991115, 7478594.154187459498644 ] ] ] } },
{ "type": "Feature", "properties": { "id": "Vinte_e_Cinco_de_Agosto.59", "id_trecho": 7473, "Name": "Rua Marechal Bento Manoel", "description": null, "Extensao_m": 72.163690248826285, "Bairro_logradouros": "Vinte e Cinco de Agosto", "Bairro_rotas": "Vinte e Cinco de Agosto", "Distrito": "1º", "Lote": "I", "Name_2": "Ponto 479", "description_2": "Velocidade: 15km/h<br>14/06/2026 23:23:11", "layer": "TUN3B98", "path": "C:/KMLs/Estevao/14-06-2026/Coleta/Trajeto_TUN3B98.kml|layername=Trajeto|geometrytype=Point|uniqueGeometryType=yes", "Velocidade": 15.0, "Data": "2026-06-14", "hora": "23:23:11", "Rota": "ROTA 600 (NOITE) - Vinte e Cinco de Agosto - Domingo", "Turno": "Noite", "Dias_da_semana": [ "dom" ], "Hit_Rate": 16.67, "Status": "Baixo hit rate", "Bloco": "Domingo" }, "geometry": { "type": "MultiLineString", "coordinates": [ [ [ 674424.318531649885699, 7478485.974517650902271 ], [ 674454.746061446378008, 7478551.407789171673357 ] ] ] } },
{ "type": "Feature", "properties": { "id": "Vinte_e_Cinco_de_Agosto.59", "id_trecho": 7473, "Name": "Rua Marechal Bento Manoel", "description": null, "Extensao_m": 72.163690248826285, "Bairro_logradouros": "Vinte e Cinco de Agosto", "Bairro_rotas": "Vinte e Cinco de Agosto", "Distrito": "1º", "Lote": "I", "Name_2": "Ponto 479", "description_2": "Velocidade: 15km/h<br>14/06/2026 23:23:11", "layer": "TUN3B98", "path": "C:/KMLs/Estevao/14-06-2026/Coleta/Trajeto_TUN3B98.kml|layername=Trajeto|geometrytype=Point|uniqueGeometryType=yes", "Velocidade": 15.0, "Data": "2026-06-14", "hora": "23:23:11", "Rota": "ROTA 610 (NOITE) - Vinte e Cinco de Agosto - Domingo", "Turno": "Noite", "Dias_da_semana": [ "dom" ], "Hit_Rate": 16.67, "Status": "Baixo hit rate", "Bloco": "Domingo" }, "geometry": { "type": "MultiLineString", "coordinates": [ [ [ 674424.318531649885699, 7478485.974517650902271 ], [ 674454.746061446378008, 7478551.407789171673357 ] ] ] } },
{ "type": "Feature", "properties": { "id": "Parque_Duque.189", "id_trecho": 4295, "Name": "Rua Marechal Bento Manoel", "description": null, "Extensao_m": 19.794788246041552, "Bairro_logradouros": "Parque Duque", "Bairro_rotas": "Vinte e Cinco de Agosto", "Distrito": "1º", "Lote": "I", "Name_2": "Ponto 519", "description_2": "Velocidade: 0km/h<br>14/06/2026 23:41:22", "layer": "TUN3B98", "path": "C:/KMLs/Estevao/14-06-2026/Coleta/Trajeto_TUN3B98.kml|layername=Trajeto|geometrytype=Point|uniqueGeometryType=yes", "Velocidade": 0.0, "Data": "2026-06-14", "hora": "23:41:22", "Rota": "ROTA 600 (NOITE) - Vinte e Cinco de Agosto - Domingo", "Turno": "Noite", "Dias_da_semana": [ "dom" ], "Hit_Rate": 50.0, "Status": "Baixo hit rate", "Bloco": "Domingo" }, "geometry": { "type": "MultiLineString", "coordinates": [ [ [ 674697.808683156268671, 7478740.55684445053339 ], [ 674701.972849753801711, 7478742.812432393431664 ], [ 674703.974616365274414, 7478743.653211090713739 ], [ 674706.077270400710404, 7478744.337784135714173 ], [ 674709.791866454179399, 7478745.003803782165051 ], [ 674716.573592234752141, 7478746.287920023314655 ] ] ] } },
{ "type": "Feature", "properties": { "id": "Parque_Duque.189", "id_trecho": 4295, "Name": "Rua Marechal Bento Manoel", "description": null, "Extensao_m": 19.794788246041552, "Bairro_logradouros": "Parque Duque", "Bairro_rotas": "Vinte e Cinco de Agosto", "Distrito": "1º", "Lote": "I", "Name_2": "Ponto 519", "description_2": "Velocidade: 0km/h<br>14/06/2026 23:41:22", "layer": "TUN3B98", "path": "C:/KMLs/Estevao/14-06-2026/Coleta/Trajeto_TUN3B98.kml|layername=Trajeto|geometrytype=Point|uniqueGeometryType=yes", "Velocidade": 0.0, "Data": "2026-06-14", "hora": "23:41:22", "Rota": "ROTA 610 (NOITE) - Vinte e Cinco de Agosto - Domingo", "Turno": "Noite", "Dias_da_semana": [ "dom" ], "Hit_Rate": 50.0, "Status": "Baixo hit rate", "Bloco": "Domingo" }, "geometry": { "type": "MultiLineString", "coordinates": [ [ [ 674697.808683156268671, 7478740.55684445053339 ], [ 674701.972849753801711, 7478742.812432393431664 ], [ 674703.974616365274414, 7478743.653211090713739 ], [ 674706.077270400710404, 7478744.337784135714173 ], [ 674709.791866454179399, 7478745.003803782165051 ], [ 674716.573592234752141, 7478746.287920023314655 ] ] ] } },
{ "type": "Feature", "properties": { "id": "Parque_Duque.189", "id_trecho": 4297, "Name": "Rua Marechal Bento Manoel", "description": null, "Extensao_m": 65.990963955537751, "Bairro_logradouros": "Parque Duque", "Bairro_rotas": "Vinte e Cinco de Agosto", "Distrito": "1º", "Lote": "I", "Name_2": "Ponto 530", "description_2": "Velocidade: 17km/h<br>14/06/2026 23:45:22", "layer": "TUN3B98", "path": "C:/KMLs/Estevao/14-06-2026/Coleta/Trajeto_TUN3B98.kml|layername=Trajeto|geometrytype=Point|uniqueGeometryType=yes", "Velocidade": 17.0, "Data": "2026-06-14", "hora": "23:45:22", "Rota": "ROTA 600 (NOITE) - Vinte e Cinco de Agosto - Domingo", "Turno": "Noite", "Dias_da_semana": [ "dom" ], "Hit_Rate": 50.0, "Status": "Baixo hit rate", "Bloco": "Domingo" }, "geometry": { "type": "MultiLineString", "coordinates": [ [ [ 674982.118165475316346, 7478854.141247928142548 ], [ 675015.815929421922192, 7478871.627179249189794 ], [ 675040.892402936820872, 7478884.140286297537386 ] ] ] } },
{ "type": "Feature", "properties": { "id": "Parque_Duque.189", "id_trecho": 4297, "Name": "Rua Marechal Bento Manoel", "description": null, "Extensao_m": 65.990963955537751, "Bairro_logradouros": "Parque Duque", "Bairro_rotas": "Vinte e Cinco de Agosto", "Distrito": "1º", "Lote": "I", "Name_2": "Ponto 530", "description_2": "Velocidade: 17km/h<br>14/06/2026 23:45:22", "layer": "TUN3B98", "path": "C:/KMLs/Estevao/14-06-2026/Coleta/Trajeto_TUN3B98.kml|layername=Trajeto|geometrytype=Point|uniqueGeometryType=yes", "Velocidade": 17.0, "Data": "2026-06-14", "hora": "23:45:22", "Rota": "ROTA 610 (NOITE) - Vinte e Cinco de Agosto - Domingo", "Turno": "Noite", "Dias_da_semana": [ "dom" ], "Hit_Rate": 50.0, "Status": "Baixo hit rate", "Bloco": "Domingo" }, "geometry": { "type": "MultiLineString", "coordinates": [ [ [ 674982.118165475316346, 7478854.141247928142548 ], [ 675015.815929421922192, 7478871.627179249189794 ], [ 675040.892402936820872, 7478884.140286297537386 ] ] ] } },
{ "type": "Feature", "properties": { "id": "Parque_Duque.189", "id_trecho": 4301, "Name": "Rua Marechal Bento Manoel", "description": null, "Extensao_m": 14.519932727498331, "Bairro_logradouros": "Parque Duque", "Bairro_rotas": "Vinte e Cinco de Agosto", "Distrito": "1º", "Lote": "I", "Name_2": "Ponto 532", "description_2": "Velocidade: 5km/h<br>14/06/2026 23:46:01", "layer": "TUN3B98", "path": "C:/KMLs/Estevao/14-06-2026/Coleta/Trajeto_TUN3B98.kml|layername=Trajeto|geometrytype=Point|uniqueGeometryType=yes", "Velocidade": 5.0, "Data": "2026-06-14", "hora": "23:46:01", "Rota": "ROTA 600 (NOITE) - Vinte e Cinco de Agosto - Domingo", "Turno": "Noite", "Dias_da_semana": [ "dom" ], "Hit_Rate": 16.67, "Status": "Baixo hit rate", "Bloco": "Domingo" }, "geometry": { "type": "MultiLineString", "coordinates": [ [ [ 675141.639689197763801, 7478939.480901803821325 ], [ 675153.998669951222837, 7478947.10160949639976 ] ] ] } },
{ "type": "Feature", "properties": { "id": "Parque_Duque.189", "id_trecho": 4301, "Name": "Rua Marechal Bento Manoel", "description": null, "Extensao_m": 14.519932727498331, "Bairro_logradouros": "Parque Duque", "Bairro_rotas": "Vinte e Cinco de Agosto", "Distrito": "1º", "Lote": "I", "Name_2": "Ponto 532", "description_2": "Velocidade: 5km/h<br>14/06/2026 23:46:01", "layer": "TUN3B98", "path": "C:/KMLs/Estevao/14-06-2026/Coleta/Trajeto_TUN3B98.kml|layername=Trajeto|geometrytype=Point|uniqueGeometryType=yes", "Velocidade": 5.0, "Data": "2026-06-14", "hora": "23:46:01", "Rota": "ROTA 610 (NOITE) - Vinte e Cinco de Agosto - Domingo", "Turno": "Noite", "Dias_da_semana": [ "dom" ], "Hit_Rate": 16.67, "Status": "Baixo hit rate", "Bloco": "Domingo" }, "geometry": { "type": "MultiLineString", "coordinates": [ [ [ 675141.639689197763801, 7478939.480901803821325 ], [ 675153.998669951222837, 7478947.10160949639976 ] ] ] } },
{ "type": "Feature", "properties": { "id": "Parque_Duque.189", "id_trecho": 4305, "Name": "Rua Marechal Bento Manoel", "description": null, "Extensao_m": 25.65565445205057, "Bairro_logradouros": "Parque Duque", "Bairro_rotas": "Vinte e Cinco de Agosto", "Distrito": "1º", "Lote": "I", "Name_2": "Ponto 533", "description_2": "Velocidade: 8km/h<br>14/06/2026 23:46:22", "layer": "TUN3B98", "path": "C:/KMLs/Estevao/14-06-2026/Coleta/Trajeto_TUN3B98.kml|layername=Trajeto|geometrytype=Point|uniqueGeometryType=yes", "Velocidade": 8.0, "Data": "2026-06-14", "hora": "23:46:22", "Rota": "ROTA 600 (NOITE) - Vinte e Cinco de Agosto - Domingo", "Turno": "Noite", "Dias_da_semana": [ "dom" ], "Hit_Rate": 50.0, "Status": "Baixo hit rate", "Bloco": "Domingo" }, "geometry": { "type": "MultiLineString", "coordinates": [ [ [ 675224.778192333178595, 7478987.814588315784931 ], [ 675247.536842780420557, 7478999.65643326472491 ] ] ] } },
{ "type": "Feature", "properties": { "id": "Parque_Duque.189", "id_trecho": 4305, "Name": "Rua Marechal Bento Manoel", "description": null, "Extensao_m": 25.65565445205057, "Bairro_logradouros": "Parque Duque", "Bairro_rotas": "Vinte e Cinco de Agosto", "Distrito": "1º", "Lote": "I", "Name_2": "Ponto 533", "description_2": "Velocidade: 8km/h<br>14/06/2026 23:46:22", "layer": "TUN3B98", "path": "C:/KMLs/Estevao/14-06-2026/Coleta/Trajeto_TUN3B98.kml|layername=Trajeto|geometrytype=Point|uniqueGeometryType=yes", "Velocidade": 8.0, "Data": "2026-06-14", "hora": "23:46:22", "Rota": "ROTA 610 (NOITE) - Vinte e Cinco de Agosto - Domingo", "Turno": "Noite", "Dias_da_semana": [ "dom" ], "Hit_Rate": 50.0, "Status": "Baixo hit rate", "Bloco": "Domingo" }, "geometry": { "type": "MultiLineString", "coordinates": [ [ [ 675224.778192333178595, 7478987.814588315784931 ], [ 675247.536842780420557, 7478999.65643326472491 ] ] ] } },
{ "type": "Feature", "properties": { "id": "Parque_Duque.47", "id_trecho": 3809, "Name": "Avenida Sāo Vicente", "description": null, "Extensao_m": 36.732638391811513, "Bairro_logradouros": "Parque Duque", "Bairro_rotas": "Parque Duque", "Distrito": "1º", "Lote": "I", "Name_2": "Ponto 546", "description_2": "Velocidade: 10km/h<br>14/06/2026 23:51:55", "layer": "TUN3B98", "path": "C:/KMLs/Estevao/14-06-2026/Coleta/Trajeto_TUN3B98.kml|layername=Trajeto|geometrytype=Point|uniqueGeometryType=yes", "Velocidade": 10.0, "Data": "2026-06-14", "hora": "23:51:55", "Rota": "ROTA 600 (NOITE) - Parque Duque - Domingo", "Turno": "Noite", "Dias_da_semana": [ "dom" ], "Hit_Rate": 33.33, "Status": "Baixo hit rate", "Bloco": "Domingo" }, "geometry": { "type": "MultiLineString", "coordinates": [ [ [ 675550.327370948856696, 7479240.043522113002837 ], [ 675557.01620732457377, 7479237.706955476664007 ], [ 675563.648454412352294, 7479234.916980290785432 ], [ 675571.549086119164713, 7479233.474513837136328 ], [ 675576.920532678137533, 7479233.545292506925762 ], [ 675585.879417424555868, 7479234.814939493313432 ] ] ] } },
{ "type": "Feature", "properties": { "id": "Parque_Duque.47", "id_trecho": 3809, "Name": "Avenida Sāo Vicente", "description": null, "Extensao_m": 36.732638391811513, "Bairro_logradouros": "Parque Duque", "Bairro_rotas": "Parque Duque", "Distrito": "1º", "Lote": "I", "Name_2": "Ponto 546", "description_2": "Velocidade: 10km/h<br>14/06/2026 23:51:55", "layer": "TUN3B98", "path": "C:/KMLs/Estevao/14-06-2026/Coleta/Trajeto_TUN3B98.kml|layername=Trajeto|geometrytype=Point|uniqueGeometryType=yes", "Velocidade": 10.0, "Data": "2026-06-14", "hora": "23:51:55", "Rota": "ROTA 610 (NOITE) - Parque Duque - Domingo", "Turno": "Noite", "Dias_da_semana": [ "dom" ], "Hit_Rate": 33.33, "Status": "Baixo hit rate", "Bloco": "Domingo" }, "geometry": { "type": "MultiLineString", "coordinates": [ [ [ 675550.327370948856696, 7479240.043522113002837 ], [ 675557.01620732457377, 7479237.706955476664007 ], [ 675563.648454412352294, 7479234.916980290785432 ], [ 675571.549086119164713, 7479233.474513837136328 ], [ 675576.920532678137533, 7479233.545292506925762 ], [ 675585.879417424555868, 7479234.814939493313432 ] ] ] } },
{ "type": "Feature", "properties": { "id": "Parque_Duque.189", "id_trecho": 4303, "Name": "Rua Marechal Bento Manoel", "description": null, "Extensao_m": 27.093549075660629, "Bairro_logradouros": "Parque Duque", "Bairro_rotas": "Vinte e Cinco de Agosto", "Distrito": "1º", "Lote": "I", "Name_2": "Ponto 331", "description_2": "Velocidade: 6km/h<br>14/06/2026 18:40:07", "layer": "TTM0I75", "path": "C:/KMLs/Estevao/14-06-2026/Coleta/Trajeto_TTM0I75.kml|layername=Trajeto|geometrytype=Point|uniqueGeometryType=yes", "Velocidade": 6.0, "Data": "2026-06-14", "hora": "18:40:07", "Rota": "ROTA 600 (NOITE) - Vinte e Cinco de Agosto - Domingo", "Turno": "Noite", "Dias_da_semana": [ "dom" ], "Hit_Rate": 33.33, "Status": "Baixo hit rate", "Bloco": "Domingo" }, "geometry": { "type": "MultiLineString", "coordinates": [ [ [ 675165.498705182573758, 7478954.145264861173928 ], [ 675189.055460667586885, 7478967.528426935896277 ] ] ] } },
{ "type": "Feature", "properties": { "id": "Parque_Duque.189", "id_trecho": 4303, "Name": "Rua Marechal Bento Manoel", "description": null, "Extensao_m": 27.093549075660629, "Bairro_logradouros": "Parque Duque", "Bairro_rotas": "Vinte e Cinco de Agosto", "Distrito": "1º", "Lote": "I", "Name_2": "Ponto 331", "description_2": "Velocidade: 6km/h<br>14/06/2026 18:40:07", "layer": "TTM0I75", "path": "C:/KMLs/Estevao/14-06-2026/Coleta/Trajeto_TTM0I75.kml|layername=Trajeto|geometrytype=Point|uniqueGeometryType=yes", "Velocidade": 6.0, "Data": "2026-06-14", "hora": "18:40:07", "Rota": "ROTA 610 (NOITE) - Vinte e Cinco de Agosto - Domingo", "Turno": "Noite", "Dias_da_semana": [ "dom" ], "Hit_Rate": 33.33, "Status": "Baixo hit rate", "Bloco": "Domingo" }, "geometry": { "type": "MultiLineString", "coordinates": [ [ [ 675165.498705182573758, 7478954.145264861173928 ], [ 675189.055460667586885, 7478967.528426935896277 ] ] ] } },
{ "type": "Feature", "properties": { "id": "Sao_Bento.239", "id_trecho": 5605, "Name": "Avenida Governador Leonel de Moura Brizola", "description": null, "Extensao_m": 134.24462654004552, "Bairro_logradouros": "Sao Bento", "Bairro_rotas": "Centro", "Distrito": "2º", "Lote": "I", "Name_2": "Ponto 236", "description_2": "Velocidade: 19km/h<br>14/06/2026 22:45:05", "layer": "TTX7B46", "path": "C:/KMLs/Estevao/14-06-2026/Coleta/Trajeto_TTX7B46.kml|layername=Trajeto|geometrytype=Point|uniqueGeometryType=yes", "Velocidade": 19.0, "Data": "2026-06-14", "hora": "22:45:05", "Rota": "ROTA 600 (NOITE) - Centro - Domingo", "Turno": "Noite", "Dias_da_semana": [ "dom" ], "Hit_Rate": 50.0, "Status": "Baixo hit rate", "Bloco": "Domingo" }, "geometry": { "type": "MultiLineString", "coordinates": [ [ [ 673230.826142070232891, 7485936.409218596294522 ], [ 673221.246483265771531, 7485951.324683206155896 ], [ 673217.51355875749141, 7485958.222206750884652 ], [ 673188.479909187299199, 7485994.234188633039594 ], [ 673146.701658747158945, 7486040.601619822904468 ] ] ] } },
{ "type": "Feature", "properties": { "id": "Centro.132", "id_trecho": 915, "Name": "Avenida Governador Leonel de Moura Brizola", "description": null, "Extensao_m": 15.695041837644524, "Bairro_logradouros": "Centro", "Bairro_rotas": "Centro", "Distrito": "1º", "Lote": "I", "Name_2": "Ponto 509", "description_2": "Velocidade: 5km/h<br>15/06/2026 00:27:06", "layer": "TTX7B46", "path": "C:/KMLs/Estevao/14-06-2026/Coleta/Trajeto_TTX7B46.kml|layername=Trajeto|geometrytype=Point|uniqueGeometryType=yes", "Velocidade": 5.0, "Data": "2026-06-15", "hora": "00:27:06", "Rota": "ROTA 600 (NOITE) - Centro - Domingo", "Turno": "Noite", "Dias_da_semana": [ "dom" ], "Hit_Rate": 33.33, "Status": "Baixo hit rate", "Bloco": "Domingo" }, "geometry": { "type": "MultiLineString", "coordinates": [ [ [ 673441.714905666536652, 7479246.226774735376239 ], [ 673438.839521355461329, 7479240.822037655860186 ], [ 673433.909201677888632, 7479232.616774411872029 ] ] ] } },
{ "type": "Feature", "properties": { "id": "Gramacho.230", "id_trecho": 1956, "Name": "Avenida Governador Leonel de Moura Brizola", "description": null, "Extensao_m": 9.7102465894916818, "Bairro_logradouros": "Gramacho", "Bairro_rotas": "Centro", "Distrito": "1º", "Lote": "I", "Name_2": "Ponto 498", "description_2": "Velocidade: 30km/h<br>14/06/2026 20:54:39", "layer": "TTZ0H96", "path": "C:/KMLs/Estevao/14-06-2026/Coleta/Trajeto_TTZ0H96.kml|layername=Trajeto|geometrytype=Point|uniqueGeometryType=yes", "Velocidade": 30.0, "Data": "2026-06-14", "hora": "20:54:39", "Rota": "ROTA 600 (NOITE) - Centro - Domingo", "Turno": "Noite", "Dias_da_semana": [ "dom" ], "Hit_Rate": 16.67, "Status": "Baixo hit rate", "Bloco": "Domingo" }, "geometry": { "type": "MultiLineString", "coordinates": [ [ [ 673917.097278870758601, 7483186.360155982896686 ], [ 673916.41119355103001, 7483187.442226575687528 ], [ 673912.130654613720253, 7483194.703131411224604 ] ] ] } },
{ "type": "Feature", "properties": { "id": "Bar_dos_Cavalheiros.141", "id_trecho": 25, "Name": "Avenida Doutor Manoel Teles", "description": null, "Extensao_m": 60.334547311053846, "Bairro_logradouros": "Bar dos Cavalheiros", "Bairro_rotas": "Centro", "Distrito": "1º", "Lote": "I", "Name_2": "Ponto 593", "description_2": "Velocidade: 9km/h<br>14/06/2026 21:51:06", "layer": "TTZ0H96", "path": "C:/KMLs/Estevao/14-06-2026/Coleta/Trajeto_TTZ0H96.kml|layername=Trajeto|geometrytype=Point|uniqueGeometryType=yes", "Velocidade": 9.0, "Data": "2026-06-14", "hora": "21:51:06", "Rota": "ROTA 600 (NOITE) - Centro - Domingo", "Turno": "Noite", "Dias_da_semana": [ "dom" ], "Hit_Rate": 16.67, "Status": "Baixo hit rate", "Bloco": "Domingo" }, "geometry": { "type": "MultiLineString", "coordinates": [ [ [ 672522.822377652861178, 7477878.1463687652722 ], [ 672508.603496074327268, 7477862.969882788136601 ], [ 672479.518497682060115, 7477836.190215289592743 ] ] ] } },
{ "type": "Feature", "properties": { "id": "Vinte_e_Cinco_de_Agosto.31", "id_trecho": 7373, "Name": "Rua Conde de Porto Alegre", "description": null, "Extensao_m": 194.02517792272107, "Bairro_logradouros": "Vinte e Cinco de Agosto", "Bairro_rotas": "Vinte e Cinco de Agosto", "Distrito": "1º", "Lote": "I", "Name_2": "Ponto 434", "description_2": "Velocidade: 0km/h<br>14/06/2026 23:12:22", "layer": "TUN3B98", "path": "C:/KMLs/Estevao/14-06-2026/Coleta/Trajeto_TUN3B98.kml|layername=Trajeto|geometrytype=Point|uniqueGeometryType=yes", "Velocidade": 0.0, "Data": "2026-06-14", "hora": "23:12:22", "Rota": "ROTA 610 (NOITE) - Vinte e Cinco de Agosto - Domingo", "Turno": "Noite", "Dias_da_semana": [ "dom" ], "Hit_Rate": 50.0, "Status": "Baixo hit rate", "Bloco": "Domingo" }, "geometry": { "type": "MultiLineString", "coordinates": [ [ [ 673642.629824306815863, 7478990.910588601604104 ], [ 673680.121371771791019, 7479181.273636488243937 ] ] ] } },
{ "type": "Feature", "properties": { "id": "Vinte_e_Cinco_de_Agosto.75", "id_trecho": 7478, "Name": "Rua Marechal Floriano", "description": null, "Extensao_m": 1.2672871662506171, "Bairro_logradouros": "Vinte e Cinco de Agosto", "Bairro_rotas": "Vinte e Cinco de Agosto", "Distrito": "1º", "Lote": "I", "Name_2": "Ponto 391", "description_2": "Velocidade: 0km/h<br>19/07/2026 18:22:44", "layer": "TTS0J06", "path": "C:/KMLs/Estevao/19-07-2026/Coleta/Trajeto_TTS0J06.kml|layername=Trajeto|geometrytype=Point|uniqueGeometryType=yes", "Velocidade": 0.0, "Data": "2026-07-19", "hora": "18:22:44", "Rota": "ROTA 610 (NOITE) - Vinte e Cinco de Agosto - Domingo", "Turno": "Noite", "Dias_da_semana": [ "dom" ], "Hit_Rate": 33.33, "Status": "Baixo hit rate", "Bloco": "Domingo" }, "geometry": { "type": "MultiLineString", "coordinates": [ [ [ 673906.824147596838884, 7478564.851446897722781 ], [ 673907.908211205154657, 7478564.195140404626727 ] ] ] } },
{ "type": "Feature", "properties": { "id": "Parque_Fluminense.175", "id_trecho": 4716, "Name": "Avenida Governador Leonel de Moura Brizola", "description": null, "Extensao_m": 73.165475997520304, "Bairro_logradouros": "Parque Fluminense", "Bairro_rotas": "Centro", "Distrito": "2º", "Lote": "I", "Name_2": "Ponto 190", "description_2": "Velocidade: 14km/h<br>19/07/2026 22:37:43", "layer": "TTX7B46", "path": "C:/KMLs/Estevao/19-07-2026/Coleta/Trajeto_TTX7B46.kml|layername=Trajeto|geometrytype=Point|uniqueGeometryType=yes", "Velocidade": 14.0, "Data": "2026-07-19", "hora": "22:37:43", "Rota": "ROTA 600 (NOITE) - Centro - Domingo", "Turno": "Noite", "Dias_da_semana": [ "dom" ], "Hit_Rate": 16.67, "Status": "Baixo hit rate", "Bloco": "Domingo" }, "geometry": { "type": "MultiLineString", "coordinates": [ [ [ 672658.953563125804067, 7486334.040170940570533 ], [ 672721.918525279848836, 7486296.780775528401136 ] ] ] } },
{ "type": "Feature", "properties": { "id": "Vila_São_Jose.216", "id_trecho": 6348, "Name": "Avenida Governador Leonel de Moura Brizola", "description": null, "Extensao_m": 26.202321810651757, "Bairro_logradouros": "Vila São Jose", "Bairro_rotas": "Centro", "Distrito": "2º", "Lote": "I", "Name_2": "Ponto 237", "description_2": "Velocidade: 39km/h<br>19/07/2026 23:00:38", "layer": "TTX7B46", "path": "C:/KMLs/Estevao/19-07-2026/Coleta/Trajeto_TTX7B46.kml|layername=Trajeto|geometrytype=Point|uniqueGeometryType=yes", "Velocidade": 39.0, "Data": "2026-07-19", "hora": "23:00:38", "Rota": "ROTA 600 (NOITE) - Centro - Domingo", "Turno": "Noite", "Dias_da_semana": [ "dom" ], "Hit_Rate": 16.67, "Status": "Baixo hit rate", "Bloco": "Domingo" }, "geometry": { "type": "MultiLineString", "coordinates": [ [ [ 673756.768709621625021, 7483466.284325785934925 ], [ 673765.520232645678334, 7483441.587454102933407 ] ] ] } },
{ "type": "Feature", "properties": { "id": "Centro.7", "id_trecho": 878, "Name": "Avenida Doutor Manoel Reis", "description": null, "Extensao_m": 11.478296193104931, "Bairro_logradouros": "Centro", "Bairro_rotas": "Centro", "Distrito": "1º", "Lote": "I", "Name_2": "Ponto 314", "description_2": "Velocidade: 0km/h<br>19/07/2026 23:38:38", "layer": "TTX7B46", "path": "C:/KMLs/Estevao/19-07-2026/Coleta/Trajeto_TTX7B46.kml|layername=Trajeto|geometrytype=Point|uniqueGeometryType=yes", "Velocidade": 0.0, "Data": "2026-07-19", "hora": "23:38:38", "Rota": "ROTA 600 (NOITE) - Centro - Domingo", "Turno": "Noite", "Dias_da_semana": [ "dom" ], "Hit_Rate": 16.67, "Status": "Baixo hit rate", "Bloco": "Domingo" }, "geometry": { "type": "MultiLineString", "coordinates": [ [ [ 672907.81975412205793, 7479960.509489014744759 ], [ 672896.517953400034457, 7479962.512612977996469 ] ] ] } },
{ "type": "Feature", "properties": { "id": "Centro.132", "id_trecho": 940, "Name": "Avenida Governador Leonel de Moura Brizola", "description": null, "Extensao_m": 66.725356002266537, "Bairro_logradouros": "Centro", "Bairro_rotas": "Centro", "Distrito": "1º", "Lote": "I", "Name_2": "Ponto 334", "description_2": "Velocidade: 20km/h<br>19/07/2026 23:46:38", "layer": "TTX7B46", "path": "C:/KMLs/Estevao/19-07-2026/Coleta/Trajeto_TTX7B46.kml|layername=Trajeto|geometrytype=Point|uniqueGeometryType=yes", "Velocidade": 20.0, "Data": "2026-07-19", "hora": "23:46:38", "Rota": "ROTA 600 (NOITE) - Centro - Domingo", "Turno": "Noite", "Dias_da_semana": [ "dom" ], "Hit_Rate": 33.33, "Status": "Baixo hit rate", "Bloco": "Domingo" }, "geometry": { "type": "MultiLineString", "coordinates": [ [ [ 673614.587126455968246, 7479642.955715332180262 ], [ 673618.052732988493517, 7479655.961870859377086 ], [ 673629.010195892304182, 7479708.086149794980884 ] ] ] } },
{ "type": "Feature", "properties": { "id": "Centro.132", "id_trecho": 945, "Name": "Avenida Governador Leonel de Moura Brizola", "description": null, "Extensao_m": 10.146902104885442, "Bairro_logradouros": "Centro", "Bairro_rotas": "Centro", "Distrito": "1º", "Lote": "I", "Name_2": "Ponto 361", "description_2": "Velocidade: 14km/h<br>19/07/2026 23:59:41", "layer": "TTX7B46", "path": "C:/KMLs/Estevao/19-07-2026/Coleta/Trajeto_TTX7B46.kml|layername=Trajeto|geometrytype=Point|uniqueGeometryType=yes", "Velocidade": 14.0, "Data": "2026-07-19", "hora": "23:59:41", "Rota": "ROTA 600 (NOITE) - Centro - Domingo", "Turno": "Noite", "Dias_da_semana": [ "dom" ], "Hit_Rate": 16.67, "Status": "Baixo hit rate", "Bloco": "Domingo" }, "geometry": { "type": "MultiLineString", "coordinates": [ [ [ 673654.905596594326198, 7479888.300169162452221 ], [ 673652.922724940464832, 7479878.349179657176137 ] ] ] } },
{ "type": "Feature", "properties": { "id": "Centro.121", "id_trecho": 1030, "Name": "Rua Almirante Barroso", "description": null, "Extensao_m": 34.382477453448757, "Bairro_logradouros": "Centro", "Bairro_rotas": "Centro", "Distrito": "1º", "Lote": "I", "Name_2": "Ponto 470", "description_2": "Velocidade: 0km/h<br>20/07/2026 00:44:32", "layer": "TTX7B46", "path": "C:/KMLs/Estevao/19-07-2026/Coleta/Trajeto_TTX7B46.kml|layername=Trajeto|geometrytype=Point|uniqueGeometryType=yes", "Velocidade": 0.0, "Data": "2026-07-20", "hora": "00:44:32", "Rota": "ROTA 600 (NOITE) - Centro - Domingo", "Turno": "Noite", "Dias_da_semana": [ "dom" ], "Hit_Rate": 16.67, "Status": "Baixo hit rate", "Bloco": "Domingo" }, "geometry": { "type": "MultiLineString", "coordinates": [ [ [ 673379.636416846420616, 7478702.845105731859803 ], [ 673385.005267968052067, 7478700.015150554478168 ], [ 673389.256294550723396, 7478696.411671853624284 ], [ 673393.140003304346465, 7478692.114693359471858 ], [ 673395.878754662815481, 7478687.365663632750511 ], [ 673400.822892415104434, 7478677.020957669243217 ] ] ] } },
{ "type": "Feature", "properties": { "id": "Centro.151", "id_trecho": 1278, "Name": "Rua Piratini", "description": null, "Extensao_m": 71.199850226894497, "Bairro_logradouros": "Centro", "Bairro_rotas": "Centro", "Distrito": "1º", "Lote": "I", "Name_2": "Ponto 472", "description_2": "Velocidade: 6km/h<br>20/07/2026 00:45:23", "layer": "TTX7B46", "path": "C:/KMLs/Estevao/19-07-2026/Coleta/Trajeto_TTX7B46.kml|layername=Trajeto|geometrytype=Point|uniqueGeometryType=yes", "Velocidade": 6.0, "Data": "2026-07-20", "hora": "00:45:23", "Rota": "ROTA 600 (NOITE) - Centro - Domingo", "Turno": "Noite", "Dias_da_semana": [ "dom" ], "Hit_Rate": 16.67, "Status": "Baixo hit rate", "Bloco": "Domingo" }, "geometry": { "type": "MultiLineString", "coordinates": [ [ [ 673488.321736179990694, 7478490.334608344361186 ], [ 673423.200165063608438, 7478461.554183992557228 ] ] ] } },
{ "type": "Feature", "properties": { "id": "Centro.132", "id_trecho": 923, "Name": "Avenida Governador Leonel de Moura Brizola", "description": null, "Extensao_m": 142.99450954384619, "Bairro_logradouros": "Centro", "Bairro_rotas": "Centro", "Distrito": "1º", "Lote": "I", "Name_2": "Ponto 489", "description_2": "Velocidade: 18km/h<br>20/07/2026 00:53:23", "layer": "TTX7B46", "path": "C:/KMLs/Estevao/19-07-2026/Coleta/Trajeto_TTX7B46.kml|layername=Trajeto|geometrytype=Point|uniqueGeometryType=yes", "Velocidade": 18.0, "Data": "2026-07-20", "hora": "00:53:23", "Rota": "ROTA 600 (NOITE) - Centro - Domingo", "Turno": "Noite", "Dias_da_semana": [ "dom" ], "Hit_Rate": 16.67, "Status": "Baixo hit rate", "Bloco": "Domingo" }, "geometry": { "type": "MultiLineString", "coordinates": [ [ [ 673552.950229305191897, 7478520.870184957049787 ], [ 673557.896479016402736, 7478510.724730879068375 ], [ 673580.999978468404151, 7478462.230949271470308 ], [ 673605.723676060442813, 7478418.048726934939623 ], [ 673620.956538390368223, 7478401.4398686690256 ], [ 673623.911266031675041, 7478397.629651239141822 ] ] ] } },
{ "type": "Feature", "properties": { "id": "Centro.132", "id_trecho": 954, "Name": "Avenida Governador Leonel de Moura Brizola", "description": null, "Extensao_m": 43.594464742924551, "Bairro_logradouros": "Centro", "Bairro_rotas": "Centro", "Distrito": "1º", "Lote": "I", "Name_2": "Ponto 498", "description_2": "Velocidade: 36km/h<br>20/07/2026 00:57:38", "layer": "TTX7B46", "path": "C:/KMLs/Estevao/19-07-2026/Coleta/Trajeto_TTX7B46.kml|layername=Trajeto|geometrytype=Point|uniqueGeometryType=yes", "Velocidade": 36.0, "Data": "2026-07-20", "hora": "00:57:38", "Rota": "ROTA 600 (NOITE) - Centro - Domingo", "Turno": "Noite", "Dias_da_semana": [ "dom" ], "Hit_Rate": 16.67, "Status": "Baixo hit rate", "Bloco": "Domingo" }, "geometry": { "type": "MultiLineString", "coordinates": [ [ [ 673946.531446804408915, 7477980.455912780016661 ], [ 673952.433224229491316, 7477937.263935443013906 ] ] ] } },
{ "type": "Feature", "properties": { "id": "Vila_Sao_Luis.2", "id_trecho": 6978, "Name": "Avenida Duque de Caxias", "description": null, "Extensao_m": 23.748436949010966, "Bairro_logradouros": "Vila Sao Luis", "Bairro_rotas": "Centro", "Distrito": "1º", "Lote": "I", "Name_2": "Ponto 227", "description_2": "Velocidade: 0km/h<br>19/07/2026 22:27:58", "layer": "TUN3B98", "path": "C:/KMLs/Estevao/19-07-2026/Coleta/Trajeto_TUN3B98.kml|layername=Trajeto|geometrytype=Point|uniqueGeometryType=yes", "Velocidade": 0.0, "Data": "2026-07-19", "hora": "22:27:58", "Rota": "ROTA 610 (NOITE) - Centro - Domingo", "Turno": "Noite", "Dias_da_semana": [ "dom" ], "Hit_Rate": 16.67, "Status": "Baixo hit rate", "Bloco": "Domingo" }, "geometry": { "type": "MultiLineString", "coordinates": [ [ [ 674447.933576472336426, 7479743.164995843544602 ], [ 674433.94209181680344, 7479746.315848284401 ], [ 674429.451092150062323, 7479748.704165971837938 ], [ 674427.544469134882092, 7479752.580012451857328 ] ] ] } },
{ "type": "Feature", "properties": { "id": "Vila_Sao_Luis.2", "id_trecho": 6977, "Name": "Avenida Duque de Caxias", "description": null, "Extensao_m": 36.048430909631392, "Bairro_logradouros": "Vila Sao Luis", "Bairro_rotas": "Centro", "Distrito": "1º", "Lote": "I", "Name_2": "Ponto 228", "description_2": "Velocidade: 14km/h<br>19/07/2026 22:28:05", "layer": "TUN3B98", "path": "C:/KMLs/Estevao/19-07-2026/Coleta/Trajeto_TUN3B98.kml|layername=Trajeto|geometrytype=Point|uniqueGeometryType=yes", "Velocidade": 14.0, "Data": "2026-07-19", "hora": "22:28:05", "Rota": "ROTA 610 (NOITE) - Centro - Domingo", "Turno": "Noite", "Dias_da_semana": [ "dom" ], "Hit_Rate": 16.67, "Status": "Baixo hit rate", "Bloco": "Domingo" }, "geometry": { "type": "MultiLineString", "coordinates": [ [ [ 674412.072660276666284, 7479739.501469953916967 ], [ 674447.933576472336426, 7479743.164995843544602 ] ] ] } },
{ "type": "Feature", "properties": { "id": "Centro.81", "id_trecho": 903, "Name": "Avenida Duque de Caxias", "description": null, "Extensao_m": 27.682773036279929, "Bairro_logradouros": "Centro", "Bairro_rotas": "Centro", "Distrito": "1º", "Lote": "I", "Name_2": "Ponto 263", "description_2": "Velocidade: 8km/h<br>19/07/2026 22:37:06", "layer": "TUN3B98", "path": "C:/KMLs/Estevao/19-07-2026/Coleta/Trajeto_TUN3B98.kml|layername=Trajeto|geometrytype=Point|uniqueGeometryType=yes", "Velocidade": 8.0, "Data": "2026-07-19", "hora": "22:37:06", "Rota": "ROTA 610 (NOITE) - Centro - Domingo", "Turno": "Noite", "Dias_da_semana": [ "dom" ], "Hit_Rate": 33.33, "Status": "Baixo hit rate", "Bloco": "Domingo" }, "geometry": { "type": "MultiLineString", "coordinates": [ [ [ 673784.003630878636613, 7479423.824193172156811 ], [ 673771.312830042792484, 7479412.296888684853911 ], [ 673763.316963514545932, 7479405.433594115078449 ] ] ] } },
{ "type": "Feature", "properties": { "id": "Gramacho.107", "id_trecho": 2039, "Name": "Avenida Pelótas", "description": null, "Extensao_m": 116.69635855031704, "Bairro_logradouros": "Gramacho", "Bairro_rotas": "Gramacho", "Distrito": "1º", "Lote": "I", "Name_2": "Ponto 498", "description_2": "Velocidade: 19km/h<br>19/07/2026 19:09:44", "layer": "TTS0J06", "path": "C:/KMLs/Estevao/19-07-2026/Coleta/Trajeto_TTS0J06.kml|layername=Trajeto|geometrytype=Point|uniqueGeometryType=yes", "Velocidade": 19.0, "Data": "2026-07-19", "hora": "19:09:44", "Rota": "ROTA 600 (NOITE) - Gramacho - Domingo", "Turno": "Noite", "Dias_da_semana": [ "dom" ], "Hit_Rate": 16.67, "Status": "Baixo hit rate", "Bloco": "Domingo" }, "geometry": { "type": "MultiLineString", "coordinates": [ [ [ 676015.555349507601932, 7481967.01373752579093 ], [ 675929.390673588495702, 7482045.710714661516249 ] ] ] } },
{ "type": "Feature", "properties": { "id": "Gramacho.230", "id_trecho": 1957, "Name": "Avenida Governador Leonel de Moura Brizola", "description": null, "Extensao_m": 74.361534907363421, "Bairro_logradouros": "Gramacho", "Bairro_rotas": "Centro", "Distrito": "1º", "Lote": "I", "Name_2": "Ponto 131", "description_2": "Velocidade: 41km/h<br>19/07/2026 22:15:38", "layer": "TTX7B46", "path": "C:/KMLs/Estevao/19-07-2026/Coleta/Trajeto_TTX7B46.kml|layername=Trajeto|geometrytype=Point|uniqueGeometryType=yes", "Velocidade": 41.0, "Data": "2026-07-19", "hora": "22:15:38", "Rota": "ROTA 600 (NOITE) - Centro - Domingo", "Turno": "Noite", "Dias_da_semana": [ "dom" ], "Hit_Rate": 16.67, "Status": "Baixo hit rate", "Bloco": "Domingo" }, "geometry": { "type": "MultiLineString", "coordinates": [ [ [ 673912.130654613720253, 7483194.703131411224604 ], [ 673911.514249062747695, 7483195.74871445633471 ], [ 673908.640064005507156, 7483200.399640049785376 ], [ 673906.684505098965019, 7483203.644675944000483 ], [ 673905.12797537073493, 7483205.855221834033728 ], [ 673902.2842168265488, 7483210.472574517130852 ], [ 673874.565027794684283, 7483258.858488610014319 ] ] ] } },
{ "type": "Feature", "properties": { "id": "Parque_Fluminense.175", "id_trecho": 4733, "Name": "Avenida Governador Leonel de Moura Brizola", "description": null, "Extensao_m": 49.606506958866106, "Bairro_logradouros": "Parque Fluminense", "Bairro_rotas": "Centro", "Distrito": "2º", "Lote": "I", "Name_2": "Ponto 133", "description_2": "Velocidade: 25km/h<br>19/07/2026 22:17:38", "layer": "TTX7B46", "path": "C:/KMLs/Estevao/19-07-2026/Coleta/Trajeto_TTX7B46.kml|layername=Trajeto|geometrytype=Point|uniqueGeometryType=yes", "Velocidade": 25.0, "Data": "2026-07-19", "hora": "22:17:38", "Rota": "ROTA 600 (NOITE) - Centro - Domingo", "Turno": "Noite", "Dias_da_semana": [ "dom" ], "Hit_Rate": 16.67, "Status": "Baixo hit rate", "Bloco": "Domingo" }, "geometry": { "type": "MultiLineString", "coordinates": [ [ [ 673561.436071905074641, 7484415.147305575199425 ], [ 673559.521100088953972, 7484423.773993997834623 ], [ 673550.699180997675285, 7484463.576507220044732 ] ] ] } },
{ "type": "Feature", "properties": { "id": "Centro.7", "id_trecho": 876, "Name": "Avenida Doutor Manoel Reis", "description": null, "Extensao_m": 110.96416839514025, "Bairro_logradouros": "Centro", "Bairro_rotas": "Centro", "Distrito": "1º", "Lote": "I", "Name_2": "Ponto 299", "description_2": "Velocidade: 0km/h<br>19/07/2026 23:26:38", "layer": "TTX7B46", "path": "C:/KMLs/Estevao/19-07-2026/Coleta/Trajeto_TTX7B46.kml|layername=Trajeto|geometrytype=Point|uniqueGeometryType=yes", "Velocidade": 0.0, "Data": "2026-07-19", "hora": "23:26:38", "Rota": "ROTA 600 (NOITE) - Centro - Domingo", "Turno": "Noite", "Dias_da_semana": [ "dom" ], "Hit_Rate": 16.67, "Status": "Baixo hit rate", "Bloco": "Domingo" }, "geometry": { "type": "MultiLineString", "coordinates": [ [ [ 673124.954276735545136, 7479924.952119957655668 ], [ 673015.230020241811872, 7479941.471711514517665 ] ] ] } },
{ "type": "Feature", "properties": { "id": "Centro.137", "id_trecho": 1201, "Name": "Rua José de Alvarenga", "description": null, "Extensao_m": 26.670109688407152, "Bairro_logradouros": "Centro", "Bairro_rotas": "Centro", "Distrito": "1º", "Lote": "I", "Name_2": "Ponto 464", "description_2": "Velocidade: 15km/h<br>20/07/2026 00:40:52", "layer": "TTX7B46", "path": "C:/KMLs/Estevao/19-07-2026/Coleta/Trajeto_TTX7B46.kml|layername=Trajeto|geometrytype=Point|uniqueGeometryType=yes", "Velocidade": 15.0, "Data": "2026-07-20", "hora": "00:40:52", "Rota": "ROTA 600 (NOITE) - Centro - Domingo", "Turno": "Noite", "Dias_da_semana": [ "dom" ], "Hit_Rate": 33.33, "Status": "Baixo hit rate", "Bloco": "Domingo" }, "geometry": { "type": "MultiLineString", "coordinates": [ [ [ 673357.009144538082182, 7478429.91741428244859 ], [ 673355.83055457402952, 7478437.306504568085074 ], [ 673352.822776980232447, 7478456.256133605726063 ] ] ] } },
{ "type": "Feature", "properties": { "id": "Centro.132", "id_trecho": 934, "Name": "Avenida Governador Leonel de Moura Brizola", "description": null, "Extensao_m": 79.863170829917067, "Bairro_logradouros": "Centro", "Bairro_rotas": "Centro", "Distrito": "1º", "Lote": "I", "Name_2": "Ponto 684", "description_2": "Velocidade: 24km/h<br>19/07/2026 18:16:51", "layer": "TUA3H22", "path": "C:/KMLs/Estevao/19-07-2026/Coleta/Trajeto_TUA3H22.kml|layername=Trajeto|geometrytype=Point|uniqueGeometryType=yes", "Velocidade": 24.0, "Data": "2026-07-19", "hora": "18:16:51", "Rota": "ROTA 600 (NOITE) - Centro - Domingo", "Turno": "Noite", "Dias_da_semana": [ "dom" ], "Hit_Rate": 33.33, "Status": "Baixo hit rate", "Bloco": "Domingo" }, "geometry": { "type": "MultiLineString", "coordinates": [ [ [ 673559.616398776881397, 7478530.927149117924273 ], [ 673556.685811569564976, 7478536.852308736182749 ], [ 673551.816611016402021, 7478547.450935933738947 ], [ 673526.48989207460545, 7478603.589341224171221 ] ] ] } },
{ "type": "Feature", "properties": { "id": "Centro.120", "id_trecho": 889, "Name": "Avenida Doutor Plínio Casado", "description": null, "Extensao_m": 36.778172536970672, "Bairro_logradouros": "Centro", "Bairro_rotas": "Centro", "Distrito": "1º", "Lote": "I", "Name_2": "Ponto 685", "description_2": "Velocidade: 27km/h<br>19/07/2026 18:17:28", "layer": "TUA3H22", "path": "C:/KMLs/Estevao/19-07-2026/Coleta/Trajeto_TUA3H22.kml|layername=Trajeto|geometrytype=Point|uniqueGeometryType=yes", "Velocidade": 27.0, "Data": "2026-07-19", "hora": "18:17:28", "Rota": "ROTA 600 (NOITE) - Centro - Domingo", "Turno": "Noite", "Dias_da_semana": [ "dom" ], "Hit_Rate": 16.67, "Status": "Baixo hit rate", "Bloco": "Domingo" }, "geometry": { "type": "MultiLineString", "coordinates": [ [ [ 673441.960922020603903, 7478792.301797367632389 ], [ 673445.48443030519411, 7478811.298631192184985 ], [ 673450.972315635997802, 7478827.869848440401256 ] ] ] } },
{ "type": "Feature", "properties": { "id": "Parque_Duque.56", "id_trecho": 3995, "Name": "Rua 14 de Julho", "description": null, "Extensao_m": 35.613628331072064, "Bairro_logradouros": "Parque Duque", "Bairro_rotas": "Parque Duque", "Distrito": "1º", "Lote": "I", "Name_2": "Ponto 163", "description_2": "Velocidade: 5km/h<br>19/07/2026 21:56:10", "layer": "TUN3B98", "path": "C:/KMLs/Estevao/19-07-2026/Coleta/Trajeto_TUN3B98.kml|layername=Trajeto|geometrytype=Point|uniqueGeometryType=yes", "Velocidade": 5.0, "Data": "2026-07-19", "hora": "21:56:10", "Rota": "ROTA 610 (NOITE) - Parque Duque - Domingo", "Turno": "Noite", "Dias_da_semana": [ "dom" ], "Hit_Rate": 16.67, "Status": "Baixo hit rate", "Bloco": "Domingo" }, "geometry": { "type": "MultiLineString", "coordinates": [ [ [ 675103.40147577598691, 7479511.786294048652053 ], [ 675128.975412916624919, 7479536.570374466478825 ] ] ] } },
{ "type": "Feature", "properties": { "id": "Vila_Sao_Luis.2", "id_trecho": 6979, "Name": "Avenida Duque de Caxias", "description": null, "Extensao_m": 72.520406159128498, "Bairro_logradouros": "Vila Sao Luis", "Bairro_rotas": "Centro", "Distrito": "1º", "Lote": "I", "Name_2": "Ponto 224", "description_2": "Velocidade: 12km/h<br>19/07/2026 22:26:41", "layer": "TUN3B98", "path": "C:/KMLs/Estevao/19-07-2026/Coleta/Trajeto_TUN3B98.kml|layername=Trajeto|geometrytype=Point|uniqueGeometryType=yes", "Velocidade": 12.0, "Data": "2026-07-19", "hora": "22:26:41", "Rota": "ROTA 610 (NOITE) - Centro - Domingo", "Turno": "Noite", "Dias_da_semana": [ "dom" ], "Hit_Rate": 33.33, "Status": "Baixo hit rate", "Bloco": "Domingo" }, "geometry": { "type": "MultiLineString", "coordinates": [ [ [ 674447.933576472336426, 7479743.164995843544602 ], [ 674471.351380030857399, 7479745.31021910905838 ], [ 674501.600127333658747, 7479748.517593601718545 ], [ 674520.174008671194315, 7479749.145815700292587 ] ] ] } },
{ "type": "Feature", "properties": { "id": "Vila_Sao_Luis.2", "id_trecho": 6982, "Name": "Avenida Duque de Caxias", "description": null, "Extensao_m": 15.302131929362789, "Bairro_logradouros": "Vila Sao Luis", "Bairro_rotas": "Centro", "Distrito": "1º", "Lote": "I", "Name_2": "Ponto 236", "description_2": "Velocidade: 9km/h<br>19/07/2026 22:30:17", "layer": "TUN3B98", "path": "C:/KMLs/Estevao/19-07-2026/Coleta/Trajeto_TUN3B98.kml|layername=Trajeto|geometrytype=Point|uniqueGeometryType=yes", "Velocidade": 9.0, "Data": "2026-07-19", "hora": "22:30:17", "Rota": "ROTA 610 (NOITE) - Centro - Domingo", "Turno": "Noite", "Dias_da_semana": [ "dom" ], "Hit_Rate": 16.67, "Status": "Baixo hit rate", "Bloco": "Domingo" }, "geometry": { "type": "MultiLineString", "coordinates": [ [ [ 674240.809288455639035, 7479684.974242754280567 ], [ 674226.674965001060627, 7479679.112122042104602 ] ] ] } },
{ "type": "Feature", "properties": { "id": "Centro.81", "id_trecho": 899, "Name": "Avenida Duque de Caxias", "description": null, "Extensao_m": 16.62315577688085, "Bairro_logradouros": "Centro", "Bairro_rotas": "Centro", "Distrito": "1º", "Lote": "I", "Name_2": "Ponto 247", "description_2": "Velocidade: 5km/h<br>19/07/2026 22:32:14", "layer": "TUN3B98", "path": "C:/KMLs/Estevao/19-07-2026/Coleta/Trajeto_TUN3B98.kml|layername=Trajeto|geometrytype=Point|uniqueGeometryType=yes", "Velocidade": 5.0, "Data": "2026-07-19", "hora": "22:32:14", "Rota": "ROTA 610 (NOITE) - Centro - Domingo", "Turno": "Noite", "Dias_da_semana": [ "dom" ], "Hit_Rate": 16.67, "Status": "Baixo hit rate", "Bloco": "Domingo" }, "geometry": { "type": "MultiLineString", "coordinates": [ [ [ 673983.20508724427782, 7479565.866307865828276 ], [ 673968.674359385273419, 7479557.793337169103324 ] ] ] } },
{ "type": "Feature", "properties": { "id": "Vinte_e_Cinco_de_Agosto.31", "id_trecho": 7374, "Name": "Rua Conde de Porto Alegre", "description": null, "Extensao_m": 35.833717859139213, "Bairro_logradouros": "Vinte e Cinco de Agosto", "Bairro_rotas": "Vinte e Cinco de Agosto", "Distrito": "1º", "Lote": "I", "Name_2": "Ponto 533", "description_2": "Velocidade: 8km/h<br>20/07/2026 00:04:05", "layer": "TUN3B98", "path": "C:/KMLs/Estevao/19-07-2026/Coleta/Trajeto_TUN3B98.kml|layername=Trajeto|geometrytype=Point|uniqueGeometryType=yes", "Velocidade": 8.0, "Data": "2026-07-20", "hora": "00:04:05", "Rota": "ROTA 610 (NOITE) - Vinte e Cinco de Agosto - Domingo", "Turno": "Noite", "Dias_da_semana": [ "dom" ], "Hit_Rate": 50.0, "Status": "Baixo hit rate", "Bloco": "Domingo" }, "geometry": { "type": "MultiLineString", "coordinates": [ [ [ 673680.121371771791019, 7479181.273636488243937 ], [ 673686.560806220280938, 7479198.409780938178301 ], [ 673692.318928565713577, 7479214.963532066904008 ] ] ] } },
{ "type": "Feature", "properties": { "id": "Vinte_e_Cinco_de_Agosto.31", "id_trecho": 7377, "Name": "Rua Conde de Porto Alegre", "description": null, "Extensao_m": 53.269558935825962, "Bairro_logradouros": "Vinte e Cinco de Agosto", "Bairro_rotas": "Vinte e Cinco de Agosto", "Distrito": "1º", "Lote": "I", "Name_2": "Ponto 535", "description_2": "Velocidade: 0km/h<br>20/07/2026 00:04:37", "layer": "TUN3B98", "path": "C:/KMLs/Estevao/19-07-2026/Coleta/Trajeto_TUN3B98.kml|layername=Trajeto|geometrytype=Point|uniqueGeometryType=yes", "Velocidade": 0.0, "Data": "2026-07-20", "hora": "00:04:37", "Rota": "ROTA 610 (NOITE) - Vinte e Cinco de Agosto - Domingo", "Turno": "Noite", "Dias_da_semana": [ "dom" ], "Hit_Rate": 16.67, "Status": "Baixo hit rate", "Bloco": "Domingo" }, "geometry": { "type": "MultiLineString", "coordinates": [ [ [ 673721.771363549050875, 7479259.348727248609066 ], [ 673692.318928565713577, 7479214.963532066904008 ] ] ] } },
{ "type": "Feature", "properties": { "id": "Centro.132", "id_trecho": 950, "Name": "Avenida Governador Leonel de Moura Brizola", "description": null, "Extensao_m": 117.02403720042579, "Bairro_logradouros": "Centro", "Bairro_rotas": "Centro", "Distrito": "1º", "Lote": "I", "Name_2": "Ponto 499", "description_2": "Velocidade: 15km/h<br>20/07/2026 00:57:56", "layer": "TTX7B46", "path": "C:/KMLs/Estevao/19-07-2026/Coleta/Trajeto_TTX7B46.kml|layername=Trajeto|geometrytype=Point|uniqueGeometryType=yes", "Velocidade": 15.0, "Data": "2026-07-20", "hora": "00:57:56", "Rota": "ROTA 600 (NOITE) - Centro - Domingo", "Turno": "Noite", "Dias_da_semana": [ "dom" ], "Hit_Rate": 16.67, "Status": "Baixo hit rate", "Bloco": "Domingo" }, "geometry": { "type": "MultiLineString", "coordinates": [ [ [ 673963.215132009470835, 7477820.890694474801421 ], [ 673961.059954502037726, 7477788.743811452761292 ], [ 673952.863703715032898, 7477704.33889782615006 ] ] ] } },
{ "type": "Feature", "properties": { "id": "Vila_Sao_Luis.2", "id_trecho": 6983, "Name": "Avenida Duque de Caxias", "description": null, "Extensao_m": 7.2669216857887431, "Bairro_logradouros": "Vila Sao Luis", "Bairro_rotas": "Centro", "Distrito": "1º", "Lote": "I", "Name_2": "Ponto 223", "description_2": "Velocidade: 15km/h<br>19/07/2026 22:26:37", "layer": "TUN3B98", "path": "C:/KMLs/Estevao/19-07-2026/Coleta/Trajeto_TUN3B98.kml|layername=Trajeto|geometrytype=Point|uniqueGeometryType=yes", "Velocidade": 15.0, "Data": "2026-07-19", "hora": "22:26:37", "Rota": "ROTA 610 (NOITE) - Centro - Domingo", "Turno": "Noite", "Dias_da_semana": [ "dom" ], "Hit_Rate": 16.67, "Status": "Baixo hit rate", "Bloco": "Domingo" }, "geometry": { "type": "MultiLineString", "coordinates": [ [ [ 674527.429284402867779, 7479748.737622043117881 ], [ 674520.174008671194315, 7479749.145815700292587 ] ] ] } },
{ "type": "Feature", "properties": { "id": "Vila_Sao_Luis.2", "id_trecho": 6972, "Name": "Avenida Duque de Caxias", "description": null, "Extensao_m": 28.234604393555859, "Bairro_logradouros": "Vila Sao Luis", "Bairro_rotas": "Centro", "Distrito": "1º", "Lote": "I", "Name_2": "Ponto 243", "description_2": "Velocidade: 5km/h<br>19/07/2026 22:31:41", "layer": "TUN3B98", "path": "C:/KMLs/Estevao/19-07-2026/Coleta/Trajeto_TUN3B98.kml|layername=Trajeto|geometrytype=Point|uniqueGeometryType=yes", "Velocidade": 5.0, "Data": "2026-07-19", "hora": "22:31:41", "Rota": "ROTA 610 (NOITE) - Centro - Domingo", "Turno": "Noite", "Dias_da_semana": [ "dom" ], "Hit_Rate": 33.33, "Status": "Baixo hit rate", "Bloco": "Domingo" }, "geometry": { "type": "MultiLineString", "coordinates": [ [ [ 674069.15895398997236, 7479612.15063932724297 ], [ 674094.034360405406915, 7479625.506021098233759 ] ] ] } },
{ "type": "Feature", "properties": { "id": "Centenario.2", "id_trecho": 674, "Name": "Avenida Governador Leonel de Moura Brizola", "description": null, "Extensao_m": 183.35752071175784, "Bairro_logradouros": "Centenario", "Bairro_rotas": "Centro", "Distrito": "1º", "Lote": "I", "Name_2": "Ponto 338", "description_2": "Velocidade: 16km/h<br>21/06/2026 23:31:49", "layer": "TTI9B27", "path": "C:/KMLs/Estevao/21-06-2026/Coleta/Trajeto_TTI9B27.kml|layername=Trajeto|geometrytype=Point|uniqueGeometryType=yes", "Velocidade": 16.0, "Data": "2026-06-21", "hora": "23:31:49", "Rota": "ROTA 600 (NOITE) - Centro - Domingo", "Turno": "Noite", "Dias_da_semana": [ "dom" ], "Hit_Rate": 16.67, "Status": "Baixo hit rate", "Bloco": "Domingo" }, "geometry": { "type": "MultiLineString", "coordinates": [ [ [ 673746.374772165203467, 7480322.010741556063294 ], [ 673728.798873184481636, 7480295.555420367047191 ], [ 673711.819419722305611, 7480208.105920247733593 ], [ 673700.518287431914359, 7480146.62764931935817 ] ] ] } },
{ "type": "Feature", "properties": { "id": "Parque_Fluminense.175", "id_trecho": 4739, "Name": "Avenida Governador Leonel de Moura Brizola", "description": null, "Extensao_m": 32.239882261469873, "Bairro_logradouros": "Parque Fluminense", "Bairro_rotas": "Centro", "Distrito": "2º", "Lote": "I", "Name_2": "Ponto 130", "description_2": "Velocidade: 48km/h<br>21/06/2026 22:02:09", "layer": "TTI9B27", "path": "C:/KMLs/Estevao/21-06-2026/Coleta/Trajeto_TTI9B27.kml|layername=Trajeto|geometrytype=Point|uniqueGeometryType=yes", "Velocidade": 48.0, "Data": "2026-06-21", "hora": "22:02:09", "Rota": "ROTA 600 (NOITE) - Centro - Domingo", "Turno": "Noite", "Dias_da_semana": [ "dom" ], "Hit_Rate": 16.67, "Status": "Baixo hit rate", "Bloco": "Domingo" }, "geometry": { "type": "MultiLineString", "coordinates": [ [ [ 673725.619455116800964, 7483632.645931095816195 ], [ 673719.087643646053039, 7483664.216313129290938 ] ] ] } },
{ "type": "Feature", "properties": { "id": "Gramacho.230", "id_trecho": 1978, "Name": "Avenida Governador Leonel de Moura Brizola", "description": null, "Extensao_m": 62.157840903088321, "Bairro_logradouros": "Gramacho", "Bairro_rotas": "Centro", "Distrito": "1º", "Lote": "I", "Name_2": "Ponto 298", "description_2": "Velocidade: 9km/h<br>21/06/2026 23:10:14", "layer": "TTI9B27", "path": "C:/KMLs/Estevao/21-06-2026/Coleta/Trajeto_TTI9B27.kml|layername=Trajeto|geometrytype=Point|uniqueGeometryType=yes", "Velocidade": 9.0, "Data": "2026-06-21", "hora": "23:10:14", "Rota": "ROTA 600 (NOITE) - Centro - Domingo", "Turno": "Noite", "Dias_da_semana": [ "dom" ], "Hit_Rate": 16.67, "Status": "Baixo hit rate", "Bloco": "Domingo" }, "geometry": { "type": "MultiLineString", "coordinates": [ [ [ 674080.800798615440726, 7481885.315188109874725 ], [ 674062.813530176063068, 7481825.818488907068968 ] ] ] } },
{ "type": "Feature", "properties": { "id": "Centro.147", "id_trecho": 885, "Name": "Avenida Doutor Manoel Teles", "description": null, "Extensao_m": 19.622034333112509, "Bairro_logradouros": "Centro", "Bairro_rotas": "Centro", "Distrito": "1º", "Lote": "I", "Name_2": "Ponto 466", "description_2": "Velocidade: 15km/h<br>22/06/2026 00:30:09", "layer": "TTI9B27", "path": "C:/KMLs/Estevao/21-06-2026/Coleta/Trajeto_TTI9B27.kml|layername=Trajeto|geometrytype=Point|uniqueGeometryType=yes", "Velocidade": 15.0, "Data": "2026-06-22", "hora": "00:30:09", "Rota": "ROTA 600 (NOITE) - Centro - Domingo", "Turno": "Noite", "Dias_da_semana": [ "dom" ], "Hit_Rate": 33.33, "Status": "Baixo hit rate", "Bloco": "Domingo" }, "geometry": { "type": "MultiLineString", "coordinates": [ [ [ 673414.153458880609833, 7478855.179437042213976 ], [ 673401.851739500067197, 7478839.893169023096561 ] ] ] } },
{ "type": "Feature", "properties": { "id": "Centro.37", "id_trecho": 1226, "Name": "Rua Mariano Sendra dos Santos", "description": null, "Extensao_m": 80.32871408690194, "Bairro_logradouros": "Centro", "Bairro_rotas": "Centro", "Distrito": "1º", "Lote": "I", "Name_2": "Ponto 470", "description_2": "Velocidade: 5km/h<br>22/06/2026 00:31:52", "layer": "TTI9B27", "path": "C:/KMLs/Estevao/21-06-2026/Coleta/Trajeto_TTI9B27.kml|layername=Trajeto|geometrytype=Point|uniqueGeometryType=yes", "Velocidade": 5.0, "Data": "2026-06-22", "hora": "00:31:52", "Rota": "ROTA 600 (NOITE) - Centro - Domingo", "Turno": "Noite", "Dias_da_semana": [ "dom" ], "Hit_Rate": 33.33, "Status": "Baixo hit rate", "Bloco": "Domingo" }, "geometry": { "type": "MultiLineString", "coordinates": [ [ [ 673379.636416846420616, 7478702.845105731859803 ], [ 673452.076151508954354, 7478737.55562081374228 ] ] ] } },
{ "type": "Feature", "properties": { "id": "Centro.132", "id_trecho": 921, "Name": "Avenida Governador Leonel de Moura Brizola", "description": null, "Extensao_m": 118.6412610015491, "Bairro_logradouros": "Centro", "Bairro_rotas": "Centro", "Distrito": "1º", "Lote": "I", "Name_2": "Ponto 471", "description_2": "Velocidade: 19km/h<br>22/06/2026 00:31:56", "layer": "TTI9B27", "path": "C:/KMLs/Estevao/21-06-2026/Coleta/Trajeto_TTI9B27.kml|layername=Trajeto|geometrytype=Point|uniqueGeometryType=yes", "Velocidade": 19.0, "Data": "2026-06-22", "hora": "00:31:56", "Rota": "ROTA 600 (NOITE) - Centro - Domingo", "Turno": "Noite", "Dias_da_semana": [ "dom" ], "Hit_Rate": 33.33, "Status": "Baixo hit rate", "Bloco": "Domingo" }, "geometry": { "type": "MultiLineString", "coordinates": [ [ [ 673452.076151508954354, 7478737.55562081374228 ], [ 673483.595017323619686, 7478669.718368543311954 ], [ 673502.220067492220551, 7478630.035886324010789 ] ] ] } },
{ "type": "Feature", "properties": { "id": "Centro.132", "id_trecho": 927, "Name": "Avenida Governador Leonel de Moura Brizola", "description": null, "Extensao_m": 227.61843162444336, "Bairro_logradouros": "Centro", "Bairro_rotas": "Centro", "Distrito": "1º", "Lote": "I", "Name_2": "Ponto 489", "description_2": "Velocidade: 40km/h<br>22/06/2026 00:39:09", "layer": "TTI9B27", "path": "C:/KMLs/Estevao/21-06-2026/Coleta/Trajeto_TTI9B27.kml|layername=Trajeto|geometrytype=Point|uniqueGeometryType=yes", "Velocidade": 40.0, "Data": "2026-06-22", "hora": "00:39:09", "Rota": "ROTA 600 (NOITE) - Centro - Domingo", "Turno": "Noite", "Dias_da_semana": [ "dom" ], "Hit_Rate": 16.67, "Status": "Baixo hit rate", "Bloco": "Domingo" }, "geometry": { "type": "MultiLineString", "coordinates": [ [ [ 673969.165773471817374, 7478051.538719916716218 ], [ 673951.749214921845123, 7478141.829882280901074 ], [ 673940.897641205927357, 7478179.607749278657138 ], [ 673934.381482584867626, 7478199.672003027051687 ], [ 673914.984787222929299, 7478225.631562452763319 ], [ 673901.101517701288685, 7478239.899636473506689 ], [ 673884.338596483226866, 7478255.562860270962119 ] ] ] } },
{ "type": "Feature", "properties": { "id": "Centro.81", "id_trecho": 907, "Name": "Avenida Duque de Caxias", "description": null, "Extensao_m": 70.122305349043472, "Bairro_logradouros": "Centro", "Bairro_rotas": "Centro", "Distrito": "1º", "Lote": "I", "Name_2": "Ponto 90", "description_2": "Velocidade: 0km/h<br>21/06/2026 21:54:43", "layer": "TTW7E72", "path": "C:/KMLs/Estevao/21-06-2026/Coleta/Trajeto_TTW7E72.kml|layername=Trajeto|geometrytype=Point|uniqueGeometryType=yes", "Velocidade": 0.0, "Data": "2026-06-21", "hora": "21:54:43", "Rota": "ROTA 610 (NOITE) - Centro - Domingo", "Turno": "Noite", "Dias_da_semana": [ "dom" ], "Hit_Rate": 16.67, "Status": "Baixo hit rate", "Bloco": "Domingo" }, "geometry": { "type": "MultiLineString", "coordinates": [ [ [ 674020.294324035989121, 7479586.261432033032179 ], [ 674000.668720496236347, 7479586.131947350688279 ], [ 673985.350325582316145, 7479583.704955518245697 ], [ 673969.190097549231723, 7479579.504593160003424 ], [ 673952.439399640075862, 7479572.165810700505972 ] ] ] } },
{ "type": "Feature", "properties": { "id": "Vinte_e_Cinco_de_Agosto.34", "id_trecho": 7427, "Name": "Rua General Câmara", "description": null, "Extensao_m": 17.218566609527731, "Bairro_logradouros": "Vinte e Cinco de Agosto", "Bairro_rotas": "Vinte e Cinco de Agosto", "Distrito": "1º", "Lote": "I", "Name_2": "Ponto 161", "description_2": "Velocidade: 4km/h<br>21/06/2026 22:26:32", "layer": "TTW7E72", "path": "C:/KMLs/Estevao/21-06-2026/Coleta/Trajeto_TTW7E72.kml|layername=Trajeto|geometrytype=Point|uniqueGeometryType=yes", "Velocidade": 4.0, "Data": "2026-06-21", "hora": "22:26:32", "Rota": "ROTA 610 (NOITE) - Vinte e Cinco de Agosto - Domingo", "Turno": "Noite", "Dias_da_semana": [ "dom" ], "Hit_Rate": 16.67, "Status": "Baixo hit rate", "Bloco": "Domingo" }, "geometry": { "type": "MultiLineString", "coordinates": [ [ [ 673808.43674608040601, 7478805.951443293131888 ], [ 673795.818074574228376, 7478817.666061183437705 ] ] ] } },
{ "type": "Feature", "properties": { "id": "Parque_Duque.129", "id_trecho": 3729, "Name": "Avenida Brigadeiro Lima e Silva", "description": null, "Extensao_m": 211.02668221175983, "Bairro_logradouros": "Parque Duque", "Bairro_rotas": "Vinte e Cinco de Agosto", "Distrito": "1º", "Lote": "I", "Name_2": "Ponto 257", "description_2": "Velocidade: 0km/h<br>21/06/2026 23:19:32", "layer": "TTW7E72", "path": "C:/KMLs/Estevao/21-06-2026/Coleta/Trajeto_TTW7E72.kml|layername=Trajeto|geometrytype=Point|uniqueGeometryType=yes", "Velocidade": 0.0, "Data": "2026-06-21", "hora": "23:19:32", "Rota": "ROTA 610 (NOITE) - Vinte e Cinco de Agosto - Domingo", "Turno": "Noite", "Dias_da_semana": [ "dom" ], "Hit_Rate": 33.33, "Status": "Baixo hit rate", "Bloco": "Domingo" }, "geometry": { "type": "MultiLineString", "coordinates": [ [ [ 675129.345864410977811, 7477790.498359808698297 ], [ 675021.137970899115317, 7477971.665172113105655 ] ] ] } },
{ "type": "Feature", "properties": { "id": "Parque_Duque.189", "id_trecho": 4304, "Name": "Rua Marechal Bento Manoel", "description": null, "Extensao_m": 41.081771217828887, "Bairro_logradouros": "Parque Duque", "Bairro_rotas": "Vinte e Cinco de Agosto", "Distrito": "1º", "Lote": "I", "Name_2": "Ponto 329", "description_2": "Velocidade: 12km/h<br>22/06/2026 00:09:32", "layer": "TTW7E72", "path": "C:/KMLs/Estevao/21-06-2026/Coleta/Trajeto_TTW7E72.kml|layername=Trajeto|geometrytype=Point|uniqueGeometryType=yes", "Velocidade": 12.0, "Data": "2026-06-22", "hora": "00:09:32", "Rota": "ROTA 600 (NOITE) - Vinte e Cinco de Agosto - Domingo", "Turno": "Noite", "Dias_da_semana": [ "dom" ], "Hit_Rate": 16.67, "Status": "Baixo hit rate", "Bloco": "Domingo" }, "geometry": { "type": "MultiLineString", "coordinates": [ [ [ 675189.055460667586885, 7478967.528426935896277 ], [ 675224.778192333178595, 7478987.814588315784931 ] ] ] } },
{ "type": "Feature", "properties": { "id": "Parque_Duque.189", "id_trecho": 4304, "Name": "Rua Marechal Bento Manoel", "description": null, "Extensao_m": 41.081771217828887, "Bairro_logradouros": "Parque Duque", "Bairro_rotas": "Vinte e Cinco de Agosto", "Distrito": "1º", "Lote": "I", "Name_2": "Ponto 329", "description_2": "Velocidade: 12km/h<br>22/06/2026 00:09:32", "layer": "TTW7E72", "path": "C:/KMLs/Estevao/21-06-2026/Coleta/Trajeto_TTW7E72.kml|layername=Trajeto|geometrytype=Point|uniqueGeometryType=yes", "Velocidade": 12.0, "Data": "2026-06-22", "hora": "00:09:32", "Rota": "ROTA 610 (NOITE) - Vinte e Cinco de Agosto - Domingo", "Turno": "Noite", "Dias_da_semana": [ "dom" ], "Hit_Rate": 16.67, "Status": "Baixo hit rate", "Bloco": "Domingo" }, "geometry": { "type": "MultiLineString", "coordinates": [ [ [ 675189.055460667586885, 7478967.528426935896277 ], [ 675224.778192333178595, 7478987.814588315784931 ] ] ] } },
{ "type": "Feature", "properties": { "id": "Parque_Duque.132", "id_trecho": 3717, "Name": "Avenida Brasil", "description": null, "Extensao_m": 44.179822549319546, "Bairro_logradouros": "Parque Duque", "Bairro_rotas": "Vila São Luis", "Distrito": "1º", "Lote": "I", "Name_2": "Ponto 346", "description_2": "Velocidade: 0km/h<br>22/06/2026 00:23:32", "layer": "TTW7E72", "path": "C:/KMLs/Estevao/21-06-2026/Coleta/Trajeto_TTW7E72.kml|layername=Trajeto|geometrytype=Point|uniqueGeometryType=yes", "Velocidade": 0.0, "Data": "2026-06-22", "hora": "00:23:32", "Rota": "ROTA 610 (NOITE) - Vila São Luís - Domingo", "Turno": "Noite", "Dias_da_semana": [ "dom" ], "Hit_Rate": 33.33, "Status": "Baixo hit rate", "Bloco": "Domingo" }, "geometry": { "type": "MultiLineString", "coordinates": [ [ [ 675851.062363581266254, 7479469.684505470097065 ], [ 675830.473689165664837, 7479508.772776786237955 ] ] ] } },
{ "type": "Feature", "properties": { "id": "Vila_Sao_Luis.5", "id_trecho": 6995, "Name": "Avenida Expedicionário José Amaro", "description": null, "Extensao_m": 40.121953000486002, "Bairro_logradouros": "Vila Sao Luis", "Bairro_rotas": "Vila São Luis", "Distrito": "1º", "Lote": "I", "Name_2": "Ponto 411", "description_2": "Velocidade: 18km/h<br>22/06/2026 00:58:59", "layer": "TTW7E72", "path": "C:/KMLs/Estevao/21-06-2026/Coleta/Trajeto_TTW7E72.kml|layername=Trajeto|geometrytype=Point|uniqueGeometryType=yes", "Velocidade": 18.0, "Data": "2026-06-22", "hora": "00:58:59", "Rota": "ROTA 610 (NOITE) - Vila São Luís - Domingo", "Turno": "Noite", "Dias_da_semana": [ "dom" ], "Hit_Rate": 16.67, "Status": "Baixo hit rate", "Bloco": "Domingo" }, "geometry": { "type": "MultiLineString", "coordinates": [ [ [ 675495.03052590880543, 7481157.321787461638451 ], [ 675507.722453863359988, 7481195.382573027163744 ] ] ] } },
{ "type": "Feature", "properties": { "id": "Gramacho.224", "id_trecho": 2056, "Name": "Avenida República do Paraguai", "description": null, "Extensao_m": 47.749570835841809, "Bairro_logradouros": "Gramacho", "Bairro_rotas": "Gramacho", "Distrito": "1º", "Lote": "I", "Name_2": "Ponto 72", "description_2": "Velocidade: 31km/h<br>21/06/2026 21:38:09", "layer": "TTI9B27", "path": "C:/KMLs/Estevao/21-06-2026/Coleta/Trajeto_TTI9B27.kml|layername=Trajeto|geometrytype=Point|uniqueGeometryType=yes", "Velocidade": 31.0, "Data": "2026-06-21", "hora": "21:38:09", "Rota": "ROTA 600 (NOITE) - Gramacho - Domingo", "Turno": "Noite", "Dias_da_semana": [ "dom" ], "Hit_Rate": 33.33, "Status": "Baixo hit rate", "Bloco": "Domingo" }, "geometry": { "type": "MultiLineString", "coordinates": [ [ [ 675075.924489332130179, 7482887.263581694103777 ], [ 675051.602507970063016, 7482928.353304521180689 ] ] ] } },
{ "type": "Feature", "properties": { "id": "Parque_Duque.129", "id_trecho": 3727, "Name": "Avenida Brigadeiro Lima e Silva", "description": null, "Extensao_m": 8.6433505840048426, "Bairro_logradouros": "Parque Duque", "Bairro_rotas": "Vinte e Cinco de Agosto", "Distrito": "1º", "Lote": "I", "Name_2": "Ponto 255", "description_2": "Velocidade: 24km/h<br>21/06/2026 23:17:32", "layer": "TTW7E72", "path": "C:/KMLs/Estevao/21-06-2026/Coleta/Trajeto_TTW7E72.kml|layername=Trajeto|geometrytype=Point|uniqueGeometryType=yes", "Velocidade": 24.0, "Data": "2026-06-21", "hora": "23:17:32", "Rota": "ROTA 610 (NOITE) - Vinte e Cinco de Agosto - Domingo", "Turno": "Noite", "Dias_da_semana": [ "dom" ], "Hit_Rate": 16.67, "Status": "Baixo hit rate", "Bloco": "Domingo" }, "geometry": { "type": "MultiLineString", "coordinates": [ [ [ 675241.087111017550342, 7477604.339365932159126 ], [ 675236.758380325976759, 7477611.820443447679281 ] ] ] } },
{ "type": "Feature", "properties": { "id": "Parque_Duque.132", "id_trecho": 3718, "Name": "Avenida Brasil", "description": null, "Extensao_m": 164.61874131349526, "Bairro_logradouros": "Parque Duque", "Bairro_rotas": "Vila São Luis", "Distrito": "1º", "Lote": "I", "Name_2": "Ponto 348", "description_2": "Velocidade: 25km/h<br>22/06/2026 00:25:32", "layer": "TTW7E72", "path": "C:/KMLs/Estevao/21-06-2026/Coleta/Trajeto_TTW7E72.kml|layername=Trajeto|geometrytype=Point|uniqueGeometryType=yes", "Velocidade": 25.0, "Data": "2026-06-22", "hora": "00:25:32", "Rota": "ROTA 610 (NOITE) - Vila São Luís - Domingo", "Turno": "Noite", "Dias_da_semana": [ "dom" ], "Hit_Rate": 16.67, "Status": "Baixo hit rate", "Bloco": "Domingo" }, "geometry": { "type": "MultiLineString", "coordinates": [ [ [ 675830.473689165664837, 7479508.772776786237955 ], [ 675814.135747874504887, 7479537.169065082445741 ], [ 675800.709425352048129, 7479555.39832675550133 ], [ 675775.566067442065105, 7479587.82800121139735 ], [ 675727.096095076529309, 7479635.777357098646462 ] ] ] } },
{ "type": "Feature", "properties": { "id": "Doutor_Laureano.3", "id_trecho": 1527, "Name": "Avenida Presidente Tancredo Neves", "description": null, "Extensao_m": 64.828799856754301, "Bairro_logradouros": "Doutor Laureano", "Bairro_rotas": "Vila São Luis", "Distrito": "1º", "Lote": "I", "Name_2": "Ponto 687", "description_2": "Velocidade: 19km/h<br>28/06/2026 21:51:36", "layer": "TTW7E72", "path": "C:/KMLs/Estevao/28-06-2026/Coleta/Trajeto_TTW7E72.kml|layername=Trajeto|geometrytype=Point|uniqueGeometryType=yes", "Velocidade": 19.0, "Data": "2026-06-28", "hora": "21:51:36", "Rota": "ROTA 610 (NOITE) - Vila São Luís - Domingo", "Turno": "Noite", "Dias_da_semana": [ "dom" ], "Hit_Rate": 16.67, "Status": "Baixo hit rate", "Bloco": "Domingo" }, "geometry": { "type": "MultiLineString", "coordinates": [ [ [ 674574.729375057853758, 7480487.623976930975914 ], [ 674613.60079648043029, 7480539.5045056194067 ] ] ] } },
{ "type": "Feature", "properties": { "id": "Parque_Duque.140", "id_trecho": 3852, "Name": "Estrada São Vicente", "description": null, "Extensao_m": 81.900098073368738, "Bairro_logradouros": "Parque Duque", "Bairro_rotas": "Parque Duque", "Distrito": "1º", "Lote": "I", "Name_2": "Ponto 951", "description_2": "Velocidade: 17km/h<br>28/06/2026 23:56:22", "layer": "TTW7E72", "path": "C:/KMLs/Estevao/28-06-2026/Coleta/Trajeto_TTW7E72.kml|layername=Trajeto|geometrytype=Point|uniqueGeometryType=yes", "Velocidade": 17.0, "Data": "2026-06-28", "hora": "23:56:22", "Rota": "ROTA 600 (NOITE) - Parque Duque - Domingo", "Turno": "Noite", "Dias_da_semana": [ "dom" ], "Hit_Rate": 16.67, "Status": "Baixo hit rate", "Bloco": "Domingo" }, "geometry": { "type": "MultiLineString", "coordinates": [ [ [ 675474.756536801345646, 7479213.20842342171818 ], [ 675532.291721703484654, 7479239.742618761956692 ], [ 675541.169975240249187, 7479242.032090097665787 ], [ 675550.327370948856696, 7479240.043522113002837 ] ] ] } },
{ "type": "Feature", "properties": { "id": "Parque_Duque.140", "id_trecho": 3852, "Name": "Estrada São Vicente", "description": null, "Extensao_m": 81.900098073368738, "Bairro_logradouros": "Parque Duque", "Bairro_rotas": "Parque Duque", "Distrito": "1º", "Lote": "I", "Name_2": "Ponto 951", "description_2": "Velocidade: 17km/h<br>28/06/2026 23:56:22", "layer": "TTW7E72", "path": "C:/KMLs/Estevao/28-06-2026/Coleta/Trajeto_TTW7E72.kml|layername=Trajeto|geometrytype=Point|uniqueGeometryType=yes", "Velocidade": 17.0, "Data": "2026-06-28", "hora": "23:56:22", "Rota": "ROTA 610 (NOITE) - Parque Duque - Domingo", "Turno": "Noite", "Dias_da_semana": [ "dom" ], "Hit_Rate": 16.67, "Status": "Baixo hit rate", "Bloco": "Domingo" }, "geometry": { "type": "MultiLineString", "coordinates": [ [ [ 675474.756536801345646, 7479213.20842342171818 ], [ 675532.291721703484654, 7479239.742618761956692 ], [ 675541.169975240249187, 7479242.032090097665787 ], [ 675550.327370948856696, 7479240.043522113002837 ] ] ] } },
{ "type": "Feature", "properties": { "id": "Parque_Fluminense.175", "id_trecho": 4738, "Name": "Avenida Governador Leonel de Moura Brizola", "description": null, "Extensao_m": 27.187307277257887, "Bairro_logradouros": "Parque Fluminense", "Bairro_rotas": "Centro", "Distrito": "2º", "Lote": "I", "Name_2": "Ponto 837", "description_2": "Velocidade: 37km/h<br>28/06/2026 22:35:59", "layer": "TUA3H22", "path": "C:/KMLs/Estevao/28-06-2026/Coleta/Trajeto_TUA3H22.kml|layername=Trajeto|geometrytype=Point|uniqueGeometryType=yes", "Velocidade": 37.0, "Data": "2026-06-28", "hora": "22:35:59", "Rota": "ROTA 600 (NOITE) - Centro - Domingo", "Turno": "Noite", "Dias_da_semana": [ "dom" ], "Hit_Rate": 16.67, "Status": "Baixo hit rate", "Bloco": "Domingo" }, "geometry": { "type": "MultiLineString", "coordinates": [ [ [ 673696.390760327107273, 7483664.541936696507037 ], [ 673699.977151387138292, 7483661.078975487500429 ], [ 673704.223853684961796, 7483658.771292379125953 ], [ 673709.16635769919958, 7483658.028236906975508 ], [ 673713.797404801123776, 7483658.794864095747471 ], [ 673716.572639114805497, 7483660.756576361134648 ], [ 673719.087643646053039, 7483664.216313129290938 ] ] ] } },
{ "type": "Feature", "properties": { "id": "Centro.151", "id_trecho": 1285, "Name": "Rua Piratini", "description": null, "Extensao_m": 6.3592420661773996, "Bairro_logradouros": "Centro", "Bairro_rotas": "Centro", "Distrito": "1º", "Lote": "I", "Name_2": "Ponto 1073", "description_2": "Velocidade: 15km/h<br>29/06/2026 00:12:56", "layer": "TUA3H22", "path": "C:/KMLs/Estevao/28-06-2026/Coleta/Trajeto_TUA3H22.kml|layername=Trajeto|geometrytype=Point|uniqueGeometryType=yes", "Velocidade": 15.0, "Data": "2026-06-29", "hora": "00:12:56", "Rota": "ROTA 600 (NOITE) - Centro - Domingo", "Turno": "Noite", "Dias_da_semana": [ "dom" ], "Hit_Rate": 16.67, "Status": "Baixo hit rate", "Bloco": "Domingo" }, "geometry": { "type": "MultiLineString", "coordinates": [ [ [ 673351.69179703167174, 7478424.662382094189525 ], [ 673357.876922569237649, 7478423.185270485468209 ] ] ] } },
{ "type": "Feature", "properties": { "id": "Vila_Sao_Luis.3", "id_trecho": 7071, "Name": "Rua Albino Imparato", "description": null, "Extensao_m": 114.64467402918598, "Bairro_logradouros": "Vila Sao Luis", "Bairro_rotas": "Parque Duque", "Distrito": "1º", "Lote": "I", "Name_2": "Ponto 594", "description_2": "Velocidade: 0km/h<br>28/06/2026 21:27:28", "layer": "TTW7E72", "path": "C:/KMLs/Estevao/28-06-2026/Coleta/Trajeto_TTW7E72.kml|layername=Trajeto|geometrytype=Point|uniqueGeometryType=yes", "Velocidade": 0.0, "Data": "2026-06-28", "hora": "21:27:28", "Rota": "ROTA 610 (NOITE) - Parque Duque - Domingo", "Turno": "Noite", "Dias_da_semana": [ "dom" ], "Hit_Rate": 16.67, "Status": "Baixo hit rate", "Bloco": "Domingo" }, "geometry": { "type": "MultiLineString", "coordinates": [ [ [ 674599.891496504889801, 7479478.341388199478388 ], [ 674603.019663198036142, 7479457.474946048110723 ], [ 674609.38548950466793, 7479418.995122388005257 ], [ 674615.40491099585779, 7479391.472029685974121 ], [ 674620.22577164391987, 7479373.132464492693543 ], [ 674622.970649186521769, 7479366.256808694452047 ] ] ] } },
{ "type": "Feature", "properties": { "id": "Vinte_e_Cinco_de_Agosto.66", "id_trecho": 7544, "Name": "Rua Professor José de Souza Herdy", "description": null, "Extensao_m": 111.99989730298823, "Bairro_logradouros": "Vinte e Cinco de Agosto", "Bairro_rotas": "Vinte e Cinco de Agosto", "Distrito": "1º", "Lote": "I", "Name_2": "Ponto 863", "description_2": "Velocidade: 8km/h<br>28/06/2026 22:57:59", "layer": "TTW7E72", "path": "C:/KMLs/Estevao/28-06-2026/Coleta/Trajeto_TTW7E72.kml|layername=Trajeto|geometrytype=Point|uniqueGeometryType=yes", "Velocidade": 8.0, "Data": "2026-06-28", "hora": "22:57:59", "Rota": "ROTA 610 (NOITE) - Vinte e Cinco de Agosto - Domingo", "Turno": "Noite", "Dias_da_semana": [ "dom" ], "Hit_Rate": 16.67, "Status": "Baixo hit rate", "Bloco": "Domingo" }, "geometry": { "type": "MultiLineString", "coordinates": [ [ [ 674671.97580845549237, 7478371.394788838922977 ], [ 674772.908251036889851, 7478322.85567050985992 ] ] ] } },
{ "type": "Feature", "properties": { "id": "Parque_Duque.132", "id_trecho": 3719, "Name": "Avenida Brasil", "description": null, "Extensao_m": 117.43143374747919, "Bairro_logradouros": "Parque Duque", "Bairro_rotas": "Vila São Luis", "Distrito": "1º", "Lote": "I", "Name_2": "Ponto 900", "description_2": "Velocidade: 28km/h<br>28/06/2026 23:22:28", "layer": "TTW7E72", "path": "C:/KMLs/Estevao/28-06-2026/Coleta/Trajeto_TTW7E72.kml|layername=Trajeto|geometrytype=Point|uniqueGeometryType=yes", "Velocidade": 28.0, "Data": "2026-06-28", "hora": "23:22:28", "Rota": "ROTA 610 (NOITE) - Vila São Luís - Domingo", "Turno": "Noite", "Dias_da_semana": [ "dom" ], "Hit_Rate": 16.67, "Status": "Baixo hit rate", "Bloco": "Domingo" }, "geometry": { "type": "MultiLineString", "coordinates": [ [ [ 675727.096095076529309, 7479635.777357098646462 ], [ 675707.227615942596458, 7479651.068767814897001 ], [ 675695.857040062779561, 7479657.944781976751983 ], [ 675686.10238188074436, 7479663.36238959338516 ], [ 675646.60254699352663, 7479678.061301791109145 ], [ 675623.031869294471107, 7479688.467203927226365 ] ] ] } },
{ "type": "Feature", "properties": { "id": "Parque_Duque.132", "id_trecho": 3716, "Name": "Avenida Brasil", "description": null, "Extensao_m": 58.145754474482523, "Bairro_logradouros": "Parque Duque", "Bairro_rotas": "Vila São Luis", "Distrito": "1º", "Lote": "I", "Name_2": "Ponto 920", "description_2": "Velocidade: 25km/h<br>28/06/2026 23:34:19", "layer": "TTW7E72", "path": "C:/KMLs/Estevao/28-06-2026/Coleta/Trajeto_TTW7E72.kml|layername=Trajeto|geometrytype=Point|uniqueGeometryType=yes", "Velocidade": 25.0, "Data": "2026-06-28", "hora": "23:34:19", "Rota": "ROTA 610 (NOITE) - Vila São Luís - Domingo", "Turno": "Noite", "Dias_da_semana": [ "dom" ], "Hit_Rate": 16.67, "Status": "Baixo hit rate", "Bloco": "Domingo" }, "geometry": { "type": "MultiLineString", "coordinates": [ [ [ 675881.314922917401418, 7479420.029792939312756 ], [ 675851.062363581266254, 7479469.684505470097065 ] ] ] } },
{ "type": "Feature", "properties": { "id": "Sao_Bento.239", "id_trecho": 5631, "Name": "Avenida Governador Leonel de Moura Brizola", "description": null, "Extensao_m": 297.96450901997008, "Bairro_logradouros": "Sao Bento", "Bairro_rotas": "Centro", "Distrito": "2º", "Lote": "I", "Name_2": "Ponto 745", "description_2": "Velocidade: 35km/h<br>28/06/2026 21:50:59", "layer": "TUA3H22", "path": "C:/KMLs/Estevao/28-06-2026/Coleta/Trajeto_TUA3H22.kml|layername=Trajeto|geometrytype=Point|uniqueGeometryType=yes", "Velocidade": 35.0, "Data": "2026-06-28", "hora": "21:50:59", "Rota": "ROTA 600 (NOITE) - Centro - Domingo", "Turno": "Noite", "Dias_da_semana": [ "dom" ], "Hit_Rate": 16.67, "Status": "Baixo hit rate", "Bloco": "Domingo" }, "geometry": { "type": "MultiLineString", "coordinates": [ [ [ 673543.870244594174437, 7484496.191114580258727 ], [ 673526.956412674742751, 7484573.1741998270154 ], [ 673524.093624383094721, 7484587.8694081120193 ], [ 673512.962349326815456, 7484638.672982600517571 ], [ 673494.710934642935172, 7484729.015946812927723 ], [ 673486.648494278779253, 7484769.69567961525172 ], [ 673484.938715657335706, 7484778.308934964239597 ], [ 673482.9208780718036, 7484787.833805426955223 ] ] ] } },
{ "type": "Feature", "properties": { "id": "Sao_Bento.239", "id_trecho": 5607, "Name": "Avenida Governador Leonel de Moura Brizola", "description": null, "Extensao_m": 29.261447607870455, "Bairro_logradouros": "Sao Bento", "Bairro_rotas": "Centro", "Distrito": "2º", "Lote": "I", "Name_2": "Ponto 786", "description_2": "Velocidade: 10km/h<br>28/06/2026 22:10:58", "layer": "TUA3H22", "path": "C:/KMLs/Estevao/28-06-2026/Coleta/Trajeto_TUA3H22.kml|layername=Trajeto|geometrytype=Point|uniqueGeometryType=yes", "Velocidade": 10.0, "Data": "2026-06-28", "hora": "22:10:58", "Rota": "ROTA 600 (NOITE) - Centro - Domingo", "Turno": "Noite", "Dias_da_semana": [ "dom" ], "Hit_Rate": 16.67, "Status": "Baixo hit rate", "Bloco": "Domingo" }, "geometry": { "type": "MultiLineString", "coordinates": [ [ [ 672980.73811436467804, 7486152.932701973244548 ], [ 672955.583954792818986, 7486167.880897892639041 ] ] ] } },
{ "type": "Feature", "properties": { "id": "Bar_dos_Cavalheiros.164", "id_trecho": 110, "Name": "Avenida Nilo Peçanha", "description": null, "Extensao_m": 33.223785196062956, "Bairro_logradouros": "Bar dos Cavalheiros", "Bairro_rotas": "Centro", "Distrito": "1º", "Lote": "I", "Name_2": "Ponto 1005", "description_2": "Velocidade: 16km/h<br>28/06/2026 23:47:12", "layer": "TUA3H22", "path": "C:/KMLs/Estevao/28-06-2026/Coleta/Trajeto_TUA3H22.kml|layername=Trajeto|geometrytype=Point|uniqueGeometryType=yes", "Velocidade": 16.0, "Data": "2026-06-28", "hora": "23:47:12", "Rota": "ROTA 600 (NOITE) - Centro - Domingo", "Turno": "Noite", "Dias_da_semana": [ "dom" ], "Hit_Rate": 16.67, "Status": "Baixo hit rate", "Bloco": "Domingo" }, "geometry": { "type": "MultiLineString", "coordinates": [ [ [ 671732.869115436216816, 7478920.551104008220136 ], [ 671735.725512189557776, 7478944.306644361466169 ], [ 671736.138627427513711, 7478953.593409277498722 ] ] ] } },
{ "type": "Feature", "properties": { "id": "Bar_dos_Cavalheiros.141", "id_trecho": 27, "Name": "Avenida Doutor Manoel Teles", "description": null, "Extensao_m": 7.743357241425616, "Bairro_logradouros": "Bar dos Cavalheiros", "Bairro_rotas": "Centro", "Distrito": "1º", "Lote": "I", "Name_2": "Ponto 1108", "description_2": "Velocidade: 11km/h<br>29/06/2026 00:32:44", "layer": "TUA3H22", "path": "C:/KMLs/Estevao/28-06-2026/Coleta/Trajeto_TUA3H22.kml|layername=Trajeto|geometrytype=Point|uniqueGeometryType=yes", "Velocidade": 11.0, "Data": "2026-06-29", "hora": "00:32:44", "Rota": "ROTA 600 (NOITE) - Centro - Domingo", "Turno": "Noite", "Dias_da_semana": [ "dom" ], "Hit_Rate": 16.67, "Status": "Baixo hit rate", "Bloco": "Domingo" }, "geometry": { "type": "MultiLineString", "coordinates": [ [ [ 672469.811357175116427, 7477830.408937644213438 ], [ 672462.892449081642553, 7477826.932676350697875 ] ] ] } },
{ "type": "Feature", "properties": { "id": "Bar_dos_Cavalheiros.141", "id_trecho": 28, "Name": "Avenida Doutor Manoel Teles", "description": null, "Extensao_m": 172.92159584129362, "Bairro_logradouros": "Bar dos Cavalheiros", "Bairro_rotas": "Centro", "Distrito": "1º", "Lote": "I", "Name_2": "Ponto 1109", "description_2": "Velocidade: 18km/h<br>29/06/2026 00:32:47", "layer": "TUA3H22", "path": "C:/KMLs/Estevao/28-06-2026/Coleta/Trajeto_TUA3H22.kml|layername=Trajeto|geometrytype=Point|uniqueGeometryType=yes", "Velocidade": 18.0, "Data": "2026-06-29", "hora": "00:32:47", "Rota": "ROTA 600 (NOITE) - Centro - Domingo", "Turno": "Noite", "Dias_da_semana": [ "dom" ], "Hit_Rate": 16.67, "Status": "Baixo hit rate", "Bloco": "Domingo" }, "geometry": { "type": "MultiLineString", "coordinates": [ [ [ 672462.892449081642553, 7477826.932676350697875 ], [ 672405.533373236772604, 7477808.558596644550562 ], [ 672370.971195260062814, 7477798.530204143375158 ], [ 672364.63572202809155, 7477796.697368642315269 ], [ 672346.537864896003157, 7477790.734473383054137 ], [ 672329.703855756204575, 7477788.467149801552296 ], [ 672317.895331644569524, 7477790.218137653544545 ], [ 672296.767027840251103, 7477796.781600006856024 ] ] ] } },
{ "type": "Feature", "properties": { "id": "Bar_dos_Cavalheiros.141", "id_trecho": 12, "Name": "Avenida Doutor Manoel Teles", "description": null, "Extensao_m": 82.305466282889569, "Bairro_logradouros": "Bar dos Cavalheiros", "Bairro_rotas": "Centro", "Distrito": "1º", "Lote": "I", "Name_2": "Ponto 1114", "description_2": "Velocidade: 11km/h<br>29/06/2026 00:33:43", "layer": "TUA3H22", "path": "C:/KMLs/Estevao/28-06-2026/Coleta/Trajeto_TUA3H22.kml|layername=Trajeto|geometrytype=Point|uniqueGeometryType=yes", "Velocidade": 11.0, "Data": "2026-06-29", "hora": "00:33:43", "Rota": "ROTA 600 (NOITE) - Centro - Domingo", "Turno": "Noite", "Dias_da_semana": [ "dom" ], "Hit_Rate": 16.67, "Status": "Baixo hit rate", "Bloco": "Domingo" }, "geometry": { "type": "MultiLineString", "coordinates": [ [ [ 672199.353075781604275, 7477847.988350344821811 ], [ 672201.8450962821953, 7477869.433446424081922 ], [ 672205.28479407785926, 7477930.049225118011236 ] ] ] } },
{ "type": "Feature", "properties": { "id": "Bar_dos_Cavalheiros.141", "id_trecho": 11, "Name": "Avenida Doutor Manoel Teles", "description": null, "Extensao_m": 70.352041184548995, "Bairro_logradouros": "Bar dos Cavalheiros", "Bairro_rotas": "Centro", "Distrito": "1º", "Lote": "I", "Name_2": "Ponto 1127", "description_2": "Velocidade: 9km/h<br>29/06/2026 00:40:41", "layer": "TUA3H22", "path": "C:/KMLs/Estevao/28-06-2026/Coleta/Trajeto_TUA3H22.kml|layername=Trajeto|geometrytype=Point|uniqueGeometryType=yes", "Velocidade": 9.0, "Data": "2026-06-29", "hora": "00:40:41", "Rota": "ROTA 600 (NOITE) - Centro - Domingo", "Turno": "Noite", "Dias_da_semana": [ "dom" ], "Hit_Rate": 16.67, "Status": "Baixo hit rate", "Bloco": "Domingo" }, "geometry": { "type": "MultiLineString", "coordinates": [ [ [ 672129.211010355735198, 7477853.147568222135305 ], [ 672161.105250767432153, 7477851.567523857578635 ], [ 672190.684478810639121, 7477848.662599924951792 ], [ 672199.353075781604275, 7477847.988350344821811 ] ] ] } },
{ "type": "Feature", "properties": { "id": "Bar_dos_Cavalheiros.141", "id_trecho": 30, "Name": "Avenida Doutor Manoel Teles", "description": null, "Extensao_m": 69.101383666893042, "Bairro_logradouros": "Bar dos Cavalheiros", "Bairro_rotas": "Centro", "Distrito": "1º", "Lote": "I", "Name_2": "Ponto 1131", "description_2": "Velocidade: 9km/h<br>29/06/2026 00:42:59", "layer": "TUA3H22", "path": "C:/KMLs/Estevao/28-06-2026/Coleta/Trajeto_TUA3H22.kml|layername=Trajeto|geometrytype=Point|uniqueGeometryType=yes", "Velocidade": 9.0, "Data": "2026-06-29", "hora": "00:42:59", "Rota": "ROTA 600 (NOITE) - Centro - Domingo", "Turno": "Noite", "Dias_da_semana": [ "dom" ], "Hit_Rate": 16.67, "Status": "Baixo hit rate", "Bloco": "Domingo" }, "geometry": { "type": "MultiLineString", "coordinates": [ [ [ 672259.0818977272138, 7477814.640700692310929 ], [ 672209.297964157070965, 7477838.539711810648441 ], [ 672205.078958058846183, 7477841.345136499032378 ], [ 672201.818749445257708, 7477844.494061055593193 ], [ 672199.353075781604275, 7477847.988350344821811 ] ] ] } },
{ "type": "Feature", "properties": { "id": "Bar_dos_Cavalheiros.141", "id_trecho": 24, "Name": "Avenida Doutor Manoel Teles", "description": null, "Extensao_m": 56.446062824667294, "Bairro_logradouros": "Bar dos Cavalheiros", "Bairro_rotas": "Centro", "Distrito": "1º", "Lote": "I", "Name_2": "Ponto 1136", "description_2": "Velocidade: 9km/h<br>29/06/2026 00:43:59", "layer": "TUA3H22", "path": "C:/KMLs/Estevao/28-06-2026/Coleta/Trajeto_TUA3H22.kml|layername=Trajeto|geometrytype=Point|uniqueGeometryType=yes", "Velocidade": 9.0, "Data": "2026-06-29", "hora": "00:43:59", "Rota": "ROTA 600 (NOITE) - Centro - Domingo", "Turno": "Noite", "Dias_da_semana": [ "dom" ], "Hit_Rate": 16.67, "Status": "Baixo hit rate", "Bloco": "Domingo" }, "geometry": { "type": "MultiLineString", "coordinates": [ [ [ 672545.168571521877311, 7477929.920172301121056 ], [ 672534.386319505632855, 7477901.83608272857964 ], [ 672522.822377652861178, 7477878.1463687652722 ] ] ] } },
{ "type": "Feature", "properties": { "id": "Bar_dos_Cavalheiros.141", "id_trecho": 17, "Name": "Avenida Doutor Manoel Teles", "description": null, "Extensao_m": 61.76901952555297, "Bairro_logradouros": "Bar dos Cavalheiros", "Bairro_rotas": "Centro", "Distrito": "1º", "Lote": "I", "Name_2": "Ponto 1138", "description_2": "Velocidade: 0km/h<br>29/06/2026 00:45:59", "layer": "TUA3H22", "path": "C:/KMLs/Estevao/28-06-2026/Coleta/Trajeto_TUA3H22.kml|layername=Trajeto|geometrytype=Point|uniqueGeometryType=yes", "Velocidade": 0.0, "Data": "2026-06-29", "hora": "00:45:59", "Rota": "ROTA 600 (NOITE) - Centro - Domingo", "Turno": "Noite", "Dias_da_semana": [ "dom" ], "Hit_Rate": 16.67, "Status": "Baixo hit rate", "Bloco": "Domingo" }, "geometry": { "type": "MultiLineString", "coordinates": [ [ [ 672893.636904029292054, 7478389.421194416470826 ], [ 672851.541632352396846, 7478352.823296666145325 ], [ 672847.02003393182531, 7478348.899052832275629 ] ] ] } },
{ "type": "Feature", "properties": { "id": "Gramacho.230", "id_trecho": 1982, "Name": "Avenida Governador Leonel de Moura Brizola", "description": null, "Extensao_m": 78.800830953584224, "Bairro_logradouros": "Gramacho", "Bairro_rotas": "Centro", "Distrito": "1º", "Lote": "I", "Name_2": "Ponto 733", "description_2": "Velocidade: 0km/h<br>28/06/2026 19:09:08", "layer": "TUN3B98", "path": "C:/KMLs/Estevao/28-06-2026/Coleta/Trajeto_TUN3B98.kml|layername=Trajeto|geometrytype=Point|uniqueGeometryType=yes", "Velocidade": 0.0, "Data": "2026-06-28", "hora": "19:09:08", "Rota": "ROTA 600 (NOITE) - Centro - Domingo", "Turno": "Noite", "Dias_da_semana": [ "dom" ], "Hit_Rate": 16.67, "Status": "Baixo hit rate", "Bloco": "Domingo" }, "geometry": { "type": "MultiLineString", "coordinates": [ [ [ 674160.858037834172137, 7482045.598758095875382 ], [ 674193.12045480881352, 7482117.490305410698056 ] ] ] } },
{ "type": "Feature", "properties": { "id": "Gramacho.107", "id_trecho": 2032, "Name": "Avenida Pelótas", "description": null, "Extensao_m": 36.619211050625857, "Bairro_logradouros": "Gramacho", "Bairro_rotas": "Gramacho", "Distrito": "1º", "Lote": "I", "Name_2": "Ponto 546", "description_2": "Velocidade: 41km/h<br>28/06/2026 18:26:15", "layer": "TUS0I00", "path": "C:/KMLs/Estevao/28-06-2026/Coleta/Trajeto_TUS0I00.kml|layername=Trajeto|geometrytype=Point|uniqueGeometryType=yes", "Velocidade": 41.0, "Data": "2026-06-28", "hora": "18:26:15", "Rota": "ROTA 600 (NOITE) - Gramacho - Domingo", "Turno": "Noite", "Dias_da_semana": [ "dom" ], "Hit_Rate": 16.67, "Status": "Baixo hit rate", "Bloco": "Domingo" }, "geometry": { "type": "MultiLineString", "coordinates": [ [ [ 675929.390673588495702, 7482045.710714661516249 ], [ 675916.140786637552083, 7482058.976394720375538 ], [ 675911.623679130920209, 7482063.591407746076584 ], [ 675904.164288006257266, 7482072.227326294407248 ] ] ] } }
]
}
