{
"type": "FeatureCollection",
"name": "Bloco_Domingo_Tarde_RuasSemRota_Atribuidas_linhas",
"crs": { "type": "name", "properties": { "name": "urn:ogc:def:crs:EPSG::31983" } },
"features": [
{ "type": "Feature", "properties": { "id": "Centro.42", "id_trecho": 1112, "Name": "Rua da Biblia", "description": "Atribuído à rota do vizinho mais próximo", "Extensao_m": 182.32255723205742, "Bairro_logradouros": "Centro", "Bairro_rotas": "Centro", "Distrito": "1º", "Lote": "I", "Name_2": "Ponto 788", "description_2": "Velocidade: 21km/h<br>01/07/2026 19:34:24", "layer": "TTG4B66", "path": "C:/KMLs/Estevao/01-07-2026/Coleta/Trajeto_TTG4B66.kml|layername=Trajeto|geometrytype=Point|uniqueGeometryType=yes", "Velocidade": 21.0, "Data": "2026-07-01", "hora": "19:34:24", "Rota": "ROTA 510 (TARDE) - Centro - Domingo", "Turno": "Tarde", "Dias_da_semana": [ "dom" ], "Hit_Rate": 100.0, "Status": "Validado (Rua sem rota)", "Bloco": "Domingo" }, "geometry": { "type": "MultiLineString", "coordinates": [ [ [ 673786.831902176840231, 7478515.558251120150089 ], [ 673694.925587560865097, 7478358.100495662540197 ] ] ] } },
{ "type": "Feature", "properties": { "id": "Centro.88", "id_trecho": 1135, "Name": "Rua Doutor Lauro Neiva", "description": "nenhuma rota próxima", "Extensao_m": 103.13157946273469, "Bairro_logradouros": "Centro", "Bairro_rotas": null, "Distrito": "1º", "Lote": "I", "Name_2": "Ponto 919", "description_2": "Velocidade: 37km/h<br>01/07/2026 20:48:05", "layer": "TTM5J19", "path": "C:/KMLs/Estevao/01-07-2026/Coleta/Trajeto_TTM5J19.kml|layername=Trajeto|geometrytype=Point|uniqueGeometryType=yes", "Velocidade": 37.0, "Data": "2026-07-01", "hora": "20:48:05", "Rota": null, "Turno": "Tarde", "Dias_da_semana": [ "dom" ], "Hit_Rate": 100.0, "Status": "Validado (Rua sem rota)", "Bloco": "Domingo" }, "geometry": { "type": "MultiLineString", "coordinates": [ [ [ 673634.109400453977287, 7478402.27502915263176 ], [ 673642.464781093760394, 7478415.479949063621461 ], [ 673689.220438799471594, 7478489.44333123229444 ] ] ] } },
{ "type": "Feature", "properties": { "id": "Centro.90", "id_trecho": 1173, "Name": "Rua Itaquarussu", "description": "Atribuído à rota do vizinho mais próximo", "Extensao_m": 63.005746953244937, "Bairro_logradouros": "Centro", "Bairro_rotas": "Centro", "Distrito": "1º", "Lote": "I", "Name_2": "Ponto 424", "description_2": "Velocidade: 14km/h<br>01/07/2026 10:07:12", "layer": "TTW7E72", "path": "C:/KMLs/Estevao/01-07-2026/Coleta/Trajeto_TTW7E72.kml|layername=Trajeto|geometrytype=Point|uniqueGeometryType=yes", "Velocidade": 14.0, "Data": "2026-07-01", "hora": "10:07:12", "Rota": "ROTA 510 (TARDE) - Centro - Domingo", "Turno": "Tarde", "Dias_da_semana": [ "dom" ], "Hit_Rate": 66.67, "Status": "Validado (Rua sem rota)", "Bloco": "Domingo" }, "geometry": { "type": "MultiLineString", "coordinates": [ [ [ 673576.506082264822908, 7478562.207809832878411 ], [ 673629.940458645811304, 7478528.827097020111978 ] ] ] } },
{ "type": "Feature", "properties": { "id": "Centro.90", "id_trecho": 1174, "Name": "Rua Itaquarussu", "description": "Atribuído à rota do vizinho mais próximo", "Extensao_m": 71.174269682707049, "Bairro_logradouros": "Centro", "Bairro_rotas": "Centro", "Distrito": "1º", "Lote": "I", "Name_2": "Ponto 425", "description_2": "Velocidade: 6km/h<br>01/07/2026 10:07:34", "layer": "TTW7E72", "path": "C:/KMLs/Estevao/01-07-2026/Coleta/Trajeto_TTW7E72.kml|layername=Trajeto|geometrytype=Point|uniqueGeometryType=yes", "Velocidade": 6.0, "Data": "2026-07-01", "hora": "10:07:34", "Rota": "ROTA 510 (TARDE) - Centro - Domingo", "Turno": "Tarde", "Dias_da_semana": [ "dom" ], "Hit_Rate": 83.33, "Status": "Validado (Rua sem rota)", "Bloco": "Domingo" }, "geometry": { "type": "MultiLineString", "coordinates": [ [ [ 673629.940458645811304, 7478528.827097020111978 ], [ 673655.798308390425518, 7478511.974839936941862 ], [ 673689.220438799471594, 7478489.44333123229444 ] ] ] } },
{ "type": "Feature", "properties": { "id": "Centro.86", "id_trecho": 1266, "Name": "Rua Paulo Lins", "description": "Atribuído à rota do vizinho mais próximo", "Extensao_m": 84.56297795919005, "Bairro_logradouros": "Centro", "Bairro_rotas": "Centro", "Distrito": "1º", "Lote": "I", "Name_2": "Ponto 308", "description_2": "Velocidade: 16km/h<br>01/07/2026 09:29:00", "layer": "KRX5186", "path": "C:/KMLs/Estevao/01-07-2026/Coleta/Trajeto_KRX5186.kml|layername=Trajeto|geometrytype=Point|uniqueGeometryType=yes", "Velocidade": 16.0, "Data": "2026-07-01", "hora": "09:29:00", "Rota": "ROTA 510 (TARDE) - Centro - Domingo", "Turno": "Tarde", "Dias_da_semana": [ "dom" ], "Hit_Rate": 100.0, "Status": "Validado (Rua sem rota)", "Bloco": "Domingo" }, "geometry": { "type": "MultiLineString", "coordinates": [ [ [ 673635.551553767640144, 7478652.199618582613766 ], [ 673655.107192336698063, 7478675.941181115806103 ], [ 673677.716129017062485, 7478701.785171089693904 ], [ 673683.525108332862146, 7478707.809695224277675 ], [ 673688.296241839881986, 7478711.077460423111916 ], [ 673693.580488642212003, 7478711.626092404127121 ] ] ] } },
{ "type": "Feature", "properties": { "id": "Doutor_Laureano.57", "id_trecho": 1536, "Name": "Rodovia Washington Luiz - Auxiliar", "description": "Atribuído à rota do vizinho mais próximo", "Extensao_m": 242.56377229323616, "Bairro_logradouros": "Doutor Laureano", "Bairro_rotas": "Gramacho", "Distrito": "1º", "Lote": "I", "Name_2": "Ponto 61", "description_2": "Velocidade: 30km/h<br>01/07/2026 08:37:00", "layer": "KXG4E62", "path": "C:/KMLs/Estevao/01-07-2026/Coleta/Trajeto_KXG4E62.kml|layername=Trajeto|geometrytype=Point|uniqueGeometryType=yes", "Velocidade": 30.0, "Data": "2026-07-01", "hora": "08:37:00", "Rota": "ROTA 250 (TARDE) - Gramacho - Domingo", "Turno": "Tarde", "Dias_da_semana": [ "dom" ], "Hit_Rate": 100.0, "Status": "Validado (Rua sem rota)", "Bloco": "Domingo" }, "geometry": { "type": "MultiLineString", "coordinates": [ [ [ 675849.135084741516039, 7482109.402478836476803 ], [ 675850.436286023352295, 7482080.102812994271517 ], [ 675853.405030354741029, 7482033.975948651321232 ], [ 675855.887964127003215, 7481978.707072241231799 ], [ 675859.187029024004005, 7481922.963614699430764 ], [ 675861.211760580772534, 7481867.157372321002185 ] ] ] } },
{ "type": "Feature", "properties": { "id": "Doutor_Laureano.57", "id_trecho": 1537, "Name": "Rodovia Washington Luiz - Auxiliar", "description": "nenhuma rota próxima", "Extensao_m": 239.58488413981954, "Bairro_logradouros": "Doutor Laureano", "Bairro_rotas": null, "Distrito": "1º", "Lote": "I", "Name_2": "Ponto 487", "description_2": "Velocidade: 50km/h<br>01/07/2026 12:29:26", "layer": "TTF6F97", "path": "C:/KMLs/Estevao/01-07-2026/Coleta/Trajeto_TTF6F97.kml|layername=Trajeto|geometrytype=Point|uniqueGeometryType=yes", "Velocidade": 50.0, "Data": "2026-07-01", "hora": "12:29:26", "Rota": null, "Turno": "Tarde", "Dias_da_semana": [ "dom" ], "Hit_Rate": 66.67, "Status": "Validado (Rua sem rota)", "Bloco": "Domingo" }, "geometry": { "type": "MultiLineString", "coordinates": [ [ [ 675861.211760580772534, 7481867.157372321002185 ], [ 675864.163620202220045, 7481812.481082897633314 ], [ 675868.064201748231426, 7481757.251154266297817 ], [ 675871.925160256447271, 7481661.322467936202884 ], [ 675872.991054746787995, 7481627.888615956529975 ] ] ] } },
{ "type": "Feature", "properties": { "id": "Doutor_Laureano.57", "id_trecho": 1541, "Name": "Rodovia Washington Luiz - Auxiliar", "description": "Atribuído à rota do vizinho mais próximo", "Extensao_m": 170.81475118516471, "Bairro_logradouros": "Doutor Laureano", "Bairro_rotas": "Vila São Luis", "Distrito": "1º", "Lote": "I", "Name_2": "Ponto 15", "description_2": "Velocidade: 51km/h<br>01/07/2026 06:13:26", "layer": "TTF6F97", "path": "C:/KMLs/Estevao/01-07-2026/Coleta/Trajeto_TTF6F97.kml|layername=Trajeto|geometrytype=Point|uniqueGeometryType=yes", "Velocidade": 51.0, "Data": "2026-07-01", "hora": "06:13:26", "Rota": "ROTA 520 (TARDE) - Vila São Luís - Domingo", "Turno": "Tarde", "Dias_da_semana": [ "dom" ], "Hit_Rate": 100.0, "Status": "Validado (Rua sem rota)", "Bloco": "Domingo" }, "geometry": { "type": "MultiLineString", "coordinates": [ [ [ 675880.078785011428408, 7481445.561025967821479 ], [ 675880.843076737830415, 7481417.533395683392882 ], [ 675881.616183259058744, 7481370.74525707680732 ], [ 675884.397451278287917, 7481319.105338675901294 ], [ 675885.64430066163186, 7481300.828858397901058 ], [ 675887.014720077509992, 7481274.919666063040495 ] ] ] } },
{ "type": "Feature", "properties": { "id": "Doutor_Laureano.65", "id_trecho": 1768, "Name": "Rua Mogi", "description": "nenhuma rota próxima", "Extensao_m": 90.097176520174671, "Bairro_logradouros": "Doutor Laureano", "Bairro_rotas": null, "Distrito": "1º", "Lote": "I", "Name_2": "Ponto 581", "description_2": "Velocidade: 9km/h<br>01/07/2026 12:24:10", "layer": "KRX5186", "path": "C:/KMLs/Estevao/01-07-2026/Coleta/Trajeto_KRX5186.kml|layername=Trajeto|geometrytype=Point|uniqueGeometryType=yes", "Velocidade": 9.0, "Data": "2026-07-01", "hora": "12:24:10", "Rota": null, "Turno": "Tarde", "Dias_da_semana": [ "dom" ], "Hit_Rate": 100.0, "Status": "Validado (Rua sem rota)", "Bloco": "Domingo" }, "geometry": { "type": "MultiLineString", "coordinates": [ [ [ 675706.780356828938238, 7481936.332271664403379 ], [ 675638.449898860533722, 7481995.053185572847724 ] ] ] } },
{ "type": "Feature", "properties": { "id": "Doutor_Laureano.97", "id_trecho": 1911, "Name": "Viaduto Vila São Luiz", "description": "nenhuma rota próxima", "Extensao_m": 176.94577023784791, "Bairro_logradouros": "Doutor Laureano", "Bairro_rotas": null, "Distrito": "1º", "Lote": "I", "Name_2": "Ponto 62", "description_2": "Velocidade: 13km/h<br>01/07/2026 08:37:46", "layer": "KXG4E62", "path": "C:/KMLs/Estevao/01-07-2026/Coleta/Trajeto_KXG4E62.kml|layername=Trajeto|geometrytype=Point|uniqueGeometryType=yes", "Velocidade": 13.0, "Data": "2026-07-01", "hora": "08:37:46", "Rota": null, "Turno": "Tarde", "Dias_da_semana": [ "dom" ], "Hit_Rate": 100.0, "Status": "Validado (Rua sem rota)", "Bloco": "Domingo" }, "geometry": { "type": "MultiLineString", "coordinates": [ [ [ 675875.052332342020236, 7481563.231632594019175 ], [ 675873.230357389897108, 7481549.56449069082737 ], [ 675870.362531755352393, 7481539.597298556938767 ], [ 675862.84918603731785, 7481532.009532038122416 ], [ 675851.521550060017034, 7481529.40517589636147 ], [ 675838.619772661128081, 7481533.663136476650834 ], [ 675827.997069371980615, 7481544.052204094827175 ], [ 675823.861431196331978, 7481555.883438581600785 ], [ 675824.575963587732986, 7481569.707364743575454 ], [ 675830.854951683548279, 7481588.67198409512639 ], [ 675840.524917196948081, 7481603.344717705622315 ], [ 675853.182420268421993, 7481613.475511324591935 ], [ 675870.488567784894258, 7481621.492625715211034 ], [ 675873.16613482683897, 7481622.3968551363796 ] ] ] } },
{ "type": "Feature", "properties": { "id": "Doutor_Laureano.97", "id_trecho": 1916, "Name": "Viaduto Vila São Luiz", "description": "nenhuma rota próxima", "Extensao_m": 86.442458187046498, "Bairro_logradouros": "Doutor Laureano", "Bairro_rotas": null, "Distrito": "1º", "Lote": "I", "Name_2": "Ponto 65", "description_2": "Velocidade: 13km/h<br>01/07/2026 08:38:10", "layer": "KXG4E62", "path": "C:/KMLs/Estevao/01-07-2026/Coleta/Trajeto_KXG4E62.kml|layername=Trajeto|geometrytype=Point|uniqueGeometryType=yes", "Velocidade": 13.0, "Data": "2026-07-01", "hora": "08:38:10", "Rota": null, "Turno": "Tarde", "Dias_da_semana": [ "dom" ], "Hit_Rate": 100.0, "Status": "Validado (Rua sem rota)", "Bloco": "Domingo" }, "geometry": { "type": "MultiLineString", "coordinates": [ [ [ 675872.991054746787995, 7481627.888615956529975 ], [ 675850.8965331237996, 7481618.297268038615584 ], [ 675830.307837192784064, 7481600.860388679429889 ], [ 675821.161522488109767, 7481584.398578841239214 ], [ 675818.892709251958877, 7481578.267340601421893 ], [ 675817.125247558229603, 7481568.420306918211281 ] ] ] } },
{ "type": "Feature", "properties": { "id": "Doutor_Laureano.97", "id_trecho": 1917, "Name": "Viaduto Vila São Luiz", "description": "nenhuma rota próxima", "Extensao_m": 143.21341766285244, "Bairro_logradouros": "Doutor Laureano", "Bairro_rotas": null, "Distrito": "1º", "Lote": "I", "Name_2": "Ponto 63", "description_2": "Velocidade: 9km/h<br>01/07/2026 08:38:00", "layer": "KXG4E62", "path": "C:/KMLs/Estevao/01-07-2026/Coleta/Trajeto_KXG4E62.kml|layername=Trajeto|geometrytype=Point|uniqueGeometryType=yes", "Velocidade": 9.0, "Data": "2026-07-01", "hora": "08:38:00", "Rota": null, "Turno": "Tarde", "Dias_da_semana": [ "dom" ], "Hit_Rate": 100.0, "Status": "Validado (Rua sem rota)", "Bloco": "Domingo" }, "geometry": { "type": "MultiLineString", "coordinates": [ [ [ 675817.125247558229603, 7481568.420306918211281 ], [ 675819.137475416297093, 7481552.372063036076725 ], [ 675824.866357370046899, 7481535.328403867781162 ], [ 675834.589893396012485, 7481518.238524589687586 ], [ 675844.11927287641447, 7481509.224278276786208 ], [ 675859.004257994005457, 7481497.955279811285436 ], [ 675865.533601518603973, 7481490.625850323587656 ], [ 675871.352615651441738, 7481481.377654250711203 ], [ 675880.078785011428408, 7481445.561025967821479 ] ] ] } },
{ "type": "Feature", "properties": { "id": "Gramacho.41", "id_trecho": 2162, "Name": "Rodovia Washington Luiz - Auxiliar", "description": "Atribuído à rota do vizinho mais próximo", "Extensao_m": 178.16205141194791, "Bairro_logradouros": "Gramacho", "Bairro_rotas": "Vila São Luis", "Distrito": "1º", "Lote": "I", "Name_2": "Ponto 332", "description_2": "Velocidade: 18km/h<br>01/07/2026 09:42:50", "layer": "KRX5186", "path": "C:/KMLs/Estevao/01-07-2026/Coleta/Trajeto_KRX5186.kml|layername=Trajeto|geometrytype=Point|uniqueGeometryType=yes", "Velocidade": 18.0, "Data": "2026-07-01", "hora": "09:42:50", "Rota": "ROTA 520 (TARDE) - Vila São Luís - Domingo", "Turno": "Tarde", "Dias_da_semana": [ "dom" ], "Hit_Rate": 100.0, "Status": "Validado (Rua sem rota)", "Bloco": "Domingo" }, "geometry": { "type": "MultiLineString", "coordinates": [ [ [ 675940.14765536331106, 7481272.604278227314353 ], [ 675939.921165521605872, 7481277.619391366839409 ], [ 675937.644502673647366, 7481324.923317947424948 ], [ 675934.866185428923927, 7481388.335548978298903 ], [ 675930.820514571852982, 7481450.511012198403478 ] ] ] } },
{ "type": "Feature", "properties": { "id": "Gramacho.41", "id_trecho": 2163, "Name": "Rodovia Washington Luiz - Auxiliar", "description": "nenhuma rota próxima", "Extensao_m": 122.01690928715315, "Bairro_logradouros": "Gramacho", "Bairro_rotas": null, "Distrito": "1º", "Lote": "I", "Name_2": "Ponto 973", "description_2": "Velocidade: 35km/h<br>01/07/2026 20:39:38", "layer": "TTF6F97", "path": "C:/KMLs/Estevao/01-07-2026/Coleta/Trajeto_TTF6F97.kml|layername=Trajeto|geometrytype=Point|uniqueGeometryType=yes", "Velocidade": 35.0, "Data": "2026-07-01", "hora": "20:39:38", "Rota": null, "Turno": "Tarde", "Dias_da_semana": [ "dom" ], "Hit_Rate": 66.67, "Status": "Validado (Rua sem rota)", "Bloco": "Domingo" }, "geometry": { "type": "MultiLineString", "coordinates": [ [ [ 675930.820514571852982, 7481450.511012198403478 ], [ 675925.021498242625967, 7481572.387888665311038 ] ] ] } },
{ "type": "Feature", "properties": { "id": "Gramacho.41", "id_trecho": 2164, "Name": "Rodovia Washington Luiz - Auxiliar", "description": "nenhuma rota próxima", "Extensao_m": 52.566221890247078, "Bairro_logradouros": "Gramacho", "Bairro_rotas": null, "Distrito": "1º", "Lote": "I", "Name_2": "Ponto 984", "description_2": "Velocidade: 20km/h<br>01/07/2026 19:02:20", "layer": "TTF7G57", "path": "C:/KMLs/Estevao/01-07-2026/Coleta/Trajeto_TTF7G57.kml|layername=Trajeto|geometrytype=Point|uniqueGeometryType=yes", "Velocidade": 20.0, "Data": "2026-07-01", "hora": "19:02:20", "Rota": null, "Turno": "Tarde", "Dias_da_semana": [ "dom" ], "Hit_Rate": 66.67, "Status": "Validado (Rua sem rota)", "Bloco": "Domingo" }, "geometry": { "type": "MultiLineString", "coordinates": [ [ [ 675925.021498242625967, 7481572.387888665311038 ], [ 675925.131364525994286, 7481618.257688535377383 ], [ 675924.773412212147377, 7481624.943476906977594 ] ] ] } },
{ "type": "Feature", "properties": { "id": "Gramacho.41", "id_trecho": 2166, "Name": "Rodovia Washington Luiz - Auxiliar", "description": "Atribuído à rota do vizinho mais próximo", "Extensao_m": 396.72074558690247, "Bairro_logradouros": "Gramacho", "Bairro_rotas": "Gramacho", "Distrito": "1º", "Lote": "I", "Name_2": "Ponto 373", "description_2": "Velocidade: 55km/h<br>01/07/2026 10:14:30", "layer": "TTA2J20", "path": "C:/KMLs/Estevao/01-07-2026/Coleta/Trajeto_TTA2J20.kml|layername=Trajeto|geometrytype=Point|uniqueGeometryType=yes", "Velocidade": 55.0, "Data": "2026-07-01", "hora": "10:14:30", "Rota": "ROTA 250 (TARDE) - Gramacho - Domingo", "Turno": "Tarde", "Dias_da_semana": [ "dom" ], "Hit_Rate": 100.0, "Status": "Validado (Rua sem rota)", "Bloco": "Domingo" }, "geometry": { "type": "MultiLineString", "coordinates": [ [ [ 675924.50579685671255, 7481629.941955821588635 ], [ 675922.673925785114989, 7481664.157202199101448 ], [ 675921.38733748649247, 7481685.213867725804448 ], [ 675918.474135664175265, 7481732.558350685052574 ], [ 675916.34043992869556, 7481774.489394571632147 ], [ 675912.221494040684775, 7481858.759515209123492 ], [ 675905.891292199725285, 7482026.2034044675529 ] ] ] } },
{ "type": "Feature", "properties": { "id": "Gramacho.41", "id_trecho": 2168, "Name": "Rodovia Washington Luiz - Auxiliar", "description": "Atribuído à rota do vizinho mais próximo", "Extensao_m": 228.39391298963272, "Bairro_logradouros": "Gramacho", "Bairro_rotas": "Gramacho", "Distrito": "1º", "Lote": "I", "Name_2": "Ponto 68", "description_2": "Velocidade: 41km/h<br>01/07/2026 08:40:00", "layer": "KXG4E62", "path": "C:/KMLs/Estevao/01-07-2026/Coleta/Trajeto_KXG4E62.kml|layername=Trajeto|geometrytype=Point|uniqueGeometryType=yes", "Velocidade": 41.0, "Data": "2026-07-01", "hora": "08:40:00", "Rota": "ROTA 250 (TARDE) - Gramacho - Domingo", "Turno": "Tarde", "Dias_da_semana": [ "dom" ], "Hit_Rate": 83.33, "Status": "Validado (Rua sem rota)", "Bloco": "Domingo" }, "geometry": { "type": "MultiLineString", "coordinates": [ [ [ 675904.164288006257266, 7482072.227326294407248 ], [ 675903.198944561416283, 7482114.84252576623112 ], [ 675901.388220364460722, 7482148.308801740407944 ], [ 675897.741961317835376, 7482214.876172156073153 ], [ 675894.652252002502792, 7482281.614288531243801 ], [ 675894.181212738272734, 7482300.380124351009727 ] ] ] } },
{ "type": "Feature", "properties": { "id": "Gramacho.41", "id_trecho": 2170, "Name": "Rodovia Washington Luiz - Auxiliar", "description": "nenhuma rota próxima", "Extensao_m": 330.53518579731752, "Bairro_logradouros": "Gramacho", "Bairro_rotas": null, "Distrito": "1º", "Lote": "I", "Name_2": "Ponto 1105", "description_2": "Velocidade: 16km/h<br>01/07/2026 22:21:38", "layer": "TTF6F97", "path": "C:/KMLs/Estevao/01-07-2026/Coleta/Trajeto_TTF6F97.kml|layername=Trajeto|geometrytype=Point|uniqueGeometryType=yes", "Velocidade": 16.0, "Data": "2026-07-01", "hora": "22:21:38", "Rota": null, "Turno": "Tarde", "Dias_da_semana": [ "dom" ], "Hit_Rate": 100.0, "Status": "Validado (Rua sem rota)", "Bloco": "Domingo" }, "geometry": { "type": "MultiLineString", "coordinates": [ [ [ 675893.808081030962057, 7482315.180117359384894 ], [ 675888.858011469477788, 7482411.110257601365447 ], [ 675885.209963930537924, 7482489.084458920173347 ], [ 675878.20479126565624, 7482645.339552375487983 ] ] ] } },
{ "type": "Feature", "properties": { "id": "Gramacho.16", "id_trecho": 2558, "Name": "Rua Joaquim José Soares", "description": "Atribuído à rota do vizinho mais próximo", "Extensao_m": 557.45983921874745, "Bairro_logradouros": "Gramacho", "Bairro_rotas": "Gramacho", "Distrito": "1º", "Lote": "I", "Name_2": "Ponto 108", "description_2": "Velocidade: 8km/h<br>01/07/2026 06:53:22", "layer": "TTH9F46", "path": "C:/KMLs/Estevao/01-07-2026/Coleta/Trajeto_TTH9F46.kml|layername=Trajeto|geometrytype=Point|uniqueGeometryType=yes", "Velocidade": 8.0, "Data": "2026-07-01", "hora": "06:53:22", "Rota": "ROTA 510 (TARDE) - Gramacho - Domingo", "Turno": "Tarde", "Dias_da_semana": [ "dom" ], "Hit_Rate": 66.67, "Status": "Validado (Rua sem rota)", "Bloco": "Domingo" }, "geometry": { "type": "MultiLineString", "coordinates": [ [ [ 674045.771611798903905, 7482201.406233567744493 ], [ 674044.592893889406696, 7482212.383488535881042 ], [ 674042.875214813393541, 7482224.729077480733395 ], [ 674038.646945219836198, 7482246.549959667026997 ], [ 673979.720286523923278, 7482520.04472763184458 ], [ 673927.035738283768296, 7482745.92482976987958 ] ] ] } },
{ "type": "Feature", "properties": { "id": "Gramacho.166", "id_trecho": 2678, "Name": "Rua Ponta Grossa", "description": "nenhuma rota próxima", "Extensao_m": 244.82585686028276, "Bairro_logradouros": "Gramacho", "Bairro_rotas": null, "Distrito": "1º", "Lote": "I", "Name_2": "Ponto 430", "description_2": "Velocidade: 0km/h<br>01/07/2026 10:45:24", "layer": "KRX5186", "path": "C:/KMLs/Estevao/01-07-2026/Coleta/Trajeto_KRX5186.kml|layername=Trajeto|geometrytype=Point|uniqueGeometryType=yes", "Velocidade": 0.0, "Data": "2026-07-01", "hora": "10:45:24", "Rota": null, "Turno": "Tarde", "Dias_da_semana": [ "dom" ], "Hit_Rate": 100.0, "Status": "Validado (Rua sem rota)", "Bloco": "Domingo" }, "geometry": { "type": "MultiLineString", "coordinates": [ [ [ 675958.228672360884957, 7482895.729735624045134 ], [ 675970.313011501100846, 7482651.206574861891568 ] ] ] } },
{ "type": "Feature", "properties": { "id": "Gramacho.225", "id_trecho": 2851, "Name": "Viaduto do Gramacho", "description": "nenhuma rota próxima", "Extensao_m": 143.29931614900664, "Bairro_logradouros": "Gramacho", "Bairro_rotas": null, "Distrito": "1º", "Lote": "I", "Name_2": "Ponto 940", "description_2": "Velocidade: 20km/h<br>01/07/2026 15:48:24", "layer": "TTA2J20", "path": "C:/KMLs/Estevao/01-07-2026/Coleta/Trajeto_TTA2J20.kml|layername=Trajeto|geometrytype=Point|uniqueGeometryType=yes", "Velocidade": 20.0, "Data": "2026-07-01", "hora": "15:48:24", "Rota": null, "Turno": "Tarde", "Dias_da_semana": [ "dom" ], "Hit_Rate": 66.67, "Status": "Validado (Rua sem rota)", "Bloco": "Domingo" }, "geometry": { "type": "MultiLineString", "coordinates": [ [ [ 673994.053097500698641, 7483050.963833222165704 ], [ 673983.067861226852983, 7483059.500408899970353 ], [ 673976.720545697025955, 7483064.922000901773572 ], [ 673972.475533310091123, 7483070.950786775909364 ], [ 673961.693789980257861, 7483090.986051655374467 ], [ 673932.325387654360384, 7483145.553720803931355 ], [ 673920.767496295971796, 7483170.481671323999763 ], [ 673920.460499038570561, 7483171.913650138303638 ] ] ] } },
{ "type": "Feature", "properties": { "id": "Gramacho.225", "id_trecho": 2853, "Name": "Viaduto do Gramacho", "description": "nenhuma rota próxima", "Extensao_m": 210.41243446528881, "Bairro_logradouros": "Gramacho", "Bairro_rotas": null, "Distrito": "1º", "Lote": "I", "Name_2": "Ponto 14", "description_2": "Velocidade: 38km/h<br>01/07/2026 06:08:18", "layer": "TTA2J20", "path": "C:/KMLs/Estevao/01-07-2026/Coleta/Trajeto_TTA2J20.kml|layername=Trajeto|geometrytype=Point|uniqueGeometryType=yes", "Velocidade": 38.0, "Data": "2026-07-01", "hora": "06:08:18", "Rota": null, "Turno": "Tarde", "Dias_da_semana": [ "dom" ], "Hit_Rate": 83.33, "Status": "Validado (Rua sem rota)", "Bloco": "Domingo" }, "geometry": { "type": "MultiLineString", "coordinates": [ [ [ 673918.435268772067502, 7483184.273165721446276 ], [ 673917.959266992751509, 7483190.780093085020781 ], [ 673918.279783176258206, 7483199.946101721376181 ], [ 673919.480884846998379, 7483207.97244309540838 ], [ 673923.846206810208969, 7483224.135570389218628 ], [ 673928.653879069839604, 7483234.069777499884367 ], [ 673935.148660962586291, 7483243.331294925883412 ], [ 673941.494488739641383, 7483251.243426326662302 ], [ 673951.579259466379881, 7483261.859265855513513 ], [ 673959.928811275167391, 7483268.940036278218031 ], [ 674009.51211388327647, 7483301.496637979522347 ], [ 674053.927212531561963, 7483329.405577586963773 ] ] ] } },
{ "type": "Feature", "properties": { "id": "Gramacho.225", "id_trecho": 2857, "Name": "Viaduto do Gramacho", "description": "nenhuma rota próxima", "Extensao_m": 145.67329717471034, "Bairro_logradouros": "Gramacho", "Bairro_rotas": null, "Distrito": "1º", "Lote": "I", "Name_2": "Ponto 442", "description_2": "Velocidade: 21km/h<br>01/07/2026 10:47:30", "layer": "TTA2J20", "path": "C:/KMLs/Estevao/01-07-2026/Coleta/Trajeto_TTA2J20.kml|layername=Trajeto|geometrytype=Point|uniqueGeometryType=yes", "Velocidade": 21.0, "Data": "2026-07-01", "hora": "10:47:30", "Rota": null, "Turno": "Tarde", "Dias_da_semana": [ "dom" ], "Hit_Rate": 66.67, "Status": "Validado (Rua sem rota)", "Bloco": "Domingo" }, "geometry": { "type": "MultiLineString", "coordinates": [ [ [ 673915.165122664882801, 7483171.707860480993986 ], [ 673915.260175490402617, 7483171.220193112269044 ], [ 673932.885073765995912, 7483134.317790335044265 ], [ 673945.28416019922588, 7483110.199716919101775 ], [ 673955.474974411772564, 7483089.683948500081897 ], [ 673964.085714306915179, 7483067.525071615353227 ], [ 673964.532114820322022, 7483058.959384807385504 ], [ 673965.432193438289687, 7483037.076971326954663 ] ] ] } },
{ "type": "Feature", "properties": { "id": "Gramacho.225", "id_trecho": 2858, "Name": "Viaduto do Gramacho", "description": "nenhuma rota próxima", "Extensao_m": 55.207172040417092, "Bairro_logradouros": "Gramacho", "Bairro_rotas": null, "Distrito": "1º", "Lote": "I", "Name_2": "Ponto 443", "description_2": "Velocidade: 15km/h<br>01/07/2026 10:47:49", "layer": "TTA2J20", "path": "C:/KMLs/Estevao/01-07-2026/Coleta/Trajeto_TTA2J20.kml|layername=Trajeto|geometrytype=Point|uniqueGeometryType=yes", "Velocidade": 15.0, "Data": "2026-07-01", "hora": "10:47:49", "Rota": null, "Turno": "Tarde", "Dias_da_semana": [ "dom" ], "Hit_Rate": 83.33, "Status": "Validado (Rua sem rota)", "Bloco": "Domingo" }, "geometry": { "type": "MultiLineString", "coordinates": [ [ [ 673965.432193438289687, 7483037.076971326954663 ], [ 673975.39699782198295, 7483027.339246850460768 ], [ 673979.012429818394594, 7483026.434076128527522 ], [ 673983.470888771349564, 7483025.59678141772747 ], [ 673987.880648970720358, 7483025.889640633948147 ], [ 673991.303213362465613, 7483026.980081932619214 ], [ 673994.055677302181721, 7483029.650767003186047 ], [ 673995.611745014088228, 7483032.789194004610181 ], [ 673996.399090722086839, 7483035.172276064753532 ], [ 673996.88656275102403, 7483039.175664814189076 ], [ 673994.528488316573203, 7483050.039819980040193 ] ] ] } },
{ "type": "Feature", "properties": { "id": "Gramacho.202", "id_trecho": 2860, "Name": "Viaduto Vila São Luiz", "description": "nenhuma rota próxima", "Extensao_m": 234.56265257797639, "Bairro_logradouros": "Gramacho", "Bairro_rotas": null, "Distrito": "1º", "Lote": "I", "Name_2": "Ponto 576", "description_2": "Velocidade: 32km/h<br>01/07/2026 12:22:09", "layer": "KRX5186", "path": "C:/KMLs/Estevao/01-07-2026/Coleta/Trajeto_KRX5186.kml|layername=Trajeto|geometrytype=Point|uniqueGeometryType=yes", "Velocidade": 32.0, "Data": "2026-07-01", "hora": "12:22:09", "Rota": null, "Turno": "Tarde", "Dias_da_semana": [ "dom" ], "Hit_Rate": 100.0, "Status": "Validado (Rua sem rota)", "Bloco": "Domingo" }, "geometry": { "type": "MultiLineString", "coordinates": [ [ [ 675930.820514571852982, 7481450.511012198403478 ], [ 675939.084082976682112, 7481478.54488586075604 ], [ 675945.681907982449047, 7481489.554198759607971 ], [ 675953.492299738922156, 7481497.958009259775281 ], [ 675969.935287938220426, 7481513.925503289327025 ], [ 675980.82265338068828, 7481526.40235922113061 ], [ 675986.886640715412796, 7481539.200853351503611 ], [ 675990.067467636195943, 7481551.357180343940854 ], [ 675991.743462056154385, 7481565.712633448652923 ], [ 675989.681521532940678, 7481578.339431089349091 ], [ 675982.632848816225305, 7481594.036267986521125 ], [ 675973.951172627857886, 7481605.30001007206738 ], [ 675963.926443860633299, 7481614.109655192121863 ], [ 675952.235693484777585, 7481620.956223256886005 ], [ 675938.733603544067591, 7481626.594466971233487 ], [ 675924.50579685671255, 7481629.941955821588635 ] ] ] } },
{ "type": "Feature", "properties": { "id": "Gramacho.202", "id_trecho": 2865, "Name": "Viaduto Vila São Luiz", "description": "nenhuma rota próxima", "Extensao_m": 193.21949160063801, "Bairro_logradouros": "Gramacho", "Bairro_rotas": null, "Distrito": "1º", "Lote": "I", "Name_2": "Ponto 577", "description_2": "Velocidade: 30km/h<br>01/07/2026 12:22:16", "layer": "KRX5186", "path": "C:/KMLs/Estevao/01-07-2026/Coleta/Trajeto_KRX5186.kml|layername=Trajeto|geometrytype=Point|uniqueGeometryType=yes", "Velocidade": 30.0, "Data": "2026-07-01", "hora": "12:22:16", "Rota": null, "Turno": "Tarde", "Dias_da_semana": [ "dom" ], "Hit_Rate": 83.33, "Status": "Validado (Rua sem rota)", "Bloco": "Domingo" }, "geometry": { "type": "MultiLineString", "coordinates": [ [ [ 675924.773412212147377, 7481624.943476906977594 ], [ 675949.806576227536425, 7481617.839152772910893 ], [ 675960.647307236446068, 7481610.315801138989627 ], [ 675967.606398004805669, 7481604.620397271588445 ], [ 675977.389964037924074, 7481592.723721832036972 ], [ 675982.426989718340337, 7481581.579701598733664 ], [ 675986.115326008526608, 7481567.494371847249568 ], [ 675985.864505250705406, 7481557.363996358588338 ], [ 675983.559072549920529, 7481548.962903993204236 ], [ 675976.992096960311756, 7481540.622231009416282 ], [ 675969.08790634048637, 7481536.538619007915258 ], [ 675958.46802762162406, 7481534.745668014511466 ], [ 675947.48249952821061, 7481537.74117923155427 ], [ 675939.01796616113279, 7481544.694361431524158 ], [ 675932.096837141085416, 7481553.667401971295476 ], [ 675925.021498242625967, 7481572.387888665311038 ] ] ] } },
{ "type": "Feature", "properties": { "id": "Parque_Duque.174", "id_trecho": 3959, "Name": "Rodovia Washington Luiz - Auxiliar", "description": "nenhuma rota próxima", "Extensao_m": 88.106525095648152, "Bairro_logradouros": "Parque Duque", "Bairro_rotas": null, "Distrito": "1º", "Lote": "I", "Name_2": "Ponto 601", "description_2": "Velocidade: 0km/h<br>01/07/2026 13:36:24", "layer": "TTH9F28", "path": "C:/KMLs/Estevao/01-07-2026/Coleta/Trajeto_TTH9F28.kml|layername=Trajeto|geometrytype=Point|uniqueGeometryType=yes", "Velocidade": 0.0, "Data": "2026-07-01", "hora": "13:36:24", "Rota": null, "Turno": "Tarde", "Dias_da_semana": [ "dom" ], "Hit_Rate": 66.67, "Status": "Validado (Rua sem rota)", "Bloco": "Domingo" }, "geometry": { "type": "MultiLineString", "coordinates": [ [ [ 675975.916024680715054, 7479339.639181468635798 ], [ 675979.105783531675115, 7479251.591949654743075 ] ] ] } },
{ "type": "Feature", "properties": { "id": "Parque_Duque.174", "id_trecho": 3982, "Name": "Rodovia Washington Luiz - Auxiliar", "description": "nenhuma rota próxima", "Extensao_m": 489.98422779177571, "Bairro_logradouros": "Parque Duque", "Bairro_rotas": null, "Distrito": "1º", "Lote": "I", "Name_2": "Ponto 325", "description_2": "Velocidade: 0km/h<br>01/07/2026 09:36:24", "layer": "KRX5186", "path": "C:/KMLs/Estevao/01-07-2026/Coleta/Trajeto_KRX5186.kml|layername=Trajeto|geometrytype=Point|uniqueGeometryType=yes", "Velocidade": 0.0, "Data": "2026-07-01", "hora": "09:36:24", "Rota": null, "Turno": "Tarde", "Dias_da_semana": [ "dom" ], "Hit_Rate": 83.33, "Status": "Validado (Rua sem rota)", "Bloco": "Domingo" }, "geometry": { "type": "MultiLineString", "coordinates": [ [ [ 675543.540340861538425, 7477741.490865588188171 ], [ 675559.439834419870749, 7477781.840116934850812 ], [ 675577.223613482783549, 7477819.974771508947015 ], [ 675607.76637672772631, 7477883.477743514813483 ], [ 675623.371896826894954, 7477915.258568654768169 ], [ 675637.062652061111294, 7477944.835540289059281 ], [ 675651.304395514423959, 7477974.107108980417252 ], [ 675681.194552328204736, 7478034.4058747459203 ], [ 675717.278867974877357, 7478106.427377404645085 ], [ 675754.664393435930833, 7478183.494861725717783 ] ] ] } },
{ "type": "Feature", "properties": { "id": "Parque_Duque.157", "id_trecho": 4040, "Name": "Rua Almeida Braga", "description": "nenhuma rota próxima", "Extensao_m": 67.149648816604866, "Bairro_logradouros": "Parque Duque", "Bairro_rotas": null, "Distrito": "1º", "Lote": "I", "Name_2": "Ponto 319", "description_2": "Velocidade: 24km/h<br>01/07/2026 09:34:37", "layer": "KRX5186", "path": "C:/KMLs/Estevao/01-07-2026/Coleta/Trajeto_KRX5186.kml|layername=Trajeto|geometrytype=Point|uniqueGeometryType=yes", "Velocidade": 24.0, "Data": "2026-07-01", "hora": "09:34:37", "Rota": null, "Turno": "Tarde", "Dias_da_semana": [ "dom" ], "Hit_Rate": 66.67, "Status": "Validado (Rua sem rota)", "Bloco": "Domingo" }, "geometry": { "type": "MultiLineString", "coordinates": [ [ [ 675248.660829949658364, 7477441.459821373224258 ], [ 675252.684740497614257, 7477437.69826840236783 ], [ 675267.104392074630596, 7477430.034153066575527 ], [ 675289.816658256109804, 7477424.721700824797153 ], [ 675311.680689578177407, 7477422.420243058353662 ] ] ] } },
{ "type": "Feature", "properties": { "id": "Parque_Duque.157", "id_trecho": 4041, "Name": "Rua Almeida Braga", "description": "nenhuma rota próxima", "Extensao_m": 68.342902801405543, "Bairro_logradouros": "Parque Duque", "Bairro_rotas": null, "Distrito": "1º", "Lote": "I", "Name_2": "Ponto 200", "description_2": "Velocidade: 25km/h<br>01/07/2026 07:57:13", "layer": "TTG4B66", "path": "C:/KMLs/Estevao/01-07-2026/Coleta/Trajeto_TTG4B66.kml|layername=Trajeto|geometrytype=Point|uniqueGeometryType=yes", "Velocidade": 25.0, "Data": "2026-07-01", "hora": "07:57:13", "Rota": null, "Turno": "Tarde", "Dias_da_semana": [ "dom" ], "Hit_Rate": 66.67, "Status": "Validado (Rua sem rota)", "Bloco": "Domingo" }, "geometry": { "type": "MultiLineString", "coordinates": [ [ [ 675385.673059562919661, 7477454.711398073472083 ], [ 675365.696788132889196, 7477445.340614506043494 ], [ 675355.324017384788021, 7477444.242306082509458 ], [ 675348.987383323139511, 7477445.002177542075515 ], [ 675338.088791968417354, 7477449.934539617039263 ], [ 675325.642825739923865, 7477462.238337071612477 ] ] ] } },
{ "type": "Feature", "properties": { "id": "Parque_Duque.157", "id_trecho": 4042, "Name": "Rua Almeida Braga", "description": "nenhuma rota próxima", "Extensao_m": 51.258378958492777, "Bairro_logradouros": "Parque Duque", "Bairro_rotas": null, "Distrito": "1º", "Lote": "I", "Name_2": "Ponto 320", "description_2": "Velocidade: 17km/h<br>01/07/2026 09:34:47", "layer": "KRX5186", "path": "C:/KMLs/Estevao/01-07-2026/Coleta/Trajeto_KRX5186.kml|layername=Trajeto|geometrytype=Point|uniqueGeometryType=yes", "Velocidade": 17.0, "Data": "2026-07-01", "hora": "09:34:47", "Rota": null, "Turno": "Tarde", "Dias_da_semana": [ "dom" ], "Hit_Rate": 83.33, "Status": "Validado (Rua sem rota)", "Bloco": "Domingo" }, "geometry": { "type": "MultiLineString", "coordinates": [ [ [ 675325.642825739923865, 7477462.238337071612477 ], [ 675329.864536028006114, 7477451.724011745303869 ], [ 675331.482996927225031, 7477444.285297797992826 ], [ 675330.552444981178269, 7477437.507298122160137 ], [ 675327.562465841765516, 7477431.107488276436925 ], [ 675323.170814699726179, 7477426.916655832901597 ], [ 675311.680689578177407, 7477422.420243058353662 ] ] ] } },
{ "type": "Feature", "properties": { "id": "Parque_Duque.157", "id_trecho": 4046, "Name": "Rua Almeida Braga", "description": "nenhuma rota próxima", "Extensao_m": 42.944451805314444, "Bairro_logradouros": "Parque Duque", "Bairro_rotas": null, "Distrito": "1º", "Lote": "I", "Name_2": "Ponto 199", "description_2": "Velocidade: 19km/h<br>01/07/2026 07:57:02", "layer": "TTG4B66", "path": "C:/KMLs/Estevao/01-07-2026/Coleta/Trajeto_TTG4B66.kml|layername=Trajeto|geometrytype=Point|uniqueGeometryType=yes", "Velocidade": 19.0, "Data": "2026-07-01", "hora": "07:57:02", "Rota": null, "Turno": "Tarde", "Dias_da_semana": [ "dom" ], "Hit_Rate": 66.67, "Status": "Validado (Rua sem rota)", "Bloco": "Domingo" }, "geometry": { "type": "MultiLineString", "coordinates": [ [ [ 675450.455459116376005, 7477508.294530233368278 ], [ 675444.544444734230638, 7477494.364537237212062 ], [ 675436.412986567011103, 7477484.646436255425215 ], [ 675423.971454892074689, 7477476.019187727943063 ] ] ] } },
{ "type": "Feature", "properties": { "id": "Parque_Duque.173", "id_trecho": 4664, "Name": "Viaduto Acesso Duque de Caxias-Washington Luiz", "description": "nenhuma rota próxima", "Extensao_m": 52.210496002397022, "Bairro_logradouros": "Parque Duque", "Bairro_rotas": null, "Distrito": "1º", "Lote": "I", "Name_2": "Ponto 321", "description_2": "Velocidade: 29km/h<br>01/07/2026 09:35:14", "layer": "KRX5186", "path": "C:/KMLs/Estevao/01-07-2026/Coleta/Trajeto_KRX5186.kml|layername=Trajeto|geometrytype=Point|uniqueGeometryType=yes", "Velocidade": 29.0, "Data": "2026-07-01", "hora": "09:35:14", "Rota": null, "Turno": "Tarde", "Dias_da_semana": [ "dom" ], "Hit_Rate": 100.0, "Status": "Validado (Rua sem rota)", "Bloco": "Domingo" }, "geometry": { "type": "MultiLineString", "coordinates": [ [ [ 675276.722833430976607, 7477542.696049647405744 ], [ 675278.644404228543863, 7477554.379739101976156 ], [ 675280.302056440268643, 7477560.994294384494424 ], [ 675282.718781853443943, 7477567.544706381857395 ], [ 675286.857701974688098, 7477573.853727575391531 ], [ 675291.667201091302559, 7477578.659924060106277 ], [ 675296.936290502082556, 7477582.364419933408499 ], [ 675301.858786970027722, 7477585.397366119548678 ] ] ] } },
{ "type": "Feature", "properties": { "id": "Parque_Duque.173", "id_trecho": 4669, "Name": "Viaduto Acesso Duque de Caxias-Washington Luiz", "description": "nenhuma rota próxima", "Extensao_m": 113.73620305930335, "Bairro_logradouros": "Parque Duque", "Bairro_rotas": null, "Distrito": "1º", "Lote": "I", "Name_2": "Ponto 1146", "description_2": "Velocidade: 34km/h<br>01/07/2026 22:44:39", "layer": "TTG4B66", "path": "C:/KMLs/Estevao/01-07-2026/Coleta/Trajeto_TTG4B66.kml|layername=Trajeto|geometrytype=Point|uniqueGeometryType=yes", "Velocidade": 34.0, "Data": "2026-07-01", "hora": "22:44:39", "Rota": null, "Turno": "Tarde", "Dias_da_semana": [ "dom" ], "Hit_Rate": 83.33, "Status": "Validado (Rua sem rota)", "Bloco": "Domingo" }, "geometry": { "type": "MultiLineString", "coordinates": [ [ [ 675502.33190138253849, 7477582.61677280254662 ], [ 675524.634217946324497, 7477582.367557220160961 ], [ 675535.521832465310581, 7477583.581622432917356 ], [ 675544.512182948645204, 7477586.766771273687482 ], [ 675554.919365624082275, 7477593.490483331494033 ], [ 675563.278114469489083, 7477602.430674227885902 ], [ 675569.452545920968987, 7477612.492529267445207 ], [ 675572.329013293259777, 7477623.268101658672094 ], [ 675573.02448550297413, 7477635.453244496136904 ], [ 675571.087663758080453, 7477646.428487852215767 ] ] ] } },
{ "type": "Feature", "properties": { "id": "Parque_Duque.173", "id_trecho": 4671, "Name": "Viaduto Acesso Duque de Caxias-Washington Luiz", "description": "nenhuma rota próxima", "Extensao_m": 101.93188424870304, "Bairro_logradouros": "Parque Duque", "Bairro_rotas": null, "Distrito": "1º", "Lote": "I", "Name_2": "Ponto 324", "description_2": "Velocidade: 37km/h<br>01/07/2026 09:35:57", "layer": "KRX5186", "path": "C:/KMLs/Estevao/01-07-2026/Coleta/Trajeto_KRX5186.kml|layername=Trajeto|geometrytype=Point|uniqueGeometryType=yes", "Velocidade": 37.0, "Data": "2026-07-01", "hora": "09:35:57", "Rota": null, "Turno": "Tarde", "Dias_da_semana": [ "dom" ], "Hit_Rate": 66.67, "Status": "Validado (Rua sem rota)", "Bloco": "Domingo" }, "geometry": { "type": "MultiLineString", "coordinates": [ [ [ 675571.087663758080453, 7477646.428487852215767 ], [ 675569.129439389333129, 7477655.554511597380042 ], [ 675565.704678349895403, 7477663.058456959202886 ], [ 675561.313969858572818, 7477670.496056063100696 ], [ 675549.623458767659031, 7477689.52467889059335 ], [ 675544.587031135568395, 7477700.613302459940314 ], [ 675542.896495603374206, 7477708.916699282824993 ], [ 675541.754821887356229, 7477717.623507432639599 ], [ 675542.058287742547691, 7477726.103177016600966 ], [ 675543.540340861538425, 7477741.490865588188171 ] ] ] } },
{ "type": "Feature", "properties": { "id": "Parque_Duque.141", "id_trecho": 4672, "Name": "Viaduto Irineu Marinho", "description": "nenhuma rota próxima", "Extensao_m": 210.4703699559727, "Bairro_logradouros": "Parque Duque", "Bairro_rotas": null, "Distrito": "1º", "Lote": "I", "Name_2": "Ponto 461", "description_2": "Velocidade: 29km/h<br>01/07/2026 10:36:34", "layer": "TTG4B66", "path": "C:/KMLs/Estevao/01-07-2026/Coleta/Trajeto_TTG4B66.kml|layername=Trajeto|geometrytype=Point|uniqueGeometryType=yes", "Velocidade": 29.0, "Data": "2026-07-01", "hora": "10:36:34", "Rota": null, "Turno": "Tarde", "Dias_da_semana": [ "dom" ], "Hit_Rate": 100.0, "Status": "Validado (Rua sem rota)", "Bloco": "Domingo" }, "geometry": { "type": "MultiLineString", "coordinates": [ [ [ 675975.916024680715054, 7479339.639181468635798 ], [ 675972.78005290729925, 7479321.579547139815986 ], [ 675964.764286333695054, 7479308.659733098931611 ], [ 675952.266227590152994, 7479293.532632183283567 ], [ 675939.711461657658219, 7479279.712988508865237 ], [ 675933.605757375014946, 7479269.451092364266515 ], [ 675930.487909260904416, 7479261.812488495372236 ], [ 675929.215145123656839, 7479253.00074068736285 ], [ 675929.584292398532853, 7479243.206472482532263 ], [ 675931.803136228583753, 7479232.637694055214524 ], [ 675934.542531528626569, 7479225.340979371219873 ], [ 675940.196238814853132, 7479214.322633031755686 ], [ 675953.901726580457762, 7479196.300387516617775 ], [ 675983.312487832969055, 7479160.769044442102313 ] ] ] } },
{ "type": "Feature", "properties": { "id": "Parque_Duque.141", "id_trecho": 4677, "Name": "Viaduto Irineu Marinho", "description": "nenhuma rota próxima", "Extensao_m": 176.68114155537654, "Bairro_logradouros": "Parque Duque", "Bairro_rotas": null, "Distrito": "1º", "Lote": "I", "Name_2": "Ponto 675", "description_2": "Velocidade: 20km/h<br>01/07/2026 17:55:50", "layer": "TTH9F28", "path": "C:/KMLs/Estevao/01-07-2026/Coleta/Trajeto_TTH9F28.kml|layername=Trajeto|geometrytype=Point|uniqueGeometryType=yes", "Velocidade": 20.0, "Data": "2026-07-01", "hora": "17:55:50", "Rota": null, "Turno": "Tarde", "Dias_da_semana": [ "dom" ], "Hit_Rate": 66.67, "Status": "Validado (Rua sem rota)", "Bloco": "Domingo" }, "geometry": { "type": "MultiLineString", "coordinates": [ [ [ 675983.053750633727759, 7479168.811560792848468 ], [ 675956.07946037047077, 7479200.793606717139482 ], [ 675945.247982716071419, 7479216.047109103761613 ], [ 675939.842242503305897, 7479225.423535656183958 ], [ 675936.647094065556303, 7479235.040134821087122 ], [ 675935.12567347206641, 7479246.420356586575508 ], [ 675936.504574021673761, 7479258.187805932946503 ], [ 675939.630252051283605, 7479266.501871719025075 ], [ 675944.106378540629521, 7479272.607506733387709 ], [ 675950.215053958119825, 7479276.922277333214879 ], [ 675958.505849628476426, 7479279.018975610844791 ], [ 675967.447998596937396, 7479277.951844650320709 ], [ 675971.551815508399159, 7479275.855470485985279 ], [ 675974.804066009935923, 7479271.166421877220273 ], [ 675979.105783531675115, 7479251.591949654743075 ] ] ] } },
{ "type": "Feature", "properties": { "id": "Parque_Sarapui.2", "id_trecho": 5338, "Name": "Rodovia Washington Luiz - Auxiliar", "description": "nenhuma rota próxima", "Extensao_m": 1470.7055769623903, "Bairro_logradouros": "Parque Sarapui", "Bairro_rotas": null, "Distrito": "1º", "Lote": "I", "Name_2": "Ponto 329", "description_2": "Velocidade: 48km/h<br>01/07/2026 09:40:24", "layer": "KRX5186", "path": "C:/KMLs/Estevao/01-07-2026/Coleta/Trajeto_KRX5186.kml|layername=Trajeto|geometrytype=Point|uniqueGeometryType=yes", "Velocidade": 48.0, "Data": "2026-07-01", "hora": "09:40:24", "Rota": null, "Turno": "Tarde", "Dias_da_semana": [ "dom" ], "Hit_Rate": 100.0, "Status": "Validado (Rua sem rota)", "Bloco": "Domingo" }, "geometry": { "type": "MultiLineString", "coordinates": [ [ [ 676033.353509584441781, 7479109.173548523336649 ], [ 676032.791573454393074, 7479128.472813684493303 ], [ 676027.666322273900732, 7479306.402290835976601 ], [ 676025.661049299873412, 7479346.017429174855351 ], [ 676023.245570959406905, 7479388.33953557908535 ], [ 676023.241854453808628, 7479390.676330558955669 ], [ 676022.524324555182829, 7479412.933627417311072 ], [ 676017.480977647588588, 7479490.780451763421297 ], [ 676015.948555990471505, 7479518.927830784581602 ], [ 676010.525576735148206, 7479649.970580812543631 ], [ 676010.309053963981569, 7479655.21139963157475 ], [ 676007.225208741147071, 7479727.597823230549693 ], [ 676004.356416247552261, 7479799.937446711584926 ], [ 676001.036290236748755, 7479871.440618777647614 ], [ 675999.361101794755086, 7479916.522765300236642 ], [ 675997.345121817663312, 7479961.442738015204668 ], [ 675994.75904586201068, 7480027.178568853065372 ], [ 675992.537280938122422, 7480066.751864904537797 ], [ 675991.574326117755845, 7480083.795823642984033 ], [ 675988.616119906771928, 7480136.921935386955738 ], [ 675982.757223206455819, 7480243.716133249923587 ], [ 675981.851925461785868, 7480271.944804089143872 ], [ 675980.507773667573929, 7480301.297096596099436 ], [ 675980.005352061707526, 7480309.343105353415012 ], [ 675979.607242757687345, 7480323.733673505485058 ], [ 675976.156668553943746, 7480410.609885817393661 ], [ 675974.608150628511794, 7480455.125716486945748 ], [ 675972.696626784396358, 7480499.335659207776189 ], [ 675969.463382042711601, 7480578.390636097639799 ] ] ] } },
{ "type": "Feature", "properties": { "id": "Parque_Sarapui.2", "id_trecho": 5340, "Name": "Rodovia Washington Luiz - Auxiliar", "description": "nenhuma rota próxima", "Extensao_m": 373.76870133643439, "Bairro_logradouros": "Parque Sarapui", "Bairro_rotas": null, "Distrito": "1º", "Lote": "I", "Name_2": "Ponto 331", "description_2": "Velocidade: 22km/h<br>01/07/2026 09:42:24", "layer": "KRX5186", "path": "C:/KMLs/Estevao/01-07-2026/Coleta/Trajeto_KRX5186.kml|layername=Trajeto|geometrytype=Point|uniqueGeometryType=yes", "Velocidade": 22.0, "Data": "2026-07-01", "hora": "09:42:24", "Rota": null, "Turno": "Tarde", "Dias_da_semana": [ "dom" ], "Hit_Rate": 83.33, "Status": "Validado (Rua sem rota)", "Bloco": "Domingo" }, "geometry": { "type": "MultiLineString", "coordinates": [ [ [ 675964.47204758937005, 7480719.351015511900187 ], [ 675963.249728344846517, 7480770.762541236355901 ], [ 675961.677944806637242, 7480801.756490320898592 ], [ 675959.934348796028644, 7480825.897230871021748 ], [ 675957.154896700754762, 7480874.104063834995031 ], [ 675954.35749023151584, 7480918.102740885689855 ], [ 675952.515194008126855, 7480960.329487405717373 ], [ 675946.735240650712512, 7481092.660698138177395 ] ] ] } },
{ "type": "Feature", "properties": { "id": "Parque_Sarapui.2", "id_trecho": 5341, "Name": "Rodovia Washington Luiz - Auxiliar", "description": "Atribuído à rota do vizinho mais próximo", "Extensao_m": 160.80822376050895, "Bairro_logradouros": "Parque Sarapui", "Bairro_rotas": "Vila São Luis", "Distrito": "1º", "Lote": "I", "Name_2": "Ponto 660", "description_2": "Velocidade: 49km/h<br>01/07/2026 11:29:52", "layer": "TTW7E72", "path": "C:/KMLs/Estevao/01-07-2026/Coleta/Trajeto_TTW7E72.kml|layername=Trajeto|geometrytype=Point|uniqueGeometryType=yes", "Velocidade": 49.0, "Data": "2026-07-01", "hora": "11:29:52", "Rota": "ROTA 520 (TARDE) - Vila São Luís - Domingo", "Turno": "Tarde", "Dias_da_semana": [ "dom" ], "Hit_Rate": 66.67, "Status": "Validado (Rua sem rota)", "Bloco": "Domingo" }, "geometry": { "type": "MultiLineString", "coordinates": [ [ [ 675946.735240650712512, 7481092.660698138177395 ], [ 675943.818359221797436, 7481173.362049624323845 ], [ 675941.016558347735554, 7481253.364356661215425 ] ] ] } },
{ "type": "Feature", "properties": { "id": "Parque_Sarapui.10", "id_trecho": 5364, "Name": "Avenida Litorânea", "description": "nenhuma rota próxima", "Extensao_m": 116.97856493651568, "Bairro_logradouros": "Parque Sarapui", "Bairro_rotas": null, "Distrito": "1º", "Lote": "I", "Name_2": "Ponto 1038", "description_2": "Velocidade: 25km/h<br>01/07/2026 14:52:09", "layer": "TUN3B98", "path": "C:/KMLs/Estevao/01-07-2026/Coleta/Trajeto_TUN3B98.kml|layername=Trajeto|geometrytype=Point|uniqueGeometryType=yes", "Velocidade": 25.0, "Data": "2026-07-01", "hora": "14:52:09", "Rota": null, "Turno": "Tarde", "Dias_da_semana": [ "dom" ], "Hit_Rate": 100.0, "Status": "Validado (Rua sem rota)", "Bloco": "Domingo" }, "geometry": { "type": "MultiLineString", "coordinates": [ [ [ 676418.259472469915636, 7478577.628933436237276 ], [ 676418.897550564375706, 7478596.304513 ], [ 676418.243812383967452, 7478612.503302719444036 ], [ 676417.787330500781536, 7478620.936444473452866 ], [ 676421.019144759862684, 7478635.716810855083168 ], [ 676421.541388437850401, 7478644.426518587395549 ], [ 676419.156797184608877, 7478654.831215152516961 ], [ 676416.239596348255873, 7478665.352848142385483 ], [ 676413.258571404730901, 7478674.800977469421923 ], [ 676408.977725419448689, 7478692.570225885137916 ] ] ] } },
{ "type": "Feature", "properties": { "id": "Parque_Sarapui.11", "id_trecho": 5365, "Name": "Rua Almirante Grenfall", "description": "nenhuma rota próxima", "Extensao_m": 44.73154927682112, "Bairro_logradouros": "Parque Sarapui", "Bairro_rotas": null, "Distrito": "1º", "Lote": "I", "Name_2": "Ponto 1001", "description_2": "Velocidade: 23km/h<br>01/07/2026 14:25:49", "layer": "TUN3B98", "path": "C:/KMLs/Estevao/01-07-2026/Coleta/Trajeto_TUN3B98.kml|layername=Trajeto|geometrytype=Point|uniqueGeometryType=yes", "Velocidade": 23.0, "Data": "2026-07-01", "hora": "14:25:49", "Rota": null, "Turno": "Tarde", "Dias_da_semana": [ "dom" ], "Hit_Rate": 83.33, "Status": "Validado (Rua sem rota)", "Bloco": "Domingo" }, "geometry": { "type": "MultiLineString", "coordinates": [ [ [ 676027.415575062390417, 7478899.522279958240688 ], [ 676032.764499077573419, 7478906.514812588691711 ], [ 676035.422079910524189, 7478908.997942637652159 ], [ 676038.314654216635972, 7478911.37867524381727 ], [ 676043.015433255583048, 7478913.838110079988837 ], [ 676046.89776991494, 7478914.789806509390473 ], [ 676050.298050600918941, 7478914.905418254435062 ], [ 676053.577428793301806, 7478914.335802391171455 ], [ 676056.433535085059702, 7478913.571750859729946 ], [ 676060.152988162473775, 7478911.989235458895564 ], [ 676064.769792843027972, 7478908.978754667565227 ] ] ] } },
{ "type": "Feature", "properties": { "id": "Parque_Sarapui.11", "id_trecho": 5366, "Name": "Rua Almirante Grenfall", "description": "nenhuma rota próxima", "Extensao_m": 32.551819455232128, "Bairro_logradouros": "Parque Sarapui", "Bairro_rotas": null, "Distrito": "1º", "Lote": "I", "Name_2": "Ponto 678", "description_2": "Velocidade: 23km/h<br>01/07/2026 17:56:50", "layer": "TTH9F28", "path": "C:/KMLs/Estevao/01-07-2026/Coleta/Trajeto_TTH9F28.kml|layername=Trajeto|geometrytype=Point|uniqueGeometryType=yes", "Velocidade": 23.0, "Data": "2026-07-01", "hora": "17:56:50", "Rota": null, "Turno": "Tarde", "Dias_da_semana": [ "dom" ], "Hit_Rate": 66.67, "Status": "Validado (Rua sem rota)", "Bloco": "Domingo" }, "geometry": { "type": "MultiLineString", "coordinates": [ [ [ 676078.966837863903493, 7478928.061851533129811 ], [ 676074.473857251810841, 7478928.468354448676109 ], [ 676070.154900155612268, 7478927.942565981298685 ], [ 676066.579165429458953, 7478926.86549780331552 ], [ 676063.904380681458861, 7478924.670513359829783 ], [ 676062.230137040605769, 7478921.090666187927127 ], [ 676062.214962230063975, 7478917.126113216392696 ], [ 676063.031440194114111, 7478913.151914660818875 ], [ 676064.769792843027972, 7478908.978754667565227 ] ] ] } },
{ "type": "Feature", "properties": { "id": "Parque_Sarapui.11", "id_trecho": 5367, "Name": "Rua Almirante Grenfall", "description": "nenhuma rota próxima", "Extensao_m": 48.087570976931566, "Bairro_logradouros": "Parque Sarapui", "Bairro_rotas": null, "Distrito": "1º", "Lote": "I", "Name_2": "Ponto 1003", "description_2": "Velocidade: 25km/h<br>01/07/2026 14:25:53", "layer": "TUN3B98", "path": "C:/KMLs/Estevao/01-07-2026/Coleta/Trajeto_TUN3B98.kml|layername=Trajeto|geometrytype=Point|uniqueGeometryType=yes", "Velocidade": 25.0, "Data": "2026-07-01", "hora": "14:25:53", "Rota": null, "Turno": "Tarde", "Dias_da_semana": [ "dom" ], "Hit_Rate": 83.33, "Status": "Validado (Rua sem rota)", "Bloco": "Domingo" }, "geometry": { "type": "MultiLineString", "coordinates": [ [ [ 676064.769792843027972, 7478908.978754667565227 ], [ 676091.905461698072031, 7478887.345276718959212 ], [ 676097.847101980703883, 7478882.580694073811173 ], [ 676102.939783190144226, 7478879.874770485796034 ] ] ] } },
{ "type": "Feature", "properties": { "id": "Parque_Sarapui.11", "id_trecho": 5369, "Name": "Rua Almirante Grenfall", "description": "nenhuma rota próxima", "Extensao_m": 29.614322104689009, "Bairro_logradouros": "Parque Sarapui", "Bairro_rotas": null, "Distrito": "1º", "Lote": "I", "Name_2": "Ponto 1014", "description_2": "Velocidade: 18km/h<br>01/07/2026 14:31:46", "layer": "TUN3B98", "path": "C:/KMLs/Estevao/01-07-2026/Coleta/Trajeto_TUN3B98.kml|layername=Trajeto|geometrytype=Point|uniqueGeometryType=yes", "Velocidade": 18.0, "Data": "2026-07-01", "hora": "14:31:46", "Rota": null, "Turno": "Tarde", "Dias_da_semana": [ "dom" ], "Hit_Rate": 66.67, "Status": "Validado (Rua sem rota)", "Bloco": "Domingo" }, "geometry": { "type": "MultiLineString", "coordinates": [ [ [ 676102.939783190144226, 7478879.874770485796034 ], [ 676113.135722878272645, 7478868.294206382706761 ], [ 676117.989145084866323, 7478863.553314412012696 ], [ 676123.653551304480061, 7478858.791936654597521 ] ] ] } },
{ "type": "Feature", "properties": { "id": "Parque_Sarapui.11", "id_trecho": 5373, "Name": "Rua Almirante Grenfall", "description": "nenhuma rota próxima", "Extensao_m": 309.54201107988831, "Bairro_logradouros": "Parque Sarapui", "Bairro_rotas": null, "Distrito": "1º", "Lote": "I", "Name_2": "Ponto 1015", "description_2": "Velocidade: 0km/h<br>01/07/2026 14:32:04", "layer": "TUN3B98", "path": "C:/KMLs/Estevao/01-07-2026/Coleta/Trajeto_TUN3B98.kml|layername=Trajeto|geometrytype=Point|uniqueGeometryType=yes", "Velocidade": 0.0, "Data": "2026-07-01", "hora": "14:32:04", "Rota": null, "Turno": "Tarde", "Dias_da_semana": [ "dom" ], "Hit_Rate": 100.0, "Status": "Validado (Rua sem rota)", "Bloco": "Domingo" }, "geometry": { "type": "MultiLineString", "coordinates": [ [ [ 676123.653551304480061, 7478858.791936654597521 ], [ 676132.183134440332651, 7478851.394765563309193 ], [ 676140.509291121503338, 7478844.16606945823878 ], [ 676168.02908466081135, 7478820.257672177627683 ], [ 676189.713373193051666, 7478802.297601839527488 ], [ 676363.818583763204515, 7478663.580970355309546 ] ] ] } },
{ "type": "Feature", "properties": { "id": "Parque_Sarapui.12", "id_trecho": 5376, "Name": "Viaduto Irineu Marinho", "description": "nenhuma rota próxima", "Extensao_m": 268.07910205818052, "Bairro_logradouros": "Parque Sarapui", "Bairro_rotas": null, "Distrito": "1º", "Lote": "I", "Name_2": "Ponto 463", "description_2": "Velocidade: 20km/h<br>01/07/2026 10:37:25", "layer": "TTG4B66", "path": "C:/KMLs/Estevao/01-07-2026/Coleta/Trajeto_TTG4B66.kml|layername=Trajeto|geometrytype=Point|uniqueGeometryType=yes", "Velocidade": 20.0, "Data": "2026-07-01", "hora": "10:37:25", "Rota": null, "Turno": "Tarde", "Dias_da_semana": [ "dom" ], "Hit_Rate": 100.0, "Status": "Validado (Rua sem rota)", "Bloco": "Domingo" }, "geometry": { "type": "MultiLineString", "coordinates": [ [ [ 676143.658982529304922, 7478897.593261187896132 ], [ 676143.676047526649199, 7478897.608891265466809 ], [ 676154.214171522296965, 7478907.553481282666326 ], [ 676159.173490524175577, 7478912.822846988216043 ], [ 676162.402749309083447, 7478916.78332797344774 ], [ 676165.05613980256021, 7478920.672968540340662 ], [ 676166.881218810682185, 7478924.860162565484643 ], [ 676167.588675460545346, 7478927.421275533735752 ], [ 676168.292418655240908, 7478930.547239629551768 ], [ 676168.303521674708463, 7478935.043425883166492 ], [ 676167.847711098031141, 7478939.124193217605352 ], [ 676166.927685156697407, 7478943.022078275680542 ], [ 676165.252886514179409, 7478947.360634143464267 ], [ 676162.288769669365138, 7478952.090690273791552 ], [ 676151.665709167835303, 7478965.802576852962375 ], [ 676086.214314484735951, 7479046.498822689056396 ], [ 676033.353509584441781, 7479109.173548523336649 ] ] ] } },
{ "type": "Feature", "properties": { "id": "Parque_Sarapui.12", "id_trecho": 5381, "Name": "Viaduto Irineu Marinho", "description": "nenhuma rota próxima", "Extensao_m": 292.45364028348962, "Bairro_logradouros": "Parque Sarapui", "Bairro_rotas": null, "Distrito": "1º", "Lote": "I", "Name_2": "Ponto 969", "description_2": "Velocidade: 32km/h<br>01/07/2026 20:35:38", "layer": "TTF6F97", "path": "C:/KMLs/Estevao/01-07-2026/Coleta/Trajeto_TTF6F97.kml|layername=Trajeto|geometrytype=Point|uniqueGeometryType=yes", "Velocidade": 32.0, "Data": "2026-07-01", "hora": "20:35:38", "Rota": null, "Turno": "Tarde", "Dias_da_semana": [ "dom" ], "Hit_Rate": 100.0, "Status": "Validado (Rua sem rota)", "Bloco": "Domingo" }, "geometry": { "type": "MultiLineString", "coordinates": [ [ [ 676033.620877368724905, 7479099.990963305346668 ], [ 676083.111963591887616, 7479040.200099986046553 ], [ 676148.082588355289772, 7478960.550463302060962 ], [ 676156.787477321573533, 7478948.787829909473658 ], [ 676160.255582012236118, 7478943.243475779891014 ], [ 676161.971450843964703, 7478938.904443917796016 ], [ 676162.314052679226734, 7478933.916867889463902 ], [ 676162.102616171119735, 7478929.854918570257723 ], [ 676161.032835723250173, 7478926.157319257035851 ], [ 676158.940165204461664, 7478921.917856542393565 ], [ 676155.360263105249032, 7478916.942574370652437 ], [ 676144.905801034066826, 7478906.243936583399773 ], [ 676141.299882071791217, 7478903.450662861578166 ], [ 676137.406490955851041, 7478901.546697247773409 ], [ 676132.978826185921207, 7478900.501679066568613 ], [ 676129.638480327324942, 7478900.241419961676002 ], [ 676126.027212427812628, 7478900.526962078176439 ], [ 676122.511305131134577, 7478901.066114253364503 ], [ 676118.982571168220602, 7478902.269894329831004 ], [ 676112.438991192146204, 7478905.601761941798031 ], [ 676101.394368419423699, 7478911.300446979701519 ] ] ] } },
{ "type": "Feature", "properties": { "id": "Vila_São_Jose.155", "id_trecho": 6518, "Name": "Rua Dezesseis", "description": "nenhuma rota próxima", "Extensao_m": 117.78528943100757, "Bairro_logradouros": "Vila São Jose", "Bairro_rotas": null, "Distrito": "2º", "Lote": "I", "Name_2": "Ponto 245", "description_2": "Velocidade: 0km/h<br>01/07/2026 07:58:36", "layer": "TUA3H22", "path": "C:/KMLs/Estevao/01-07-2026/Coleta/Trajeto_TUA3H22.kml|layername=Trajeto|geometrytype=Point|uniqueGeometryType=yes", "Velocidade": 0.0, "Data": "2026-07-01", "hora": "07:58:36", "Rota": null, "Turno": "Tarde", "Dias_da_semana": [ "dom" ], "Hit_Rate": 66.67, "Status": "Validado (Rua sem rota)", "Bloco": "Domingo" }, "geometry": { "type": "MultiLineString", "coordinates": [ [ [ 672988.748158385744318, 7483873.063731670379639 ], [ 672898.267712717410177, 7483948.468092771247029 ] ] ] } },
{ "type": "Feature", "properties": { "id": "Vila_São_Jose.158", "id_trecho": 6560, "Name": "Rua Enrico Ferri (próxima a Rua Italo Ferreira Franco)", "description": "nenhuma rota próxima", "Extensao_m": 62.055328310967624, "Bairro_logradouros": "Vila São Jose", "Bairro_rotas": null, "Distrito": "2º", "Lote": "I", "Name_2": "Ponto 267", "description_2": "Velocidade: 5km/h<br>01/07/2026 08:07:53", "layer": "TUA3H22", "path": "C:/KMLs/Estevao/01-07-2026/Coleta/Trajeto_TUA3H22.kml|layername=Trajeto|geometrytype=Point|uniqueGeometryType=yes", "Velocidade": 5.0, "Data": "2026-07-01", "hora": "08:07:53", "Rota": null, "Turno": "Tarde", "Dias_da_semana": [ "dom" ], "Hit_Rate": 66.67, "Status": "Validado (Rua sem rota)", "Bloco": "Domingo" }, "geometry": { "type": "MultiLineString", "coordinates": [ [ [ 672856.669383624219336, 7483899.903260251507163 ], [ 672808.517749530263245, 7483939.044613294303417 ] ] ] } },
{ "type": "Feature", "properties": { "id": "Vila_Sao_Luis.27", "id_trecho": 7206, "Name": "Rua Matias Barbosa", "description": "nenhuma rota próxima", "Extensao_m": 205.60373686769464, "Bairro_logradouros": "Vila Sao Luis", "Bairro_rotas": null, "Distrito": "1º", "Lote": "I", "Name_2": "Ponto 1221", "description_2": "Velocidade: 0km/h<br>01/07/2026 22:30:25", "layer": "TTF7G57", "path": "C:/KMLs/Estevao/01-07-2026/Coleta/Trajeto_TTF7G57.kml|layername=Trajeto|geometrytype=Point|uniqueGeometryType=yes", "Velocidade": 0.0, "Data": "2026-07-01", "hora": "22:30:25", "Rota": null, "Turno": "Tarde", "Dias_da_semana": [ "dom" ], "Hit_Rate": 66.67, "Status": "Validado (Rua sem rota)", "Bloco": "Domingo" }, "geometry": { "type": "MultiLineString", "coordinates": [ [ [ 674853.69332490011584, 7479497.714471363462508 ], [ 674843.247652551857755, 7479482.928659904748201 ], [ 674838.488412316190079, 7479473.603287206962705 ], [ 674815.221206279937178, 7479420.292341276071966 ], [ 674789.933977645589039, 7479359.197041442617774 ], [ 674782.236165395122953, 7479342.585183784365654 ], [ 674767.358538503758609, 7479311.537190159782767 ] ] ] } },
{ "type": "Feature", "properties": { "id": "Centro.88", "id_trecho": 1136, "Name": "Rua Doutor Lauro Neiva", "description": "Atribuído à rota do vizinho mais próximo", "Extensao_m": 74.816822578227359, "Bairro_logradouros": "Centro", "Bairro_rotas": "Centro", "Distrito": "1º", "Lote": "I", "Name_2": "Ponto 419", "description_2": "Velocidade: 5km/h<br>02/07/2026 10:04:06", "layer": "TTW7E72", "path": "C:/KMLs/Estevao/02-07-2026/Coleta/Trajeto_TTW7E72.kml|layername=Trajeto|geometrytype=Point|uniqueGeometryType=yes", "Velocidade": 5.0, "Data": "2026-07-02", "hora": "10:04:06", "Rota": "ROTA 510 (TARDE) - Centro - Domingo", "Turno": "Tarde", "Dias_da_semana": [ "dom" ], "Hit_Rate": 83.33, "Status": "Validado (Rua sem rota)", "Bloco": "Domingo" }, "geometry": { "type": "MultiLineString", "coordinates": [ [ [ 673689.220438799471594, 7478489.44333123229444 ], [ 673729.189685164485127, 7478552.686605600640178 ] ] ] } },
{ "type": "Feature", "properties": { "id": "Parque_Sarapui.11", "id_trecho": 5370, "Name": "Rua Almirante Grenfall", "description": "nenhuma rota próxima", "Extensao_m": 15.579902132527231, "Bairro_logradouros": "Parque Sarapui", "Bairro_rotas": null, "Distrito": "1º", "Lote": "I", "Name_2": "Ponto 1194", "description_2": "Velocidade: 12km/h<br>02/07/2026 14:33:26", "layer": "TUN3B98", "path": "C:/KMLs/Estevao/02-07-2026/Coleta/Trajeto_TUN3B98.kml|layername=Trajeto|geometrytype=Point|uniqueGeometryType=yes", "Velocidade": 12.0, "Data": "2026-07-02", "hora": "14:33:26", "Rota": null, "Turno": "Tarde", "Dias_da_semana": [ "dom" ], "Hit_Rate": 83.33, "Status": "Validado (Rua sem rota)", "Bloco": "Domingo" }, "geometry": { "type": "MultiLineString", "coordinates": [ [ [ 676102.939783190144226, 7478879.874770485796034 ], [ 676107.18645285628736, 7478878.596216923557222 ], [ 676111.534134726505727, 7478878.058492800220847 ], [ 676115.481016514706425, 7478878.378166630864143 ], [ 676118.140642432263121, 7478879.266507396474481 ] ] ] } },
{ "type": "Feature", "properties": { "id": "Vila_São_Jose.157", "id_trecho": 6840, "Name": "Rua Seis", "description": "nenhuma rota próxima", "Extensao_m": 62.111041344275883, "Bairro_logradouros": "Vila São Jose", "Bairro_rotas": null, "Distrito": "2º", "Lote": "I", "Name_2": "Ponto 194", "description_2": "Velocidade: 6km/h<br>12/07/2026 14:23:10", "layer": "TTX7B46", "path": "C:/KMLs/Estevao/12-07-2026/Coleta/Trajeto_TTX7B46.kml|layername=Trajeto|geometrytype=Point|uniqueGeometryType=yes", "Velocidade": 6.0, "Data": "2026-07-12", "hora": "14:23:10", "Rota": null, "Turno": "Tarde", "Dias_da_semana": [ "dom" ], "Hit_Rate": 66.67, "Status": "Validado (Rua sem rota)", "Bloco": "Domingo" }, "geometry": { "type": "MultiLineString", "coordinates": [ [ [ 672871.746603124891408, 7483917.816470393911004 ], [ 672823.408437735633925, 7483956.816020406782627 ] ] ] } },
{ "type": "Feature", "properties": { "id": "Gramacho.231", "id_trecho": 1944, "Name": "Avenida Darcy Vargas", "description": null, "Extensao_m": 378.82772578711376, "Bairro_logradouros": "Gramacho", "Bairro_rotas": "Gramacho", "Distrito": "1º", "Lote": "I", "Name_2": "Ponto 106", "description_2": "Velocidade: 0km/h<br>05/07/2026 15:44:24", "layer": "TTI9B27", "path": "C:/KMLs/Estevao/05-07-2026/Coleta/Trajeto_TTI9B27.kml|layername=Trajeto|geometrytype=Point|uniqueGeometryType=yes", "Velocidade": 0.0, "Data": "2026-07-05", "hora": "15:44:24", "Rota": "ROTA 510 (TARDE) - Gramacho - Domingo", "Turno": "Tarde", "Dias_da_semana": [ "dom" ], "Hit_Rate": 83.33, "Status": "Validado", "Bloco": "Domingo" }, "geometry": { "type": "MultiLineString", "coordinates": [ [ [ 673950.684772261884063, 7482313.62715376354754 ], [ 673938.781455899705179, 7482362.158899835310876 ], [ 673928.748689556494355, 7482405.419917983002961 ], [ 673912.818218294298276, 7482479.026054160669446 ], [ 673868.350067330640741, 7482683.37171196937561 ] ] ] } },
{ "type": "Feature", "properties": { "id": "Vila_Sao_Luis.5", "id_trecho": 7004, "Name": "Avenida Expedicionário José Amaro", "description": null, "Extensao_m": 40.810655942111481, "Bairro_logradouros": "Vila Sao Luis", "Bairro_rotas": "Vila São Luis", "Distrito": "1º", "Lote": "I", "Name_2": "Ponto 59", "description_2": "Velocidade: 0km/h<br>05/07/2026 15:24:02", "layer": "TUN3B98", "path": "C:/KMLs/Estevao/05-07-2026/Coleta/Trajeto_TUN3B98.kml|layername=Trajeto|geometrytype=Point|uniqueGeometryType=yes", "Velocidade": 0.0, "Data": "2026-07-05", "hora": "15:24:02", "Rota": "ROTA 520 (TARDE) - Vila São Luís - Domingo", "Turno": "Tarde", "Dias_da_semana": [ "dom" ], "Hit_Rate": 50.0, "Status": "Baixo hit rate", "Bloco": "Domingo" }, "geometry": { "type": "MultiLineString", "coordinates": [ [ [ 675206.132794116972946, 7480631.167724303901196 ], [ 675206.12235205527395, 7480631.1575294919312 ], [ 675203.426745461998507, 7480627.702439326792955 ], [ 675176.39491079270374, 7480603.30602103844285 ] ] ] } },
{ "type": "Feature", "properties": { "id": "Vila_Sao_Luis.5", "id_trecho": 6999, "Name": "Avenida Expedicionário José Amaro", "description": null, "Extensao_m": 100.93024316470004, "Bairro_logradouros": "Vila Sao Luis", "Bairro_rotas": "Vila São Luis", "Distrito": "1º", "Lote": "I", "Name_2": "Ponto 69", "description_2": "Velocidade: 29km/h<br>05/07/2026 15:26:12", "layer": "TUN3B98", "path": "C:/KMLs/Estevao/05-07-2026/Coleta/Trajeto_TUN3B98.kml|layername=Trajeto|geometrytype=Point|uniqueGeometryType=yes", "Velocidade": 29.0, "Data": "2026-07-05", "hora": "15:26:12", "Rota": "ROTA 520 (TARDE) - Vila São Luís - Domingo", "Turno": "Tarde", "Dias_da_semana": [ "dom" ], "Hit_Rate": 33.33, "Status": "Baixo hit rate", "Bloco": "Domingo" }, "geometry": { "type": "MultiLineString", "coordinates": [ [ [ 674991.734451348893344, 7480462.322697026655078 ], [ 674965.010942311724648, 7480449.454907746985555 ], [ 674898.002497150329873, 7480425.18607441149652 ] ] ] } },
{ "type": "Feature", "properties": { "id": "Gramacho.107", "id_trecho": 2029, "Name": "Avenida Pelótas", "description": null, "Extensao_m": 171.32235916815009, "Bairro_logradouros": "Gramacho", "Bairro_rotas": "Gramacho", "Distrito": "1º", "Lote": "I", "Name_2": "Ponto 644", "description_2": "Velocidade: 16km/h<br>05/07/2026 21:56:03", "layer": "TUN3B98", "path": "C:/KMLs/Estevao/05-07-2026/Coleta/Trajeto_TUN3B98.kml|layername=Trajeto|geometrytype=Point|uniqueGeometryType=yes", "Velocidade": 16.0, "Data": "2026-07-05", "hora": "21:56:03", "Rota": "ROTA 250 (TARDE) - Gramacho - Domingo", "Turno": "Tarde", "Dias_da_semana": [ "dom" ], "Hit_Rate": 100.0, "Status": "Validado", "Bloco": "Domingo" }, "geometry": { "type": "MultiLineString", "coordinates": [ [ [ 675579.076482586096972, 7482339.763680775649846 ], [ 675579.081087024067529, 7482339.760163977742195 ], [ 675627.705088095739484, 7482299.850511917844415 ], [ 675711.501809331122786, 7482231.072484211996198 ] ] ] } },
{ "type": "Feature", "properties": { "id": "Gramacho.107", "id_trecho": 2021, "Name": "Avenida Pelótas", "description": null, "Extensao_m": 27.677202923682671, "Bairro_logradouros": "Gramacho", "Bairro_rotas": "Gramacho", "Distrito": "1º", "Lote": "I", "Name_2": "Ponto 23", "description_2": "Velocidade: 48km/h<br>05/07/2026 14:59:24", "layer": "TTI9B27", "path": "C:/KMLs/Estevao/05-07-2026/Coleta/Trajeto_TTI9B27.kml|layername=Trajeto|geometrytype=Point|uniqueGeometryType=yes", "Velocidade": 48.0, "Data": "2026-07-05", "hora": "14:59:24", "Rota": "ROTA 250 (TARDE) - Gramacho - Domingo", "Turno": "Tarde", "Dias_da_semana": [ "dom" ], "Hit_Rate": 16.67, "Status": "Baixo hit rate", "Bloco": "Domingo" }, "geometry": { "type": "MultiLineString", "coordinates": [ [ [ 675159.847916007274762, 7482686.323815651237965 ], [ 675166.041588713880628, 7482680.095010406337678 ], [ 675181.403848724672571, 7482669.098183507099748 ] ] ] } },
{ "type": "Feature", "properties": { "id": "Gramacho.224", "id_trecho": 2058, "Name": "Avenida República do Paraguai", "description": null, "Extensao_m": 85.821338591803027, "Bairro_logradouros": "Gramacho", "Bairro_rotas": "Gramacho", "Distrito": "1º", "Lote": "I", "Name_2": "Ponto 26", "description_2": "Velocidade: 8km/h<br>05/07/2026 15:00:32", "layer": "TTI9B27", "path": "C:/KMLs/Estevao/05-07-2026/Coleta/Trajeto_TTI9B27.kml|layername=Trajeto|geometrytype=Point|uniqueGeometryType=yes", "Velocidade": 8.0, "Data": "2026-07-05", "hora": "15:00:32", "Rota": "ROTA 250 (TARDE) - Gramacho - Domingo", "Turno": "Tarde", "Dias_da_semana": [ "dom" ], "Hit_Rate": 100.0, "Status": "Validado", "Bloco": "Domingo" }, "geometry": { "type": "MultiLineString", "coordinates": [ [ [ 675008.506898941122927, 7482995.551331437192857 ], [ 674965.326389947906137, 7483061.65379841811955 ], [ 674960.835855548386462, 7483066.844049209728837 ] ] ] } },
{ "type": "Feature", "properties": { "id": "Gramacho.224", "id_trecho": 2064, "Name": "Avenida República do Paraguai", "description": null, "Extensao_m": 33.690843087790718, "Bairro_logradouros": "Gramacho", "Bairro_rotas": "Gramacho", "Distrito": "1º", "Lote": "I", "Name_2": "Ponto 30", "description_2": "Velocidade: 0km/h<br>05/07/2026 15:03:22", "layer": "TTI9B27", "path": "C:/KMLs/Estevao/05-07-2026/Coleta/Trajeto_TTI9B27.kml|layername=Trajeto|geometrytype=Point|uniqueGeometryType=yes", "Velocidade": 0.0, "Data": "2026-07-05", "hora": "15:03:22", "Rota": "ROTA 250 (TARDE) - Gramacho - Domingo", "Turno": "Tarde", "Dias_da_semana": [ "dom" ], "Hit_Rate": 66.67, "Status": "Validado", "Bloco": "Domingo" }, "geometry": { "type": "MultiLineString", "coordinates": [ [ [ 674712.276184010086581, 7483200.84614085033536 ], [ 674701.659861419117078, 7483200.336842937394977 ], [ 674680.885338625055738, 7483199.855615252628922 ], [ 674678.604473873157986, 7483199.804289899766445 ] ] ] } },
{ "type": "Feature", "properties": { "id": "Gramacho.224", "id_trecho": 2065, "Name": "Avenida República do Paraguai", "description": null, "Extensao_m": 151.18149741847873, "Bairro_logradouros": "Gramacho", "Bairro_rotas": "Gramacho", "Distrito": "1º", "Lote": "I", "Name_2": "Ponto 32", "description_2": "Velocidade: 15km/h<br>05/07/2026 15:03:28", "layer": "TTI9B27", "path": "C:/KMLs/Estevao/05-07-2026/Coleta/Trajeto_TTI9B27.kml|layername=Trajeto|geometrytype=Point|uniqueGeometryType=yes", "Velocidade": 15.0, "Data": "2026-07-05", "hora": "15:03:28", "Rota": "ROTA 250 (TARDE) - Gramacho - Domingo", "Turno": "Tarde", "Dias_da_semana": [ "dom" ], "Hit_Rate": 66.67, "Status": "Validado", "Bloco": "Domingo" }, "geometry": { "type": "MultiLineString", "coordinates": [ [ [ 674678.604473873157986, 7483199.804289899766445 ], [ 674665.453461443772539, 7483199.501270518638194 ], [ 674527.54517313616816, 7483193.863842746242881 ] ] ] } },
{ "type": "Feature", "properties": { "id": "Gramacho.224", "id_trecho": 2067, "Name": "Avenida República do Paraguai", "description": null, "Extensao_m": 151.00221203642491, "Bairro_logradouros": "Gramacho", "Bairro_rotas": "Gramacho", "Distrito": "1º", "Lote": "I", "Name_2": "Ponto 35", "description_2": "Velocidade: 14km/h<br>05/07/2026 15:05:24", "layer": "TTI9B27", "path": "C:/KMLs/Estevao/05-07-2026/Coleta/Trajeto_TTI9B27.kml|layername=Trajeto|geometrytype=Point|uniqueGeometryType=yes", "Velocidade": 14.0, "Data": "2026-07-05", "hora": "15:05:24", "Rota": "ROTA 250 (TARDE) - Gramacho - Domingo", "Turno": "Tarde", "Dias_da_semana": [ "dom" ], "Hit_Rate": 100.0, "Status": "Validado", "Bloco": "Domingo" }, "geometry": { "type": "MultiLineString", "coordinates": [ [ [ 674514.586643439601175, 7483193.325920028612018 ], [ 674412.033708343748003, 7483187.746859446167946 ], [ 674363.818549720337614, 7483184.988423096016049 ] ] ] } },
{ "type": "Feature", "properties": { "id": "Gramacho.231", "id_trecho": 1945, "Name": "Avenida Darcy Vargas", "description": null, "Extensao_m": 86.514805460599035, "Bairro_logradouros": "Gramacho", "Bairro_rotas": "Gramacho", "Distrito": "1º", "Lote": "I", "Name_2": "Ponto 64", "description_2": "Velocidade: 10km/h<br>05/07/2026 15:13:22", "layer": "TTI9B27", "path": "C:/KMLs/Estevao/05-07-2026/Coleta/Trajeto_TTI9B27.kml|layername=Trajeto|geometrytype=Point|uniqueGeometryType=yes", "Velocidade": 10.0, "Data": "2026-07-05", "hora": "15:13:22", "Rota": "ROTA 510 (TARDE) - Gramacho - Domingo", "Turno": "Tarde", "Dias_da_semana": [ "dom" ], "Hit_Rate": 83.33, "Status": "Validado", "Bloco": "Domingo" }, "geometry": { "type": "MultiLineString", "coordinates": [ [ [ 673868.350067330640741, 7482683.37171196937561 ], [ 673874.801215400686488, 7482686.144088436849415 ], [ 673879.04067897319328, 7482689.517627083696425 ], [ 673885.519410602282733, 7482696.497990133240819 ], [ 673927.035738283768296, 7482745.92482976987958 ] ] ] } },
{ "type": "Feature", "properties": { "id": "Gramacho.231", "id_trecho": 1947, "Name": "Avenida Darcy Vargas", "description": null, "Extensao_m": 94.072397834524963, "Bairro_logradouros": "Gramacho", "Bairro_rotas": "Gramacho", "Distrito": "1º", "Lote": "I", "Name_2": "Ponto 66", "description_2": "Velocidade: 14km/h<br>05/07/2026 15:14:20", "layer": "TTI9B27", "path": "C:/KMLs/Estevao/05-07-2026/Coleta/Trajeto_TTI9B27.kml|layername=Trajeto|geometrytype=Point|uniqueGeometryType=yes", "Velocidade": 14.0, "Data": "2026-07-05", "hora": "15:14:20", "Rota": "ROTA 510 (TARDE) - Gramacho - Domingo", "Turno": "Tarde", "Dias_da_semana": [ "dom" ], "Hit_Rate": 50.0, "Status": "Baixo hit rate", "Bloco": "Domingo" }, "geometry": { "type": "MultiLineString", "coordinates": [ [ [ 673938.253928279737011, 7482756.882077662274241 ], [ 674001.895894799614325, 7482826.155842882581055 ] ] ] } },
{ "type": "Feature", "properties": { "id": "Gramacho.231", "id_trecho": 1948, "Name": "Avenida Darcy Vargas", "description": null, "Extensao_m": 68.949299814061078, "Bairro_logradouros": "Gramacho", "Bairro_rotas": "Gramacho", "Distrito": "1º", "Lote": "I", "Name_2": "Ponto 67", "description_2": "Velocidade: 14km/h<br>05/07/2026 15:14:24", "layer": "TTI9B27", "path": "C:/KMLs/Estevao/05-07-2026/Coleta/Trajeto_TTI9B27.kml|layername=Trajeto|geometrytype=Point|uniqueGeometryType=yes", "Velocidade": 14.0, "Data": "2026-07-05", "hora": "15:14:24", "Rota": "ROTA 510 (TARDE) - Gramacho - Domingo", "Turno": "Tarde", "Dias_da_semana": [ "dom" ], "Hit_Rate": 66.67, "Status": "Validado", "Bloco": "Domingo" }, "geometry": { "type": "MultiLineString", "coordinates": [ [ [ 674001.895894799614325, 7482826.155842882581055 ], [ 674044.342152769095264, 7482880.488846992142498 ] ] ] } },
{ "type": "Feature", "properties": { "id": "Gramacho.231", "id_trecho": 1940, "Name": "Avenida Darcy Vargas", "description": null, "Extensao_m": 132.43468027014359, "Bairro_logradouros": "Gramacho", "Bairro_rotas": "Gramacho", "Distrito": "1º", "Lote": "I", "Name_2": "Ponto 80", "description_2": "Velocidade: 15km/h<br>05/07/2026 15:21:01", "layer": "TTI9B27", "path": "C:/KMLs/Estevao/05-07-2026/Coleta/Trajeto_TTI9B27.kml|layername=Trajeto|geometrytype=Point|uniqueGeometryType=yes", "Velocidade": 15.0, "Data": "2026-07-05", "hora": "15:21:01", "Rota": "ROTA 510 (TARDE) - Gramacho - Domingo", "Turno": "Tarde", "Dias_da_semana": [ "dom" ], "Hit_Rate": 83.33, "Status": "Validado", "Bloco": "Domingo" }, "geometry": { "type": "MultiLineString", "coordinates": [ [ [ 674172.077517255558632, 7482128.407247934490442 ], [ 674057.119993556058034, 7482194.155398217961192 ] ] ] } },
{ "type": "Feature", "properties": { "id": "Gramacho.231", "id_trecho": 1943, "Name": "Avenida Darcy Vargas", "description": null, "Extensao_m": 148.60492181622442, "Bairro_logradouros": "Gramacho", "Bairro_rotas": "Gramacho", "Distrito": "1º", "Lote": "I", "Name_2": "Ponto 84", "description_2": "Velocidade: 7km/h<br>05/07/2026 15:22:27", "layer": "TTI9B27", "path": "C:/KMLs/Estevao/05-07-2026/Coleta/Trajeto_TTI9B27.kml|layername=Trajeto|geometrytype=Point|uniqueGeometryType=yes", "Velocidade": 7.0, "Data": "2026-07-05", "hora": "15:22:27", "Rota": "ROTA 510 (TARDE) - Gramacho - Domingo", "Turno": "Tarde", "Dias_da_semana": [ "dom" ], "Hit_Rate": 83.33, "Status": "Validado", "Bloco": "Domingo" }, "geometry": { "type": "MultiLineString", "coordinates": [ [ [ 674045.771611798903905, 7482201.406233567744493 ], [ 674023.783278298098594, 7482217.682761887088418 ], [ 674005.794413060881197, 7482234.323234312236309 ], [ 673991.791715732892044, 7482251.062030082568526 ], [ 673976.470029510674067, 7482271.913469787687063 ], [ 673950.684772261884063, 7482313.62715376354754 ] ] ] } },
{ "type": "Feature", "properties": { "id": "Vinte_e_Cinco_de_Agosto.64", "id_trecho": 7534, "Name": "Rua Prefeito José Carlos Lacerda", "description": null, "Extensao_m": 198.30479910733709, "Bairro_logradouros": "Vinte e Cinco de Agosto", "Bairro_rotas": "Centro", "Distrito": "1º", "Lote": "I", "Name_2": "Ponto 164", "description_2": "Velocidade: 0km/h<br>05/07/2026 16:08:24", "layer": "TTI9B27", "path": "C:/KMLs/Estevao/05-07-2026/Coleta/Trajeto_TTI9B27.kml|layername=Trajeto|geometrytype=Point|uniqueGeometryType=yes", "Velocidade": 0.0, "Data": "2026-07-05", "hora": "16:08:24", "Rota": "ROTA 510 (TARDE) - Centro - Domingo", "Turno": "Tarde", "Dias_da_semana": [ "dom" ], "Hit_Rate": 83.33, "Status": "Validado", "Bloco": "Domingo" }, "geometry": { "type": "MultiLineString", "coordinates": [ [ [ 673988.655834077158943, 7478370.49500584602356 ], [ 674008.030991485225968, 7478333.693619774654508 ], [ 674022.376725973095745, 7478297.96873177587986 ], [ 674029.909432816551998, 7478268.955612877383828 ], [ 674037.971009745029733, 7478226.968115333467722 ], [ 674042.678658685763367, 7478181.729929959401488 ] ] ] } },
{ "type": "Feature", "properties": { "id": "Vinte_e_Cinco_de_Agosto.64", "id_trecho": 7534, "Name": "Rua Prefeito José Carlos Lacerda", "description": null, "Extensao_m": 198.30479910733709, "Bairro_logradouros": "Vinte e Cinco de Agosto", "Bairro_rotas": "Centro", "Distrito": "1º", "Lote": "I", "Name_2": "Ponto 164", "description_2": "Velocidade: 0km/h<br>05/07/2026 16:08:24", "layer": "TTI9B27", "path": "C:/KMLs/Estevao/05-07-2026/Coleta/Trajeto_TTI9B27.kml|layername=Trajeto|geometrytype=Point|uniqueGeometryType=yes", "Velocidade": 0.0, "Data": "2026-07-05", "hora": "16:08:24", "Rota": "ROTA 520 (TARDE) - Centro - Domingo", "Turno": "Tarde", "Dias_da_semana": [ "dom" ], "Hit_Rate": 83.33, "Status": "Validado", "Bloco": "Domingo" }, "geometry": { "type": "MultiLineString", "coordinates": [ [ [ 673988.655834077158943, 7478370.49500584602356 ], [ 674008.030991485225968, 7478333.693619774654508 ], [ 674022.376725973095745, 7478297.96873177587986 ], [ 674029.909432816551998, 7478268.955612877383828 ], [ 674037.971009745029733, 7478226.968115333467722 ], [ 674042.678658685763367, 7478181.729929959401488 ] ] ] } },
{ "type": "Feature", "properties": { "id": "Vinte_e_Cinco_de_Agosto.64", "id_trecho": 7533, "Name": "Rua Prefeito José Carlos Lacerda", "description": null, "Extensao_m": 181.25142180089932, "Bairro_logradouros": "Vinte e Cinco de Agosto", "Bairro_rotas": "Centro", "Distrito": "1º", "Lote": "I", "Name_2": "Ponto 177", "description_2": "Velocidade: 0km/h<br>05/07/2026 16:19:24", "layer": "TTI9B27", "path": "C:/KMLs/Estevao/05-07-2026/Coleta/Trajeto_TTI9B27.kml|layername=Trajeto|geometrytype=Point|uniqueGeometryType=yes", "Velocidade": 0.0, "Data": "2026-07-05", "hora": "16:19:24", "Rota": "ROTA 510 (TARDE) - Centro - Domingo", "Turno": "Tarde", "Dias_da_semana": [ "dom" ], "Hit_Rate": 83.33, "Status": "Validado", "Bloco": "Domingo" }, "geometry": { "type": "MultiLineString", "coordinates": [ [ [ 673868.12640423537232, 7478503.043219285085797 ], [ 673889.853758199024014, 7478486.880180854350328 ], [ 673908.828283102833666, 7478472.431982162408531 ], [ 673943.475153192761354, 7478439.431469608098269 ], [ 673965.382475043530576, 7478408.526019141077995 ], [ 673988.655834077158943, 7478370.49500584602356 ] ] ] } },
{ "type": "Feature", "properties": { "id": "Vinte_e_Cinco_de_Agosto.64", "id_trecho": 7533, "Name": "Rua Prefeito José Carlos Lacerda", "description": null, "Extensao_m": 181.25142180089932, "Bairro_logradouros": "Vinte e Cinco de Agosto", "Bairro_rotas": "Centro", "Distrito": "1º", "Lote": "I", "Name_2": "Ponto 177", "description_2": "Velocidade: 0km/h<br>05/07/2026 16:19:24", "layer": "TTI9B27", "path": "C:/KMLs/Estevao/05-07-2026/Coleta/Trajeto_TTI9B27.kml|layername=Trajeto|geometrytype=Point|uniqueGeometryType=yes", "Velocidade": 0.0, "Data": "2026-07-05", "hora": "16:19:24", "Rota": "ROTA 520 (TARDE) - Centro - Domingo", "Turno": "Tarde", "Dias_da_semana": [ "dom" ], "Hit_Rate": 83.33, "Status": "Validado", "Bloco": "Domingo" }, "geometry": { "type": "MultiLineString", "coordinates": [ [ [ 673868.12640423537232, 7478503.043219285085797 ], [ 673889.853758199024014, 7478486.880180854350328 ], [ 673908.828283102833666, 7478472.431982162408531 ], [ 673943.475153192761354, 7478439.431469608098269 ], [ 673965.382475043530576, 7478408.526019141077995 ], [ 673988.655834077158943, 7478370.49500584602356 ] ] ] } },
{ "type": "Feature", "properties": { "id": "Gramacho.107", "id_trecho": 2030, "Name": "Avenida Pelótas", "description": null, "Extensao_m": 94.478000588292645, "Bairro_logradouros": "Gramacho", "Bairro_rotas": "Gramacho", "Distrito": "1º", "Lote": "I", "Name_2": "Ponto 276", "description_2": "Velocidade: 17km/h<br>05/07/2026 17:30:48", "layer": "TTI9B27", "path": "C:/KMLs/Estevao/05-07-2026/Coleta/Trajeto_TTI9B27.kml|layername=Trajeto|geometrytype=Point|uniqueGeometryType=yes", "Velocidade": 17.0, "Data": "2026-07-05", "hora": "17:30:48", "Rota": "ROTA 250 (TARDE) - Gramacho - Domingo", "Turno": "Tarde", "Dias_da_semana": [ "dom" ], "Hit_Rate": 100.0, "Status": "Validado", "Bloco": "Domingo" }, "geometry": { "type": "MultiLineString", "coordinates": [ [ [ 675711.501809331122786, 7482231.072484211996198 ], [ 675714.971344405203126, 7482228.230509398505092 ], [ 675784.304283151985146, 7482170.859910951927304 ] ] ] } },
{ "type": "Feature", "properties": { "id": "Gramacho.107", "id_trecho": 2031, "Name": "Avenida Pelótas", "description": null, "Extensao_m": 86.099913915637117, "Bairro_logradouros": "Gramacho", "Bairro_rotas": "Gramacho", "Distrito": "1º", "Lote": "I", "Name_2": "Ponto 150", "description_2": "Velocidade: 8km/h<br>05/07/2026 15:20:35", "layer": "TTW7E72", "path": "C:/KMLs/Estevao/05-07-2026/Coleta/Trajeto_TTW7E72.kml|layername=Trajeto|geometrytype=Point|uniqueGeometryType=yes", "Velocidade": 8.0, "Data": "2026-07-05", "hora": "15:20:35", "Rota": "ROTA 250 (TARDE) - Gramacho - Domingo", "Turno": "Tarde", "Dias_da_semana": [ "dom" ], "Hit_Rate": 100.0, "Status": "Validado", "Bloco": "Domingo" }, "geometry": { "type": "MultiLineString", "coordinates": [ [ [ 675784.304283151985146, 7482170.859910951927304 ], [ 675833.685750413569622, 7482130.818930009379983 ], [ 675848.920687881647609, 7482114.230137955397367 ] ] ] } },
{ "type": "Feature", "properties": { "id": "Gramacho.107", "id_trecho": 2039, "Name": "Avenida Pelótas", "description": null, "Extensao_m": 116.69635855031704, "Bairro_logradouros": "Gramacho", "Bairro_rotas": "Gramacho", "Distrito": "1º", "Lote": "I", "Name_2": "Ponto 153", "description_2": "Velocidade: 10km/h<br>05/07/2026 15:23:05", "layer": "TTW7E72", "path": "C:/KMLs/Estevao/05-07-2026/Coleta/Trajeto_TTW7E72.kml|layername=Trajeto|geometrytype=Point|uniqueGeometryType=yes", "Velocidade": 10.0, "Data": "2026-07-05", "hora": "15:23:05", "Rota": "ROTA 250 (TARDE) - Gramacho - Domingo", "Turno": "Tarde", "Dias_da_semana": [ "dom" ], "Hit_Rate": 33.33, "Status": "Baixo hit rate", "Bloco": "Domingo" }, "geometry": { "type": "MultiLineString", "coordinates": [ [ [ 676015.555349507601932, 7481967.01373752579093 ], [ 675929.390673588495702, 7482045.710714661516249 ] ] ] } },
{ "type": "Feature", "properties": { "id": "Gramacho.107", "id_trecho": 2038, "Name": "Avenida Pelótas", "description": null, "Extensao_m": 117.83615360254306, "Bairro_logradouros": "Gramacho", "Bairro_rotas": "Gramacho", "Distrito": "1º", "Lote": "I", "Name_2": "Ponto 157", "description_2": "Velocidade: 14km/h<br>05/07/2026 15:23:35", "layer": "TTW7E72", "path": "C:/KMLs/Estevao/05-07-2026/Coleta/Trajeto_TTW7E72.kml|layername=Trajeto|geometrytype=Point|uniqueGeometryType=yes", "Velocidade": 14.0, "Data": "2026-07-05", "hora": "15:23:35", "Rota": "ROTA 250 (TARDE) - Gramacho - Domingo", "Turno": "Tarde", "Dias_da_semana": [ "dom" ], "Hit_Rate": 66.67, "Status": "Validado", "Bloco": "Domingo" }, "geometry": { "type": "MultiLineString", "coordinates": [ [ [ 676102.385878670611419, 7481887.356064194813371 ], [ 676015.555349507601932, 7481967.01373752579093 ] ] ] } },
{ "type": "Feature", "properties": { "id": "Gramacho.107", "id_trecho": 2036, "Name": "Avenida Pelótas", "description": null, "Extensao_m": 89.79453030655597, "Bairro_logradouros": "Gramacho", "Bairro_rotas": "Gramacho", "Distrito": "1º", "Lote": "I", "Name_2": "Ponto 158", "description_2": "Velocidade: 6km/h<br>05/07/2026 15:24:06", "layer": "TTW7E72", "path": "C:/KMLs/Estevao/05-07-2026/Coleta/Trajeto_TTW7E72.kml|layername=Trajeto|geometrytype=Point|uniqueGeometryType=yes", "Velocidade": 6.0, "Data": "2026-07-05", "hora": "15:24:06", "Rota": "ROTA 250 (TARDE) - Gramacho - Domingo", "Turno": "Tarde", "Dias_da_semana": [ "dom" ], "Hit_Rate": 50.0, "Status": "Baixo hit rate", "Bloco": "Domingo" }, "geometry": { "type": "MultiLineString", "coordinates": [ [ [ 676177.347394680604339, 7481821.401815628632903 ], [ 676109.940171183203347, 7481880.723438568413258 ] ] ] } },
{ "type": "Feature", "properties": { "id": "Gramacho.224", "id_trecho": 2070, "Name": "Avenida República do Paraguai", "description": null, "Extensao_m": 84.186358256764265, "Bairro_logradouros": "Gramacho", "Bairro_rotas": "Gramacho", "Distrito": "1º", "Lote": "I", "Name_2": "Ponto 407", "description_2": "Velocidade: 19km/h<br>05/07/2026 19:18:11", "layer": "TTW7E72", "path": "C:/KMLs/Estevao/05-07-2026/Coleta/Trajeto_TTW7E72.kml|layername=Trajeto|geometrytype=Point|uniqueGeometryType=yes", "Velocidade": 19.0, "Data": "2026-07-05", "hora": "19:18:11", "Rota": "ROTA 250 (TARDE) - Gramacho - Domingo", "Turno": "Tarde", "Dias_da_semana": [ "dom" ], "Hit_Rate": 100.0, "Status": "Validado", "Bloco": "Domingo" }, "geometry": { "type": "MultiLineString", "coordinates": [ [ [ 674305.97707348014228, 7483175.784055484458804 ], [ 674293.765820578089915, 7483167.850686337798834 ], [ 674283.206419070833363, 7483159.754410572350025 ], [ 674265.099192952271551, 7483142.840712837874889 ], [ 674246.0147721337853, 7483117.731984335929155 ] ] ] } },
{ "type": "Feature", "properties": { "id": "Gramacho.224", "id_trecho": 2069, "Name": "Avenida República do Paraguai", "description": null, "Extensao_m": 21.787111967619648, "Bairro_logradouros": "Gramacho", "Bairro_rotas": "Gramacho", "Distrito": "1º", "Lote": "I", "Name_2": "Ponto 408", "description_2": "Velocidade: 32km/h<br>05/07/2026 19:18:22", "layer": "TTW7E72", "path": "C:/KMLs/Estevao/05-07-2026/Coleta/Trajeto_TTW7E72.kml|layername=Trajeto|geometrytype=Point|uniqueGeometryType=yes", "Velocidade": 32.0, "Data": "2026-07-05", "hora": "19:18:22", "Rota": "ROTA 250 (TARDE) - Gramacho - Domingo", "Turno": "Tarde", "Dias_da_semana": [ "dom" ], "Hit_Rate": 50.0, "Status": "Baixo hit rate", "Bloco": "Domingo" }, "geometry": { "type": "MultiLineString", "coordinates": [ [ [ 674326.316189245786518, 7483183.09267895668745 ], [ 674319.274033994181082, 7483181.656187817454338 ], [ 674312.499909219099209, 7483179.408182516694069 ], [ 674305.97707348014228, 7483175.784055484458804 ] ] ] } },
{ "type": "Feature", "properties": { "id": "Gramacho.224", "id_trecho": 2057, "Name": "Avenida República do Paraguai", "description": null, "Extensao_m": 79.831575780901531, "Bairro_logradouros": "Gramacho", "Bairro_rotas": "Gramacho", "Distrito": "1º", "Lote": "I", "Name_2": "Ponto 411", "description_2": "Velocidade: 14km/h<br>05/07/2026 19:20:22", "layer": "TTW7E72", "path": "C:/KMLs/Estevao/05-07-2026/Coleta/Trajeto_TTW7E72.kml|layername=Trajeto|geometrytype=Point|uniqueGeometryType=yes", "Velocidade": 14.0, "Data": "2026-07-05", "hora": "19:20:22", "Rota": "ROTA 250 (TARDE) - Gramacho - Domingo", "Turno": "Tarde", "Dias_da_semana": [ "dom" ], "Hit_Rate": 100.0, "Status": "Validado", "Bloco": "Domingo" }, "geometry": { "type": "MultiLineString", "coordinates": [ [ [ 675051.602507970063016, 7482928.353304521180689 ], [ 675008.506898941122927, 7482995.551331437192857 ] ] ] } },
{ "type": "Feature", "properties": { "id": "Gramacho.107", "id_trecho": 2022, "Name": "Avenida Pelótas", "description": null, "Extensao_m": 117.94235018309938, "Bairro_logradouros": "Gramacho", "Bairro_rotas": "Gramacho", "Distrito": "1º", "Lote": "I", "Name_2": "Ponto 412", "description_2": "Velocidade: 33km/h<br>05/07/2026 19:21:22", "layer": "TTW7E72", "path": "C:/KMLs/Estevao/05-07-2026/Coleta/Trajeto_TTW7E72.kml|layername=Trajeto|geometrytype=Point|uniqueGeometryType=yes", "Velocidade": 33.0, "Data": "2026-07-05", "hora": "19:21:22", "Rota": "ROTA 250 (TARDE) - Gramacho - Domingo", "Turno": "Tarde", "Dias_da_semana": [ "dom" ], "Hit_Rate": 66.67, "Status": "Validado", "Bloco": "Domingo" }, "geometry": { "type": "MultiLineString", "coordinates": [ [ [ 675181.403848724672571, 7482669.098183507099748 ], [ 675273.665252043167129, 7482595.629436360672116 ] ] ] } },
{ "type": "Feature", "properties": { "id": "Gramacho.107", "id_trecho": 2034, "Name": "Avenida Pelótas", "description": null, "Extensao_m": 85.287508677299797, "Bairro_logradouros": "Gramacho", "Bairro_rotas": "Gramacho", "Distrito": "1º", "Lote": "I", "Name_2": "Ponto 471", "description_2": "Velocidade: 12km/h<br>05/07/2026 19:45:09", "layer": "TTW7E72", "path": "C:/KMLs/Estevao/05-07-2026/Coleta/Trajeto_TTW7E72.kml|layername=Trajeto|geometrytype=Point|uniqueGeometryType=yes", "Velocidade": 12.0, "Data": "2026-07-05", "hora": "19:45:09", "Rota": "ROTA 250 (TARDE) - Gramacho - Domingo", "Turno": "Tarde", "Dias_da_semana": [ "dom" ], "Hit_Rate": 66.67, "Status": "Validado", "Bloco": "Domingo" }, "geometry": { "type": "MultiLineString", "coordinates": [ [ [ 676248.351652331999503, 7481756.12428433727473 ], [ 676185.735232327599078, 7481814.028559703379869 ] ] ] } },
{ "type": "Feature", "properties": { "id": "Vila_Sao_Luis.5", "id_trecho": 6996, "Name": "Avenida Expedicionário José Amaro", "description": null, "Extensao_m": 436.29211251948772, "Bairro_logradouros": "Vila Sao Luis", "Bairro_rotas": "Vila São Luis", "Distrito": "1º", "Lote": "I", "Name_2": "Ponto 29", "description_2": "Velocidade: 32km/h<br>05/07/2026 15:18:12", "layer": "TUN3B98", "path": "C:/KMLs/Estevao/05-07-2026/Coleta/Trajeto_TUN3B98.kml|layername=Trajeto|geometrytype=Point|uniqueGeometryType=yes", "Velocidade": 32.0, "Data": "2026-07-05", "hora": "15:18:12", "Rota": "ROTA 520 (TARDE) - Vila São Luís - Domingo", "Turno": "Tarde", "Dias_da_semana": [ "dom" ], "Hit_Rate": 100.0, "Status": "Validado", "Bloco": "Domingo" }, "geometry": { "type": "MultiLineString", "coordinates": [ [ [ 675507.722453863359988, 7481195.382573027163744 ], [ 675517.549964180914685, 7481211.294010945595801 ], [ 675527.898756852489896, 7481224.320026085712016 ], [ 675539.99721882189624, 7481235.00015720911324 ], [ 675570.398167771054432, 7481255.535642872564495 ], [ 675588.778430393431336, 7481265.899518671445549 ], [ 675611.128208266105503, 7481278.487795857712626 ], [ 675633.762708105379716, 7481291.715079342015088 ], [ 675652.479887729045004, 7481301.897796789184213 ], [ 675663.966280299238861, 7481306.704297862946987 ], [ 675673.922411568230018, 7481309.734394480474293 ], [ 675688.40240655420348, 7481312.302423799410462 ], [ 675708.522432050434873, 7481312.346664419397712 ], [ 675733.131488662678748, 7481308.916912330314517 ], [ 675764.242161442292854, 7481301.092822577804327 ], [ 675773.785002064658329, 7481298.579253598116338 ], [ 675799.33112583309412, 7481292.70213707536459 ], [ 675818.321783123305067, 7481288.340523539111018 ], [ 675872.407752352766693, 7481275.255713026970625 ], [ 675880.887259325478226, 7481270.495157986879349 ], [ 675883.594981471891515, 7481266.631999583914876 ], [ 675888.130080905626528, 7481253.83261944167316 ] ] ] } },
{ "type": "Feature", "properties": { "id": "Vila_Sao_Luis.5", "id_trecho": 7009, "Name": "Avenida Expedicionário José Amaro", "description": null, "Extensao_m": 22.323789302071877, "Bairro_logradouros": "Vila Sao Luis", "Bairro_rotas": "Vila São Luis", "Distrito": "1º", "Lote": "I", "Name_2": "Ponto 32", "description_2": "Velocidade: 5km/h<br>05/07/2026 15:19:25", "layer": "TUN3B98", "path": "C:/KMLs/Estevao/05-07-2026/Coleta/Trajeto_TUN3B98.kml|layername=Trajeto|geometrytype=Point|uniqueGeometryType=yes", "Velocidade": 5.0, "Data": "2026-07-05", "hora": "15:19:25", "Rota": "ROTA 520 (TARDE) - Vila São Luís - Domingo", "Turno": "Tarde", "Dias_da_semana": [ "dom" ], "Hit_Rate": 33.33, "Status": "Baixo hit rate", "Bloco": "Domingo" }, "geometry": { "type": "MultiLineString", "coordinates": [ [ [ 675492.327077247085981, 7481149.154393989592791 ], [ 675491.655882872873917, 7481141.145510964095592 ], [ 675485.421285660821013, 7481128.291294977068901 ] ] ] } },
{ "type": "Feature", "properties": { "id": "Vila_Sao_Luis.5", "id_trecho": 6993, "Name": "Avenida Expedicionário José Amaro", "description": null, "Extensao_m": 107.3242818207962, "Bairro_logradouros": "Vila Sao Luis", "Bairro_rotas": "Vila São Luis", "Distrito": "1º", "Lote": "I", "Name_2": "Ponto 38", "description_2": "Velocidade: 0km/h<br>05/07/2026 15:20:31", "layer": "TUN3B98", "path": "C:/KMLs/Estevao/05-07-2026/Coleta/Trajeto_TUN3B98.kml|layername=Trajeto|geometrytype=Point|uniqueGeometryType=yes", "Velocidade": 0.0, "Data": "2026-07-05", "hora": "15:20:31", "Rota": "ROTA 520 (TARDE) - Vila São Luís - Domingo", "Turno": "Tarde", "Dias_da_semana": [ "dom" ], "Hit_Rate": 83.33, "Status": "Validado", "Bloco": "Domingo" }, "geometry": { "type": "MultiLineString", "coordinates": [ [ [ 675446.688432621769607, 7481028.318296896293759 ], [ 675465.655318056116812, 7481070.836161760613322 ], [ 675474.481908059911802, 7481095.24232223816216 ], [ 675485.421285660821013, 7481128.291294977068901 ] ] ] } },
{ "type": "Feature", "properties": { "id": "Vila_Sao_Luis.5", "id_trecho": 6992, "Name": "Avenida Expedicionário José Amaro", "description": null, "Extensao_m": 69.437508860082488, "Bairro_logradouros": "Vila Sao Luis", "Bairro_rotas": "Vila São Luis", "Distrito": "1º", "Lote": "I", "Name_2": "Ponto 40", "description_2": "Velocidade: 6km/h<br>05/07/2026 15:20:50", "layer": "TUN3B98", "path": "C:/KMLs/Estevao/05-07-2026/Coleta/Trajeto_TUN3B98.kml|layername=Trajeto|geometrytype=Point|uniqueGeometryType=yes", "Velocidade": 6.0, "Data": "2026-07-05", "hora": "15:20:50", "Rota": "ROTA 520 (TARDE) - Vila São Luís - Domingo", "Turno": "Tarde", "Dias_da_semana": [ "dom" ], "Hit_Rate": 83.33, "Status": "Validado", "Bloco": "Domingo" }, "geometry": { "type": "MultiLineString", "coordinates": [ [ [ 675416.253272744594142, 7480965.907736737281084 ], [ 675446.688432621769607, 7481028.318296896293759 ] ] ] } },
{ "type": "Feature", "properties": { "id": "Vila_Sao_Luis.5", "id_trecho": 7006, "Name": "Avenida Expedicionário José Amaro", "description": null, "Extensao_m": 27.300506378917206, "Bairro_logradouros": "Vila Sao Luis", "Bairro_rotas": "Vila São Luis", "Distrito": "1º", "Lote": "I", "Name_2": "Ponto 44", "description_2": "Velocidade: 16km/h<br>05/07/2026 15:21:16", "layer": "TUN3B98", "path": "C:/KMLs/Estevao/05-07-2026/Coleta/Trajeto_TUN3B98.kml|layername=Trajeto|geometrytype=Point|uniqueGeometryType=yes", "Velocidade": 16.0, "Data": "2026-07-05", "hora": "15:21:16", "Rota": "ROTA 520 (TARDE) - Vila São Luís - Domingo", "Turno": "Tarde", "Dias_da_semana": [ "dom" ], "Hit_Rate": 50.0, "Status": "Baixo hit rate", "Bloco": "Domingo" }, "geometry": { "type": "MultiLineString", "coordinates": [ [ [ 675416.253272744594142, 7480965.907736737281084 ], [ 675404.902895634062588, 7480941.079185014590621 ] ] ] } },
{ "type": "Feature", "properties": { "id": "Vila_Sao_Luis.5", "id_trecho": 7007, "Name": "Avenida Expedicionário José Amaro", "description": null, "Extensao_m": 95.593067778537844, "Bairro_logradouros": "Vila Sao Luis", "Bairro_rotas": "Vila São Luis", "Distrito": "1º", "Lote": "I", "Name_2": "Ponto 45", "description_2": "Velocidade: 14km/h<br>05/07/2026 15:21:32", "layer": "TUN3B98", "path": "C:/KMLs/Estevao/05-07-2026/Coleta/Trajeto_TUN3B98.kml|layername=Trajeto|geometrytype=Point|uniqueGeometryType=yes", "Velocidade": 14.0, "Data": "2026-07-05", "hora": "15:21:32", "Rota": "ROTA 520 (TARDE) - Vila São Luís - Domingo", "Turno": "Tarde", "Dias_da_semana": [ "dom" ], "Hit_Rate": 100.0, "Status": "Validado", "Bloco": "Domingo" }, "geometry": { "type": "MultiLineString", "coordinates": [ [ [ 675404.902895634062588, 7480941.079185014590621 ], [ 675365.787302020471543, 7480853.857399083673954 ] ] ] } },
{ "type": "Feature", "properties": { "id": "Vila_Sao_Luis.5", "id_trecho": 7008, "Name": "Avenida Expedicionário José Amaro", "description": null, "Extensao_m": 63.278920806693378, "Bairro_logradouros": "Vila Sao Luis", "Bairro_rotas": "Vila São Luis", "Distrito": "1º", "Lote": "I", "Name_2": "Ponto 50", "description_2": "Velocidade: 11km/h<br>05/07/2026 15:22:28", "layer": "TUN3B98", "path": "C:/KMLs/Estevao/05-07-2026/Coleta/Trajeto_TUN3B98.kml|layername=Trajeto|geometrytype=Point|uniqueGeometryType=yes", "Velocidade": 11.0, "Data": "2026-07-05", "hora": "15:22:28", "Rota": "ROTA 520 (TARDE) - Vila São Luís - Domingo", "Turno": "Tarde", "Dias_da_semana": [ "dom" ], "Hit_Rate": 83.33, "Status": "Validado", "Bloco": "Domingo" }, "geometry": { "type": "MultiLineString", "coordinates": [ [ [ 675365.787302020471543, 7480853.857399083673954 ], [ 675352.85499820462428, 7480825.020121679641306 ], [ 675339.161000162130222, 7480796.460112582892179 ] ] ] } },
{ "type": "Feature", "properties": { "id": "Vila_Sao_Luis.5", "id_trecho": 6991, "Name": "Avenida Expedicionário José Amaro", "description": null, "Extensao_m": 34.168054130134635, "Bairro_logradouros": "Vila Sao Luis", "Bairro_rotas": "Vila São Luis", "Distrito": "1º", "Lote": "I", "Name_2": "Ponto 51", "description_2": "Velocidade: 6km/h<br>05/07/2026 15:22:32", "layer": "TUN3B98", "path": "C:/KMLs/Estevao/05-07-2026/Coleta/Trajeto_TUN3B98.kml|layername=Trajeto|geometrytype=Point|uniqueGeometryType=yes", "Velocidade": 6.0, "Data": "2026-07-05", "hora": "15:22:32", "Rota": "ROTA 520 (TARDE) - Vila São Luís - Domingo", "Turno": "Tarde", "Dias_da_semana": [ "dom" ], "Hit_Rate": 66.67, "Status": "Validado", "Bloco": "Domingo" }, "geometry": { "type": "MultiLineString", "coordinates": [ [ [ 675325.494178483379073, 7480765.145152266137302 ], [ 675339.161000162130222, 7480796.460112582892179 ] ] ] } },
{ "type": "Feature", "properties": { "id": "Vila_Sao_Luis.5", "id_trecho": 7002, "Name": "Avenida Expedicionário José Amaro", "description": null, "Extensao_m": 36.062993798387616, "Bairro_logradouros": "Vila Sao Luis", "Bairro_rotas": "Vila São Luis", "Distrito": "1º", "Lote": "I", "Name_2": "Ponto 55", "description_2": "Velocidade: 12km/h<br>05/07/2026 15:23:11", "layer": "TUN3B98", "path": "C:/KMLs/Estevao/05-07-2026/Coleta/Trajeto_TUN3B98.kml|layername=Trajeto|geometrytype=Point|uniqueGeometryType=yes", "Velocidade": 12.0, "Data": "2026-07-05", "hora": "15:23:11", "Rota": "ROTA 520 (TARDE) - Vila São Luís - Domingo", "Turno": "Tarde", "Dias_da_semana": [ "dom" ], "Hit_Rate": 66.67, "Status": "Validado", "Bloco": "Domingo" }, "geometry": { "type": "MultiLineString", "coordinates": [ [ [ 675294.486688653705642, 7480718.105605103075504 ], [ 675269.008921511704102, 7480692.583657925948501 ] ] ] } },
{ "type": "Feature", "properties": { "id": "Vila_Sao_Luis.5", "id_trecho": 7003, "Name": "Avenida Expedicionário José Amaro", "description": null, "Extensao_m": 87.895635725541553, "Bairro_logradouros": "Vila Sao Luis", "Bairro_rotas": "Vila São Luis", "Distrito": "1º", "Lote": "I", "Name_2": "Ponto 58", "description_2": "Velocidade: 9km/h<br>05/07/2026 15:23:50", "layer": "TUN3B98", "path": "C:/KMLs/Estevao/05-07-2026/Coleta/Trajeto_TUN3B98.kml|layername=Trajeto|geometrytype=Point|uniqueGeometryType=yes", "Velocidade": 9.0, "Data": "2026-07-05", "hora": "15:23:50", "Rota": "ROTA 520 (TARDE) - Vila São Luís - Domingo", "Turno": "Tarde", "Dias_da_semana": [ "dom" ], "Hit_Rate": 50.0, "Status": "Baixo hit rate", "Bloco": "Domingo" }, "geometry": { "type": "MultiLineString", "coordinates": [ [ [ 675269.008921511704102, 7480692.583657925948501 ], [ 675206.132794116972946, 7480631.167724303901196 ] ] ] } },
{ "type": "Feature", "properties": { "id": "Vila_Sao_Luis.5", "id_trecho": 6988, "Name": "Avenida Expedicionário José Amaro", "description": null, "Extensao_m": 12.038728503787388, "Bairro_logradouros": "Vila Sao Luis", "Bairro_rotas": "Vila São Luis", "Distrito": "1º", "Lote": "I", "Name_2": "Ponto 66", "description_2": "Velocidade: 8km/h<br>05/07/2026 15:25:40", "layer": "TUN3B98", "path": "C:/KMLs/Estevao/05-07-2026/Coleta/Trajeto_TUN3B98.kml|layername=Trajeto|geometrytype=Point|uniqueGeometryType=yes", "Velocidade": 8.0, "Data": "2026-07-05", "hora": "15:25:40", "Rota": "ROTA 520 (TARDE) - Vila São Luís - Domingo", "Turno": "Tarde", "Dias_da_semana": [ "dom" ], "Hit_Rate": 66.67, "Status": "Validado", "Bloco": "Domingo" }, "geometry": { "type": "MultiLineString", "coordinates": [ [ [ 675139.041104102274403, 7480568.008503992110491 ], [ 675130.084294874221087, 7480559.964845089241862 ] ] ] } },
{ "type": "Feature", "properties": { "id": "Vila_Sao_Luis.5", "id_trecho": 6997, "Name": "Avenida Expedicionário José Amaro", "description": null, "Extensao_m": 78.753924770124911, "Bairro_logradouros": "Vila Sao Luis", "Bairro_rotas": "Vila São Luis", "Distrito": "1º", "Lote": "I", "Name_2": "Ponto 67", "description_2": "Velocidade: 4km/h<br>05/07/2026 15:25:54", "layer": "TUN3B98", "path": "C:/KMLs/Estevao/05-07-2026/Coleta/Trajeto_TUN3B98.kml|layername=Trajeto|geometrytype=Point|uniqueGeometryType=yes", "Velocidade": 4.0, "Data": "2026-07-05", "hora": "15:25:54", "Rota": "ROTA 520 (TARDE) - Vila São Luís - Domingo", "Turno": "Tarde", "Dias_da_semana": [ "dom" ], "Hit_Rate": 83.33, "Status": "Validado", "Bloco": "Domingo" }, "geometry": { "type": "MultiLineString", "coordinates": [ [ [ 675130.084294874221087, 7480559.964845089241862 ], [ 675072.516983341658488, 7480506.225452514365315 ] ] ] } },
{ "type": "Feature", "properties": { "id": "Vila_Sao_Luis.5", "id_trecho": 7001, "Name": "Avenida Expedicionário José Amaro", "description": null, "Extensao_m": 160.01511469502745, "Bairro_logradouros": "Vila Sao Luis", "Bairro_rotas": "Vila São Luis", "Distrito": "1º", "Lote": "I", "Name_2": "Ponto 73", "description_2": "Velocidade: 5km/h<br>05/07/2026 15:27:12", "layer": "TUN3B98", "path": "C:/KMLs/Estevao/05-07-2026/Coleta/Trajeto_TUN3B98.kml|layername=Trajeto|geometrytype=Point|uniqueGeometryType=yes", "Velocidade": 5.0, "Data": "2026-07-05", "hora": "15:27:12", "Rota": "ROTA 520 (TARDE) - Vila São Luís - Domingo", "Turno": "Tarde", "Dias_da_semana": [ "dom" ], "Hit_Rate": 100.0, "Status": "Validado", "Bloco": "Domingo" }, "geometry": { "type": "MultiLineString", "coordinates": [ [ [ 674883.468012551660649, 7480424.825536577962339 ], [ 674748.195003796368837, 7480428.438823246397078 ], [ 674723.564947778824717, 7480430.161961451172829 ] ] ] } },
{ "type": "Feature", "properties": { "id": "Vila_Sao_Luis.5", "id_trecho": 6986, "Name": "Avenida Expedicionário José Amaro", "description": null, "Extensao_m": 168.71260726668731, "Bairro_logradouros": "Vila Sao Luis", "Bairro_rotas": "Vila São Luis", "Distrito": "1º", "Lote": "I", "Name_2": "Ponto 80", "description_2": "Velocidade: 0km/h<br>05/07/2026 15:28:29", "layer": "TUN3B98", "path": "C:/KMLs/Estevao/05-07-2026/Coleta/Trajeto_TUN3B98.kml|layername=Trajeto|geometrytype=Point|uniqueGeometryType=yes", "Velocidade": 0.0, "Data": "2026-07-05", "hora": "15:28:29", "Rota": "ROTA 520 (TARDE) - Vila São Luís - Domingo", "Turno": "Tarde", "Dias_da_semana": [ "dom" ], "Hit_Rate": 100.0, "Status": "Validado", "Bloco": "Domingo" }, "geometry": { "type": "MultiLineString", "coordinates": [ [ [ 674554.932351667550392, 7480435.147657748311758 ], [ 674606.840260386001319, 7480433.809095566160977 ], [ 674697.105600785231218, 7480430.711402988061309 ], [ 674723.564947778824717, 7480430.161961451172829 ] ] ] } },
{ "type": "Feature", "properties": { "id": "Doutor_Laureano.3", "id_trecho": 1526, "Name": "Avenida Presidente Tancredo Neves", "description": null, "Extensao_m": 61.271617898689804, "Bairro_logradouros": "Doutor Laureano", "Bairro_rotas": "Vila São Luis", "Distrito": "1º", "Lote": "I", "Name_2": "Ponto 90", "description_2": "Velocidade: 6km/h<br>05/07/2026 15:30:59", "layer": "TUN3B98", "path": "C:/KMLs/Estevao/05-07-2026/Coleta/Trajeto_TUN3B98.kml|layername=Trajeto|geometrytype=Point|uniqueGeometryType=yes", "Velocidade": 6.0, "Data": "2026-07-05", "hora": "15:30:59", "Rota": "ROTA 520 (TARDE) - Vila São Luís - Domingo", "Turno": "Tarde", "Dias_da_semana": [ "dom" ], "Hit_Rate": 66.67, "Status": "Validado", "Bloco": "Domingo" }, "geometry": { "type": "MultiLineString", "coordinates": [ [ [ 674541.418921673321165, 7480436.244130561128259 ], [ 674549.936603406327777, 7480450.814857484772801 ], [ 674568.856310893665068, 7480479.684564787894487 ], [ 674574.729375057853758, 7480487.623976930975914 ] ] ] } },
{ "type": "Feature", "properties": { "id": "Vila_Sao_Luis.56", "id_trecho": 7038, "Name": "Avenida Presidente Tancredo Neves", "description": null, "Extensao_m": 60.912356310037168, "Bairro_logradouros": "Vila Sao Luis", "Bairro_rotas": "Vila São Luis", "Distrito": "1º", "Lote": "I", "Name_2": "Ponto 112", "description_2": "Velocidade: 12km/h<br>05/07/2026 15:33:44", "layer": "TUN3B98", "path": "C:/KMLs/Estevao/05-07-2026/Coleta/Trajeto_TUN3B98.kml|layername=Trajeto|geometrytype=Point|uniqueGeometryType=yes", "Velocidade": 12.0, "Data": "2026-07-05", "hora": "15:33:44", "Rota": "ROTA 520 (TARDE) - Vila São Luís - Domingo", "Turno": "Tarde", "Dias_da_semana": [ "dom" ], "Hit_Rate": 83.33, "Status": "Validado", "Bloco": "Domingo" }, "geometry": { "type": "MultiLineString", "coordinates": [ [ [ 674439.484550016932189, 7480296.834817420691252 ], [ 674402.655497910454869, 7480248.31928442325443 ] ] ] } },
{ "type": "Feature", "properties": { "id": "Vila_Sao_Luis.56", "id_trecho": 7039, "Name": "Avenida Presidente Tancredo Neves", "description": null, "Extensao_m": 105.98435271029336, "Bairro_logradouros": "Vila Sao Luis", "Bairro_rotas": "Vila São Luis", "Distrito": "1º", "Lote": "I", "Name_2": "Ponto 117", "description_2": "Velocidade: 9km/h<br>05/07/2026 15:35:02", "layer": "TUN3B98", "path": "C:/KMLs/Estevao/05-07-2026/Coleta/Trajeto_TUN3B98.kml|layername=Trajeto|geometrytype=Point|uniqueGeometryType=yes", "Velocidade": 9.0, "Data": "2026-07-05", "hora": "15:35:02", "Rota": "ROTA 520 (TARDE) - Vila São Luís - Domingo", "Turno": "Tarde", "Dias_da_semana": [ "dom" ], "Hit_Rate": 83.33, "Status": "Validado", "Bloco": "Domingo" }, "geometry": { "type": "MultiLineString", "coordinates": [ [ [ 674402.655497910454869, 7480248.31928442325443 ], [ 674339.47644702414982, 7480163.227901754900813 ] ] ] } },
{ "type": "Feature", "properties": { "id": "Vila_Sao_Luis.56", "id_trecho": 7040, "Name": "Avenida Presidente Tancredo Neves", "description": null, "Extensao_m": 113.29768769615457, "Bairro_logradouros": "Vila Sao Luis", "Bairro_rotas": "Vila São Luis", "Distrito": "1º", "Lote": "I", "Name_2": "Ponto 122", "description_2": "Velocidade: 9km/h<br>05/07/2026 15:37:12", "layer": "TUN3B98", "path": "C:/KMLs/Estevao/05-07-2026/Coleta/Trajeto_TUN3B98.kml|layername=Trajeto|geometrytype=Point|uniqueGeometryType=yes", "Velocidade": 9.0, "Data": "2026-07-05", "hora": "15:37:12", "Rota": "ROTA 520 (TARDE) - Vila São Luís - Domingo", "Turno": "Tarde", "Dias_da_semana": [ "dom" ], "Hit_Rate": 83.33, "Status": "Validado", "Bloco": "Domingo" }, "geometry": { "type": "MultiLineString", "coordinates": [ [ [ 674339.47644702414982, 7480163.227901754900813 ], [ 674286.77438171650283, 7480087.21902840025723 ], [ 674274.922460952308029, 7480070.123033005744219 ] ] ] } },
{ "type": "Feature", "properties": { "id": "Vila_Sao_Luis.56", "id_trecho": 7041, "Name": "Avenida Presidente Tancredo Neves", "description": null, "Extensao_m": 109.84125659471701, "Bairro_logradouros": "Vila Sao Luis", "Bairro_rotas": "Vila São Luis", "Distrito": "1º", "Lote": "I", "Name_2": "Ponto 127", "description_2": "Velocidade: 14km/h<br>05/07/2026 15:37:51", "layer": "TUN3B98", "path": "C:/KMLs/Estevao/05-07-2026/Coleta/Trajeto_TUN3B98.kml|layername=Trajeto|geometrytype=Point|uniqueGeometryType=yes", "Velocidade": 14.0, "Data": "2026-07-05", "hora": "15:37:51", "Rota": "ROTA 520 (TARDE) - Vila São Luís - Domingo", "Turno": "Tarde", "Dias_da_semana": [ "dom" ], "Hit_Rate": 100.0, "Status": "Validado", "Bloco": "Domingo" }, "geometry": { "type": "MultiLineString", "coordinates": [ [ [ 674274.922460952308029, 7480070.123033005744219 ], [ 674209.460189237608574, 7479981.923307696357369 ] ] ] } },
{ "type": "Feature", "properties": { "id": "Vila_Sao_Luis.56", "id_trecho": 7042, "Name": "Avenida Presidente Tancredo Neves", "description": null, "Extensao_m": 110.65230103966451, "Bairro_logradouros": "Vila Sao Luis", "Bairro_rotas": "Vila São Luis", "Distrito": "1º", "Lote": "I", "Name_2": "Ponto 132", "description_2": "Velocidade: 0km/h<br>05/07/2026 15:39:12", "layer": "TUN3B98", "path": "C:/KMLs/Estevao/05-07-2026/Coleta/Trajeto_TUN3B98.kml|layername=Trajeto|geometrytype=Point|uniqueGeometryType=yes", "Velocidade": 0.0, "Data": "2026-07-05", "hora": "15:39:12", "Rota": "ROTA 520 (TARDE) - Vila São Luís - Domingo", "Turno": "Tarde", "Dias_da_semana": [ "dom" ], "Hit_Rate": 100.0, "Status": "Validado", "Bloco": "Domingo" }, "geometry": { "type": "MultiLineString", "coordinates": [ [ [ 674209.460189237608574, 7479981.923307696357369 ], [ 674144.476021985290572, 7479892.366773272864521 ] ] ] } },
{ "type": "Feature", "properties": { "id": "Vila_Sao_Luis.56", "id_trecho": 7043, "Name": "Avenida Presidente Tancredo Neves", "description": null, "Extensao_m": 107.81976742471025, "Bairro_logradouros": "Vila Sao Luis", "Bairro_rotas": "Vila São Luis", "Distrito": "1º", "Lote": "I", "Name_2": "Ponto 134", "description_2": "Velocidade: 5km/h<br>05/07/2026 15:40:03", "layer": "TUN3B98", "path": "C:/KMLs/Estevao/05-07-2026/Coleta/Trajeto_TUN3B98.kml|layername=Trajeto|geometrytype=Point|uniqueGeometryType=yes", "Velocidade": 5.0, "Data": "2026-07-05", "hora": "15:40:03", "Rota": "ROTA 520 (TARDE) - Vila São Luís - Domingo", "Turno": "Tarde", "Dias_da_semana": [ "dom" ], "Hit_Rate": 100.0, "Status": "Validado", "Bloco": "Domingo" }, "geometry": { "type": "MultiLineString", "coordinates": [ [ [ 674144.476021985290572, 7479892.366773272864521 ], [ 674079.644636026001535, 7479806.21921700425446 ] ] ] } },
{ "type": "Feature", "properties": { "id": "Vila_Sao_Luis.56", "id_trecho": 7045, "Name": "Avenida Presidente Tancredo Neves", "description": null, "Extensao_m": 163.82773921682613, "Bairro_logradouros": "Vila Sao Luis", "Bairro_rotas": "Vila São Luis", "Distrito": "1º", "Lote": "I", "Name_2": "Ponto 139", "description_2": "Velocidade: 0km/h<br>05/07/2026 15:41:02", "layer": "TUN3B98", "path": "C:/KMLs/Estevao/05-07-2026/Coleta/Trajeto_TUN3B98.kml|layername=Trajeto|geometrytype=Point|uniqueGeometryType=yes", "Velocidade": 0.0, "Data": "2026-07-05", "hora": "15:41:02", "Rota": "ROTA 520 (TARDE) - Vila São Luís - Domingo", "Turno": "Tarde", "Dias_da_semana": [ "dom" ], "Hit_Rate": 100.0, "Status": "Validado", "Bloco": "Domingo" }, "geometry": { "type": "MultiLineString", "coordinates": [ [ [ 674071.153237221296877, 7479804.53355073928833 ], [ 674064.469308378640562, 7479781.353633146733046 ], [ 674059.323129558353685, 7479765.110898165032268 ], [ 674056.743592826765962, 7479744.331406803801656 ], [ 674056.050526231760159, 7479735.765262017026544 ], [ 674056.460460150847211, 7479732.382100831717253 ], [ 674060.469272556714714, 7479642.75201546959579 ] ] ] } },
{ "type": "Feature", "properties": { "id": "Vila_Sao_Luis.2", "id_trecho": 6972, "Name": "Avenida Duque de Caxias", "description": null, "Extensao_m": 28.234604393555859, "Bairro_logradouros": "Vila Sao Luis", "Bairro_rotas": "Centro", "Distrito": "1º", "Lote": "I", "Name_2": "Ponto 148", "description_2": "Velocidade: 12km/h<br>05/07/2026 15:42:45", "layer": "TUN3B98", "path": "C:/KMLs/Estevao/05-07-2026/Coleta/Trajeto_TUN3B98.kml|layername=Trajeto|geometrytype=Point|uniqueGeometryType=yes", "Velocidade": 12.0, "Data": "2026-07-05", "hora": "15:42:45", "Rota": "ROTA 520 (TARDE) - Centro - Domingo", "Turno": "Tarde", "Dias_da_semana": [ "dom" ], "Hit_Rate": 33.33, "Status": "Baixo hit rate", "Bloco": "Domingo" }, "geometry": { "type": "MultiLineString", "coordinates": [ [ [ 674069.15895398997236, 7479612.15063932724297 ], [ 674094.034360405406915, 7479625.506021098233759 ] ] ] } },
{ "type": "Feature", "properties": { "id": "Centro.81", "id_trecho": 908, "Name": "Avenida Duque de Caxias", "description": null, "Extensao_m": 47.529639767038688, "Bairro_logradouros": "Centro", "Bairro_rotas": "Centro", "Distrito": "1º", "Lote": "I", "Name_2": "Ponto 149", "description_2": "Velocidade: 19km/h<br>05/07/2026 15:42:48", "layer": "TUN3B98", "path": "C:/KMLs/Estevao/05-07-2026/Coleta/Trajeto_TUN3B98.kml|layername=Trajeto|geometrytype=Point|uniqueGeometryType=yes", "Velocidade": 19.0, "Data": "2026-07-05", "hora": "15:42:48", "Rota": "ROTA 520 (TARDE) - Centro - Domingo", "Turno": "Tarde", "Dias_da_semana": [ "dom" ], "Hit_Rate": 83.33, "Status": "Validado", "Bloco": "Domingo" }, "geometry": { "type": "MultiLineString", "coordinates": [ [ [ 674062.311857588239945, 7479608.47577596642077 ], [ 674020.294324035989121, 7479586.261432033032179 ] ] ] } },
{ "type": "Feature", "properties": { "id": "Centro.81", "id_trecho": 899, "Name": "Avenida Duque de Caxias", "description": null, "Extensao_m": 16.62315577688085, "Bairro_logradouros": "Centro", "Bairro_rotas": "Centro", "Distrito": "1º", "Lote": "I", "Name_2": "Ponto 150", "description_2": "Velocidade: 0km/h<br>05/07/2026 15:43:08", "layer": "TUN3B98", "path": "C:/KMLs/Estevao/05-07-2026/Coleta/Trajeto_TUN3B98.kml|layername=Trajeto|geometrytype=Point|uniqueGeometryType=yes", "Velocidade": 0.0, "Data": "2026-07-05", "hora": "15:43:08", "Rota": "ROTA 520 (TARDE) - Centro - Domingo", "Turno": "Tarde", "Dias_da_semana": [ "dom" ], "Hit_Rate": 66.67, "Status": "Validado", "Bloco": "Domingo" }, "geometry": { "type": "MultiLineString", "coordinates": [ [ [ 673983.20508724427782, 7479565.866307865828276 ], [ 673968.674359385273419, 7479557.793337169103324 ] ] ] } },
{ "type": "Feature", "properties": { "id": "Centro.81", "id_trecho": 900, "Name": "Avenida Duque de Caxias", "description": null, "Extensao_m": 79.322610917274687, "Bairro_logradouros": "Centro", "Bairro_rotas": "Centro", "Distrito": "1º", "Lote": "I", "Name_2": "Ponto 152", "description_2": "Velocidade: 5km/h<br>05/07/2026 15:43:43", "layer": "TUN3B98", "path": "C:/KMLs/Estevao/05-07-2026/Coleta/Trajeto_TUN3B98.kml|layername=Trajeto|geometrytype=Point|uniqueGeometryType=yes", "Velocidade": 5.0, "Data": "2026-07-05", "hora": "15:43:43", "Rota": "ROTA 520 (TARDE) - Centro - Domingo", "Turno": "Tarde", "Dias_da_semana": [ "dom" ], "Hit_Rate": 66.67, "Status": "Validado", "Bloco": "Domingo" }, "geometry": { "type": "MultiLineString", "coordinates": [ [ [ 673968.674359385273419, 7479557.793337169103324 ], [ 673899.902004471514374, 7479518.269804211333394 ] ] ] } },
{ "type": "Feature", "properties": { "id": "Centro.81", "id_trecho": 901, "Name": "Avenida Duque de Caxias", "description": null, "Extensao_m": 93.964316153300587, "Bairro_logradouros": "Centro", "Bairro_rotas": "Centro", "Distrito": "1º", "Lote": "I", "Name_2": "Ponto 154", "description_2": "Velocidade: 7km/h<br>05/07/2026 15:45:12", "layer": "TUN3B98", "path": "C:/KMLs/Estevao/05-07-2026/Coleta/Trajeto_TUN3B98.kml|layername=Trajeto|geometrytype=Point|uniqueGeometryType=yes", "Velocidade": 7.0, "Data": "2026-07-05", "hora": "15:45:12", "Rota": "ROTA 520 (TARDE) - Centro - Domingo", "Turno": "Tarde", "Dias_da_semana": [ "dom" ], "Hit_Rate": 66.67, "Status": "Validado", "Bloco": "Domingo" }, "geometry": { "type": "MultiLineString", "coordinates": [ [ [ 673899.902004471514374, 7479518.269804211333394 ], [ 673886.872219021664932, 7479510.334615361876786 ], [ 673878.531586854951456, 7479503.862931040115654 ], [ 673852.160489590605721, 7479482.303768076002598 ], [ 673826.396903345594183, 7479459.984541743062437 ] ] ] } },
{ "type": "Feature", "properties": { "id": "Centro.81", "id_trecho": 902, "Name": "Avenida Duque de Caxias", "description": null, "Extensao_m": 55.721869306054963, "Bairro_logradouros": "Centro", "Bairro_rotas": "Centro", "Distrito": "1º", "Lote": "I", "Name_2": "Ponto 155", "description_2": "Velocidade: 8km/h<br>05/07/2026 15:45:18", "layer": "TUN3B98", "path": "C:/KMLs/Estevao/05-07-2026/Coleta/Trajeto_TUN3B98.kml|layername=Trajeto|geometrytype=Point|uniqueGeometryType=yes", "Velocidade": 8.0, "Data": "2026-07-05", "hora": "15:45:18", "Rota": "ROTA 520 (TARDE) - Centro - Domingo", "Turno": "Tarde", "Dias_da_semana": [ "dom" ], "Hit_Rate": 50.0, "Status": "Baixo hit rate", "Bloco": "Domingo" }, "geometry": { "type": "MultiLineString", "coordinates": [ [ [ 673826.396903345594183, 7479459.984541743062437 ], [ 673784.003630878636613, 7479423.824193172156811 ] ] ] } },
{ "type": "Feature", "properties": { "id": "Centro.81", "id_trecho": 904, "Name": "Avenida Duque de Caxias", "description": null, "Extensao_m": 77.432843847019384, "Bairro_logradouros": "Centro", "Bairro_rotas": "Centro", "Distrito": "1º", "Lote": "I", "Name_2": "Ponto 157", "description_2": "Velocidade: 7km/h<br>05/07/2026 15:47:05", "layer": "TUN3B98", "path": "C:/KMLs/Estevao/05-07-2026/Coleta/Trajeto_TUN3B98.kml|layername=Trajeto|geometrytype=Point|uniqueGeometryType=yes", "Velocidade": 7.0, "Data": "2026-07-05", "hora": "15:47:05", "Rota": "ROTA 520 (TARDE) - Centro - Domingo", "Turno": "Tarde", "Dias_da_semana": [ "dom" ], "Hit_Rate": 33.33, "Status": "Baixo hit rate", "Bloco": "Domingo" }, "geometry": { "type": "MultiLineString", "coordinates": [ [ [ 673763.316963514545932, 7479405.433594115078449 ], [ 673704.556523095467128, 7479355.008094366639853 ] ] ] } },
{ "type": "Feature", "properties": { "id": "Centro.81", "id_trecho": 905, "Name": "Avenida Duque de Caxias", "description": null, "Extensao_m": 61.771471917790258, "Bairro_logradouros": "Centro", "Bairro_rotas": "Centro", "Distrito": "1º", "Lote": "I", "Name_2": "Ponto 160", "description_2": "Velocidade: 0km/h<br>05/07/2026 15:47:22", "layer": "TUN3B98", "path": "C:/KMLs/Estevao/05-07-2026/Coleta/Trajeto_TUN3B98.kml|layername=Trajeto|geometrytype=Point|uniqueGeometryType=yes", "Velocidade": 0.0, "Data": "2026-07-05", "hora": "15:47:22", "Rota": "ROTA 520 (TARDE) - Centro - Domingo", "Turno": "Tarde", "Dias_da_semana": [ "dom" ], "Hit_Rate": 83.33, "Status": "Validado", "Bloco": "Domingo" }, "geometry": { "type": "MultiLineString", "coordinates": [ [ [ 673704.556523095467128, 7479355.008094366639853 ], [ 673660.754600974731147, 7479311.454702963121235 ] ] ] } },
{ "type": "Feature", "properties": { "id": "Centro.81", "id_trecho": 906, "Name": "Avenida Duque de Caxias", "description": null, "Extensao_m": 128.20838178444282, "Bairro_logradouros": "Centro", "Bairro_rotas": "Centro", "Distrito": "1º", "Lote": "I", "Name_2": "Ponto 166", "description_2": "Velocidade: 0km/h<br>05/07/2026 15:49:29", "layer": "TUN3B98", "path": "C:/KMLs/Estevao/05-07-2026/Coleta/Trajeto_TUN3B98.kml|layername=Trajeto|geometrytype=Point|uniqueGeometryType=yes", "Velocidade": 0.0, "Data": "2026-07-05", "hora": "15:49:29", "Rota": "ROTA 520 (TARDE) - Centro - Domingo", "Turno": "Tarde", "Dias_da_semana": [ "dom" ], "Hit_Rate": 100.0, "Status": "Validado", "Bloco": "Domingo" }, "geometry": { "type": "MultiLineString", "coordinates": [ [ [ 673660.754600974731147, 7479311.454702963121235 ], [ 673612.43281876842957, 7479259.658071915619075 ], [ 673590.704860122874379, 7479233.682054499164224 ], [ 673584.002269479213282, 7479224.057409889996052 ], [ 673577.890259645297192, 7479213.994104567915201 ] ] ] } },
{ "type": "Feature", "properties": { "id": "Centro.8", "id_trecho": 982, "Name": "Avenida Presidente Vargas", "description": null, "Extensao_m": 220.62200066962839, "Bairro_logradouros": "Centro", "Bairro_rotas": "Centro", "Distrito": "1º", "Lote": "I", "Name_2": "Ponto 181", "description_2": "Velocidade: 4km/h<br>05/07/2026 15:55:24", "layer": "TUN3B98", "path": "C:/KMLs/Estevao/05-07-2026/Coleta/Trajeto_TUN3B98.kml|layername=Trajeto|geometrytype=Point|uniqueGeometryType=yes", "Velocidade": 4.0, "Data": "2026-07-05", "hora": "15:55:24", "Rota": "ROTA 520 (TARDE) - Centro - Domingo", "Turno": "Tarde", "Dias_da_semana": [ "dom" ], "Hit_Rate": 100.0, "Status": "Validado", "Bloco": "Domingo" }, "geometry": { "type": "MultiLineString", "coordinates": [ [ [ 673577.890259645297192, 7479213.994104567915201 ], [ 673574.693261987064034, 7479207.408093247562647 ], [ 673570.892935350653715, 7479198.348286878317595 ], [ 673569.849131873110309, 7479195.071088211610913 ], [ 673567.762552281958051, 7479187.70823913346976 ], [ 673567.08914915623609, 7479183.596216876059771 ], [ 673567.219487353228033, 7479181.523791836574674 ], [ 673567.620575366774574, 7479179.780507014133036 ], [ 673569.218023802037351, 7479176.694602513685822 ], [ 673577.668337794952095, 7479167.638705326244235 ], [ 673586.871198586421087, 7479158.839986587874591 ], [ 673589.041714476421475, 7479155.58140929043293 ], [ 673590.332412643590942, 7479151.712718399241567 ], [ 673590.865477199200541, 7479148.040957080200315 ], [ 673590.636362590361387, 7479143.270458556711674 ], [ 673573.674666757695377, 7479035.687162035144866 ], [ 673569.029072777368128, 7479005.684027764946222 ] ] ] } },
{ "type": "Feature", "properties": { "id": "Centro.8", "id_trecho": 983, "Name": "Avenida Presidente Vargas", "description": null, "Extensao_m": 217.5342349578645, "Bairro_logradouros": "Centro", "Bairro_rotas": "Centro", "Distrito": "1º", "Lote": "I", "Name_2": "Ponto 207", "description_2": "Velocidade: 0km/h<br>05/07/2026 16:10:12", "layer": "TUN3B98", "path": "C:/KMLs/Estevao/05-07-2026/Coleta/Trajeto_TUN3B98.kml|layername=Trajeto|geometrytype=Point|uniqueGeometryType=yes", "Velocidade": 0.0, "Data": "2026-07-05", "hora": "16:10:12", "Rota": "ROTA 520 (TARDE) - Centro - Domingo", "Turno": "Tarde", "Dias_da_semana": [ "dom" ], "Hit_Rate": 100.0, "Status": "Validado", "Bloco": "Domingo" }, "geometry": { "type": "MultiLineString", "coordinates": [ [ [ 673569.029072777368128, 7479005.684027764946222 ], [ 673568.615837576449849, 7478969.541515408083797 ], [ 673569.868153716321103, 7478934.476335758343339 ], [ 673573.297240049694665, 7478908.378776840865612 ], [ 673580.866371125681326, 7478884.238364048302174 ], [ 673594.148800394264981, 7478852.369039046578109 ], [ 673615.706078908871859, 7478810.4933554623276 ], [ 673622.861614924157038, 7478799.580625521950424 ] ] ] } },
{ "type": "Feature", "properties": { "id": "Centro.8", "id_trecho": 984, "Name": "Avenida Presidente Vargas", "description": null, "Extensao_m": 100.42442234753695, "Bairro_logradouros": "Centro", "Bairro_rotas": "Centro", "Distrito": "1º", "Lote": "I", "Name_2": "Ponto 230", "description_2": "Velocidade: 0km/h<br>05/07/2026 16:26:12", "layer": "TUN3B98", "path": "C:/KMLs/Estevao/05-07-2026/Coleta/Trajeto_TUN3B98.kml|layername=Trajeto|geometrytype=Point|uniqueGeometryType=yes", "Velocidade": 0.0, "Data": "2026-07-05", "hora": "16:26:12", "Rota": "ROTA 520 (TARDE) - Centro - Domingo", "Turno": "Tarde", "Dias_da_semana": [ "dom" ], "Hit_Rate": 100.0, "Status": "Validado", "Bloco": "Domingo" }, "geometry": { "type": "MultiLineString", "coordinates": [ [ [ 673622.861614924157038, 7478799.580625521950424 ], [ 673642.367485819850117, 7478771.383247290737927 ], [ 673669.662365444353782, 7478737.393339669331908 ], [ 673683.972367398091592, 7478719.975487243384123 ] ] ] } },
{ "type": "Feature", "properties": { "id": "Centro.71", "id_trecho": 1289, "Name": "Rua Prefeito José Carlos Lacerda", "description": null, "Extensao_m": 276.02691936673114, "Bairro_logradouros": "Centro", "Bairro_rotas": "Centro", "Distrito": "1º", "Lote": "I", "Name_2": "Ponto 274", "description_2": "Velocidade: 0km/h<br>05/07/2026 16:53:12", "layer": "TUN3B98", "path": "C:/KMLs/Estevao/05-07-2026/Coleta/Trajeto_TUN3B98.kml|layername=Trajeto|geometrytype=Point|uniqueGeometryType=yes", "Velocidade": 0.0, "Data": "2026-07-05", "hora": "16:53:12", "Rota": "ROTA 510 (TARDE) - Centro - Domingo", "Turno": "Tarde", "Dias_da_semana": [ "dom" ], "Hit_Rate": 100.0, "Status": "Validado", "Bloco": "Domingo" }, "geometry": { "type": "MultiLineString", "coordinates": [ [ [ 673635.551553767640144, 7478652.199618582613766 ], [ 673641.154941797372885, 7478652.822137979790568 ], [ 673646.181488273432478, 7478651.491062792949378 ], [ 673670.020626864628866, 7478632.291943486779928 ], [ 673701.247270470485091, 7478610.80440800730139 ], [ 673866.462382511468604, 7478504.117751224897802 ] ] ] } },
{ "type": "Feature", "properties": { "id": "Centro.71", "id_trecho": 1289, "Name": "Rua Prefeito José Carlos Lacerda", "description": null, "Extensao_m": 276.02691936673114, "Bairro_logradouros": "Centro", "Bairro_rotas": "Centro", "Distrito": "1º", "Lote": "I", "Name_2": "Ponto 274", "description_2": "Velocidade: 0km/h<br>05/07/2026 16:53:12", "layer": "TUN3B98", "path": "C:/KMLs/Estevao/05-07-2026/Coleta/Trajeto_TUN3B98.kml|layername=Trajeto|geometrytype=Point|uniqueGeometryType=yes", "Velocidade": 0.0, "Data": "2026-07-05", "hora": "16:53:12", "Rota": "ROTA 520 (TARDE) - Centro - Domingo", "Turno": "Tarde", "Dias_da_semana": [ "dom" ], "Hit_Rate": 100.0, "Status": "Validado", "Bloco": "Domingo" }, "geometry": { "type": "MultiLineString", "coordinates": [ [ [ 673635.551553767640144, 7478652.199618582613766 ], [ 673641.154941797372885, 7478652.822137979790568 ], [ 673646.181488273432478, 7478651.491062792949378 ], [ 673670.020626864628866, 7478632.291943486779928 ], [ 673701.247270470485091, 7478610.80440800730139 ], [ 673866.462382511468604, 7478504.117751224897802 ] ] ] } },
{ "type": "Feature", "properties": { "id": "Gramacho.224", "id_trecho": 2060, "Name": "Avenida República do Paraguai", "description": null, "Extensao_m": 162.67005105808093, "Bairro_logradouros": "Gramacho", "Bairro_rotas": "Gramacho", "Distrito": "1º", "Lote": "I", "Name_2": "Ponto 653", "description_2": "Velocidade: 17km/h<br>05/07/2026 21:59:58", "layer": "TUN3B98", "path": "C:/KMLs/Estevao/05-07-2026/Coleta/Trajeto_TUN3B98.kml|layername=Trajeto|geometrytype=Point|uniqueGeometryType=yes", "Velocidade": 17.0, "Data": "2026-07-05", "hora": "21:59:58", "Rota": "ROTA 250 (TARDE) - Gramacho - Domingo", "Turno": "Tarde", "Dias_da_semana": [ "dom" ], "Hit_Rate": 83.33, "Status": "Validado", "Bloco": "Domingo" }, "geometry": { "type": "MultiLineString", "coordinates": [ [ [ 674951.727508017560467, 7483077.768662892282009 ], [ 674940.983065331936814, 7483089.332264526747167 ], [ 674863.070372618618421, 7483165.834172204136848 ], [ 674847.107628111029044, 7483179.163171341642737 ], [ 674833.165879116393626, 7483188.703576974570751 ] ] ] } },
{ "type": "Feature", "properties": { "id": "Gramacho.224", "id_trecho": 2068, "Name": "Avenida República do Paraguai", "description": null, "Extensao_m": 37.551518388822188, "Bairro_logradouros": "Gramacho", "Bairro_rotas": "Gramacho", "Distrito": "1º", "Lote": "I", "Name_2": "Ponto 36", "description_2": "Velocidade: 17km/h<br>05/07/2026 15:05:42", "layer": "TTI9B27", "path": "C:/KMLs/Estevao/05-07-2026/Coleta/Trajeto_TTI9B27.kml|layername=Trajeto|geometrytype=Point|uniqueGeometryType=yes", "Velocidade": 17.0, "Data": "2026-07-05", "hora": "15:05:42", "Rota": "ROTA 250 (TARDE) - Gramacho - Domingo", "Turno": "Tarde", "Dias_da_semana": [ "dom" ], "Hit_Rate": 83.33, "Status": "Validado", "Bloco": "Domingo" }, "geometry": { "type": "MultiLineString", "coordinates": [ [ [ 674363.818549720337614, 7483184.988423096016049 ], [ 674338.442683839821257, 7483183.629223756492138 ], [ 674326.316189245786518, 7483183.09267895668745 ] ] ] } },
{ "type": "Feature", "properties": { "id": "Gramacho.224", "id_trecho": 2054, "Name": "Avenida República do Paraguai", "description": null, "Extensao_m": 43.90366036872426, "Bairro_logradouros": "Gramacho", "Bairro_rotas": "Gramacho", "Distrito": "1º", "Lote": "I", "Name_2": "Ponto 646", "description_2": "Velocidade: 23km/h<br>05/07/2026 21:57:28", "layer": "TUN3B98", "path": "C:/KMLs/Estevao/05-07-2026/Coleta/Trajeto_TUN3B98.kml|layername=Trajeto|geometrytype=Point|uniqueGeometryType=yes", "Velocidade": 23.0, "Data": "2026-07-05", "hora": "21:57:28", "Rota": "ROTA 250 (TARDE) - Gramacho - Domingo", "Turno": "Tarde", "Dias_da_semana": [ "dom" ], "Hit_Rate": 66.67, "Status": "Validado", "Bloco": "Domingo" }, "geometry": { "type": "MultiLineString", "coordinates": [ [ [ 675099.426641166210175, 7482828.508256406523287 ], [ 675094.32759235939011, 7482846.851061400026083 ], [ 675090.469007948995568, 7482858.745264114812016 ], [ 675085.866008105920628, 7482870.216128516942263 ] ] ] } },
{ "type": "Feature", "properties": { "id": "Gramacho.224", "id_trecho": 2053, "Name": "Avenida República do Paraguai", "description": null, "Extensao_m": 43.063820889614199, "Bairro_logradouros": "Gramacho", "Bairro_rotas": "Gramacho", "Distrito": "1º", "Lote": "I", "Name_2": "Ponto 1477", "description_2": "Velocidade: 10km/h<br>12/07/2026 21:29:51", "layer": "TUN3B98", "path": "C:/KMLs/Estevao/12-07-2026/Coleta/Trajeto_TUN3B98.kml|layername=Trajeto|geometrytype=Point|uniqueGeometryType=yes", "Velocidade": 10.0, "Data": "2026-07-12", "hora": "21:29:51", "Rota": "ROTA 250 (TARDE) - Gramacho - Domingo", "Turno": "Tarde", "Dias_da_semana": [ "dom" ], "Hit_Rate": 50.0, "Status": "Baixo hit rate", "Bloco": "Domingo" }, "geometry": { "type": "MultiLineString", "coordinates": [ [ [ 674144.108284732094035, 7483004.388877233490348 ], [ 674156.2596035344759, 7483008.901017401367426 ], [ 674165.057454984867945, 7483012.975350412540138 ], [ 674164.34234259231016, 7483005.242463608272374 ], [ 674164.282740530674346, 7483000.038130462169647 ], [ 674165.729653188725933, 7482992.745612135156989 ] ] ] } },
{ "type": "Feature", "properties": { "id": "Gramacho.224", "id_trecho": 2074, "Name": "Avenida República do Paraguai", "description": null, "Extensao_m": 48.191104536943008, "Bairro_logradouros": "Gramacho", "Bairro_rotas": "Gramacho", "Distrito": "1º", "Lote": "I", "Name_2": "Ponto 1478", "description_2": "Velocidade: 14km/h<br>12/07/2026 21:29:55", "layer": "TUN3B98", "path": "C:/KMLs/Estevao/12-07-2026/Coleta/Trajeto_TUN3B98.kml|layername=Trajeto|geometrytype=Point|uniqueGeometryType=yes", "Velocidade": 14.0, "Data": "2026-07-12", "hora": "21:29:55", "Rota": "ROTA 250 (TARDE) - Gramacho - Domingo", "Turno": "Tarde", "Dias_da_semana": [ "dom" ], "Hit_Rate": 50.0, "Status": "Baixo hit rate", "Bloco": "Domingo" }, "geometry": { "type": "MultiLineString", "coordinates": [ [ [ 674196.228858013637364, 7483049.745877750217915 ], [ 674191.243678347556852, 7483043.861232737079263 ], [ 674178.81157729041297, 7483029.185940784402192 ], [ 674165.067272461252287, 7483012.986921278759837 ] ] ] } },
{ "type": "Feature", "properties": { "id": "Gramacho.231", "id_trecho": 1939, "Name": "Avenida Darcy Vargas", "description": null, "Extensao_m": 11.760399365454214, "Bairro_logradouros": "Gramacho", "Bairro_rotas": "Gramacho", "Distrito": "1º", "Lote": "I", "Name_2": "Ponto 1515", "description_2": "Velocidade: 0km/h<br>12/07/2026 21:42:05", "layer": "TUN3B98", "path": "C:/KMLs/Estevao/12-07-2026/Coleta/Trajeto_TUN3B98.kml|layername=Trajeto|geometrytype=Point|uniqueGeometryType=yes", "Velocidade": 0.0, "Data": "2026-07-12", "hora": "21:42:05", "Rota": "ROTA 510 (TARDE) - Gramacho - Domingo", "Turno": "Tarde", "Dias_da_semana": [ "dom" ], "Hit_Rate": 16.67, "Status": "Baixo hit rate", "Bloco": "Domingo" }, "geometry": { "type": "MultiLineString", "coordinates": [ [ [ 674182.498292958363891, 7482122.956792952492833 ], [ 674172.077517255558632, 7482128.407247934490442 ] ] ] } },
{ "type": "Feature", "properties": { "id": "Centro.81", "id_trecho": 903, "Name": "Avenida Duque de Caxias", "description": null, "Extensao_m": 27.682773036279929, "Bairro_logradouros": "Centro", "Bairro_rotas": "Centro", "Distrito": "1º", "Lote": "I", "Name_2": "Ponto 955", "description_2": "Velocidade: 11km/h<br>12/07/2026 15:26:40", "layer": "TUS0I00", "path": "C:/KMLs/Estevao/12-07-2026/Coleta/Trajeto_TUS0I00.kml|layername=Trajeto|geometrytype=Point|uniqueGeometryType=yes", "Velocidade": 11.0, "Data": "2026-07-12", "hora": "15:26:40", "Rota": "ROTA 520 (TARDE) - Centro - Domingo", "Turno": "Tarde", "Dias_da_semana": [ "dom" ], "Hit_Rate": 33.33, "Status": "Baixo hit rate", "Bloco": "Domingo" }, "geometry": { "type": "MultiLineString", "coordinates": [ [ [ 673784.003630878636613, 7479423.824193172156811 ], [ 673771.312830042792484, 7479412.296888684853911 ], [ 673763.316963514545932, 7479405.433594115078449 ] ] ] } },
{ "type": "Feature", "properties": { "id": "Gramacho.224", "id_trecho": 2063, "Name": "Avenida República do Paraguai", "description": null, "Extensao_m": 57.204409681399113, "Bairro_logradouros": "Gramacho", "Bairro_rotas": "Gramacho", "Distrito": "1º", "Lote": "I", "Name_2": "Ponto 626", "description_2": "Velocidade: 46km/h<br>12/07/2026 14:41:56", "layer": "TTG4B66", "path": "C:/KMLs/Estevao/12-07-2026/Coleta/Trajeto_TTG4B66.kml|layername=Trajeto|geometrytype=Point|uniqueGeometryType=yes", "Velocidade": 46.0, "Data": "2026-07-12", "hora": "14:41:56", "Rota": "ROTA 250 (TARDE) - Gramacho - Domingo", "Turno": "Tarde", "Dias_da_semana": [ "dom" ], "Hit_Rate": 50.0, "Status": "Baixo hit rate", "Bloco": "Domingo" }, "geometry": { "type": "MultiLineString", "coordinates": [ [ [ 674769.416056969203055, 7483203.4787811152637 ], [ 674750.303887133137323, 7483202.856725351884961 ], [ 674712.276184010086581, 7483200.84614085033536 ] ] ] } },
{ "type": "Feature", "properties": { "id": "Gramacho.224", "id_trecho": 2056, "Name": "Avenida República do Paraguai", "description": null, "Extensao_m": 47.749570835841809, "Bairro_logradouros": "Gramacho", "Bairro_rotas": "Gramacho", "Distrito": "1º", "Lote": "I", "Name_2": "Ponto 627", "description_2": "Velocidade: 16km/h<br>12/07/2026 14:42:56", "layer": "TTG4B66", "path": "C:/KMLs/Estevao/12-07-2026/Coleta/Trajeto_TTG4B66.kml|layername=Trajeto|geometrytype=Point|uniqueGeometryType=yes", "Velocidade": 16.0, "Data": "2026-07-12", "hora": "14:42:56", "Rota": "ROTA 250 (TARDE) - Gramacho - Domingo", "Turno": "Tarde", "Dias_da_semana": [ "dom" ], "Hit_Rate": 66.67, "Status": "Validado", "Bloco": "Domingo" }, "geometry": { "type": "MultiLineString", "coordinates": [ [ [ 675075.924489332130179, 7482887.263581694103777 ], [ 675051.602507970063016, 7482928.353304521180689 ] ] ] } },
{ "type": "Feature", "properties": { "id": "Gramacho.107", "id_trecho": 2025, "Name": "Avenida Pelótas", "description": null, "Extensao_m": 90.457597954087305, "Bairro_logradouros": "Gramacho", "Bairro_rotas": "Gramacho", "Distrito": "1º", "Lote": "I", "Name_2": "Ponto 628", "description_2": "Velocidade: 40km/h<br>12/07/2026 14:43:56", "layer": "TTG4B66", "path": "C:/KMLs/Estevao/12-07-2026/Coleta/Trajeto_TTG4B66.kml|layername=Trajeto|geometrytype=Point|uniqueGeometryType=yes", "Velocidade": 40.0, "Data": "2026-07-12", "hora": "14:43:56", "Rota": "ROTA 250 (TARDE) - Gramacho - Domingo", "Turno": "Tarde", "Dias_da_semana": [ "dom" ], "Hit_Rate": 50.0, "Status": "Baixo hit rate", "Bloco": "Domingo" }, "geometry": { "type": "MultiLineString", "coordinates": [ [ [ 675311.510604222421534, 7482561.448912581428885 ], [ 675381.160953972605057, 7482503.733436167240143 ] ] ] } },
{ "type": "Feature", "properties": { "id": "Vila_Sao_Luis.2", "id_trecho": 6973, "Name": "Avenida Duque de Caxias", "description": null, "Extensao_m": 130.6728667010745, "Bairro_logradouros": "Vila Sao Luis", "Bairro_rotas": "Centro", "Distrito": "1º", "Lote": "I", "Name_2": "Ponto 852", "description_2": "Velocidade: 25km/h<br>12/07/2026 21:59:17", "layer": "TTW7E72", "path": "C:/KMLs/Estevao/12-07-2026/Coleta/Trajeto_TTW7E72.kml|layername=Trajeto|geometrytype=Point|uniqueGeometryType=yes", "Velocidade": 25.0, "Data": "2026-07-12", "hora": "21:59:17", "Rota": "ROTA 520 (TARDE) - Centro - Domingo", "Turno": "Tarde", "Dias_da_semana": [ "dom" ], "Hit_Rate": 16.67, "Status": "Baixo hit rate", "Bloco": "Domingo" }, "geometry": { "type": "MultiLineString", "coordinates": [ [ [ 674094.034360405406915, 7479625.506021098233759 ], [ 674142.469818421755917, 7479649.358934979885817 ], [ 674166.605768955661915, 7479657.731346977874637 ], [ 674214.918828432331793, 7479674.475589720532298 ] ] ] } },
{ "type": "Feature", "properties": { "id": "Gramacho.107", "id_trecho": 2020, "Name": "Avenida Pelótas", "description": null, "Extensao_m": 158.71469395095514, "Bairro_logradouros": "Gramacho", "Bairro_rotas": "Gramacho", "Distrito": "1º", "Lote": "I", "Name_2": "Ponto 297", "description_2": "Velocidade: 47km/h<br>12/07/2026 15:09:27", "layer": "TTX7B46", "path": "C:/KMLs/Estevao/12-07-2026/Coleta/Trajeto_TTX7B46.kml|layername=Trajeto|geometrytype=Point|uniqueGeometryType=yes", "Velocidade": 47.0, "Data": "2026-07-12", "hora": "15:09:27", "Rota": "ROTA 250 (TARDE) - Gramacho - Domingo", "Turno": "Tarde", "Dias_da_semana": [ "dom" ], "Hit_Rate": 83.33, "Status": "Validado", "Bloco": "Domingo" }, "geometry": { "type": "MultiLineString", "coordinates": [ [ [ 675099.426641166210175, 7482828.508256406523287 ], [ 675103.18965884053614, 7482805.640264669433236 ], [ 675106.894613187061623, 7482783.083026735112071 ], [ 675113.458433350082487, 7482755.476089262403548 ], [ 675121.489124451763928, 7482734.840299339964986 ], [ 675132.561190172214992, 7482716.085373089648783 ], [ 675159.847916007274762, 7482686.323815651237965 ] ] ] } },
{ "type": "Feature", "properties": { "id": "Gramacho.107", "id_trecho": 2027, "Name": "Avenida Pelótas", "description": null, "Extensao_m": 73.381311421243069, "Bairro_logradouros": "Gramacho", "Bairro_rotas": "Gramacho", "Distrito": "1º", "Lote": "I", "Name_2": "Ponto 298", "description_2": "Velocidade: 4km/h<br>12/07/2026 15:10:22", "layer": "TTX7B46", "path": "C:/KMLs/Estevao/12-07-2026/Coleta/Trajeto_TTX7B46.kml|layername=Trajeto|geometrytype=Point|uniqueGeometryType=yes", "Velocidade": 4.0, "Data": "2026-07-12", "hora": "15:10:22", "Rota": "ROTA 250 (TARDE) - Gramacho - Domingo", "Turno": "Tarde", "Dias_da_semana": [ "dom" ], "Hit_Rate": 50.0, "Status": "Baixo hit rate", "Bloco": "Domingo" }, "geometry": { "type": "MultiLineString", "coordinates": [ [ [ 675475.108956761658192, 7482426.168400045484304 ], [ 675531.353402576758526, 7482379.03911395650357 ] ] ] } },
{ "type": "Feature", "properties": { "id": "Gramacho.107", "id_trecho": 2028, "Name": "Avenida Pelótas", "description": null, "Extensao_m": 61.807758205133652, "Bairro_logradouros": "Gramacho", "Bairro_rotas": "Gramacho", "Distrito": "1º", "Lote": "I", "Name_2": "Ponto 299", "description_2": "Velocidade: 17km/h<br>12/07/2026 15:10:27", "layer": "TTX7B46", "path": "C:/KMLs/Estevao/12-07-2026/Coleta/Trajeto_TTX7B46.kml|layername=Trajeto|geometrytype=Point|uniqueGeometryType=yes", "Velocidade": 17.0, "Data": "2026-07-12", "hora": "15:10:27", "Rota": "ROTA 250 (TARDE) - Gramacho - Domingo", "Turno": "Tarde", "Dias_da_semana": [ "dom" ], "Hit_Rate": 66.67, "Status": "Validado", "Bloco": "Domingo" }, "geometry": { "type": "MultiLineString", "coordinates": [ [ [ 675531.353402576758526, 7482379.03911395650357 ], [ 675579.076482586096972, 7482339.763680775649846 ] ] ] } },
{ "type": "Feature", "properties": { "id": "Gramacho.107", "id_trecho": 2026, "Name": "Avenida Pelótas", "description": null, "Extensao_m": 121.83246605754329, "Bairro_logradouros": "Gramacho", "Bairro_rotas": "Gramacho", "Distrito": "1º", "Lote": "I", "Name_2": "Ponto 1427", "description_2": "Velocidade: 25km/h<br>12/07/2026 21:10:05", "layer": "TUN3B98", "path": "C:/KMLs/Estevao/12-07-2026/Coleta/Trajeto_TUN3B98.kml|layername=Trajeto|geometrytype=Point|uniqueGeometryType=yes", "Velocidade": 25.0, "Data": "2026-07-12", "hora": "21:10:05", "Rota": "ROTA 250 (TARDE) - Gramacho - Domingo", "Turno": "Tarde", "Dias_da_semana": [ "dom" ], "Hit_Rate": 83.33, "Status": "Validado", "Bloco": "Domingo" }, "geometry": { "type": "MultiLineString", "coordinates": [ [ [ 675381.160953972605057, 7482503.733436167240143 ], [ 675385.779976806137711, 7482499.9147994145751 ], [ 675426.262953939614818, 7482466.489817490801215 ], [ 675465.545307207503356, 7482434.064206873998046 ], [ 675475.108956761658192, 7482426.168400045484304 ] ] ] } },
{ "type": "Feature", "properties": { "id": "Gramacho.224", "id_trecho": 2062, "Name": "Avenida República do Paraguai", "description": null, "Extensao_m": 61.219763613333512, "Bairro_logradouros": "Gramacho", "Bairro_rotas": "Gramacho", "Distrito": "1º", "Lote": "I", "Name_2": "Ponto 1441", "description_2": "Velocidade: 10km/h<br>12/07/2026 21:17:36", "layer": "TUN3B98", "path": "C:/KMLs/Estevao/12-07-2026/Coleta/Trajeto_TUN3B98.kml|layername=Trajeto|geometrytype=Point|uniqueGeometryType=yes", "Velocidade": 10.0, "Data": "2026-07-12", "hora": "21:17:36", "Rota": "ROTA 250 (TARDE) - Gramacho - Domingo", "Turno": "Tarde", "Dias_da_semana": [ "dom" ], "Hit_Rate": 83.33, "Status": "Validado", "Bloco": "Domingo" }, "geometry": { "type": "MultiLineString", "coordinates": [ [ [ 674828.793840892729349, 7483191.699661353603005 ], [ 674813.841873528901488, 7483197.353423434309661 ], [ 674800.11833207635209, 7483201.752703629434109 ], [ 674793.831503727473319, 7483202.589100764133036 ], [ 674786.498518095584586, 7483203.559337874874473 ], [ 674769.416056969203055, 7483203.4787811152637 ] ] ] } },
{ "type": "Feature", "properties": { "id": "Gramacho.224", "id_trecho": 2066, "Name": "Avenida República do Paraguai", "description": null, "Extensao_m": 12.969997251013682, "Bairro_logradouros": "Gramacho", "Bairro_rotas": "Gramacho", "Distrito": "1º", "Lote": "I", "Name_2": "Ponto 1459", "description_2": "Velocidade: 10km/h<br>12/07/2026 21:22:57", "layer": "TUN3B98", "path": "C:/KMLs/Estevao/12-07-2026/Coleta/Trajeto_TUN3B98.kml|layername=Trajeto|geometrytype=Point|uniqueGeometryType=yes", "Velocidade": 10.0, "Data": "2026-07-12", "hora": "21:22:57", "Rota": "ROTA 250 (TARDE) - Gramacho - Domingo", "Turno": "Tarde", "Dias_da_semana": [ "dom" ], "Hit_Rate": 66.67, "Status": "Validado", "Bloco": "Domingo" }, "geometry": { "type": "MultiLineString", "coordinates": [ [ [ 674527.54517313616816, 7483193.863842746242881 ], [ 674514.586643439601175, 7483193.325920028612018 ] ] ] } },
{ "type": "Feature", "properties": { "id": "Gramacho.224", "id_trecho": 2073, "Name": "Avenida República do Paraguai", "description": null, "Extensao_m": 10.586890136635843, "Bairro_logradouros": "Gramacho", "Bairro_rotas": "Gramacho", "Distrito": "1º", "Lote": "I", "Name_2": "Ponto 1484", "description_2": "Velocidade: 12km/h<br>12/07/2026 21:31:40", "layer": "TUN3B98", "path": "C:/KMLs/Estevao/12-07-2026/Coleta/Trajeto_TUN3B98.kml|layername=Trajeto|geometrytype=Point|uniqueGeometryType=yes", "Velocidade": 12.0, "Data": "2026-07-12", "hora": "21:31:40", "Rota": "ROTA 250 (TARDE) - Gramacho - Domingo", "Turno": "Tarde", "Dias_da_semana": [ "dom" ], "Hit_Rate": 33.33, "Status": "Baixo hit rate", "Bloco": "Domingo" }, "geometry": { "type": "MultiLineString", "coordinates": [ [ [ 674203.071896178647876, 7483057.823590718209743 ], [ 674196.228858013637364, 7483049.745877750217915 ] ] ] } },
{ "type": "Feature", "properties": { "id": "Vila_Sao_Luis.5", "id_trecho": 7005, "Name": "Avenida Expedicionário José Amaro", "description": null, "Extensao_m": 44.687537538836359, "Bairro_logradouros": "Vila Sao Luis", "Bairro_rotas": "Vila São Luis", "Distrito": "1º", "Lote": "I", "Name_2": "Ponto 906", "description_2": "Velocidade: 10km/h<br>12/07/2026 15:07:40", "layer": "TUS0I00", "path": "C:/KMLs/Estevao/12-07-2026/Coleta/Trajeto_TUS0I00.kml|layername=Trajeto|geometrytype=Point|uniqueGeometryType=yes", "Velocidade": 10.0, "Data": "2026-07-12", "hora": "15:07:40", "Rota": "ROTA 520 (TARDE) - Vila São Luís - Domingo", "Turno": "Tarde", "Dias_da_semana": [ "dom" ], "Hit_Rate": 50.0, "Status": "Baixo hit rate", "Bloco": "Domingo" }, "geometry": { "type": "MultiLineString", "coordinates": [ [ [ 675321.464811147423461, 7480757.201550042256713 ], [ 675321.097359384642914, 7480751.619500588625669 ], [ 675308.40987132594455, 7480730.447741370648146 ], [ 675297.45813092822209, 7480721.082200033590198 ] ] ] } },
{ "type": "Feature", "properties": { "id": "Vila_Sao_Luis.5", "id_trecho": 6987, "Name": "Avenida Expedicionário José Amaro", "description": null, "Extensao_m": 51.393893569028684, "Bairro_logradouros": "Vila Sao Luis", "Bairro_rotas": "Vila São Luis", "Distrito": "1º", "Lote": "I", "Name_2": "Ponto 910", "description_2": "Velocidade: 0km/h<br>12/07/2026 15:09:40", "layer": "TUS0I00", "path": "C:/KMLs/Estevao/12-07-2026/Coleta/Trajeto_TUS0I00.kml|layername=Trajeto|geometrytype=Point|uniqueGeometryType=yes", "Velocidade": 0.0, "Data": "2026-07-12", "hora": "15:09:40", "Rota": "ROTA 520 (TARDE) - Vila São Luís - Domingo", "Turno": "Tarde", "Dias_da_semana": [ "dom" ], "Hit_Rate": 83.33, "Status": "Validado", "Bloco": "Domingo" }, "geometry": { "type": "MultiLineString", "coordinates": [ [ [ 675176.39491079270374, 7480603.30602103844285 ], [ 675139.041104102274403, 7480568.008503992110491 ] ] ] } },
{ "type": "Feature", "properties": { "id": "Vila_Sao_Luis.2", "id_trecho": 6980, "Name": "Avenida Duque de Caxias", "description": null, "Extensao_m": 7.8939843043620428, "Bairro_logradouros": "Vila Sao Luis", "Bairro_rotas": "Centro", "Distrito": "1º", "Lote": "I", "Name_2": "Ponto 945", "description_2": "Velocidade: 10km/h<br>12/07/2026 15:21:48", "layer": "TUS0I00", "path": "C:/KMLs/Estevao/12-07-2026/Coleta/Trajeto_TUS0I00.kml|layername=Trajeto|geometrytype=Point|uniqueGeometryType=yes", "Velocidade": 10.0, "Data": "2026-07-12", "hora": "15:21:48", "Rota": "ROTA 520 (TARDE) - Centro - Domingo", "Turno": "Tarde", "Dias_da_semana": [ "dom" ], "Hit_Rate": 16.67, "Status": "Baixo hit rate", "Bloco": "Domingo" }, "geometry": { "type": "MultiLineString", "coordinates": [ [ [ 674061.764351836871356, 7479609.38809560239315 ], [ 674069.15895398997236, 7479612.15063932724297 ] ] ] } },
{ "type": "Feature", "properties": { "id": "Vila_Sao_Luis.5", "id_trecho": 7000, "Name": "Avenida Expedicionário José Amaro", "description": null, "Extensao_m": 14.539277107091868, "Bairro_logradouros": "Vila Sao Luis", "Bairro_rotas": "Vila São Luis", "Distrito": "1º", "Lote": "I", "Name_2": "Ponto 79", "description_2": "Velocidade: 5km/h<br>14/06/2026 15:36:16", "layer": "TTM0I75", "path": "C:/KMLs/Estevao/14-06-2026/Coleta/Trajeto_TTM0I75.kml|layername=Trajeto|geometrytype=Point|uniqueGeometryType=yes", "Velocidade": 5.0, "Data": "2026-06-14", "hora": "15:36:16", "Rota": "ROTA 520 (TARDE) - Vila São Luís - Domingo", "Turno": "Tarde", "Dias_da_semana": [ "dom" ], "Hit_Rate": 16.67, "Status": "Baixo hit rate", "Bloco": "Domingo" }, "geometry": { "type": "MultiLineString", "coordinates": [ [ [ 674898.002497150329873, 7480425.18607441149652 ], [ 674883.468012551660649, 7480424.825536577962339 ] ] ] } },
{ "type": "Feature", "properties": { "id": "Centro.81", "id_trecho": 898, "Name": "Avenida Duque de Caxias", "description": null, "Extensao_m": 42.328070414284291, "Bairro_logradouros": "Centro", "Bairro_rotas": "Centro", "Distrito": "1º", "Lote": "I", "Name_2": "Ponto 128", "description_2": "Velocidade: 32km/h<br>14/06/2026 15:44:07", "layer": "TTM0I75", "path": "C:/KMLs/Estevao/14-06-2026/Coleta/Trajeto_TTM0I75.kml|layername=Trajeto|geometrytype=Point|uniqueGeometryType=yes", "Velocidade": 32.0, "Data": "2026-06-14", "hora": "15:44:07", "Rota": "ROTA 520 (TARDE) - Centro - Domingo", "Turno": "Tarde", "Dias_da_semana": [ "dom" ], "Hit_Rate": 50.0, "Status": "Baixo hit rate", "Bloco": "Domingo" }, "geometry": { "type": "MultiLineString", "coordinates": [ [ [ 674020.294324035989121, 7479586.261432033032179 ], [ 673983.20508724427782, 7479565.866307865828276 ] ] ] } },
{ "type": "Feature", "properties": { "id": "Vila_Sao_Luis.5", "id_trecho": 6990, "Name": "Avenida Expedicionário José Amaro", "description": null, "Extensao_m": 8.9072907806997286, "Bairro_logradouros": "Vila Sao Luis", "Bairro_rotas": "Vila São Luis", "Distrito": "1º", "Lote": "I", "Name_2": "Ponto 161", "description_2": "Velocidade: 11km/h<br>14/06/2026 21:56:03", "layer": "TUN3B98", "path": "C:/KMLs/Estevao/14-06-2026/Coleta/Trajeto_TUN3B98.kml|layername=Trajeto|geometrytype=Point|uniqueGeometryType=yes", "Velocidade": 11.0, "Data": "2026-06-14", "hora": "21:56:03", "Rota": "ROTA 520 (TARDE) - Vila São Luís - Domingo", "Turno": "Tarde", "Dias_da_semana": [ "dom" ], "Hit_Rate": 33.33, "Status": "Baixo hit rate", "Bloco": "Domingo" }, "geometry": { "type": "MultiLineString", "coordinates": [ [ [ 675321.464811147423461, 7480757.201550042256713 ], [ 675325.494178483379073, 7480765.145152266137302 ] ] ] } },
{ "type": "Feature", "properties": { "id": "Gramacho.231", "id_trecho": 1946, "Name": "Avenida Darcy Vargas", "description": null, "Extensao_m": 15.692982652039017, "Bairro_logradouros": "Gramacho", "Bairro_rotas": "Gramacho", "Distrito": "1º", "Lote": "I", "Name_2": "Ponto 34", "description_2": "Velocidade: 0km/h<br>14/06/2026 15:15:38", "layer": "TTF6F97", "path": "C:/KMLs/Estevao/14-06-2026/Coleta/Trajeto_TTF6F97.kml|layername=Trajeto|geometrytype=Point|uniqueGeometryType=yes", "Velocidade": 0.0, "Data": "2026-06-14", "hora": "15:15:38", "Rota": "ROTA 510 (TARDE) - Gramacho - Domingo", "Turno": "Tarde", "Dias_da_semana": [ "dom" ], "Hit_Rate": 66.67, "Status": "Validado", "Bloco": "Domingo" }, "geometry": { "type": "MultiLineString", "coordinates": [ [ [ 673927.035738283768296, 7482745.92482976987958 ], [ 673933.189691198174842, 7482752.344091342762113 ], [ 673938.253928279737011, 7482756.882077662274241 ] ] ] } },
{ "type": "Feature", "properties": { "id": "Vila_Sao_Luis.5", "id_trecho": 6995, "Name": "Avenida Expedicionário José Amaro", "description": null, "Extensao_m": 40.121953000486002, "Bairro_logradouros": "Vila Sao Luis", "Bairro_rotas": "Vila São Luis", "Distrito": "1º", "Lote": "I", "Name_2": "Ponto 47", "description_2": "Velocidade: 23km/h<br>14/06/2026 15:27:24", "layer": "TTM0I75", "path": "C:/KMLs/Estevao/14-06-2026/Coleta/Trajeto_TTM0I75.kml|layername=Trajeto|geometrytype=Point|uniqueGeometryType=yes", "Velocidade": 23.0, "Data": "2026-06-14", "hora": "15:27:24", "Rota": "ROTA 520 (TARDE) - Vila São Luís - Domingo", "Turno": "Tarde", "Dias_da_semana": [ "dom" ], "Hit_Rate": 16.67, "Status": "Baixo hit rate", "Bloco": "Domingo" }, "geometry": { "type": "MultiLineString", "coordinates": [ [ [ 675495.03052590880543, 7481157.321787461638451 ], [ 675507.722453863359988, 7481195.382573027163744 ] ] ] } },
{ "type": "Feature", "properties": { "id": "Vila_Sao_Luis.5", "id_trecho": 6998, "Name": "Avenida Expedicionário José Amaro", "description": null, "Extensao_m": 92.021200274497915, "Bairro_logradouros": "Vila Sao Luis", "Bairro_rotas": "Vila São Luis", "Distrito": "1º", "Lote": "I", "Name_2": "Ponto 74", "description_2": "Velocidade: 6km/h<br>14/06/2026 15:35:26", "layer": "TTM0I75", "path": "C:/KMLs/Estevao/14-06-2026/Coleta/Trajeto_TTM0I75.kml|layername=Trajeto|geometrytype=Point|uniqueGeometryType=yes", "Velocidade": 6.0, "Data": "2026-06-14", "hora": "15:35:26", "Rota": "ROTA 520 (TARDE) - Vila São Luís - Domingo", "Turno": "Tarde", "Dias_da_semana": [ "dom" ], "Hit_Rate": 33.33, "Status": "Baixo hit rate", "Bloco": "Domingo" }, "geometry": { "type": "MultiLineString", "coordinates": [ [ [ 675072.516983341658488, 7480506.225452514365315 ], [ 675037.866701943567023, 7480485.260088765993714 ], [ 674991.734451348893344, 7480462.322697026655078 ] ] ] } },
{ "type": "Feature", "properties": { "id": "Gramacho.107", "id_trecho": 2033, "Name": "Avenida Pelótas", "description": null, "Extensao_m": 34.00911514216228, "Bairro_logradouros": "Gramacho", "Bairro_rotas": "Gramacho", "Distrito": "1º", "Lote": "I", "Name_2": "Ponto 345", "description_2": "Velocidade: 44km/h<br>14/06/2026 18:48:07", "layer": "TTM0I75", "path": "C:/KMLs/Estevao/14-06-2026/Coleta/Trajeto_TTM0I75.kml|layername=Trajeto|geometrytype=Point|uniqueGeometryType=yes", "Velocidade": 44.0, "Data": "2026-06-14", "hora": "18:48:07", "Rota": "ROTA 250 (TARDE) - Gramacho - Domingo", "Turno": "Tarde", "Dias_da_semana": [ "dom" ], "Hit_Rate": 33.33, "Status": "Baixo hit rate", "Bloco": "Domingo" }, "geometry": { "type": "MultiLineString", "coordinates": [ [ [ 675905.891292199725285, 7482026.2034044675529 ], [ 675908.961261739837937, 7482035.880313928239048 ], [ 675911.625967078376561, 7482039.825263571925461 ], [ 675915.377585439477116, 7482042.727695750072598 ], [ 675921.395563501282595, 7482044.441064888611436 ], [ 675929.390673588495702, 7482045.710714661516249 ] ] ] } },
{ "type": "Feature", "properties": { "id": "Gramacho.107", "id_trecho": 2024, "Name": "Avenida Pelótas", "description": null, "Extensao_m": 46.802964257284728, "Bairro_logradouros": "Gramacho", "Bairro_rotas": "Gramacho", "Distrito": "1º", "Lote": "I", "Name_2": "Ponto 39", "description_2": "Velocidade: 17km/h<br>14/06/2026 21:23:44", "layer": "TTX7B46", "path": "C:/KMLs/Estevao/14-06-2026/Coleta/Trajeto_TTX7B46.kml|layername=Trajeto|geometrytype=Point|uniqueGeometryType=yes", "Velocidade": 17.0, "Data": "2026-06-14", "hora": "21:23:44", "Rota": "ROTA 250 (TARDE) - Gramacho - Domingo", "Turno": "Tarde", "Dias_da_semana": [ "dom" ], "Hit_Rate": 50.0, "Status": "Baixo hit rate", "Bloco": "Domingo" }, "geometry": { "type": "MultiLineString", "coordinates": [ [ [ 675276.952647394849919, 7482593.011166328564286 ], [ 675311.510604222421534, 7482561.448912581428885 ] ] ] } },
{ "type": "Feature", "properties": { "id": "Gramacho.224", "id_trecho": 2059, "Name": "Avenida República do Paraguai", "description": null, "Extensao_m": 14.223853595277566, "Bairro_logradouros": "Gramacho", "Bairro_rotas": "Gramacho", "Distrito": "1º", "Lote": "I", "Name_2": "Ponto 58", "description_2": "Velocidade: 6km/h<br>14/06/2026 21:31:35", "layer": "TTX7B46", "path": "C:/KMLs/Estevao/14-06-2026/Coleta/Trajeto_TTX7B46.kml|layername=Trajeto|geometrytype=Point|uniqueGeometryType=yes", "Velocidade": 6.0, "Data": "2026-06-14", "hora": "21:31:35", "Rota": "ROTA 250 (TARDE) - Gramacho - Domingo", "Turno": "Tarde", "Dias_da_semana": [ "dom" ], "Hit_Rate": 16.67, "Status": "Baixo hit rate", "Bloco": "Domingo" }, "geometry": { "type": "MultiLineString", "coordinates": [ [ [ 674960.835855548386462, 7483066.844049209728837 ], [ 674951.727508017560467, 7483077.768662892282009 ] ] ] } },
{ "type": "Feature", "properties": { "id": "Gramacho.224", "id_trecho": 2061, "Name": "Avenida República do Paraguai", "description": null, "Extensao_m": 5.3002355273362731, "Bairro_logradouros": "Gramacho", "Bairro_rotas": "Gramacho", "Distrito": "1º", "Lote": "I", "Name_2": "Ponto 59", "description_2": "Velocidade: 7km/h<br>14/06/2026 21:32:13", "layer": "TTX7B46", "path": "C:/KMLs/Estevao/14-06-2026/Coleta/Trajeto_TTX7B46.kml|layername=Trajeto|geometrytype=Point|uniqueGeometryType=yes", "Velocidade": 7.0, "Data": "2026-06-14", "hora": "21:32:13", "Rota": "ROTA 250 (TARDE) - Gramacho - Domingo", "Turno": "Tarde", "Dias_da_semana": [ "dom" ], "Hit_Rate": 33.33, "Status": "Baixo hit rate", "Bloco": "Domingo" }, "geometry": { "type": "MultiLineString", "coordinates": [ [ [ 674833.165879116393626, 7483188.703576974570751 ], [ 674828.793840892729349, 7483191.699661353603005 ] ] ] } },
{ "type": "Feature", "properties": { "id": "Vinte_e_Cinco_de_Agosto.57", "id_trecho": 7586, "Name": "Rua Voluntários da Pátria", "description": null, "Extensao_m": 76.726531578929666, "Bairro_logradouros": "Vinte e Cinco de Agosto", "Bairro_rotas": "Vinte e Cinco de Agosto", "Distrito": "1º", "Lote": "I", "Name_2": "Ponto 242", "description_2": "Velocidade: 0km/h<br>19/07/2026 16:21:44", "layer": "TTS0J06", "path": "C:/KMLs/Estevao/19-07-2026/Coleta/Trajeto_TTS0J06.kml|layername=Trajeto|geometrytype=Point|uniqueGeometryType=yes", "Velocidade": 0.0, "Data": "2026-07-19", "hora": "16:21:44", "Rota": "ROTA 520 (TARDE) - Vinte e Cinco de Agosto - Domingo", "Turno": "Tarde", "Dias_da_semana": [ "dom" ], "Hit_Rate": 50.0, "Status": "Baixo hit rate", "Bloco": "Domingo" }, "geometry": { "type": "MultiLineString", "coordinates": [ [ [ 674049.374931670725346, 7478411.062580093741417 ], [ 674083.667447418090887, 7478479.696986988186836 ] ] ] } },
{ "type": "Feature", "properties": { "id": "Gramacho.231", "id_trecho": 1949, "Name": "Avenida Darcy Vargas", "description": null, "Extensao_m": 25.751140363659417, "Bairro_logradouros": "Gramacho", "Bairro_rotas": "Gramacho", "Distrito": "1º", "Lote": "I", "Name_2": "Ponto 128", "description_2": "Velocidade: 16km/h<br>19/07/2026 15:15:40", "layer": "TTS0J06", "path": "C:/KMLs/Estevao/19-07-2026/Coleta/Trajeto_TTS0J06.kml|layername=Trajeto|geometrytype=Point|uniqueGeometryType=yes", "Velocidade": 16.0, "Data": "2026-07-19", "hora": "15:15:40", "Rota": "ROTA 510 (TARDE) - Gramacho - Domingo", "Turno": "Tarde", "Dias_da_semana": [ "dom" ], "Hit_Rate": 50.0, "Status": "Baixo hit rate", "Bloco": "Domingo" }, "geometry": { "type": "MultiLineString", "coordinates": [ [ [ 674044.342152769095264, 7482880.488846992142498 ], [ 674054.315194593393244, 7482893.021776527166367 ], [ 674059.504005329450592, 7482901.257184309884906 ] ] ] } },
{ "type": "Feature", "properties": { "id": "Vinte_e_Cinco_de_Agosto.64", "id_trecho": 7532, "Name": "Rua Prefeito José Carlos Lacerda", "description": null, "Extensao_m": 1.9808572222415484, "Bairro_logradouros": "Vinte e Cinco de Agosto", "Bairro_rotas": "Centro", "Distrito": "1º", "Lote": "I", "Name_2": "Ponto 377", "description_2": "Velocidade: 0km/h<br>19/07/2026 18:09:44", "layer": "TTS0J06", "path": "C:/KMLs/Estevao/19-07-2026/Coleta/Trajeto_TTS0J06.kml|layername=Trajeto|geometrytype=Point|uniqueGeometryType=yes", "Velocidade": 0.0, "Data": "2026-07-19", "hora": "18:09:44", "Rota": "ROTA 510 (TARDE) - Centro - Domingo", "Turno": "Tarde", "Dias_da_semana": [ "dom" ], "Hit_Rate": 16.67, "Status": "Baixo hit rate", "Bloco": "Domingo" }, "geometry": { "type": "MultiLineString", "coordinates": [ [ [ 673866.462382511468604, 7478504.117751224897802 ], [ 673868.12640423537232, 7478503.043219285085797 ] ] ] } },
{ "type": "Feature", "properties": { "id": "Vinte_e_Cinco_de_Agosto.64", "id_trecho": 7532, "Name": "Rua Prefeito José Carlos Lacerda", "description": null, "Extensao_m": 1.9808572222415484, "Bairro_logradouros": "Vinte e Cinco de Agosto", "Bairro_rotas": "Centro", "Distrito": "1º", "Lote": "I", "Name_2": "Ponto 377", "description_2": "Velocidade: 0km/h<br>19/07/2026 18:09:44", "layer": "TTS0J06", "path": "C:/KMLs/Estevao/19-07-2026/Coleta/Trajeto_TTS0J06.kml|layername=Trajeto|geometrytype=Point|uniqueGeometryType=yes", "Velocidade": 0.0, "Data": "2026-07-19", "hora": "18:09:44", "Rota": "ROTA 520 (TARDE) - Centro - Domingo", "Turno": "Tarde", "Dias_da_semana": [ "dom" ], "Hit_Rate": 16.67, "Status": "Baixo hit rate", "Bloco": "Domingo" }, "geometry": { "type": "MultiLineString", "coordinates": [ [ [ 673866.462382511468604, 7478504.117751224897802 ], [ 673868.12640423537232, 7478503.043219285085797 ] ] ] } },
{ "type": "Feature", "properties": { "id": "Gramacho.224", "id_trecho": 2072, "Name": "Avenida República do Paraguai", "description": null, "Extensao_m": 68.088083893823111, "Bairro_logradouros": "Gramacho", "Bairro_rotas": "Gramacho", "Distrito": "1º", "Lote": "I", "Name_2": "Ponto 314", "description_2": "Velocidade: 7km/h<br>19/07/2026 15:23:10", "layer": "TUA3H22", "path": "C:/KMLs/Estevao/19-07-2026/Coleta/Trajeto_TUA3H22.kml|layername=Trajeto|geometrytype=Point|uniqueGeometryType=yes", "Velocidade": 7.0, "Data": "2026-07-19", "hora": "15:23:10", "Rota": "ROTA 250 (TARDE) - Gramacho - Domingo", "Turno": "Tarde", "Dias_da_semana": [ "dom" ], "Hit_Rate": 16.67, "Status": "Baixo hit rate", "Bloco": "Domingo" }, "geometry": { "type": "MultiLineString", "coordinates": [ [ [ 674242.451785995741375, 7483113.354078417643905 ], [ 674209.094108446501195, 7483066.171229625120759 ], [ 674204.317622784059495, 7483059.869178860448301 ], [ 674203.071896178647876, 7483057.823590718209743 ] ] ] } },
{ "type": "Feature", "properties": { "id": "Vinte_e_Cinco_de_Agosto.57", "id_trecho": 7587, "Name": "Rua Voluntários da Pátria", "description": null, "Extensao_m": 76.408714312953549, "Bairro_logradouros": "Vinte e Cinco de Agosto", "Bairro_rotas": "Vinte e Cinco de Agosto", "Distrito": "1º", "Lote": "I", "Name_2": "Ponto 652", "description_2": "Velocidade: 27km/h<br>21/06/2026 14:40:09", "layer": "TTF7G57", "path": "C:/KMLs/Estevao/21-06-2026/Coleta/Trajeto_TTF7G57.kml|layername=Trajeto|geometrytype=Point|uniqueGeometryType=yes", "Velocidade": 27.0, "Data": "2026-06-21", "hora": "14:40:09", "Rota": "ROTA 520 (TARDE) - Vinte e Cinco de Agosto - Domingo", "Turno": "Tarde", "Dias_da_semana": [ "dom" ], "Hit_Rate": 33.33, "Status": "Baixo hit rate", "Bloco": "Domingo" }, "geometry": { "type": "MultiLineString", "coordinates": [ [ [ 674083.667447418090887, 7478479.696986988186836 ], [ 674116.710473916609772, 7478548.58930884487927 ] ] ] } },
{ "type": "Feature", "properties": { "id": "Vinte_e_Cinco_de_Agosto.57", "id_trecho": 7588, "Name": "Rua Voluntários da Pátria", "description": null, "Extensao_m": 74.438975013516014, "Bairro_logradouros": "Vinte e Cinco de Agosto", "Bairro_rotas": "Vinte e Cinco de Agosto", "Distrito": "1º", "Lote": "I", "Name_2": "Ponto 653", "description_2": "Velocidade: 9km/h<br>21/06/2026 14:41:09", "layer": "TTF7G57", "path": "C:/KMLs/Estevao/21-06-2026/Coleta/Trajeto_TTF7G57.kml|layername=Trajeto|geometrytype=Point|uniqueGeometryType=yes", "Velocidade": 9.0, "Data": "2026-06-21", "hora": "14:41:09", "Rota": "ROTA 520 (TARDE) - Vinte e Cinco de Agosto - Domingo", "Turno": "Tarde", "Dias_da_semana": [ "dom" ], "Hit_Rate": 16.67, "Status": "Baixo hit rate", "Bloco": "Domingo" }, "geometry": { "type": "MultiLineString", "coordinates": [ [ [ 674116.710473916609772, 7478548.58930884487927 ], [ 674149.013995658024214, 7478615.651684268377721 ] ] ] } },
{ "type": "Feature", "properties": { "id": "Vila_Sao_Luis.2", "id_trecho": 6979, "Name": "Avenida Duque de Caxias", "description": null, "Extensao_m": 72.520406159128498, "Bairro_logradouros": "Vila Sao Luis", "Bairro_rotas": "Centro", "Distrito": "1º", "Lote": "I", "Name_2": "Ponto 83", "description_2": "Velocidade: 0km/h<br>21/06/2026 21:51:31", "layer": "TTW7E72", "path": "C:/KMLs/Estevao/21-06-2026/Coleta/Trajeto_TTW7E72.kml|layername=Trajeto|geometrytype=Point|uniqueGeometryType=yes", "Velocidade": 0.0, "Data": "2026-06-21", "hora": "21:51:31", "Rota": "ROTA 520 (TARDE) - Centro - Domingo", "Turno": "Tarde", "Dias_da_semana": [ "dom" ], "Hit_Rate": 16.67, "Status": "Baixo hit rate", "Bloco": "Domingo" }, "geometry": { "type": "MultiLineString", "coordinates": [ [ [ 674447.933576472336426, 7479743.164995843544602 ], [ 674471.351380030857399, 7479745.31021910905838 ], [ 674501.600127333658747, 7479748.517593601718545 ], [ 674520.174008671194315, 7479749.145815700292587 ] ] ] } },
{ "type": "Feature", "properties": { "id": "Centro.81", "id_trecho": 907, "Name": "Avenida Duque de Caxias", "description": null, "Extensao_m": 70.122305349043472, "Bairro_logradouros": "Centro", "Bairro_rotas": "Centro", "Distrito": "1º", "Lote": "I", "Name_2": "Ponto 90", "description_2": "Velocidade: 0km/h<br>21/06/2026 21:54:43", "layer": "TTW7E72", "path": "C:/KMLs/Estevao/21-06-2026/Coleta/Trajeto_TTW7E72.kml|layername=Trajeto|geometrytype=Point|uniqueGeometryType=yes", "Velocidade": 0.0, "Data": "2026-06-21", "hora": "21:54:43", "Rota": "ROTA 520 (TARDE) - Centro - Domingo", "Turno": "Tarde", "Dias_da_semana": [ "dom" ], "Hit_Rate": 16.67, "Status": "Baixo hit rate", "Bloco": "Domingo" }, "geometry": { "type": "MultiLineString", "coordinates": [ [ [ 674020.294324035989121, 7479586.261432033032179 ], [ 674000.668720496236347, 7479586.131947350688279 ], [ 673985.350325582316145, 7479583.704955518245697 ], [ 673969.190097549231723, 7479579.504593160003424 ], [ 673952.439399640075862, 7479572.165810700505972 ] ] ] } },
{ "type": "Feature", "properties": { "id": "Gramacho.224", "id_trecho": 2055, "Name": "Avenida República do Paraguai", "description": null, "Extensao_m": 19.736376134380656, "Bairro_logradouros": "Gramacho", "Bairro_rotas": "Gramacho", "Distrito": "1º", "Lote": "I", "Name_2": "Ponto 264", "description_2": "Velocidade: 0km/h<br>21/06/2026 14:58:41", "layer": "TUN3B98", "path": "C:/KMLs/Estevao/21-06-2026/Coleta/Trajeto_TUN3B98.kml|layername=Trajeto|geometrytype=Point|uniqueGeometryType=yes", "Velocidade": 0.0, "Data": "2026-06-21", "hora": "14:58:41", "Rota": "ROTA 250 (TARDE) - Gramacho - Domingo", "Turno": "Tarde", "Dias_da_semana": [ "dom" ], "Hit_Rate": 16.67, "Status": "Baixo hit rate", "Bloco": "Domingo" }, "geometry": { "type": "MultiLineString", "coordinates": [ [ [ 675085.866008105920628, 7482870.216128516942263 ], [ 675084.236315952148288, 7482873.19179823808372 ], [ 675076.841335595468991, 7482885.713663080707192 ], [ 675075.924489332130179, 7482887.263581694103777 ] ] ] } },
{ "type": "Feature", "properties": { "id": "Doutor_Laureano.3", "id_trecho": 1527, "Name": "Avenida Presidente Tancredo Neves", "description": null, "Extensao_m": 64.828799856754301, "Bairro_logradouros": "Doutor Laureano", "Bairro_rotas": "Vila São Luis", "Distrito": "1º", "Lote": "I", "Name_2": "Ponto 687", "description_2": "Velocidade: 19km/h<br>28/06/2026 21:51:36", "layer": "TTW7E72", "path": "C:/KMLs/Estevao/28-06-2026/Coleta/Trajeto_TTW7E72.kml|layername=Trajeto|geometrytype=Point|uniqueGeometryType=yes", "Velocidade": 19.0, "Data": "2026-06-28", "hora": "21:51:36", "Rota": "ROTA 520 (TARDE) - Vila São Luís - Domingo", "Turno": "Tarde", "Dias_da_semana": [ "dom" ], "Hit_Rate": 16.67, "Status": "Baixo hit rate", "Bloco": "Domingo" }, "geometry": { "type": "MultiLineString", "coordinates": [ [ [ 674574.729375057853758, 7480487.623976930975914 ], [ 674613.60079648043029, 7480539.5045056194067 ] ] ] } },
{ "type": "Feature", "properties": { "id": "Gramacho.107", "id_trecho": 2032, "Name": "Avenida Pelótas", "description": null, "Extensao_m": 36.619211050625857, "Bairro_logradouros": "Gramacho", "Bairro_rotas": "Gramacho", "Distrito": "1º", "Lote": "I", "Name_2": "Ponto 546", "description_2": "Velocidade: 41km/h<br>28/06/2026 18:26:15", "layer": "TUS0I00", "path": "C:/KMLs/Estevao/28-06-2026/Coleta/Trajeto_TUS0I00.kml|layername=Trajeto|geometrytype=Point|uniqueGeometryType=yes", "Velocidade": 41.0, "Data": "2026-06-28", "hora": "18:26:15", "Rota": "ROTA 250 (TARDE) - Gramacho - Domingo", "Turno": "Tarde", "Dias_da_semana": [ "dom" ], "Hit_Rate": 16.67, "Status": "Baixo hit rate", "Bloco": "Domingo" }, "geometry": { "type": "MultiLineString", "coordinates": [ [ [ 675929.390673588495702, 7482045.710714661516249 ], [ 675916.140786637552083, 7482058.976394720375538 ], [ 675911.623679130920209, 7482063.591407746076584 ], [ 675904.164288006257266, 7482072.227326294407248 ] ] ] } }
]
}
