{
"type": "FeatureCollection",
"name": "Bloco_Seg_a_Sab_Noite_RuasSemRota_Atribuidas_linhas",
"crs": { "type": "name", "properties": { "name": "urn:ogc:def:crs:EPSG::31983" } },
"features": [
{ "type": "Feature", "properties": { "id": "Bar_dos_Cavalheiros.106", "id_trecho": 154, "Name": "Linha Vermelha - Acesso a Duque de Caxias", "description": "Atribuído à rota do vizinho mais próximo", "Extensao_m": 216.58478343514361, "Bairro_logradouros": "Bar dos Cavalheiros", "Bairro_rotas": "Centro", "Distrito": "1º", "Lote": "I", "Name_2": "Ponto 1117", "description_2": "Velocidade: 30km/h<br>01/07/2026 22:31:14", "layer": "TTG4B66", "path": "C:/KMLs/Estevao/01-07-2026/Coleta/Trajeto_TTG4B66.kml|layername=Trajeto|geometrytype=Point|uniqueGeometryType=yes", "Velocidade": 30.0, "Data": "2026-07-01", "hora": "22:31:14", "Rota": "ROTA 300 (NOITE) - Centro - Seg a Sab", "Turno": "Noite", "Dias_da_semana": [ "seg", "ter", "qua", "qui", "sex", "sab" ], "Hit_Rate": 88.89, "Status": "Validado (Rua sem rota)", "Bloco": "Seg_a_Sab" }, "geometry": { "type": "MultiLineString", "coordinates": [ [ [ 672545.68015026266221, 7477637.226917942985892 ], [ 672536.106960856588557, 7477643.216339540667832 ], [ 672529.371620744583197, 7477646.847842374816537 ], [ 672524.557151619810611, 7477649.649061916396022 ], [ 672518.074677519034594, 7477654.750589728355408 ], [ 672511.549671119544655, 7477662.432951848953962 ], [ 672506.323937657522038, 7477671.506996627897024 ], [ 672501.734069181140512, 7477682.323577100411057 ], [ 672497.368128791335039, 7477698.386912507936358 ], [ 672469.811357175116427, 7477830.408937644213438 ] ] ] } },
{ "type": "Feature", "properties": { "id": "Bar_dos_Cavalheiros.24", "id_trecho": 507, "Name": "Rua Pinto Lira", "description": "Atribuído à rota do vizinho mais próximo", "Extensao_m": 83.395131671329054, "Bairro_logradouros": "Bar dos Cavalheiros", "Bairro_rotas": "Centro", "Distrito": "1º", "Lote": "I", "Name_2": "Ponto 145", "description_2": "Velocidade: 10km/h<br>01/07/2026 07:19:24", "layer": "KRX5186", "path": "C:/KMLs/Estevao/01-07-2026/Coleta/Trajeto_KRX5186.kml|layername=Trajeto|geometrytype=Point|uniqueGeometryType=yes", "Velocidade": 10.0, "Data": "2026-07-01", "hora": "07:19:24", "Rota": "ROTA 300 (NOITE) - Centro - Seg a Sab", "Turno": "Noite", "Dias_da_semana": [ "seg", "ter", "qua", "qui", "sex", "sab" ], "Hit_Rate": 83.33, "Status": "Validado (Rua sem rota)", "Bloco": "Seg_a_Sab" }, "geometry": { "type": "MultiLineString", "coordinates": [ [ [ 672798.142169052385725, 7478304.570756837725639 ], [ 672772.935364600969478, 7478384.062464730814099 ] ] ] } },
{ "type": "Feature", "properties": { "id": "Bar_dos_Cavalheiros.24", "id_trecho": 509, "Name": "Rua Pinto Lira", "description": "nenhuma rota próxima", "Extensao_m": 151.99185039229818, "Bairro_logradouros": "Bar dos Cavalheiros", "Bairro_rotas": null, "Distrito": "1º", "Lote": "I", "Name_2": "Ponto 144", "description_2": "Velocidade: 13km/h<br>01/07/2026 07:18:24", "layer": "KRX5186", "path": "C:/KMLs/Estevao/01-07-2026/Coleta/Trajeto_KRX5186.kml|layername=Trajeto|geometrytype=Point|uniqueGeometryType=yes", "Velocidade": 13.0, "Data": "2026-07-01", "hora": "07:18:24", "Rota": null, "Turno": "Noite", "Dias_da_semana": [ "seg", "ter", "qua", "qui", "sex", "sab" ], "Hit_Rate": 66.67, "Status": "Validado (Rua sem rota)", "Bloco": "Seg_a_Sab" }, "geometry": { "type": "MultiLineString", "coordinates": [ [ [ 672751.596845468156971, 7478461.527741288766265 ], [ 672709.062902173958719, 7478607.441879880614579 ] ] ] } },
{ "type": "Feature", "properties": { "id": "Bar_dos_Cavalheiros.24", "id_trecho": 511, "Name": "Rua Pinto Lira", "description": "nenhuma rota próxima", "Extensao_m": 110.89626463791856, "Bairro_logradouros": "Bar dos Cavalheiros", "Bairro_rotas": null, "Distrito": "1º", "Lote": "I", "Name_2": "Ponto 142", "description_2": "Velocidade: 10km/h<br>01/07/2026 07:17:48", "layer": "KRX5186", "path": "C:/KMLs/Estevao/01-07-2026/Coleta/Trajeto_KRX5186.kml|layername=Trajeto|geometrytype=Point|uniqueGeometryType=yes", "Velocidade": 10.0, "Data": "2026-07-01", "hora": "07:17:48", "Rota": null, "Turno": "Noite", "Dias_da_semana": [ "seg", "ter", "qua", "qui", "sex", "sab" ], "Hit_Rate": 66.67, "Status": "Validado (Rua sem rota)", "Bloco": "Seg_a_Sab" }, "geometry": { "type": "MultiLineString", "coordinates": [ [ [ 672707.623961090226658, 7478611.832672152668238 ], [ 672678.076102667837404, 7478718.71639177761972 ] ] ] } },
{ "type": "Feature", "properties": { "id": "Centro.4", "id_trecho": 997, "Name": "Avenida Winston Churchill", "description": "Atribuído à rota do vizinho mais próximo", "Extensao_m": 28.344137685927908, "Bairro_logradouros": "Centro", "Bairro_rotas": "Centro", "Distrito": "1º", "Lote": "I", "Name_2": "Ponto 1022", "description_2": "Velocidade: 4km/h<br>01/07/2026 21:38:24", "layer": "TTG4B66", "path": "C:/KMLs/Estevao/01-07-2026/Coleta/Trajeto_TTG4B66.kml|layername=Trajeto|geometrytype=Point|uniqueGeometryType=yes", "Velocidade": 4.0, "Data": "2026-07-01", "hora": "21:38:24", "Rota": "ROTA 300 (NOITE) - Centro - Seg a Sab", "Turno": "Noite", "Dias_da_semana": [ "seg", "ter", "qua", "qui", "sex", "sab" ], "Hit_Rate": 83.33, "Status": "Validado (Rua sem rota)", "Bloco": "Seg_a_Sab" }, "geometry": { "type": "MultiLineString", "coordinates": [ [ [ 672723.83513342239894, 7479401.134877761825919 ], [ 672712.666832190589048, 7479390.985008142888546 ], [ 672700.793868020875379, 7479377.441034201532602 ], [ 672687.073998311301693, 7479352.639731269329786 ] ] ] } },
{ "type": "Feature", "properties": { "id": "Centro.40", "id_trecho": 1013, "Name": "Praça Roberto Silveira", "description": "nenhuma rota próxima", "Extensao_m": 76.763268552769659, "Bairro_logradouros": "Centro", "Bairro_rotas": null, "Distrito": "1º", "Lote": "I", "Name_2": "Ponto 385", "description_2": "Velocidade: 11km/h<br>01/07/2026 09:45:46", "layer": "TTG4B66", "path": "C:/KMLs/Estevao/01-07-2026/Coleta/Trajeto_TTG4B66.kml|layername=Trajeto|geometrytype=Point|uniqueGeometryType=yes", "Velocidade": 11.0, "Data": "2026-07-01", "hora": "09:45:46", "Rota": null, "Turno": "Noite", "Dias_da_semana": [ "seg", "ter", "qua", "qui", "sex", "sab" ], "Hit_Rate": 100.0, "Status": "Validado (Rua sem rota)", "Bloco": "Seg_a_Sab" }, "geometry": { "type": "MultiLineString", "coordinates": [ [ [ 673752.6454659239389, 7478750.28683852031827 ], [ 673730.384865169879049, 7478746.820591534487903 ], [ 673719.714056697208434, 7478743.963669573888183 ], [ 673706.057062462205067, 7478736.788622837513685 ], [ 673696.64355773141142, 7478729.841869490221143 ], [ 673683.972367398091592, 7478719.975487243384123 ] ] ] } },
{ "type": "Feature", "properties": { "id": "Centro.40", "id_trecho": 1014, "Name": "Praça Roberto Silveira", "description": "nenhuma rota próxima", "Extensao_m": 59.455120575851097, "Bairro_logradouros": "Centro", "Bairro_rotas": null, "Distrito": "1º", "Lote": "I", "Name_2": "Ponto 1737", "description_2": "Velocidade: 0km/h<br>01/07/2026 17:38:50", "layer": "TUS0I00", "path": "C:/KMLs/Estevao/01-07-2026/Coleta/Trajeto_TUS0I00.kml|layername=Trajeto|geometrytype=Point|uniqueGeometryType=yes", "Velocidade": 0.0, "Data": "2026-07-01", "hora": "17:38:50", "Rota": null, "Turno": "Noite", "Dias_da_semana": [ "seg", "ter", "qua", "qui", "sex", "sab" ], "Hit_Rate": 94.44, "Status": "Validado (Rua sem rota)", "Bloco": "Seg_a_Sab" }, "geometry": { "type": "MultiLineString", "coordinates": [ [ [ 673715.257178370142356, 7478796.363368593156338 ], [ 673728.330675516626798, 7478777.574479596689343 ], [ 673736.102104087593034, 7478769.574479596689343 ], [ 673752.6454659239389, 7478750.28683852031827 ] ] ] } },
{ "type": "Feature", "properties": { "id": "Centro.92", "id_trecho": 1047, "Name": "Rua André Rebouças", "description": "Atribuído à rota do vizinho mais próximo", "Extensao_m": 27.287410416890758, "Bairro_logradouros": "Centro", "Bairro_rotas": "Centro", "Distrito": "1º", "Lote": "I", "Name_2": "Ponto 984", "description_2": "Velocidade: 0km/h<br>01/07/2026 21:19:20", "layer": "TTG4B66", "path": "C:/KMLs/Estevao/01-07-2026/Coleta/Trajeto_TTG4B66.kml|layername=Trajeto|geometrytype=Point|uniqueGeometryType=yes", "Velocidade": 0.0, "Data": "2026-07-01", "hora": "21:19:20", "Rota": "ROTA 300 (NOITE) - Centro - Seg a Sab", "Turno": "Noite", "Dias_da_semana": [ "seg", "ter", "qua", "qui", "sex", "sab" ], "Hit_Rate": 77.78, "Status": "Validado (Rua sem rota)", "Bloco": "Seg_a_Sab" }, "geometry": { "type": "MultiLineString", "coordinates": [ [ [ 673203.134904149686918, 7478963.992454633116722 ], [ 673188.052310364902951, 7478974.962170244194567 ], [ 673181.534806197043508, 7478980.62914608232677 ] ] ] } },
{ "type": "Feature", "properties": { "id": "Centro.92", "id_trecho": 1050, "Name": "Rua André Rebouças", "description": "Atribuído à rota do vizinho mais próximo", "Extensao_m": 33.876336790387526, "Bairro_logradouros": "Centro", "Bairro_rotas": "Centro", "Distrito": "1º", "Lote": "I", "Name_2": "Ponto 977", "description_2": "Velocidade: 0km/h<br>01/07/2026 21:14:13", "layer": "TTG4B66", "path": "C:/KMLs/Estevao/01-07-2026/Coleta/Trajeto_TTG4B66.kml|layername=Trajeto|geometrytype=Point|uniqueGeometryType=yes", "Velocidade": 0.0, "Data": "2026-07-01", "hora": "21:14:13", "Rota": "ROTA 300 (NOITE) - Centro - Seg a Sab", "Turno": "Noite", "Dias_da_semana": [ "seg", "ter", "qua", "qui", "sex", "sab" ], "Hit_Rate": 94.44, "Status": "Validado (Rua sem rota)", "Bloco": "Seg_a_Sab" }, "geometry": { "type": "MultiLineString", "coordinates": [ [ [ 673236.972306227078661, 7478962.410301530733705 ], [ 673215.900764687103219, 7478963.270922624506056 ], [ 673203.134904149686918, 7478963.992454633116722 ] ] ] } },
{ "type": "Feature", "properties": { "id": "Centro.32", "id_trecho": 1172, "Name": "Rua Humberto Campos", "description": "Atribuído à rota do vizinho mais próximo", "Extensao_m": 168.09558991356516, "Bairro_logradouros": "Centro", "Bairro_rotas": "Centro", "Distrito": "1º", "Lote": "I", "Name_2": "Ponto 867", "description_2": "Velocidade: 0km/h<br>01/07/2026 20:16:11", "layer": "TTG4B66", "path": "C:/KMLs/Estevao/01-07-2026/Coleta/Trajeto_TTG4B66.kml|layername=Trajeto|geometrytype=Point|uniqueGeometryType=yes", "Velocidade": 0.0, "Data": "2026-07-01", "hora": "20:16:11", "Rota": "ROTA 300 (NOITE) - Centro - Seg a Sab", "Turno": "Noite", "Dias_da_semana": [ "seg", "ter", "qua", "qui", "sex", "sab" ], "Hit_Rate": 72.22, "Status": "Validado (Rua sem rota)", "Bloco": "Seg_a_Sab" }, "geometry": { "type": "MultiLineString", "coordinates": [ [ [ 673350.756306935916655, 7479427.193070434965193 ], [ 673395.876145478803664, 7479401.870980393141508 ], [ 673447.307308189570904, 7479371.714608894661069 ], [ 673496.60563561716117, 7479343.642278032377362 ] ] ] } },
{ "type": "Feature", "properties": { "id": "Centro.83", "id_trecho": 1183, "Name": "Rua Jaír Viellela de Oliveira", "description": "nenhuma rota próxima", "Extensao_m": 169.47576785551388, "Bairro_logradouros": "Centro", "Bairro_rotas": null, "Distrito": "1º", "Lote": "I", "Name_2": "Ponto 1234", "description_2": "Velocidade: 12km/h<br>01/07/2026 22:40:02", "layer": "TTF7G57", "path": "C:/KMLs/Estevao/01-07-2026/Coleta/Trajeto_TTF7G57.kml|layername=Trajeto|geometrytype=Point|uniqueGeometryType=yes", "Velocidade": 12.0, "Data": "2026-07-01", "hora": "22:40:02", "Rota": null, "Turno": "Noite", "Dias_da_semana": [ "seg", "ter", "qua", "qui", "sex", "sab" ], "Hit_Rate": 100.0, "Status": "Validado (Rua sem rota)", "Bloco": "Seg_a_Sab" }, "geometry": { "type": "MultiLineString", "coordinates": [ [ [ 673983.20508724427782, 7479565.866307865828276 ], [ 674052.918027583276853, 7479507.335805119946599 ], [ 674113.097726993728429, 7479458.382994467392564 ], [ 674113.767433526343666, 7479457.827808286994696 ] ] ] } },
{ "type": "Feature", "properties": { "id": "Centro.33", "id_trecho": 1213, "Name": "Rua Manoel Correia", "description": "Atribuído à rota do vizinho mais próximo", "Extensao_m": 113.16372622051962, "Bairro_logradouros": "Centro", "Bairro_rotas": "Centro", "Distrito": "1º", "Lote": "I", "Name_2": "Ponto 582", "description_2": "Velocidade: 0km/h<br>01/07/2026 14:48:28", "layer": "TTF7G57", "path": "C:/KMLs/Estevao/01-07-2026/Coleta/Trajeto_TTF7G57.kml|layername=Trajeto|geometrytype=Point|uniqueGeometryType=yes", "Velocidade": 0.0, "Data": "2026-07-01", "hora": "14:48:28", "Rota": "ROTA 300 (NOITE) - Centro - Seg a Sab", "Turno": "Noite", "Dias_da_semana": [ "seg", "ter", "qua", "qui", "sex", "sab" ], "Hit_Rate": 72.22, "Status": "Validado (Rua sem rota)", "Bloco": "Seg_a_Sab" }, "geometry": { "type": "MultiLineString", "coordinates": [ [ [ 673405.22495984507259, 7479063.28292584978044 ], [ 673493.654221069067717, 7479133.891490885056555 ] ] ] } },
{ "type": "Feature", "properties": { "id": "Centro.33", "id_trecho": 1214, "Name": "Rua Manoel Correia", "description": "Atribuído à rota do vizinho mais próximo", "Extensao_m": 25.934414679060303, "Bairro_logradouros": "Centro", "Bairro_rotas": "Centro", "Distrito": "1º", "Lote": "I", "Name_2": "Ponto 582", "description_2": "Velocidade: 0km/h<br>01/07/2026 14:48:28", "layer": "TTF7G57", "path": "C:/KMLs/Estevao/01-07-2026/Coleta/Trajeto_TTF7G57.kml|layername=Trajeto|geometrytype=Point|uniqueGeometryType=yes", "Velocidade": 0.0, "Data": "2026-07-01", "hora": "14:48:28", "Rota": "ROTA 300 (NOITE) - Centro - Seg a Sab", "Turno": "Noite", "Dias_da_semana": [ "seg", "ter", "qua", "qui", "sex", "sab" ], "Hit_Rate": 88.89, "Status": "Validado (Rua sem rota)", "Bloco": "Seg_a_Sab" }, "geometry": { "type": "MultiLineString", "coordinates": [ [ [ 673493.654221069067717, 7479133.891490885056555 ], [ 673499.545709544792771, 7479130.955863455310464 ], [ 673507.770921841613017, 7479128.259350534528494 ], [ 673518.361402770038694, 7479126.765070668421686 ] ] ] } },
{ "type": "Feature", "properties": { "id": "Centro.93", "id_trecho": 1244, "Name": "Rua Onézio Soares da Silva", "description": "Atribuído à rota do vizinho mais próximo", "Extensao_m": 77.334291563216567, "Bairro_logradouros": "Centro", "Bairro_rotas": "Centro", "Distrito": "1º", "Lote": "I", "Name_2": "Ponto 1027", "description_2": "Velocidade: 9km/h<br>01/07/2026 20:03:56", "layer": "TTJ3E60", "path": "C:/KMLs/Estevao/01-07-2026/Coleta/Trajeto_TTJ3E60.kml|layername=Trajeto|geometrytype=Point|uniqueGeometryType=yes", "Velocidade": 9.0, "Data": "2026-07-01", "hora": "20:03:56", "Rota": "ROTA 300 (NOITE) - Centro - Seg a Sab", "Turno": "Noite", "Dias_da_semana": [ "seg", "ter", "qua", "qui", "sex", "sab" ], "Hit_Rate": 94.44, "Status": "Validado (Rua sem rota)", "Bloco": "Seg_a_Sab" }, "geometry": { "type": "MultiLineString", "coordinates": [ [ [ 673554.552217253483832, 7478763.350738563574851 ], [ 673580.041740652523004, 7478776.204738734290004 ], [ 673622.861614924157038, 7478799.580625521950424 ] ] ] } },
{ "type": "Feature", "properties": { "id": "Centro.86", "id_trecho": 1266, "Name": "Rua Paulo Lins", "description": "Atribuído à rota do vizinho mais próximo", "Extensao_m": 84.56297795919005, "Bairro_logradouros": "Centro", "Bairro_rotas": "Centro", "Distrito": "1º", "Lote": "I", "Name_2": "Ponto 308", "description_2": "Velocidade: 16km/h<br>01/07/2026 09:29:00", "layer": "KRX5186", "path": "C:/KMLs/Estevao/01-07-2026/Coleta/Trajeto_KRX5186.kml|layername=Trajeto|geometrytype=Point|uniqueGeometryType=yes", "Velocidade": 16.0, "Data": "2026-07-01", "hora": "09:29:00", "Rota": "ROTA 300 (NOITE) - Centro - Seg a Sab", "Turno": "Noite", "Dias_da_semana": [ "seg", "ter", "qua", "qui", "sex", "sab" ], "Hit_Rate": 94.44, "Status": "Validado (Rua sem rota)", "Bloco": "Seg_a_Sab" }, "geometry": { "type": "MultiLineString", "coordinates": [ [ [ 673635.551553767640144, 7478652.199618582613766 ], [ 673655.107192336698063, 7478675.941181115806103 ], [ 673677.716129017062485, 7478701.785171089693904 ], [ 673683.525108332862146, 7478707.809695224277675 ], [ 673688.296241839881986, 7478711.077460423111916 ], [ 673693.580488642212003, 7478711.626092404127121 ] ] ] } },
{ "type": "Feature", "properties": { "id": "Centro.148", "id_trecho": 1388, "Name": "SN", "description": "Atribuído à rota do vizinho mais próximo", "Extensao_m": 60.00565556253018, "Bairro_logradouros": "Centro", "Bairro_rotas": "Centro", "Distrito": "1º", "Lote": "I", "Name_2": "Ponto 208", "description_2": "Velocidade: 22km/h<br>01/07/2026 08:48:15", "layer": "TTF7G57", "path": "C:/KMLs/Estevao/01-07-2026/Coleta/Trajeto_TTF7G57.kml|layername=Trajeto|geometrytype=Point|uniqueGeometryType=yes", "Velocidade": 22.0, "Data": "2026-07-01", "hora": "08:48:15", "Rota": "ROTA 300 (NOITE) - Centro - Seg a Sab", "Turno": "Noite", "Dias_da_semana": [ "seg", "ter", "qua", "qui", "sex", "sab" ], "Hit_Rate": 72.22, "Status": "Validado (Rua sem rota)", "Bloco": "Seg_a_Sab" }, "geometry": { "type": "MultiLineString", "coordinates": [ [ [ 673963.215132009470835, 7477820.890694474801421 ], [ 673961.990542140207253, 7477816.175898317247629 ], [ 673960.224131549708545, 7477812.563695477321744 ], [ 673957.461509208776988, 7477809.826729672029614 ], [ 673954.544526441721246, 7477807.955348692834377 ], [ 673950.730061085196212, 7477806.614760745316744 ], [ 673945.553836613777094, 7477805.610945703461766 ], [ 673938.449165898375213, 7477804.773205656558275 ], [ 673911.163655014126562, 7477804.432578179985285 ] ] ] } },
{ "type": "Feature", "properties": { "id": "Centro.136", "id_trecho": 1396, "Name": "Terminal Rodoviário", "description": "Atribuído à rota do vizinho mais próximo", "Extensao_m": 37.07323067235118, "Bairro_logradouros": "Centro", "Bairro_rotas": "Centro", "Distrito": "1º", "Lote": "I", "Name_2": "Ponto 199", "description_2": "Velocidade: 16km/h<br>01/07/2026 08:41:44", "layer": "TTF7G57", "path": "C:/KMLs/Estevao/01-07-2026/Coleta/Trajeto_TTF7G57.kml|layername=Trajeto|geometrytype=Point|uniqueGeometryType=yes", "Velocidade": 16.0, "Data": "2026-07-01", "hora": "08:41:44", "Rota": "ROTA 300 (NOITE) - Centro - Seg a Sab", "Turno": "Noite", "Dias_da_semana": [ "seg", "ter", "qua", "qui", "sex", "sab" ], "Hit_Rate": 77.78, "Status": "Validado (Rua sem rota)", "Bloco": "Seg_a_Sab" }, "geometry": { "type": "MultiLineString", "coordinates": [ [ [ 673365.930476791923866, 7478454.03547781240195 ], [ 673354.380621157120913, 7478489.262546635232866 ] ] ] } },
{ "type": "Feature", "properties": { "id": "Doutor_Laureano.57", "id_trecho": 1536, "Name": "Rodovia Washington Luiz - Auxiliar", "description": "nenhuma rota próxima", "Extensao_m": 242.56377229323616, "Bairro_logradouros": "Doutor Laureano", "Bairro_rotas": null, "Distrito": "1º", "Lote": "I", "Name_2": "Ponto 61", "description_2": "Velocidade: 30km/h<br>01/07/2026 08:37:00", "layer": "KXG4E62", "path": "C:/KMLs/Estevao/01-07-2026/Coleta/Trajeto_KXG4E62.kml|layername=Trajeto|geometrytype=Point|uniqueGeometryType=yes", "Velocidade": 30.0, "Data": "2026-07-01", "hora": "08:37:00", "Rota": null, "Turno": "Noite", "Dias_da_semana": [ "seg", "ter", "qua", "qui", "sex", "sab" ], "Hit_Rate": 100.0, "Status": "Validado (Rua sem rota)", "Bloco": "Seg_a_Sab" }, "geometry": { "type": "MultiLineString", "coordinates": [ [ [ 675849.135084741516039, 7482109.402478836476803 ], [ 675850.436286023352295, 7482080.102812994271517 ], [ 675853.405030354741029, 7482033.975948651321232 ], [ 675855.887964127003215, 7481978.707072241231799 ], [ 675859.187029024004005, 7481922.963614699430764 ], [ 675861.211760580772534, 7481867.157372321002185 ] ] ] } },
{ "type": "Feature", "properties": { "id": "Doutor_Laureano.57", "id_trecho": 1537, "Name": "Rodovia Washington Luiz - Auxiliar", "description": "nenhuma rota próxima", "Extensao_m": 239.58488413981954, "Bairro_logradouros": "Doutor Laureano", "Bairro_rotas": null, "Distrito": "1º", "Lote": "I", "Name_2": "Ponto 487", "description_2": "Velocidade: 50km/h<br>01/07/2026 12:29:26", "layer": "TTF6F97", "path": "C:/KMLs/Estevao/01-07-2026/Coleta/Trajeto_TTF6F97.kml|layername=Trajeto|geometrytype=Point|uniqueGeometryType=yes", "Velocidade": 50.0, "Data": "2026-07-01", "hora": "12:29:26", "Rota": null, "Turno": "Noite", "Dias_da_semana": [ "seg", "ter", "qua", "qui", "sex", "sab" ], "Hit_Rate": 100.0, "Status": "Validado (Rua sem rota)", "Bloco": "Seg_a_Sab" }, "geometry": { "type": "MultiLineString", "coordinates": [ [ [ 675861.211760580772534, 7481867.157372321002185 ], [ 675864.163620202220045, 7481812.481082897633314 ], [ 675868.064201748231426, 7481757.251154266297817 ], [ 675871.925160256447271, 7481661.322467936202884 ], [ 675872.991054746787995, 7481627.888615956529975 ] ] ] } },
{ "type": "Feature", "properties": { "id": "Doutor_Laureano.57", "id_trecho": 1539, "Name": "Rodovia Washington Luiz - Auxiliar", "description": "nenhuma rota próxima", "Extensao_m": 59.196337724495663, "Bairro_logradouros": "Doutor Laureano", "Bairro_rotas": null, "Distrito": "1º", "Lote": "I", "Name_2": "Ponto 1796", "description_2": "Velocidade: 51km/h<br>01/07/2026 22:30:18", "layer": "TTH9F46", "path": "C:/KMLs/Estevao/01-07-2026/Coleta/Trajeto_TTH9F46.kml|layername=Trajeto|geometrytype=Point|uniqueGeometryType=yes", "Velocidade": 51.0, "Data": "2026-07-01", "hora": "22:30:18", "Rota": null, "Turno": "Noite", "Dias_da_semana": [ "seg", "ter", "qua", "qui", "sex", "sab" ], "Hit_Rate": 77.78, "Status": "Validado (Rua sem rota)", "Bloco": "Seg_a_Sab" }, "geometry": { "type": "MultiLineString", "coordinates": [ [ [ 675873.16613482683897, 7481622.3968551363796 ], [ 675875.052332342020236, 7481563.231632594019175 ] ] ] } },
{ "type": "Feature", "properties": { "id": "Doutor_Laureano.57", "id_trecho": 1540, "Name": "Rodovia Washington Luiz - Auxiliar", "description": "nenhuma rota próxima", "Extensao_m": 117.78372713706833, "Bairro_logradouros": "Doutor Laureano", "Bairro_rotas": null, "Distrito": "1º", "Lote": "I", "Name_2": "Ponto 267", "description_2": "Velocidade: 30km/h<br>01/07/2026 09:31:26", "layer": "TTF6F97", "path": "C:/KMLs/Estevao/01-07-2026/Coleta/Trajeto_TTF6F97.kml|layername=Trajeto|geometrytype=Point|uniqueGeometryType=yes", "Velocidade": 30.0, "Data": "2026-07-01", "hora": "09:31:26", "Rota": null, "Turno": "Noite", "Dias_da_semana": [ "seg", "ter", "qua", "qui", "sex", "sab" ], "Hit_Rate": 94.44, "Status": "Validado (Rua sem rota)", "Bloco": "Seg_a_Sab" }, "geometry": { "type": "MultiLineString", "coordinates": [ [ [ 675875.052332342020236, 7481563.231632594019175 ], [ 675877.013320829020813, 7481506.374005040153861 ], [ 675880.078785011428408, 7481445.561025967821479 ] ] ] } },
{ "type": "Feature", "properties": { "id": "Doutor_Laureano.57", "id_trecho": 1541, "Name": "Rodovia Washington Luiz - Auxiliar", "description": "nenhuma rota próxima", "Extensao_m": 170.81475118516471, "Bairro_logradouros": "Doutor Laureano", "Bairro_rotas": null, "Distrito": "1º", "Lote": "I", "Name_2": "Ponto 15", "description_2": "Velocidade: 51km/h<br>01/07/2026 06:13:26", "layer": "TTF6F97", "path": "C:/KMLs/Estevao/01-07-2026/Coleta/Trajeto_TTF6F97.kml|layername=Trajeto|geometrytype=Point|uniqueGeometryType=yes", "Velocidade": 51.0, "Data": "2026-07-01", "hora": "06:13:26", "Rota": null, "Turno": "Noite", "Dias_da_semana": [ "seg", "ter", "qua", "qui", "sex", "sab" ], "Hit_Rate": 100.0, "Status": "Validado (Rua sem rota)", "Bloco": "Seg_a_Sab" }, "geometry": { "type": "MultiLineString", "coordinates": [ [ [ 675880.078785011428408, 7481445.561025967821479 ], [ 675880.843076737830415, 7481417.533395683392882 ], [ 675881.616183259058744, 7481370.74525707680732 ], [ 675884.397451278287917, 7481319.105338675901294 ], [ 675885.64430066163186, 7481300.828858397901058 ], [ 675887.014720077509992, 7481274.919666063040495 ] ] ] } },
{ "type": "Feature", "properties": { "id": "Doutor_Laureano.65", "id_trecho": 1767, "Name": "Rua Mogi", "description": "nenhuma rota próxima", "Extensao_m": 95.288656841521401, "Bairro_logradouros": "Doutor Laureano", "Bairro_rotas": null, "Distrito": "1º", "Lote": "I", "Name_2": "Ponto 1179", "description_2": "Velocidade: 30km/h<br>01/07/2026 21:48:50", "layer": "TTH9F28", "path": "C:/KMLs/Estevao/01-07-2026/Coleta/Trajeto_TTH9F28.kml|layername=Trajeto|geometrytype=Point|uniqueGeometryType=yes", "Velocidade": 30.0, "Data": "2026-07-01", "hora": "21:48:50", "Rota": null, "Turno": "Noite", "Dias_da_semana": [ "seg", "ter", "qua", "qui", "sex", "sab" ], "Hit_Rate": 94.44, "Status": "Validado (Rua sem rota)", "Bloco": "Seg_a_Sab" }, "geometry": { "type": "MultiLineString", "coordinates": [ [ [ 675771.810306683997624, 7481866.685312233865261 ], [ 675706.780356828938238, 7481936.332271664403379 ] ] ] } },
{ "type": "Feature", "properties": { "id": "Doutor_Laureano.65", "id_trecho": 1768, "Name": "Rua Mogi", "description": "nenhuma rota próxima", "Extensao_m": 90.097176520174671, "Bairro_logradouros": "Doutor Laureano", "Bairro_rotas": null, "Distrito": "1º", "Lote": "I", "Name_2": "Ponto 581", "description_2": "Velocidade: 9km/h<br>01/07/2026 12:24:10", "layer": "KRX5186", "path": "C:/KMLs/Estevao/01-07-2026/Coleta/Trajeto_KRX5186.kml|layername=Trajeto|geometrytype=Point|uniqueGeometryType=yes", "Velocidade": 9.0, "Data": "2026-07-01", "hora": "12:24:10", "Rota": null, "Turno": "Noite", "Dias_da_semana": [ "seg", "ter", "qua", "qui", "sex", "sab" ], "Hit_Rate": 100.0, "Status": "Validado (Rua sem rota)", "Bloco": "Seg_a_Sab" }, "geometry": { "type": "MultiLineString", "coordinates": [ [ [ 675706.780356828938238, 7481936.332271664403379 ], [ 675638.449898860533722, 7481995.053185572847724 ] ] ] } },
{ "type": "Feature", "properties": { "id": "Doutor_Laureano.64", "id_trecho": 1834, "Name": "Rua Santa Izabel", "description": "nenhuma rota próxima", "Extensao_m": 225.30511257065316, "Bairro_logradouros": "Doutor Laureano", "Bairro_rotas": null, "Distrito": "1º", "Lote": "I", "Name_2": "Ponto 1671", "description_2": "Velocidade: 20km/h<br>02/07/2026 03:06:02", "layer": "TTF7G57", "path": "C:/KMLs/Estevao/01-07-2026/Coleta/Trajeto_TTF7G57.kml|layername=Trajeto|geometrytype=Point|uniqueGeometryType=yes", "Velocidade": 20.0, "Data": "2026-07-02", "hora": "03:06:02", "Rota": null, "Turno": "Noite", "Dias_da_semana": [ "seg", "ter", "qua", "qui", "sex", "sab" ], "Hit_Rate": 66.67, "Status": "Validado (Rua sem rota)", "Bloco": "Seg_a_Sab" }, "geometry": { "type": "MultiLineString", "coordinates": [ [ [ 675706.780356828938238, 7481936.332271664403379 ], [ 675757.571579462266527, 7481993.39947210252285 ], [ 675820.887063897564076, 7482072.105428444221616 ], [ 675842.098110941355117, 7482096.23529808409512 ], [ 675847.687075290130451, 7482110.976431721821427 ] ] ] } },
{ "type": "Feature", "properties": { "id": "Doutor_Laureano.97", "id_trecho": 1911, "Name": "Viaduto Vila São Luiz", "description": "nenhuma rota próxima", "Extensao_m": 176.94577023784791, "Bairro_logradouros": "Doutor Laureano", "Bairro_rotas": null, "Distrito": "1º", "Lote": "I", "Name_2": "Ponto 62", "description_2": "Velocidade: 13km/h<br>01/07/2026 08:37:46", "layer": "KXG4E62", "path": "C:/KMLs/Estevao/01-07-2026/Coleta/Trajeto_KXG4E62.kml|layername=Trajeto|geometrytype=Point|uniqueGeometryType=yes", "Velocidade": 13.0, "Data": "2026-07-01", "hora": "08:37:46", "Rota": null, "Turno": "Noite", "Dias_da_semana": [ "seg", "ter", "qua", "qui", "sex", "sab" ], "Hit_Rate": 100.0, "Status": "Validado (Rua sem rota)", "Bloco": "Seg_a_Sab" }, "geometry": { "type": "MultiLineString", "coordinates": [ [ [ 675875.052332342020236, 7481563.231632594019175 ], [ 675873.230357389897108, 7481549.56449069082737 ], [ 675870.362531755352393, 7481539.597298556938767 ], [ 675862.84918603731785, 7481532.009532038122416 ], [ 675851.521550060017034, 7481529.40517589636147 ], [ 675838.619772661128081, 7481533.663136476650834 ], [ 675827.997069371980615, 7481544.052204094827175 ], [ 675823.861431196331978, 7481555.883438581600785 ], [ 675824.575963587732986, 7481569.707364743575454 ], [ 675830.854951683548279, 7481588.67198409512639 ], [ 675840.524917196948081, 7481603.344717705622315 ], [ 675853.182420268421993, 7481613.475511324591935 ], [ 675870.488567784894258, 7481621.492625715211034 ], [ 675873.16613482683897, 7481622.3968551363796 ] ] ] } },
{ "type": "Feature", "properties": { "id": "Doutor_Laureano.97", "id_trecho": 1916, "Name": "Viaduto Vila São Luiz", "description": "nenhuma rota próxima", "Extensao_m": 86.442458187046498, "Bairro_logradouros": "Doutor Laureano", "Bairro_rotas": null, "Distrito": "1º", "Lote": "I", "Name_2": "Ponto 65", "description_2": "Velocidade: 13km/h<br>01/07/2026 08:38:10", "layer": "KXG4E62", "path": "C:/KMLs/Estevao/01-07-2026/Coleta/Trajeto_KXG4E62.kml|layername=Trajeto|geometrytype=Point|uniqueGeometryType=yes", "Velocidade": 13.0, "Data": "2026-07-01", "hora": "08:38:10", "Rota": null, "Turno": "Noite", "Dias_da_semana": [ "seg", "ter", "qua", "qui", "sex", "sab" ], "Hit_Rate": 100.0, "Status": "Validado (Rua sem rota)", "Bloco": "Seg_a_Sab" }, "geometry": { "type": "MultiLineString", "coordinates": [ [ [ 675872.991054746787995, 7481627.888615956529975 ], [ 675850.8965331237996, 7481618.297268038615584 ], [ 675830.307837192784064, 7481600.860388679429889 ], [ 675821.161522488109767, 7481584.398578841239214 ], [ 675818.892709251958877, 7481578.267340601421893 ], [ 675817.125247558229603, 7481568.420306918211281 ] ] ] } },
{ "type": "Feature", "properties": { "id": "Doutor_Laureano.97", "id_trecho": 1917, "Name": "Viaduto Vila São Luiz", "description": "nenhuma rota próxima", "Extensao_m": 143.21341766285244, "Bairro_logradouros": "Doutor Laureano", "Bairro_rotas": null, "Distrito": "1º", "Lote": "I", "Name_2": "Ponto 63", "description_2": "Velocidade: 9km/h<br>01/07/2026 08:38:00", "layer": "KXG4E62", "path": "C:/KMLs/Estevao/01-07-2026/Coleta/Trajeto_KXG4E62.kml|layername=Trajeto|geometrytype=Point|uniqueGeometryType=yes", "Velocidade": 9.0, "Data": "2026-07-01", "hora": "08:38:00", "Rota": null, "Turno": "Noite", "Dias_da_semana": [ "seg", "ter", "qua", "qui", "sex", "sab" ], "Hit_Rate": 100.0, "Status": "Validado (Rua sem rota)", "Bloco": "Seg_a_Sab" }, "geometry": { "type": "MultiLineString", "coordinates": [ [ [ 675817.125247558229603, 7481568.420306918211281 ], [ 675819.137475416297093, 7481552.372063036076725 ], [ 675824.866357370046899, 7481535.328403867781162 ], [ 675834.589893396012485, 7481518.238524589687586 ], [ 675844.11927287641447, 7481509.224278276786208 ], [ 675859.004257994005457, 7481497.955279811285436 ], [ 675865.533601518603973, 7481490.625850323587656 ], [ 675871.352615651441738, 7481481.377654250711203 ], [ 675880.078785011428408, 7481445.561025967821479 ] ] ] } },
{ "type": "Feature", "properties": { "id": "Gramacho.41", "id_trecho": 2160, "Name": "Rodovia Washington Luiz - Auxiliar", "description": "nenhuma rota próxima", "Extensao_m": 133.11619802235734, "Bairro_logradouros": "Gramacho", "Bairro_rotas": null, "Distrito": "1º", "Lote": "I", "Name_2": "Ponto 827", "description_2": "Velocidade: 0km/h<br>01/07/2026 12:12:48", "layer": "TTI9B27", "path": "C:/KMLs/Estevao/01-07-2026/Coleta/Trajeto_TTI9B27.kml|layername=Trajeto|geometrytype=Point|uniqueGeometryType=yes", "Velocidade": 0.0, "Data": "2026-07-01", "hora": "12:12:48", "Rota": null, "Turno": "Noite", "Dias_da_semana": [ "seg", "ter", "qua", "qui", "sex", "sab" ], "Hit_Rate": 72.22, "Status": "Validado (Rua sem rota)", "Bloco": "Seg_a_Sab" }, "geometry": { "type": "MultiLineString", "coordinates": [ [ [ 675844.666720116278157, 7482247.263222832232714 ], [ 675847.019538761582226, 7482200.268603216856718 ], [ 675848.234997429768555, 7482137.527969567105174 ], [ 675848.920687881647609, 7482114.230137955397367 ] ] ] } },
{ "type": "Feature", "properties": { "id": "Gramacho.41", "id_trecho": 2162, "Name": "Rodovia Washington Luiz - Auxiliar", "description": "nenhuma rota próxima", "Extensao_m": 178.16205141194791, "Bairro_logradouros": "Gramacho", "Bairro_rotas": null, "Distrito": "1º", "Lote": "I", "Name_2": "Ponto 332", "description_2": "Velocidade: 18km/h<br>01/07/2026 09:42:50", "layer": "KRX5186", "path": "C:/KMLs/Estevao/01-07-2026/Coleta/Trajeto_KRX5186.kml|layername=Trajeto|geometrytype=Point|uniqueGeometryType=yes", "Velocidade": 18.0, "Data": "2026-07-01", "hora": "09:42:50", "Rota": null, "Turno": "Noite", "Dias_da_semana": [ "seg", "ter", "qua", "qui", "sex", "sab" ], "Hit_Rate": 100.0, "Status": "Validado (Rua sem rota)", "Bloco": "Seg_a_Sab" }, "geometry": { "type": "MultiLineString", "coordinates": [ [ [ 675940.14765536331106, 7481272.604278227314353 ], [ 675939.921165521605872, 7481277.619391366839409 ], [ 675937.644502673647366, 7481324.923317947424948 ], [ 675934.866185428923927, 7481388.335548978298903 ], [ 675930.820514571852982, 7481450.511012198403478 ] ] ] } },
{ "type": "Feature", "properties": { "id": "Gramacho.41", "id_trecho": 2163, "Name": "Rodovia Washington Luiz - Auxiliar", "description": "nenhuma rota próxima", "Extensao_m": 122.01690928715315, "Bairro_logradouros": "Gramacho", "Bairro_rotas": null, "Distrito": "1º", "Lote": "I", "Name_2": "Ponto 973", "description_2": "Velocidade: 35km/h<br>01/07/2026 20:39:38", "layer": "TTF6F97", "path": "C:/KMLs/Estevao/01-07-2026/Coleta/Trajeto_TTF6F97.kml|layername=Trajeto|geometrytype=Point|uniqueGeometryType=yes", "Velocidade": 35.0, "Data": "2026-07-01", "hora": "20:39:38", "Rota": null, "Turno": "Noite", "Dias_da_semana": [ "seg", "ter", "qua", "qui", "sex", "sab" ], "Hit_Rate": 100.0, "Status": "Validado (Rua sem rota)", "Bloco": "Seg_a_Sab" }, "geometry": { "type": "MultiLineString", "coordinates": [ [ [ 675930.820514571852982, 7481450.511012198403478 ], [ 675925.021498242625967, 7481572.387888665311038 ] ] ] } },
{ "type": "Feature", "properties": { "id": "Gramacho.41", "id_trecho": 2164, "Name": "Rodovia Washington Luiz - Auxiliar", "description": "nenhuma rota próxima", "Extensao_m": 52.566221890247078, "Bairro_logradouros": "Gramacho", "Bairro_rotas": null, "Distrito": "1º", "Lote": "I", "Name_2": "Ponto 984", "description_2": "Velocidade: 20km/h<br>01/07/2026 19:02:20", "layer": "TTF7G57", "path": "C:/KMLs/Estevao/01-07-2026/Coleta/Trajeto_TTF7G57.kml|layername=Trajeto|geometrytype=Point|uniqueGeometryType=yes", "Velocidade": 20.0, "Data": "2026-07-01", "hora": "19:02:20", "Rota": null, "Turno": "Noite", "Dias_da_semana": [ "seg", "ter", "qua", "qui", "sex", "sab" ], "Hit_Rate": 100.0, "Status": "Validado (Rua sem rota)", "Bloco": "Seg_a_Sab" }, "geometry": { "type": "MultiLineString", "coordinates": [ [ [ 675925.021498242625967, 7481572.387888665311038 ], [ 675925.131364525994286, 7481618.257688535377383 ], [ 675924.773412212147377, 7481624.943476906977594 ] ] ] } },
{ "type": "Feature", "properties": { "id": "Gramacho.41", "id_trecho": 2166, "Name": "Rodovia Washington Luiz - Auxiliar", "description": "nenhuma rota próxima", "Extensao_m": 396.72074558690247, "Bairro_logradouros": "Gramacho", "Bairro_rotas": null, "Distrito": "1º", "Lote": "I", "Name_2": "Ponto 373", "description_2": "Velocidade: 55km/h<br>01/07/2026 10:14:30", "layer": "TTA2J20", "path": "C:/KMLs/Estevao/01-07-2026/Coleta/Trajeto_TTA2J20.kml|layername=Trajeto|geometrytype=Point|uniqueGeometryType=yes", "Velocidade": 55.0, "Data": "2026-07-01", "hora": "10:14:30", "Rota": null, "Turno": "Noite", "Dias_da_semana": [ "seg", "ter", "qua", "qui", "sex", "sab" ], "Hit_Rate": 100.0, "Status": "Validado (Rua sem rota)", "Bloco": "Seg_a_Sab" }, "geometry": { "type": "MultiLineString", "coordinates": [ [ [ 675924.50579685671255, 7481629.941955821588635 ], [ 675922.673925785114989, 7481664.157202199101448 ], [ 675921.38733748649247, 7481685.213867725804448 ], [ 675918.474135664175265, 7481732.558350685052574 ], [ 675916.34043992869556, 7481774.489394571632147 ], [ 675912.221494040684775, 7481858.759515209123492 ], [ 675905.891292199725285, 7482026.2034044675529 ] ] ] } },
{ "type": "Feature", "properties": { "id": "Gramacho.41", "id_trecho": 2168, "Name": "Rodovia Washington Luiz - Auxiliar", "description": "nenhuma rota próxima", "Extensao_m": 228.39391298963272, "Bairro_logradouros": "Gramacho", "Bairro_rotas": null, "Distrito": "1º", "Lote": "I", "Name_2": "Ponto 68", "description_2": "Velocidade: 41km/h<br>01/07/2026 08:40:00", "layer": "KXG4E62", "path": "C:/KMLs/Estevao/01-07-2026/Coleta/Trajeto_KXG4E62.kml|layername=Trajeto|geometrytype=Point|uniqueGeometryType=yes", "Velocidade": 41.0, "Data": "2026-07-01", "hora": "08:40:00", "Rota": null, "Turno": "Noite", "Dias_da_semana": [ "seg", "ter", "qua", "qui", "sex", "sab" ], "Hit_Rate": 100.0, "Status": "Validado (Rua sem rota)", "Bloco": "Seg_a_Sab" }, "geometry": { "type": "MultiLineString", "coordinates": [ [ [ 675904.164288006257266, 7482072.227326294407248 ], [ 675903.198944561416283, 7482114.84252576623112 ], [ 675901.388220364460722, 7482148.308801740407944 ], [ 675897.741961317835376, 7482214.876172156073153 ], [ 675894.652252002502792, 7482281.614288531243801 ], [ 675894.181212738272734, 7482300.380124351009727 ] ] ] } },
{ "type": "Feature", "properties": { "id": "Gramacho.41", "id_trecho": 2170, "Name": "Rodovia Washington Luiz - Auxiliar", "description": "nenhuma rota próxima", "Extensao_m": 330.53518579731752, "Bairro_logradouros": "Gramacho", "Bairro_rotas": null, "Distrito": "1º", "Lote": "I", "Name_2": "Ponto 1105", "description_2": "Velocidade: 16km/h<br>01/07/2026 22:21:38", "layer": "TTF6F97", "path": "C:/KMLs/Estevao/01-07-2026/Coleta/Trajeto_TTF6F97.kml|layername=Trajeto|geometrytype=Point|uniqueGeometryType=yes", "Velocidade": 16.0, "Data": "2026-07-01", "hora": "22:21:38", "Rota": null, "Turno": "Noite", "Dias_da_semana": [ "seg", "ter", "qua", "qui", "sex", "sab" ], "Hit_Rate": 100.0, "Status": "Validado (Rua sem rota)", "Bloco": "Seg_a_Sab" }, "geometry": { "type": "MultiLineString", "coordinates": [ [ [ 675893.808081030962057, 7482315.180117359384894 ], [ 675888.858011469477788, 7482411.110257601365447 ], [ 675885.209963930537924, 7482489.084458920173347 ], [ 675878.20479126565624, 7482645.339552375487983 ] ] ] } },
{ "type": "Feature", "properties": { "id": "Gramacho.41", "id_trecho": 2171, "Name": "Rodovia Washington Luiz - Auxiliar", "description": "nenhuma rota próxima", "Extensao_m": 247.03007982220942, "Bairro_logradouros": "Gramacho", "Bairro_rotas": null, "Distrito": "1º", "Lote": "I", "Name_2": "Ponto 406", "description_2": "Velocidade: 6km/h<br>01/07/2026 10:36:56", "layer": "KRX5186", "path": "C:/KMLs/Estevao/01-07-2026/Coleta/Trajeto_KRX5186.kml|layername=Trajeto|geometrytype=Point|uniqueGeometryType=yes", "Velocidade": 6.0, "Data": "2026-07-01", "hora": "10:36:56", "Rota": null, "Turno": "Noite", "Dias_da_semana": [ "seg", "ter", "qua", "qui", "sex", "sab" ], "Hit_Rate": 94.44, "Status": "Validado (Rua sem rota)", "Bloco": "Seg_a_Sab" }, "geometry": { "type": "MultiLineString", "coordinates": [ [ [ 675878.20479126565624, 7482645.339552375487983 ], [ 675876.296687475871295, 7482706.814589239656925 ], [ 675872.884247214766219, 7482768.772152453660965 ], [ 675867.367372938781045, 7482892.118399623781443 ] ] ] } },
{ "type": "Feature", "properties": { "id": "Gramacho.166", "id_trecho": 2678, "Name": "Rua Ponta Grossa", "description": "nenhuma rota próxima", "Extensao_m": 244.82585686028276, "Bairro_logradouros": "Gramacho", "Bairro_rotas": null, "Distrito": "1º", "Lote": "I", "Name_2": "Ponto 430", "description_2": "Velocidade: 0km/h<br>01/07/2026 10:45:24", "layer": "KRX5186", "path": "C:/KMLs/Estevao/01-07-2026/Coleta/Trajeto_KRX5186.kml|layername=Trajeto|geometrytype=Point|uniqueGeometryType=yes", "Velocidade": 0.0, "Data": "2026-07-01", "hora": "10:45:24", "Rota": null, "Turno": "Noite", "Dias_da_semana": [ "seg", "ter", "qua", "qui", "sex", "sab" ], "Hit_Rate": 100.0, "Status": "Validado (Rua sem rota)", "Bloco": "Seg_a_Sab" }, "geometry": { "type": "MultiLineString", "coordinates": [ [ [ 675958.228672360884957, 7482895.729735624045134 ], [ 675970.313011501100846, 7482651.206574861891568 ] ] ] } },
{ "type": "Feature", "properties": { "id": "Gramacho.225", "id_trecho": 2851, "Name": "Viaduto do Gramacho", "description": "Atribuído à rota do vizinho mais próximo", "Extensao_m": 143.29931614900664, "Bairro_logradouros": "Gramacho", "Bairro_rotas": "Centro", "Distrito": "1º", "Lote": "I", "Name_2": "Ponto 940", "description_2": "Velocidade: 20km/h<br>01/07/2026 15:48:24", "layer": "TTA2J20", "path": "C:/KMLs/Estevao/01-07-2026/Coleta/Trajeto_TTA2J20.kml|layername=Trajeto|geometrytype=Point|uniqueGeometryType=yes", "Velocidade": 20.0, "Data": "2026-07-01", "hora": "15:48:24", "Rota": "ROTA 300 (NOITE) - Centro - Seg a Sab", "Turno": "Noite", "Dias_da_semana": [ "seg", "ter", "qua", "qui", "sex", "sab" ], "Hit_Rate": 83.33, "Status": "Validado (Rua sem rota)", "Bloco": "Seg_a_Sab" }, "geometry": { "type": "MultiLineString", "coordinates": [ [ [ 673994.053097500698641, 7483050.963833222165704 ], [ 673983.067861226852983, 7483059.500408899970353 ], [ 673976.720545697025955, 7483064.922000901773572 ], [ 673972.475533310091123, 7483070.950786775909364 ], [ 673961.693789980257861, 7483090.986051655374467 ], [ 673932.325387654360384, 7483145.553720803931355 ], [ 673920.767496295971796, 7483170.481671323999763 ], [ 673920.460499038570561, 7483171.913650138303638 ] ] ] } },
{ "type": "Feature", "properties": { "id": "Gramacho.225", "id_trecho": 2853, "Name": "Viaduto do Gramacho", "description": "Atribuído à rota do vizinho mais próximo", "Extensao_m": 210.41243446528881, "Bairro_logradouros": "Gramacho", "Bairro_rotas": "Centro", "Distrito": "1º", "Lote": "I", "Name_2": "Ponto 14", "description_2": "Velocidade: 38km/h<br>01/07/2026 06:08:18", "layer": "TTA2J20", "path": "C:/KMLs/Estevao/01-07-2026/Coleta/Trajeto_TTA2J20.kml|layername=Trajeto|geometrytype=Point|uniqueGeometryType=yes", "Velocidade": 38.0, "Data": "2026-07-01", "hora": "06:08:18", "Rota": "ROTA 300 (NOITE) - Centro - Seg a Sab", "Turno": "Noite", "Dias_da_semana": [ "seg", "ter", "qua", "qui", "sex", "sab" ], "Hit_Rate": 100.0, "Status": "Validado (Rua sem rota)", "Bloco": "Seg_a_Sab" }, "geometry": { "type": "MultiLineString", "coordinates": [ [ [ 673918.435268772067502, 7483184.273165721446276 ], [ 673917.959266992751509, 7483190.780093085020781 ], [ 673918.279783176258206, 7483199.946101721376181 ], [ 673919.480884846998379, 7483207.97244309540838 ], [ 673923.846206810208969, 7483224.135570389218628 ], [ 673928.653879069839604, 7483234.069777499884367 ], [ 673935.148660962586291, 7483243.331294925883412 ], [ 673941.494488739641383, 7483251.243426326662302 ], [ 673951.579259466379881, 7483261.859265855513513 ], [ 673959.928811275167391, 7483268.940036278218031 ], [ 674009.51211388327647, 7483301.496637979522347 ], [ 674053.927212531561963, 7483329.405577586963773 ] ] ] } },
{ "type": "Feature", "properties": { "id": "Gramacho.225", "id_trecho": 2857, "Name": "Viaduto do Gramacho", "description": "Atribuído à rota do vizinho mais próximo", "Extensao_m": 145.67329717471034, "Bairro_logradouros": "Gramacho", "Bairro_rotas": "Centro", "Distrito": "1º", "Lote": "I", "Name_2": "Ponto 442", "description_2": "Velocidade: 21km/h<br>01/07/2026 10:47:30", "layer": "TTA2J20", "path": "C:/KMLs/Estevao/01-07-2026/Coleta/Trajeto_TTA2J20.kml|layername=Trajeto|geometrytype=Point|uniqueGeometryType=yes", "Velocidade": 21.0, "Data": "2026-07-01", "hora": "10:47:30", "Rota": "ROTA 300 (NOITE) - Centro - Seg a Sab", "Turno": "Noite", "Dias_da_semana": [ "seg", "ter", "qua", "qui", "sex", "sab" ], "Hit_Rate": 66.67, "Status": "Validado (Rua sem rota)", "Bloco": "Seg_a_Sab" }, "geometry": { "type": "MultiLineString", "coordinates": [ [ [ 673915.165122664882801, 7483171.707860480993986 ], [ 673915.260175490402617, 7483171.220193112269044 ], [ 673932.885073765995912, 7483134.317790335044265 ], [ 673945.28416019922588, 7483110.199716919101775 ], [ 673955.474974411772564, 7483089.683948500081897 ], [ 673964.085714306915179, 7483067.525071615353227 ], [ 673964.532114820322022, 7483058.959384807385504 ], [ 673965.432193438289687, 7483037.076971326954663 ] ] ] } },
{ "type": "Feature", "properties": { "id": "Gramacho.225", "id_trecho": 2858, "Name": "Viaduto do Gramacho", "description": "Atribuído à rota do vizinho mais próximo", "Extensao_m": 55.207172040417092, "Bairro_logradouros": "Gramacho", "Bairro_rotas": "Centro", "Distrito": "1º", "Lote": "I", "Name_2": "Ponto 443", "description_2": "Velocidade: 15km/h<br>01/07/2026 10:47:49", "layer": "TTA2J20", "path": "C:/KMLs/Estevao/01-07-2026/Coleta/Trajeto_TTA2J20.kml|layername=Trajeto|geometrytype=Point|uniqueGeometryType=yes", "Velocidade": 15.0, "Data": "2026-07-01", "hora": "10:47:49", "Rota": "ROTA 300 (NOITE) - Centro - Seg a Sab", "Turno": "Noite", "Dias_da_semana": [ "seg", "ter", "qua", "qui", "sex", "sab" ], "Hit_Rate": 72.22, "Status": "Validado (Rua sem rota)", "Bloco": "Seg_a_Sab" }, "geometry": { "type": "MultiLineString", "coordinates": [ [ [ 673965.432193438289687, 7483037.076971326954663 ], [ 673975.39699782198295, 7483027.339246850460768 ], [ 673979.012429818394594, 7483026.434076128527522 ], [ 673983.470888771349564, 7483025.59678141772747 ], [ 673987.880648970720358, 7483025.889640633948147 ], [ 673991.303213362465613, 7483026.980081932619214 ], [ 673994.055677302181721, 7483029.650767003186047 ], [ 673995.611745014088228, 7483032.789194004610181 ], [ 673996.399090722086839, 7483035.172276064753532 ], [ 673996.88656275102403, 7483039.175664814189076 ], [ 673994.528488316573203, 7483050.039819980040193 ] ] ] } },
{ "type": "Feature", "properties": { "id": "Gramacho.202", "id_trecho": 2860, "Name": "Viaduto Vila São Luiz", "description": "nenhuma rota próxima", "Extensao_m": 234.56265257797639, "Bairro_logradouros": "Gramacho", "Bairro_rotas": null, "Distrito": "1º", "Lote": "I", "Name_2": "Ponto 576", "description_2": "Velocidade: 32km/h<br>01/07/2026 12:22:09", "layer": "KRX5186", "path": "C:/KMLs/Estevao/01-07-2026/Coleta/Trajeto_KRX5186.kml|layername=Trajeto|geometrytype=Point|uniqueGeometryType=yes", "Velocidade": 32.0, "Data": "2026-07-01", "hora": "12:22:09", "Rota": null, "Turno": "Noite", "Dias_da_semana": [ "seg", "ter", "qua", "qui", "sex", "sab" ], "Hit_Rate": 100.0, "Status": "Validado (Rua sem rota)", "Bloco": "Seg_a_Sab" }, "geometry": { "type": "MultiLineString", "coordinates": [ [ [ 675930.820514571852982, 7481450.511012198403478 ], [ 675939.084082976682112, 7481478.54488586075604 ], [ 675945.681907982449047, 7481489.554198759607971 ], [ 675953.492299738922156, 7481497.958009259775281 ], [ 675969.935287938220426, 7481513.925503289327025 ], [ 675980.82265338068828, 7481526.40235922113061 ], [ 675986.886640715412796, 7481539.200853351503611 ], [ 675990.067467636195943, 7481551.357180343940854 ], [ 675991.743462056154385, 7481565.712633448652923 ], [ 675989.681521532940678, 7481578.339431089349091 ], [ 675982.632848816225305, 7481594.036267986521125 ], [ 675973.951172627857886, 7481605.30001007206738 ], [ 675963.926443860633299, 7481614.109655192121863 ], [ 675952.235693484777585, 7481620.956223256886005 ], [ 675938.733603544067591, 7481626.594466971233487 ], [ 675924.50579685671255, 7481629.941955821588635 ] ] ] } },
{ "type": "Feature", "properties": { "id": "Gramacho.202", "id_trecho": 2861, "Name": "Viaduto Vila São Luiz", "description": "nenhuma rota próxima", "Extensao_m": 16.406296702785681, "Bairro_logradouros": "Gramacho", "Bairro_rotas": null, "Distrito": "1º", "Lote": "I", "Name_2": "Ponto 998", "description_2": "Velocidade: 30km/h<br>01/07/2026 18:55:48", "layer": "TTA2J20", "path": "C:/KMLs/Estevao/01-07-2026/Coleta/Trajeto_TTA2J20.kml|layername=Trajeto|geometrytype=Point|uniqueGeometryType=yes", "Velocidade": 30.0, "Data": "2026-07-01", "hora": "18:55:48", "Rota": null, "Turno": "Noite", "Dias_da_semana": [ "seg", "ter", "qua", "qui", "sex", "sab" ], "Hit_Rate": 66.67, "Status": "Validado (Rua sem rota)", "Bloco": "Seg_a_Sab" }, "geometry": { "type": "MultiLineString", "coordinates": [ [ [ 675924.50579685671255, 7481629.941955821588635 ], [ 675918.535136015270837, 7481631.346716059371829 ], [ 675908.282498809043318, 7481631.982280537486076 ] ] ] } },
{ "type": "Feature", "properties": { "id": "Gramacho.202", "id_trecho": 2865, "Name": "Viaduto Vila São Luiz", "description": "nenhuma rota próxima", "Extensao_m": 193.21949160063801, "Bairro_logradouros": "Gramacho", "Bairro_rotas": null, "Distrito": "1º", "Lote": "I", "Name_2": "Ponto 577", "description_2": "Velocidade: 30km/h<br>01/07/2026 12:22:16", "layer": "KRX5186", "path": "C:/KMLs/Estevao/01-07-2026/Coleta/Trajeto_KRX5186.kml|layername=Trajeto|geometrytype=Point|uniqueGeometryType=yes", "Velocidade": 30.0, "Data": "2026-07-01", "hora": "12:22:16", "Rota": null, "Turno": "Noite", "Dias_da_semana": [ "seg", "ter", "qua", "qui", "sex", "sab" ], "Hit_Rate": 100.0, "Status": "Validado (Rua sem rota)", "Bloco": "Seg_a_Sab" }, "geometry": { "type": "MultiLineString", "coordinates": [ [ [ 675924.773412212147377, 7481624.943476906977594 ], [ 675949.806576227536425, 7481617.839152772910893 ], [ 675960.647307236446068, 7481610.315801138989627 ], [ 675967.606398004805669, 7481604.620397271588445 ], [ 675977.389964037924074, 7481592.723721832036972 ], [ 675982.426989718340337, 7481581.579701598733664 ], [ 675986.115326008526608, 7481567.494371847249568 ], [ 675985.864505250705406, 7481557.363996358588338 ], [ 675983.559072549920529, 7481548.962903993204236 ], [ 675976.992096960311756, 7481540.622231009416282 ], [ 675969.08790634048637, 7481536.538619007915258 ], [ 675958.46802762162406, 7481534.745668014511466 ], [ 675947.48249952821061, 7481537.74117923155427 ], [ 675939.01796616113279, 7481544.694361431524158 ], [ 675932.096837141085416, 7481553.667401971295476 ], [ 675925.021498242625967, 7481572.387888665311038 ] ] ] } },
{ "type": "Feature", "properties": { "id": "Parque_Duque.174", "id_trecho": 3952, "Name": "Rodovia Washington Luiz - Auxiliar", "description": "nenhuma rota próxima", "Extensao_m": 136.85883015957319, "Bairro_logradouros": "Parque Duque", "Bairro_rotas": null, "Distrito": "1º", "Lote": "I", "Name_2": "Ponto 944", "description_2": "Velocidade: 0km/h<br>01/07/2026 14:09:23", "layer": "TUN3B98", "path": "C:/KMLs/Estevao/01-07-2026/Coleta/Trajeto_TUN3B98.kml|layername=Trajeto|geometrytype=Point|uniqueGeometryType=yes", "Velocidade": 0.0, "Data": "2026-07-01", "hora": "14:09:23", "Rota": null, "Turno": "Noite", "Dias_da_semana": [ "seg", "ter", "qua", "qui", "sex", "sab" ], "Hit_Rate": 72.22, "Status": "Validado (Rua sem rota)", "Bloco": "Seg_a_Sab" }, "geometry": { "type": "MultiLineString", "coordinates": [ [ [ 675938.700456855352968, 7480142.627780798822641 ], [ 675940.611928188474849, 7480082.459272683598101 ], [ 675945.456027150852606, 7480005.954914157278836 ] ] ] } },
{ "type": "Feature", "properties": { "id": "Parque_Duque.174", "id_trecho": 3953, "Name": "Rodovia Washington Luiz - Auxiliar", "description": "nenhuma rota próxima", "Extensao_m": 128.30611596167432, "Bairro_logradouros": "Parque Duque", "Bairro_rotas": null, "Distrito": "1º", "Lote": "I", "Name_2": "Ponto 918", "description_2": "Velocidade: 0km/h<br>01/07/2026 20:05:10", "layer": "TTF6F97", "path": "C:/KMLs/Estevao/01-07-2026/Coleta/Trajeto_TTF6F97.kml|layername=Trajeto|geometrytype=Point|uniqueGeometryType=yes", "Velocidade": 0.0, "Data": "2026-07-01", "hora": "20:05:10", "Rota": null, "Turno": "Noite", "Dias_da_semana": [ "seg", "ter", "qua", "qui", "sex", "sab" ], "Hit_Rate": 77.78, "Status": "Validado (Rua sem rota)", "Bloco": "Seg_a_Sab" }, "geometry": { "type": "MultiLineString", "coordinates": [ [ [ 675945.456027150852606, 7480005.954914157278836 ], [ 675948.954355530557223, 7479940.939463941380382 ], [ 675951.262433905736543, 7479877.787261021323502 ] ] ] } },
{ "type": "Feature", "properties": { "id": "Parque_Duque.174", "id_trecho": 3955, "Name": "Rodovia Washington Luiz - Auxiliar", "description": "nenhuma rota próxima", "Extensao_m": 96.523482016693748, "Bairro_logradouros": "Parque Duque", "Bairro_rotas": null, "Distrito": "1º", "Lote": "I", "Name_2": "Ponto 37", "description_2": "Velocidade: 17km/h<br>01/07/2026 06:27:03", "layer": "TTG4B66", "path": "C:/KMLs/Estevao/01-07-2026/Coleta/Trajeto_TTG4B66.kml|layername=Trajeto|geometrytype=Point|uniqueGeometryType=yes", "Velocidade": 17.0, "Data": "2026-07-01", "hora": "06:27:03", "Rota": null, "Turno": "Noite", "Dias_da_semana": [ "seg", "ter", "qua", "qui", "sex", "sab" ], "Hit_Rate": 72.22, "Status": "Validado (Rua sem rota)", "Bloco": "Seg_a_Sab" }, "geometry": { "type": "MultiLineString", "coordinates": [ [ [ 675958.979034226154909, 7479737.238141227513552 ], [ 675960.374996399506927, 7479690.210095088928938 ], [ 675962.030463405419141, 7479640.764765466563404 ] ] ] } },
{ "type": "Feature", "properties": { "id": "Parque_Duque.174", "id_trecho": 3956, "Name": "Rodovia Washington Luiz - Auxiliar", "description": "nenhuma rota próxima", "Extensao_m": 120.68633382086942, "Bairro_logradouros": "Parque Duque", "Bairro_rotas": null, "Distrito": "1º", "Lote": "I", "Name_2": "Ponto 38", "description_2": "Velocidade: 9km/h<br>01/07/2026 06:27:07", "layer": "TTG4B66", "path": "C:/KMLs/Estevao/01-07-2026/Coleta/Trajeto_TTG4B66.kml|layername=Trajeto|geometrytype=Point|uniqueGeometryType=yes", "Velocidade": 9.0, "Data": "2026-07-01", "hora": "06:27:07", "Rota": null, "Turno": "Noite", "Dias_da_semana": [ "seg", "ter", "qua", "qui", "sex", "sab" ], "Hit_Rate": 77.78, "Status": "Validado (Rua sem rota)", "Bloco": "Seg_a_Sab" }, "geometry": { "type": "MultiLineString", "coordinates": [ [ [ 675962.030463405419141, 7479640.764765466563404 ], [ 675965.625632383394986, 7479585.017629142850637 ], [ 675967.688573433668353, 7479520.229180222377181 ] ] ] } },
{ "type": "Feature", "properties": { "id": "Parque_Duque.174", "id_trecho": 3957, "Name": "Rodovia Washington Luiz - Auxiliar", "description": "nenhuma rota próxima", "Extensao_m": 99.939150742629295, "Bairro_logradouros": "Parque Duque", "Bairro_rotas": null, "Distrito": "1º", "Lote": "I", "Name_2": "Ponto 1581", "description_2": "Velocidade: 18km/h<br>02/07/2026 02:00:23", "layer": "TTF7G57", "path": "C:/KMLs/Estevao/01-07-2026/Coleta/Trajeto_TTF7G57.kml|layername=Trajeto|geometrytype=Point|uniqueGeometryType=yes", "Velocidade": 18.0, "Data": "2026-07-02", "hora": "02:00:23", "Rota": null, "Turno": "Noite", "Dias_da_semana": [ "seg", "ter", "qua", "qui", "sex", "sab" ], "Hit_Rate": 100.0, "Status": "Validado (Rua sem rota)", "Bloco": "Seg_a_Sab" }, "geometry": { "type": "MultiLineString", "coordinates": [ [ [ 675967.688573433668353, 7479520.229180222377181 ], [ 675968.674210816971026, 7479486.539750479161739 ], [ 675970.885072401142679, 7479420.343096628785133 ] ] ] } },
{ "type": "Feature", "properties": { "id": "Parque_Duque.174", "id_trecho": 3958, "Name": "Rodovia Washington Luiz - Auxiliar", "description": "nenhuma rota próxima", "Extensao_m": 80.862402560610192, "Bairro_logradouros": "Parque Duque", "Bairro_rotas": null, "Distrito": "1º", "Lote": "I", "Name_2": "Ponto 968", "description_2": "Velocidade: 30km/h<br>01/07/2026 20:34:38", "layer": "TTF6F97", "path": "C:/KMLs/Estevao/01-07-2026/Coleta/Trajeto_TTF6F97.kml|layername=Trajeto|geometrytype=Point|uniqueGeometryType=yes", "Velocidade": 30.0, "Data": "2026-07-01", "hora": "20:34:38", "Rota": null, "Turno": "Noite", "Dias_da_semana": [ "seg", "ter", "qua", "qui", "sex", "sab" ], "Hit_Rate": 77.78, "Status": "Validado (Rua sem rota)", "Bloco": "Seg_a_Sab" }, "geometry": { "type": "MultiLineString", "coordinates": [ [ [ 675970.885072401142679, 7479420.343096628785133 ], [ 675975.195103366626427, 7479352.748849645256996 ], [ 675975.916024680715054, 7479339.639181468635798 ] ] ] } },
{ "type": "Feature", "properties": { "id": "Parque_Duque.174", "id_trecho": 3981, "Name": "Rodovia Washington Luiz - Auxiliar", "description": "nenhuma rota próxima", "Extensao_m": 101.48547485179157, "Bairro_logradouros": "Parque Duque", "Bairro_rotas": null, "Distrito": "1º", "Lote": "I", "Name_2": "Ponto 932", "description_2": "Velocidade: 33km/h<br>01/07/2026 20:53:42", "layer": "TTM5J19", "path": "C:/KMLs/Estevao/01-07-2026/Coleta/Trajeto_TTM5J19.kml|layername=Trajeto|geometrytype=Point|uniqueGeometryType=yes", "Velocidade": 33.0, "Data": "2026-07-01", "hora": "20:53:42", "Rota": null, "Turno": "Noite", "Dias_da_semana": [ "seg", "ter", "qua", "qui", "sex", "sab" ], "Hit_Rate": 94.44, "Status": "Validado (Rua sem rota)", "Bloco": "Seg_a_Sab" }, "geometry": { "type": "MultiLineString", "coordinates": [ [ [ 675514.672611473710276, 7477644.334714548662305 ], [ 675520.823857168667018, 7477670.145005289465189 ], [ 675525.443510904442519, 7477688.708044313825667 ], [ 675533.314815856516361, 7477714.088670323602855 ], [ 675543.540340861538425, 7477741.490865588188171 ] ] ] } },
{ "type": "Feature", "properties": { "id": "Parque_Duque.174", "id_trecho": 3982, "Name": "Rodovia Washington Luiz - Auxiliar", "description": "nenhuma rota próxima", "Extensao_m": 489.98422779177571, "Bairro_logradouros": "Parque Duque", "Bairro_rotas": null, "Distrito": "1º", "Lote": "I", "Name_2": "Ponto 325", "description_2": "Velocidade: 0km/h<br>01/07/2026 09:36:24", "layer": "KRX5186", "path": "C:/KMLs/Estevao/01-07-2026/Coleta/Trajeto_KRX5186.kml|layername=Trajeto|geometrytype=Point|uniqueGeometryType=yes", "Velocidade": 0.0, "Data": "2026-07-01", "hora": "09:36:24", "Rota": null, "Turno": "Noite", "Dias_da_semana": [ "seg", "ter", "qua", "qui", "sex", "sab" ], "Hit_Rate": 100.0, "Status": "Validado (Rua sem rota)", "Bloco": "Seg_a_Sab" }, "geometry": { "type": "MultiLineString", "coordinates": [ [ [ 675543.540340861538425, 7477741.490865588188171 ], [ 675559.439834419870749, 7477781.840116934850812 ], [ 675577.223613482783549, 7477819.974771508947015 ], [ 675607.76637672772631, 7477883.477743514813483 ], [ 675623.371896826894954, 7477915.258568654768169 ], [ 675637.062652061111294, 7477944.835540289059281 ], [ 675651.304395514423959, 7477974.107108980417252 ], [ 675681.194552328204736, 7478034.4058747459203 ], [ 675717.278867974877357, 7478106.427377404645085 ], [ 675754.664393435930833, 7478183.494861725717783 ] ] ] } },
{ "type": "Feature", "properties": { "id": "Parque_Duque.174", "id_trecho": 3992, "Name": "Rodovia Washington Luiz - Auxiliar", "description": "nenhuma rota próxima", "Extensao_m": 234.13938758928936, "Bairro_logradouros": "Parque Duque", "Bairro_rotas": null, "Distrito": "1º", "Lote": "I", "Name_2": "Ponto 327", "description_2": "Velocidade: 29km/h<br>01/07/2026 09:38:24", "layer": "KRX5186", "path": "C:/KMLs/Estevao/01-07-2026/Coleta/Trajeto_KRX5186.kml|layername=Trajeto|geometrytype=Point|uniqueGeometryType=yes", "Velocidade": 29.0, "Data": "2026-07-01", "hora": "09:38:24", "Rota": null, "Turno": "Noite", "Dias_da_semana": [ "seg", "ter", "qua", "qui", "sex", "sab" ], "Hit_Rate": 77.78, "Status": "Validado (Rua sem rota)", "Bloco": "Seg_a_Sab" }, "geometry": { "type": "MultiLineString", "coordinates": [ [ [ 675850.123845213791355, 7478375.453515921719372 ], [ 675864.068478268454783, 7478402.945355864241719 ], [ 675893.25819848338142, 7478462.033708106726408 ], [ 675919.794223434990272, 7478517.17697340529412 ], [ 675933.372950964956544, 7478548.515912867151201 ], [ 675942.424694269779138, 7478569.342094834893942 ], [ 675949.941240080283023, 7478587.167785495519638 ] ] ] } },
{ "type": "Feature", "properties": { "id": "Parque_Duque.157", "id_trecho": 4040, "Name": "Rua Almeida Braga", "description": "nenhuma rota próxima", "Extensao_m": 67.149648816604866, "Bairro_logradouros": "Parque Duque", "Bairro_rotas": null, "Distrito": "1º", "Lote": "I", "Name_2": "Ponto 319", "description_2": "Velocidade: 24km/h<br>01/07/2026 09:34:37", "layer": "KRX5186", "path": "C:/KMLs/Estevao/01-07-2026/Coleta/Trajeto_KRX5186.kml|layername=Trajeto|geometrytype=Point|uniqueGeometryType=yes", "Velocidade": 24.0, "Data": "2026-07-01", "hora": "09:34:37", "Rota": null, "Turno": "Noite", "Dias_da_semana": [ "seg", "ter", "qua", "qui", "sex", "sab" ], "Hit_Rate": 100.0, "Status": "Validado (Rua sem rota)", "Bloco": "Seg_a_Sab" }, "geometry": { "type": "MultiLineString", "coordinates": [ [ [ 675248.660829949658364, 7477441.459821373224258 ], [ 675252.684740497614257, 7477437.69826840236783 ], [ 675267.104392074630596, 7477430.034153066575527 ], [ 675289.816658256109804, 7477424.721700824797153 ], [ 675311.680689578177407, 7477422.420243058353662 ] ] ] } },
{ "type": "Feature", "properties": { "id": "Parque_Duque.157", "id_trecho": 4041, "Name": "Rua Almeida Braga", "description": "nenhuma rota próxima", "Extensao_m": 68.342902801405543, "Bairro_logradouros": "Parque Duque", "Bairro_rotas": null, "Distrito": "1º", "Lote": "I", "Name_2": "Ponto 200", "description_2": "Velocidade: 25km/h<br>01/07/2026 07:57:13", "layer": "TTG4B66", "path": "C:/KMLs/Estevao/01-07-2026/Coleta/Trajeto_TTG4B66.kml|layername=Trajeto|geometrytype=Point|uniqueGeometryType=yes", "Velocidade": 25.0, "Data": "2026-07-01", "hora": "07:57:13", "Rota": null, "Turno": "Noite", "Dias_da_semana": [ "seg", "ter", "qua", "qui", "sex", "sab" ], "Hit_Rate": 100.0, "Status": "Validado (Rua sem rota)", "Bloco": "Seg_a_Sab" }, "geometry": { "type": "MultiLineString", "coordinates": [ [ [ 675385.673059562919661, 7477454.711398073472083 ], [ 675365.696788132889196, 7477445.340614506043494 ], [ 675355.324017384788021, 7477444.242306082509458 ], [ 675348.987383323139511, 7477445.002177542075515 ], [ 675338.088791968417354, 7477449.934539617039263 ], [ 675325.642825739923865, 7477462.238337071612477 ] ] ] } },
{ "type": "Feature", "properties": { "id": "Parque_Duque.157", "id_trecho": 4042, "Name": "Rua Almeida Braga", "description": "nenhuma rota próxima", "Extensao_m": 51.258378958492777, "Bairro_logradouros": "Parque Duque", "Bairro_rotas": null, "Distrito": "1º", "Lote": "I", "Name_2": "Ponto 320", "description_2": "Velocidade: 17km/h<br>01/07/2026 09:34:47", "layer": "KRX5186", "path": "C:/KMLs/Estevao/01-07-2026/Coleta/Trajeto_KRX5186.kml|layername=Trajeto|geometrytype=Point|uniqueGeometryType=yes", "Velocidade": 17.0, "Data": "2026-07-01", "hora": "09:34:47", "Rota": null, "Turno": "Noite", "Dias_da_semana": [ "seg", "ter", "qua", "qui", "sex", "sab" ], "Hit_Rate": 100.0, "Status": "Validado (Rua sem rota)", "Bloco": "Seg_a_Sab" }, "geometry": { "type": "MultiLineString", "coordinates": [ [ [ 675325.642825739923865, 7477462.238337071612477 ], [ 675329.864536028006114, 7477451.724011745303869 ], [ 675331.482996927225031, 7477444.285297797992826 ], [ 675330.552444981178269, 7477437.507298122160137 ], [ 675327.562465841765516, 7477431.107488276436925 ], [ 675323.170814699726179, 7477426.916655832901597 ], [ 675311.680689578177407, 7477422.420243058353662 ] ] ] } },
{ "type": "Feature", "properties": { "id": "Parque_Duque.157", "id_trecho": 4043, "Name": "Rua Almeida Braga", "description": "nenhuma rota próxima", "Extensao_m": 86.204924508529601, "Bairro_logradouros": "Parque Duque", "Bairro_rotas": null, "Distrito": "1º", "Lote": "I", "Name_2": "Ponto 200", "description_2": "Velocidade: 25km/h<br>01/07/2026 07:57:13", "layer": "TTG4B66", "path": "C:/KMLs/Estevao/01-07-2026/Coleta/Trajeto_TTG4B66.kml|layername=Trajeto|geometrytype=Point|uniqueGeometryType=yes", "Velocidade": 25.0, "Data": "2026-07-01", "hora": "07:57:13", "Rota": null, "Turno": "Noite", "Dias_da_semana": [ "seg", "ter", "qua", "qui", "sex", "sab" ], "Hit_Rate": 83.33, "Status": "Validado (Rua sem rota)", "Bloco": "Seg_a_Sab" }, "geometry": { "type": "MultiLineString", "coordinates": [ [ [ 675311.680689578177407, 7477422.420243058353662 ], [ 675331.422412994550541, 7477420.386924179270864 ], [ 675349.952396008884534, 7477424.558310098946095 ], [ 675367.273117605014704, 7477434.258824995718896 ], [ 675385.673059562919661, 7477454.711398073472083 ] ] ] } },
{ "type": "Feature", "properties": { "id": "Parque_Duque.173", "id_trecho": 4663, "Name": "Viaduto Acesso Duque de Caxias-Washington Luiz", "description": "nenhuma rota próxima", "Extensao_m": 64.711057366823127, "Bairro_logradouros": "Parque Duque", "Bairro_rotas": null, "Distrito": "1º", "Lote": "I", "Name_2": "Ponto 1144", "description_2": "Velocidade: 23km/h<br>01/07/2026 22:44:08", "layer": "TTG4B66", "path": "C:/KMLs/Estevao/01-07-2026/Coleta/Trajeto_TTG4B66.kml|layername=Trajeto|geometrytype=Point|uniqueGeometryType=yes", "Velocidade": 23.0, "Data": "2026-07-01", "hora": "22:44:08", "Rota": null, "Turno": "Noite", "Dias_da_semana": [ "seg", "ter", "qua", "qui", "sex", "sab" ], "Hit_Rate": 83.33, "Status": "Validado (Rua sem rota)", "Bloco": "Seg_a_Sab" }, "geometry": { "type": "MultiLineString", "coordinates": [ [ [ 675301.858786970027722, 7477585.397366119548678 ], [ 675288.371057837503031, 7477585.752550761215389 ], [ 675279.170776671962813, 7477587.497892660088837 ], [ 675268.393531013047323, 7477590.501805895939469 ], [ 675260.574537075124681, 7477593.604433385655284 ], [ 675251.613601098651998, 7477598.292845611460507 ], [ 675241.087111017550342, 7477604.339365932159126 ] ] ] } },
{ "type": "Feature", "properties": { "id": "Parque_Duque.173", "id_trecho": 4664, "Name": "Viaduto Acesso Duque de Caxias-Washington Luiz", "description": "nenhuma rota próxima", "Extensao_m": 52.210496002397022, "Bairro_logradouros": "Parque Duque", "Bairro_rotas": null, "Distrito": "1º", "Lote": "I", "Name_2": "Ponto 321", "description_2": "Velocidade: 29km/h<br>01/07/2026 09:35:14", "layer": "KRX5186", "path": "C:/KMLs/Estevao/01-07-2026/Coleta/Trajeto_KRX5186.kml|layername=Trajeto|geometrytype=Point|uniqueGeometryType=yes", "Velocidade": 29.0, "Data": "2026-07-01", "hora": "09:35:14", "Rota": null, "Turno": "Noite", "Dias_da_semana": [ "seg", "ter", "qua", "qui", "sex", "sab" ], "Hit_Rate": 100.0, "Status": "Validado (Rua sem rota)", "Bloco": "Seg_a_Sab" }, "geometry": { "type": "MultiLineString", "coordinates": [ [ [ 675276.722833430976607, 7477542.696049647405744 ], [ 675278.644404228543863, 7477554.379739101976156 ], [ 675280.302056440268643, 7477560.994294384494424 ], [ 675282.718781853443943, 7477567.544706381857395 ], [ 675286.857701974688098, 7477573.853727575391531 ], [ 675291.667201091302559, 7477578.659924060106277 ], [ 675296.936290502082556, 7477582.364419933408499 ], [ 675301.858786970027722, 7477585.397366119548678 ] ] ] } },
{ "type": "Feature", "properties": { "id": "Parque_Duque.173", "id_trecho": 4665, "Name": "Viaduto Acesso Duque de Caxias-Washington Luiz", "description": "nenhuma rota próxima", "Extensao_m": 152.05973595721753, "Bairro_logradouros": "Parque Duque", "Bairro_rotas": null, "Distrito": "1º", "Lote": "I", "Name_2": "Ponto 322", "description_2": "Velocidade: 26km/h<br>01/07/2026 09:35:24", "layer": "KRX5186", "path": "C:/KMLs/Estevao/01-07-2026/Coleta/Trajeto_KRX5186.kml|layername=Trajeto|geometrytype=Point|uniqueGeometryType=yes", "Velocidade": 26.0, "Data": "2026-07-01", "hora": "09:35:24", "Rota": null, "Turno": "Noite", "Dias_da_semana": [ "seg", "ter", "qua", "qui", "sex", "sab" ], "Hit_Rate": 100.0, "Status": "Validado (Rua sem rota)", "Bloco": "Seg_a_Sab" }, "geometry": { "type": "MultiLineString", "coordinates": [ [ [ 675301.858786970027722, 7477585.397366119548678 ], [ 675440.367278602556325, 7477583.309019737876952 ], [ 675453.898894156562164, 7477583.157870902679861 ] ] ] } },
{ "type": "Feature", "properties": { "id": "Parque_Duque.173", "id_trecho": 4669, "Name": "Viaduto Acesso Duque de Caxias-Washington Luiz", "description": "nenhuma rota próxima", "Extensao_m": 113.73620305930335, "Bairro_logradouros": "Parque Duque", "Bairro_rotas": null, "Distrito": "1º", "Lote": "I", "Name_2": "Ponto 1146", "description_2": "Velocidade: 34km/h<br>01/07/2026 22:44:39", "layer": "TTG4B66", "path": "C:/KMLs/Estevao/01-07-2026/Coleta/Trajeto_TTG4B66.kml|layername=Trajeto|geometrytype=Point|uniqueGeometryType=yes", "Velocidade": 34.0, "Data": "2026-07-01", "hora": "22:44:39", "Rota": null, "Turno": "Noite", "Dias_da_semana": [ "seg", "ter", "qua", "qui", "sex", "sab" ], "Hit_Rate": 100.0, "Status": "Validado (Rua sem rota)", "Bloco": "Seg_a_Sab" }, "geometry": { "type": "MultiLineString", "coordinates": [ [ [ 675502.33190138253849, 7477582.61677280254662 ], [ 675524.634217946324497, 7477582.367557220160961 ], [ 675535.521832465310581, 7477583.581622432917356 ], [ 675544.512182948645204, 7477586.766771273687482 ], [ 675554.919365624082275, 7477593.490483331494033 ], [ 675563.278114469489083, 7477602.430674227885902 ], [ 675569.452545920968987, 7477612.492529267445207 ], [ 675572.329013293259777, 7477623.268101658672094 ], [ 675573.02448550297413, 7477635.453244496136904 ], [ 675571.087663758080453, 7477646.428487852215767 ] ] ] } },
{ "type": "Feature", "properties": { "id": "Parque_Duque.173", "id_trecho": 4670, "Name": "Viaduto Acesso Duque de Caxias-Washington Luiz", "description": "nenhuma rota próxima", "Extensao_m": 70.778354258734026, "Bairro_logradouros": "Parque Duque", "Bairro_rotas": null, "Distrito": "1º", "Lote": "I", "Name_2": "Ponto 655", "description_2": "Velocidade: 35km/h<br>01/07/2026 11:25:58", "layer": "TTW7E72", "path": "C:/KMLs/Estevao/01-07-2026/Coleta/Trajeto_TTW7E72.kml|layername=Trajeto|geometrytype=Point|uniqueGeometryType=yes", "Velocidade": 35.0, "Data": "2026-07-01", "hora": "11:25:58", "Rota": null, "Turno": "Noite", "Dias_da_semana": [ "seg", "ter", "qua", "qui", "sex", "sab" ], "Hit_Rate": 83.33, "Status": "Validado (Rua sem rota)", "Bloco": "Seg_a_Sab" }, "geometry": { "type": "MultiLineString", "coordinates": [ [ [ 675514.672611473710276, 7477644.334714548662305 ], [ 675522.706018621218391, 7477654.441529299132526 ], [ 675527.518055479740724, 7477659.458047352731228 ], [ 675533.820174994063564, 7477662.807201834395528 ], [ 675541.340836350223981, 7477664.093445217236876 ], [ 675549.65821563382633, 7477663.24413373041898 ], [ 675556.925117240287364, 7477660.347087990492582 ], [ 675563.682713145622984, 7477655.141330107115209 ], [ 675571.087663758080453, 7477646.428487852215767 ] ] ] } },
{ "type": "Feature", "properties": { "id": "Parque_Duque.173", "id_trecho": 4671, "Name": "Viaduto Acesso Duque de Caxias-Washington Luiz", "description": "nenhuma rota próxima", "Extensao_m": 101.93188424870304, "Bairro_logradouros": "Parque Duque", "Bairro_rotas": null, "Distrito": "1º", "Lote": "I", "Name_2": "Ponto 324", "description_2": "Velocidade: 37km/h<br>01/07/2026 09:35:57", "layer": "KRX5186", "path": "C:/KMLs/Estevao/01-07-2026/Coleta/Trajeto_KRX5186.kml|layername=Trajeto|geometrytype=Point|uniqueGeometryType=yes", "Velocidade": 37.0, "Data": "2026-07-01", "hora": "09:35:57", "Rota": null, "Turno": "Noite", "Dias_da_semana": [ "seg", "ter", "qua", "qui", "sex", "sab" ], "Hit_Rate": 100.0, "Status": "Validado (Rua sem rota)", "Bloco": "Seg_a_Sab" }, "geometry": { "type": "MultiLineString", "coordinates": [ [ [ 675571.087663758080453, 7477646.428487852215767 ], [ 675569.129439389333129, 7477655.554511597380042 ], [ 675565.704678349895403, 7477663.058456959202886 ], [ 675561.313969858572818, 7477670.496056063100696 ], [ 675549.623458767659031, 7477689.52467889059335 ], [ 675544.587031135568395, 7477700.613302459940314 ], [ 675542.896495603374206, 7477708.916699282824993 ], [ 675541.754821887356229, 7477717.623507432639599 ], [ 675542.058287742547691, 7477726.103177016600966 ], [ 675543.540340861538425, 7477741.490865588188171 ] ] ] } },
{ "type": "Feature", "properties": { "id": "Parque_Duque.141", "id_trecho": 4672, "Name": "Viaduto Irineu Marinho", "description": "nenhuma rota próxima", "Extensao_m": 210.4703699559727, "Bairro_logradouros": "Parque Duque", "Bairro_rotas": null, "Distrito": "1º", "Lote": "I", "Name_2": "Ponto 461", "description_2": "Velocidade: 29km/h<br>01/07/2026 10:36:34", "layer": "TTG4B66", "path": "C:/KMLs/Estevao/01-07-2026/Coleta/Trajeto_TTG4B66.kml|layername=Trajeto|geometrytype=Point|uniqueGeometryType=yes", "Velocidade": 29.0, "Data": "2026-07-01", "hora": "10:36:34", "Rota": null, "Turno": "Noite", "Dias_da_semana": [ "seg", "ter", "qua", "qui", "sex", "sab" ], "Hit_Rate": 100.0, "Status": "Validado (Rua sem rota)", "Bloco": "Seg_a_Sab" }, "geometry": { "type": "MultiLineString", "coordinates": [ [ [ 675975.916024680715054, 7479339.639181468635798 ], [ 675972.78005290729925, 7479321.579547139815986 ], [ 675964.764286333695054, 7479308.659733098931611 ], [ 675952.266227590152994, 7479293.532632183283567 ], [ 675939.711461657658219, 7479279.712988508865237 ], [ 675933.605757375014946, 7479269.451092364266515 ], [ 675930.487909260904416, 7479261.812488495372236 ], [ 675929.215145123656839, 7479253.00074068736285 ], [ 675929.584292398532853, 7479243.206472482532263 ], [ 675931.803136228583753, 7479232.637694055214524 ], [ 675934.542531528626569, 7479225.340979371219873 ], [ 675940.196238814853132, 7479214.322633031755686 ], [ 675953.901726580457762, 7479196.300387516617775 ], [ 675983.312487832969055, 7479160.769044442102313 ] ] ] } },
{ "type": "Feature", "properties": { "id": "Parque_Duque.141", "id_trecho": 4677, "Name": "Viaduto Irineu Marinho", "description": "nenhuma rota próxima", "Extensao_m": 176.68114155537654, "Bairro_logradouros": "Parque Duque", "Bairro_rotas": null, "Distrito": "1º", "Lote": "I", "Name_2": "Ponto 675", "description_2": "Velocidade: 20km/h<br>01/07/2026 17:55:50", "layer": "TTH9F28", "path": "C:/KMLs/Estevao/01-07-2026/Coleta/Trajeto_TTH9F28.kml|layername=Trajeto|geometrytype=Point|uniqueGeometryType=yes", "Velocidade": 20.0, "Data": "2026-07-01", "hora": "17:55:50", "Rota": null, "Turno": "Noite", "Dias_da_semana": [ "seg", "ter", "qua", "qui", "sex", "sab" ], "Hit_Rate": 83.33, "Status": "Validado (Rua sem rota)", "Bloco": "Seg_a_Sab" }, "geometry": { "type": "MultiLineString", "coordinates": [ [ [ 675983.053750633727759, 7479168.811560792848468 ], [ 675956.07946037047077, 7479200.793606717139482 ], [ 675945.247982716071419, 7479216.047109103761613 ], [ 675939.842242503305897, 7479225.423535656183958 ], [ 675936.647094065556303, 7479235.040134821087122 ], [ 675935.12567347206641, 7479246.420356586575508 ], [ 675936.504574021673761, 7479258.187805932946503 ], [ 675939.630252051283605, 7479266.501871719025075 ], [ 675944.106378540629521, 7479272.607506733387709 ], [ 675950.215053958119825, 7479276.922277333214879 ], [ 675958.505849628476426, 7479279.018975610844791 ], [ 675967.447998596937396, 7479277.951844650320709 ], [ 675971.551815508399159, 7479275.855470485985279 ], [ 675974.804066009935923, 7479271.166421877220273 ], [ 675979.105783531675115, 7479251.591949654743075 ] ] ] } },
{ "type": "Feature", "properties": { "id": "Parque_Sarapui.2", "id_trecho": 5334, "Name": "Rodovia Washington Luiz - Auxiliar", "description": "nenhuma rota próxima", "Extensao_m": 323.45811329072347, "Bairro_logradouros": "Parque Sarapui", "Bairro_rotas": null, "Distrito": "1º", "Lote": "I", "Name_2": "Ponto 1624", "description_2": "Velocidade: 45km/h<br>02/07/2026 02:37:02", "layer": "TTF7G57", "path": "C:/KMLs/Estevao/01-07-2026/Coleta/Trajeto_TTF7G57.kml|layername=Trajeto|geometrytype=Point|uniqueGeometryType=yes", "Velocidade": 45.0, "Data": "2026-07-02", "hora": "02:37:02", "Rota": null, "Turno": "Noite", "Dias_da_semana": [ "seg", "ter", "qua", "qui", "sex", "sab" ], "Hit_Rate": 83.33, "Status": "Validado (Rua sem rota)", "Bloco": "Seg_a_Sab" }, "geometry": { "type": "MultiLineString", "coordinates": [ [ [ 675949.941240080283023, 7478587.167785495519638 ], [ 675950.069220325327478, 7478587.471294090151787 ], [ 675962.275087830726989, 7478617.297826049849391 ], [ 675965.202520962804556, 7478624.462417364120483 ], [ 675977.28151365602389, 7478653.969246260821819 ], [ 675996.630253092152998, 7478719.749890299513936 ], [ 676006.444725187844597, 7478758.519226460717618 ], [ 676010.395652884850278, 7478778.673595950007439 ], [ 676014.154308037366718, 7478793.757999569177628 ], [ 676016.428649837849662, 7478821.639772539958358 ], [ 676023.220954964170232, 7478868.096735171042383 ], [ 676027.415575062390417, 7478899.522279958240688 ] ] ] } },
{ "type": "Feature", "properties": { "id": "Parque_Sarapui.2", "id_trecho": 5336, "Name": "Rodovia Washington Luiz - Auxiliar", "description": "nenhuma rota próxima", "Extensao_m": 95.405619154971916, "Bairro_logradouros": "Parque Sarapui", "Bairro_rotas": null, "Distrito": "1º", "Lote": "I", "Name_2": "Ponto 328", "description_2": "Velocidade: 40km/h<br>01/07/2026 09:39:24", "layer": "KRX5186", "path": "C:/KMLs/Estevao/01-07-2026/Coleta/Trajeto_KRX5186.kml|layername=Trajeto|geometrytype=Point|uniqueGeometryType=yes", "Velocidade": 40.0, "Data": "2026-07-01", "hora": "09:39:24", "Rota": null, "Turno": "Noite", "Dias_da_semana": [ "seg", "ter", "qua", "qui", "sex", "sab" ], "Hit_Rate": 72.22, "Status": "Validado (Rua sem rota)", "Bloco": "Seg_a_Sab" }, "geometry": { "type": "MultiLineString", "coordinates": [ [ [ 676036.397513653733768, 7479004.627394709736109 ], [ 676033.620877368724905, 7479099.990963305346668 ] ] ] } },
{ "type": "Feature", "properties": { "id": "Parque_Sarapui.2", "id_trecho": 5338, "Name": "Rodovia Washington Luiz - Auxiliar", "description": "nenhuma rota próxima", "Extensao_m": 1470.7055769623903, "Bairro_logradouros": "Parque Sarapui", "Bairro_rotas": null, "Distrito": "1º", "Lote": "I", "Name_2": "Ponto 329", "description_2": "Velocidade: 48km/h<br>01/07/2026 09:40:24", "layer": "KRX5186", "path": "C:/KMLs/Estevao/01-07-2026/Coleta/Trajeto_KRX5186.kml|layername=Trajeto|geometrytype=Point|uniqueGeometryType=yes", "Velocidade": 48.0, "Data": "2026-07-01", "hora": "09:40:24", "Rota": null, "Turno": "Noite", "Dias_da_semana": [ "seg", "ter", "qua", "qui", "sex", "sab" ], "Hit_Rate": 100.0, "Status": "Validado (Rua sem rota)", "Bloco": "Seg_a_Sab" }, "geometry": { "type": "MultiLineString", "coordinates": [ [ [ 676033.353509584441781, 7479109.173548523336649 ], [ 676032.791573454393074, 7479128.472813684493303 ], [ 676027.666322273900732, 7479306.402290835976601 ], [ 676025.661049299873412, 7479346.017429174855351 ], [ 676023.245570959406905, 7479388.33953557908535 ], [ 676023.241854453808628, 7479390.676330558955669 ], [ 676022.524324555182829, 7479412.933627417311072 ], [ 676017.480977647588588, 7479490.780451763421297 ], [ 676015.948555990471505, 7479518.927830784581602 ], [ 676010.525576735148206, 7479649.970580812543631 ], [ 676010.309053963981569, 7479655.21139963157475 ], [ 676007.225208741147071, 7479727.597823230549693 ], [ 676004.356416247552261, 7479799.937446711584926 ], [ 676001.036290236748755, 7479871.440618777647614 ], [ 675999.361101794755086, 7479916.522765300236642 ], [ 675997.345121817663312, 7479961.442738015204668 ], [ 675994.75904586201068, 7480027.178568853065372 ], [ 675992.537280938122422, 7480066.751864904537797 ], [ 675991.574326117755845, 7480083.795823642984033 ], [ 675988.616119906771928, 7480136.921935386955738 ], [ 675982.757223206455819, 7480243.716133249923587 ], [ 675981.851925461785868, 7480271.944804089143872 ], [ 675980.507773667573929, 7480301.297096596099436 ], [ 675980.005352061707526, 7480309.343105353415012 ], [ 675979.607242757687345, 7480323.733673505485058 ], [ 675976.156668553943746, 7480410.609885817393661 ], [ 675974.608150628511794, 7480455.125716486945748 ], [ 675972.696626784396358, 7480499.335659207776189 ], [ 675969.463382042711601, 7480578.390636097639799 ] ] ] } },
{ "type": "Feature", "properties": { "id": "Parque_Sarapui.2", "id_trecho": 5339, "Name": "Rodovia Washington Luiz - Auxiliar", "description": "nenhuma rota próxima", "Extensao_m": 141.05906257425551, "Bairro_logradouros": "Parque Sarapui", "Bairro_rotas": null, "Distrito": "1º", "Lote": "I", "Name_2": "Ponto 1626", "description_2": "Velocidade: 60km/h<br>02/07/2026 02:39:02", "layer": "TTF7G57", "path": "C:/KMLs/Estevao/01-07-2026/Coleta/Trajeto_TTF7G57.kml|layername=Trajeto|geometrytype=Point|uniqueGeometryType=yes", "Velocidade": 60.0, "Data": "2026-07-02", "hora": "02:39:02", "Rota": null, "Turno": "Noite", "Dias_da_semana": [ "seg", "ter", "qua", "qui", "sex", "sab" ], "Hit_Rate": 94.44, "Status": "Validado (Rua sem rota)", "Bloco": "Seg_a_Sab" }, "geometry": { "type": "MultiLineString", "coordinates": [ [ [ 675969.463382042711601, 7480578.390636097639799 ], [ 675968.671541260671802, 7480611.103204179555178 ], [ 675967.27278542786371, 7480648.164057010784745 ], [ 675966.035954207880422, 7480690.339512571692467 ], [ 675964.47204758937005, 7480719.351015511900187 ] ] ] } },
{ "type": "Feature", "properties": { "id": "Parque_Sarapui.2", "id_trecho": 5340, "Name": "Rodovia Washington Luiz - Auxiliar", "description": "nenhuma rota próxima", "Extensao_m": 373.76870133643439, "Bairro_logradouros": "Parque Sarapui", "Bairro_rotas": null, "Distrito": "1º", "Lote": "I", "Name_2": "Ponto 331", "description_2": "Velocidade: 22km/h<br>01/07/2026 09:42:24", "layer": "KRX5186", "path": "C:/KMLs/Estevao/01-07-2026/Coleta/Trajeto_KRX5186.kml|layername=Trajeto|geometrytype=Point|uniqueGeometryType=yes", "Velocidade": 22.0, "Data": "2026-07-01", "hora": "09:42:24", "Rota": null, "Turno": "Noite", "Dias_da_semana": [ "seg", "ter", "qua", "qui", "sex", "sab" ], "Hit_Rate": 94.44, "Status": "Validado (Rua sem rota)", "Bloco": "Seg_a_Sab" }, "geometry": { "type": "MultiLineString", "coordinates": [ [ [ 675964.47204758937005, 7480719.351015511900187 ], [ 675963.249728344846517, 7480770.762541236355901 ], [ 675961.677944806637242, 7480801.756490320898592 ], [ 675959.934348796028644, 7480825.897230871021748 ], [ 675957.154896700754762, 7480874.104063834995031 ], [ 675954.35749023151584, 7480918.102740885689855 ], [ 675952.515194008126855, 7480960.329487405717373 ], [ 675946.735240650712512, 7481092.660698138177395 ] ] ] } },
{ "type": "Feature", "properties": { "id": "Parque_Sarapui.2", "id_trecho": 5341, "Name": "Rodovia Washington Luiz - Auxiliar", "description": "nenhuma rota próxima", "Extensao_m": 160.80822376050895, "Bairro_logradouros": "Parque Sarapui", "Bairro_rotas": null, "Distrito": "1º", "Lote": "I", "Name_2": "Ponto 660", "description_2": "Velocidade: 49km/h<br>01/07/2026 11:29:52", "layer": "TTW7E72", "path": "C:/KMLs/Estevao/01-07-2026/Coleta/Trajeto_TTW7E72.kml|layername=Trajeto|geometrytype=Point|uniqueGeometryType=yes", "Velocidade": 49.0, "Data": "2026-07-01", "hora": "11:29:52", "Rota": null, "Turno": "Noite", "Dias_da_semana": [ "seg", "ter", "qua", "qui", "sex", "sab" ], "Hit_Rate": 88.89, "Status": "Validado (Rua sem rota)", "Bloco": "Seg_a_Sab" }, "geometry": { "type": "MultiLineString", "coordinates": [ [ [ 675946.735240650712512, 7481092.660698138177395 ], [ 675943.818359221797436, 7481173.362049624323845 ], [ 675941.016558347735554, 7481253.364356661215425 ] ] ] } },
{ "type": "Feature", "properties": { "id": "Parque_Sarapui.12", "id_trecho": 5376, "Name": "Viaduto Irineu Marinho", "description": "nenhuma rota próxima", "Extensao_m": 268.07910205818052, "Bairro_logradouros": "Parque Sarapui", "Bairro_rotas": null, "Distrito": "1º", "Lote": "I", "Name_2": "Ponto 463", "description_2": "Velocidade: 20km/h<br>01/07/2026 10:37:25", "layer": "TTG4B66", "path": "C:/KMLs/Estevao/01-07-2026/Coleta/Trajeto_TTG4B66.kml|layername=Trajeto|geometrytype=Point|uniqueGeometryType=yes", "Velocidade": 20.0, "Data": "2026-07-01", "hora": "10:37:25", "Rota": null, "Turno": "Noite", "Dias_da_semana": [ "seg", "ter", "qua", "qui", "sex", "sab" ], "Hit_Rate": 100.0, "Status": "Validado (Rua sem rota)", "Bloco": "Seg_a_Sab" }, "geometry": { "type": "MultiLineString", "coordinates": [ [ [ 676143.658982529304922, 7478897.593261187896132 ], [ 676143.676047526649199, 7478897.608891265466809 ], [ 676154.214171522296965, 7478907.553481282666326 ], [ 676159.173490524175577, 7478912.822846988216043 ], [ 676162.402749309083447, 7478916.78332797344774 ], [ 676165.05613980256021, 7478920.672968540340662 ], [ 676166.881218810682185, 7478924.860162565484643 ], [ 676167.588675460545346, 7478927.421275533735752 ], [ 676168.292418655240908, 7478930.547239629551768 ], [ 676168.303521674708463, 7478935.043425883166492 ], [ 676167.847711098031141, 7478939.124193217605352 ], [ 676166.927685156697407, 7478943.022078275680542 ], [ 676165.252886514179409, 7478947.360634143464267 ], [ 676162.288769669365138, 7478952.090690273791552 ], [ 676151.665709167835303, 7478965.802576852962375 ], [ 676086.214314484735951, 7479046.498822689056396 ], [ 676033.353509584441781, 7479109.173548523336649 ] ] ] } },
{ "type": "Feature", "properties": { "id": "Parque_Sarapui.12", "id_trecho": 5381, "Name": "Viaduto Irineu Marinho", "description": "nenhuma rota próxima", "Extensao_m": 292.45364028348962, "Bairro_logradouros": "Parque Sarapui", "Bairro_rotas": null, "Distrito": "1º", "Lote": "I", "Name_2": "Ponto 969", "description_2": "Velocidade: 32km/h<br>01/07/2026 20:35:38", "layer": "TTF6F97", "path": "C:/KMLs/Estevao/01-07-2026/Coleta/Trajeto_TTF6F97.kml|layername=Trajeto|geometrytype=Point|uniqueGeometryType=yes", "Velocidade": 32.0, "Data": "2026-07-01", "hora": "20:35:38", "Rota": null, "Turno": "Noite", "Dias_da_semana": [ "seg", "ter", "qua", "qui", "sex", "sab" ], "Hit_Rate": 100.0, "Status": "Validado (Rua sem rota)", "Bloco": "Seg_a_Sab" }, "geometry": { "type": "MultiLineString", "coordinates": [ [ [ 676033.620877368724905, 7479099.990963305346668 ], [ 676083.111963591887616, 7479040.200099986046553 ], [ 676148.082588355289772, 7478960.550463302060962 ], [ 676156.787477321573533, 7478948.787829909473658 ], [ 676160.255582012236118, 7478943.243475779891014 ], [ 676161.971450843964703, 7478938.904443917796016 ], [ 676162.314052679226734, 7478933.916867889463902 ], [ 676162.102616171119735, 7478929.854918570257723 ], [ 676161.032835723250173, 7478926.157319257035851 ], [ 676158.940165204461664, 7478921.917856542393565 ], [ 676155.360263105249032, 7478916.942574370652437 ], [ 676144.905801034066826, 7478906.243936583399773 ], [ 676141.299882071791217, 7478903.450662861578166 ], [ 676137.406490955851041, 7478901.546697247773409 ], [ 676132.978826185921207, 7478900.501679066568613 ], [ 676129.638480327324942, 7478900.241419961676002 ], [ 676126.027212427812628, 7478900.526962078176439 ], [ 676122.511305131134577, 7478901.066114253364503 ], [ 676118.982571168220602, 7478902.269894329831004 ], [ 676112.438991192146204, 7478905.601761941798031 ], [ 676101.394368419423699, 7478911.300446979701519 ] ] ] } },
{ "type": "Feature", "properties": { "id": "Parque_Sarapui.12", "id_trecho": 5382, "Name": "Viaduto Irineu Marinho", "description": "nenhuma rota próxima", "Extensao_m": 27.999380819172639, "Bairro_logradouros": "Parque Sarapui", "Bairro_rotas": null, "Distrito": "1º", "Lote": "I", "Name_2": "Ponto 1391", "description_2": "Velocidade: 37km/h<br>01/07/2026 20:53:45", "layer": "TTI9B27", "path": "C:/KMLs/Estevao/01-07-2026/Coleta/Trajeto_TTI9B27.kml|layername=Trajeto|geometrytype=Point|uniqueGeometryType=yes", "Velocidade": 37.0, "Data": "2026-07-01", "hora": "20:53:45", "Rota": null, "Turno": "Noite", "Dias_da_semana": [ "seg", "ter", "qua", "qui", "sex", "sab" ], "Hit_Rate": 66.67, "Status": "Validado (Rua sem rota)", "Bloco": "Seg_a_Sab" }, "geometry": { "type": "MultiLineString", "coordinates": [ [ [ 676101.394368419423699, 7478911.300446979701519 ], [ 676078.966837863903493, 7478928.061851533129811 ] ] ] } },
{ "type": "Feature", "properties": { "id": "Parque_Sarapui.12", "id_trecho": 5383, "Name": "Viaduto Irineu Marinho", "description": "nenhuma rota próxima", "Extensao_m": 89.379012354561581, "Bairro_logradouros": "Parque Sarapui", "Bairro_rotas": null, "Distrito": "1º", "Lote": "I", "Name_2": "Ponto 678", "description_2": "Velocidade: 23km/h<br>01/07/2026 17:56:50", "layer": "TTH9F28", "path": "C:/KMLs/Estevao/01-07-2026/Coleta/Trajeto_TTH9F28.kml|layername=Trajeto|geometrytype=Point|uniqueGeometryType=yes", "Velocidade": 23.0, "Data": "2026-07-01", "hora": "17:56:50", "Rota": null, "Turno": "Noite", "Dias_da_semana": [ "seg", "ter", "qua", "qui", "sex", "sab" ], "Hit_Rate": 88.89, "Status": "Validado (Rua sem rota)", "Bloco": "Seg_a_Sab" }, "geometry": { "type": "MultiLineString", "coordinates": [ [ [ 676078.966837863903493, 7478928.061851533129811 ], [ 676070.745468884240836, 7478936.363534227944911 ], [ 676062.313742147292942, 7478945.1217125300318 ], [ 676053.387405667686835, 7478958.160440556704998 ], [ 676046.790582121699117, 7478970.186502629891038 ], [ 676041.505803109728731, 7478984.666995184496045 ], [ 676036.397513653733768, 7479004.627394709736109 ] ] ] } },
{ "type": "Feature", "properties": { "id": "Vila_Sao_Luis.39", "id_trecho": 7054, "Name": "Rodovia Washington Luiz - Auxiliar", "description": "nenhuma rota próxima", "Extensao_m": 402.76754242898812, "Bairro_logradouros": "Vila Sao Luis", "Bairro_rotas": null, "Distrito": "1º", "Lote": "I", "Name_2": "Ponto 684", "description_2": "Velocidade: 45km/h<br>01/07/2026 18:38:24", "layer": "TTG4B66", "path": "C:/KMLs/Estevao/01-07-2026/Coleta/Trajeto_TTG4B66.kml|layername=Trajeto|geometrytype=Point|uniqueGeometryType=yes", "Velocidade": 45.0, "Data": "2026-07-01", "hora": "18:38:24", "Rota": null, "Turno": "Noite", "Dias_da_semana": [ "seg", "ter", "qua", "qui", "sex", "sab" ], "Hit_Rate": 72.22, "Status": "Validado (Rua sem rota)", "Bloco": "Seg_a_Sab" }, "geometry": { "type": "MultiLineString", "coordinates": [ [ [ 675888.130080905626528, 7481253.83261944167316 ], [ 675890.759400955634192, 7481203.268686458468437 ], [ 675892.862715290044434, 7481149.853584661148489 ], [ 675894.746949276071973, 7481100.582923367619514 ], [ 675895.814402519492432, 7481067.701082604937255 ], [ 675898.907175110653043, 7481004.838933547958732 ], [ 675904.493699452606961, 7480885.04647427611053 ], [ 675906.611589526641183, 7480851.508307794108987 ] ] ] } },
{ "type": "Feature", "properties": { "id": "Vila_Sao_Luis.39", "id_trecho": 7059, "Name": "Rodovia Washington Luiz - Auxiliar", "description": "nenhuma rota próxima", "Extensao_m": 212.43906051609406, "Bairro_logradouros": "Vila Sao Luis", "Bairro_rotas": null, "Distrito": "1º", "Lote": "I", "Name_2": "Ponto 1001", "description_2": "Velocidade: 47km/h<br>01/07/2026 20:59:38", "layer": "TTF6F97", "path": "C:/KMLs/Estevao/01-07-2026/Coleta/Trajeto_TTF6F97.kml|layername=Trajeto|geometrytype=Point|uniqueGeometryType=yes", "Velocidade": 47.0, "Data": "2026-07-01", "hora": "20:59:38", "Rota": null, "Turno": "Noite", "Dias_da_semana": [ "seg", "ter", "qua", "qui", "sex", "sab" ], "Hit_Rate": 88.89, "Status": "Validado (Rua sem rota)", "Bloco": "Seg_a_Sab" }, "geometry": { "type": "MultiLineString", "coordinates": [ [ [ 675918.10297768143937, 7480620.869735295884311 ], [ 675922.27445075113792, 7480514.61570599861443 ], [ 675925.096000024466775, 7480461.181147573515773 ], [ 675927.547972478438169, 7480408.647909376770258 ] ] ] } },
{ "type": "Feature", "properties": { "id": "Vila_Sao_Luis.66", "id_trecho": 7154, "Name": "Rua Itaciba", "description": "nenhuma rota próxima", "Extensao_m": 30.040290225760351, "Bairro_logradouros": "Vila Sao Luis", "Bairro_rotas": null, "Distrito": "1º", "Lote": "I", "Name_2": "Ponto 1208", "description_2": "Velocidade: 7km/h<br>01/07/2026 19:34:00", "layer": "TTW7E72", "path": "C:/KMLs/Estevao/01-07-2026/Coleta/Trajeto_TTW7E72.kml|layername=Trajeto|geometrytype=Point|uniqueGeometryType=yes", "Velocidade": 7.0, "Data": "2026-07-01", "hora": "19:34:00", "Rota": null, "Turno": "Noite", "Dias_da_semana": [ "seg", "ter", "qua", "qui", "sex", "sab" ], "Hit_Rate": 94.44, "Status": "Validado (Rua sem rota)", "Bloco": "Seg_a_Sab" }, "geometry": { "type": "MultiLineString", "coordinates": [ [ [ 674461.942172269104049, 7479799.606144797056913 ], [ 674509.258723451057449, 7479761.730137202888727 ], [ 674515.837097803130746, 7479757.698702070862055 ], [ 674518.639242757111788, 7479755.246825241483748 ], [ 674520.079233904369175, 7479753.767915399745107 ], [ 674523.776508490554988, 7479751.491172628477216 ], [ 674547.764069666503929, 7479733.408770415000618 ], [ 674572.307643353124149, 7479719.409405551850796 ] ] ] } },
{ "type": "Feature", "properties": { "id": "Vinte_e_Cinco_de_Agosto.54", "id_trecho": 7327, "Name": "Rua Ailton da Costa", "description": "nenhuma rota próxima", "Extensao_m": 71.938547161060086, "Bairro_logradouros": "Vinte e Cinco de Agosto", "Bairro_rotas": null, "Distrito": "1º", "Lote": "I", "Name_2": "Ponto 1286", "description_2": "Velocidade: 0km/h<br>01/07/2026 22:31:56", "layer": "TTJ3E60", "path": "C:/KMLs/Estevao/01-07-2026/Coleta/Trajeto_TTJ3E60.kml|layername=Trajeto|geometrytype=Point|uniqueGeometryType=yes", "Velocidade": 0.0, "Data": "2026-07-01", "hora": "22:31:56", "Rota": null, "Turno": "Noite", "Dias_da_semana": [ "seg", "ter", "qua", "qui", "sex", "sab" ], "Hit_Rate": 72.22, "Status": "Validado (Rua sem rota)", "Bloco": "Seg_a_Sab" }, "geometry": { "type": "MultiLineString", "coordinates": [ [ [ 673713.56047919834964, 7478798.454344542697072 ], [ 673762.274243751890026, 7478851.386786729097366 ] ] ] } },
{ "type": "Feature", "properties": { "id": "Vinte_e_Cinco_de_Agosto.54", "id_trecho": 7328, "Name": "Rua Ailton da Costa", "description": "nenhuma rota próxima", "Extensao_m": 29.651521705524178, "Bairro_logradouros": "Vinte e Cinco de Agosto", "Bairro_rotas": null, "Distrito": "1º", "Lote": "I", "Name_2": "Ponto 1866", "description_2": "Velocidade: 0km/h<br>01/07/2026 19:14:21", "layer": "TUN3B98", "path": "C:/KMLs/Estevao/01-07-2026/Coleta/Trajeto_TUN3B98.kml|layername=Trajeto|geometrytype=Point|uniqueGeometryType=yes", "Velocidade": 0.0, "Data": "2026-07-01", "hora": "19:14:21", "Rota": null, "Turno": "Noite", "Dias_da_semana": [ "seg", "ter", "qua", "qui", "sex", "sab" ], "Hit_Rate": 77.78, "Status": "Validado (Rua sem rota)", "Bloco": "Seg_a_Sab" }, "geometry": { "type": "MultiLineString", "coordinates": [ [ [ 673762.274243751890026, 7478851.386786729097366 ], [ 673782.554565016413108, 7478873.017180926166475 ] ] ] } },
{ "type": "Feature", "properties": { "id": "Vinte_e_Cinco_de_Agosto.74", "id_trecho": 7405, "Name": "Rua Elias Francisco Pariz", "description": "nenhuma rota próxima", "Extensao_m": 70.949895911735396, "Bairro_logradouros": "Vinte e Cinco de Agosto", "Bairro_rotas": null, "Distrito": "1º", "Lote": "I", "Name_2": "Ponto 388", "description_2": "Velocidade: 0km/h<br>01/07/2026 08:30:32", "layer": "TTS0J06", "path": "C:/KMLs/Estevao/01-07-2026/Coleta/Trajeto_TTS0J06.kml|layername=Trajeto|geometrytype=Point|uniqueGeometryType=yes", "Velocidade": 0.0, "Data": "2026-07-01", "hora": "08:30:32", "Rota": null, "Turno": "Noite", "Dias_da_semana": [ "seg", "ter", "qua", "qui", "sex", "sab" ], "Hit_Rate": 72.22, "Status": "Validado (Rua sem rota)", "Bloco": "Seg_a_Sab" }, "geometry": { "type": "MultiLineString", "coordinates": [ [ [ 674679.163780162343755, 7478122.521328212693334 ], [ 674709.780748258926906, 7478186.523342432454228 ] ] ] } },
{ "type": "Feature", "properties": { "id": "Vinte_e_Cinco_de_Agosto.27", "id_trecho": 7452, "Name": "Rua Jair de Oliveira", "description": "nenhuma rota próxima", "Extensao_m": 281.29374973039523, "Bairro_logradouros": "Vinte e Cinco de Agosto", "Bairro_rotas": null, "Distrito": "1º", "Lote": "I", "Name_2": "Ponto 1235", "description_2": "Velocidade: 11km/h<br>01/07/2026 22:41:02", "layer": "TTF7G57", "path": "C:/KMLs/Estevao/01-07-2026/Coleta/Trajeto_TTF7G57.kml|layername=Trajeto|geometrytype=Point|uniqueGeometryType=yes", "Velocidade": 11.0, "Data": "2026-07-01", "hora": "22:41:02", "Rota": null, "Turno": "Noite", "Dias_da_semana": [ "seg", "ter", "qua", "qui", "sex", "sab" ], "Hit_Rate": 94.44, "Status": "Validado (Rua sem rota)", "Bloco": "Seg_a_Sab" }, "geometry": { "type": "MultiLineString", "coordinates": [ [ [ 674113.815389196039177, 7479457.788053072988987 ], [ 674218.542713399394415, 7479370.969184765592217 ], [ 674286.8189886957407, 7479313.57247337885201 ], [ 674329.989489389234222, 7479277.815455004572868 ] ] ] } },
{ "type": "Feature", "properties": { "id": "Vila_Sao_Luis.23", "id_trecho": 7143, "Name": "Rua Encantada", "description": "nenhuma rota próxima", "Extensao_m": 134.30632362366632, "Bairro_logradouros": "Vila Sao Luis", "Bairro_rotas": null, "Distrito": "1º", "Lote": "I", "Name_2": "Ponto 908", "description_2": "Velocidade: 0km/h<br>02/07/2026 20:46:06", "layer": "TTG4B66", "path": "C:/KMLs/Estevao/02-07-2026/Coleta/Trajeto_TTG4B66.kml|layername=Trajeto|geometrytype=Point|uniqueGeometryType=yes", "Velocidade": 0.0, "Data": "2026-07-02", "hora": "20:46:06", "Rota": null, "Turno": "Noite", "Dias_da_semana": [ "seg", "ter", "qua", "qui", "sex", "sab" ], "Hit_Rate": 94.44, "Status": "Validado (Rua sem rota)", "Bloco": "Seg_a_Sab" }, "geometry": { "type": "MultiLineString", "coordinates": [ [ [ 674847.195523987757042, 7479795.474409254267812 ], [ 674839.685229603666812, 7479661.381236718967557 ] ] ] } },
{ "type": "Feature", "properties": { "id": "Gramacho.230", "id_trecho": 1983, "Name": "Avenida Governador Leonel de Moura Brizola", "description": null, "Extensao_m": 902.92170588451438, "Bairro_logradouros": "Gramacho", "Bairro_rotas": "Centro", "Distrito": "1º", "Lote": "I", "Name_2": "Ponto 1093", "description_2": "Velocidade: 37km/h<br>01/07/2026 22:09:38", "layer": "TTF6F97", "path": "C:/KMLs/Estevao/01-07-2026/Coleta/Trajeto_TTF6F97.kml|layername=Trajeto|geometrytype=Point|uniqueGeometryType=yes", "Velocidade": 37.0, "Data": "2026-07-01", "hora": "22:09:38", "Rota": "ROTA 300 (NOITE) - Centro - Seg a Sab", "Turno": "Noite", "Dias_da_semana": [ "seg", "ter", "qua", "qui", "sex", "sab" ], "Hit_Rate": 100.0, "Status": "Validado", "Bloco": "Seg_a_Sab" }, "geometry": { "type": "MultiLineString", "coordinates": [ [ [ 674193.12045480881352, 7482117.490305410698056 ], [ 674199.028914583846927, 7482131.177148317918181 ], [ 674208.637419136124663, 7482157.634802900254726 ], [ 674219.294099838938564, 7482186.826920751482248 ], [ 674229.213259949930944, 7482210.81138891261071 ], [ 674241.640391321969219, 7482237.646481923758984 ], [ 674256.198609897051938, 7482269.396374875679612 ], [ 674279.234835220966488, 7482320.351955420337617 ], [ 674300.039757675025612, 7482369.284305093809962 ], [ 674307.600409707985818, 7482391.789640188217163 ], [ 674311.824560370063409, 7482411.741789107210934 ], [ 674314.561697221244685, 7482434.579286168329418 ], [ 674314.351928740390576, 7482463.763044072315097 ], [ 674311.3245197404176, 7482488.172764212824404 ], [ 674304.216558206477202, 7482517.70139080286026 ], [ 674299.141490669338964, 7482531.037914682179689 ], [ 674291.85068596014753, 7482543.724289940670133 ], [ 674280.399109553429298, 7482566.18177623860538 ], [ 674220.966588253155351, 7482668.903422418981791 ], [ 674206.50145654019434, 7482693.709934785962105 ], [ 674184.197298229206353, 7482729.99082069657743 ], [ 674141.934617321705446, 7482804.707280523143709 ], [ 674102.223897012881935, 7482872.694295206107199 ], [ 674088.410314621054567, 7482894.336968029849231 ], [ 674077.61365552560892, 7482912.146537160500884 ], [ 674066.480842995224521, 7482931.997651502490044 ] ] ] } },
{ "type": "Feature", "properties": { "id": "Centenario.2", "id_trecho": 673, "Name": "Avenida Governador Leonel de Moura Brizola", "description": null, "Extensao_m": 1834.6556822737284, "Bairro_logradouros": "Centenario", "Bairro_rotas": "Centro", "Distrito": "1º", "Lote": "I", "Name_2": "Ponto 936", "description_2": "Velocidade: 8km/h<br>01/07/2026 18:40:29", "layer": "TTF7G57", "path": "C:/KMLs/Estevao/01-07-2026/Coleta/Trajeto_TTF7G57.kml|layername=Trajeto|geometrytype=Point|uniqueGeometryType=yes", "Velocidade": 8.0, "Data": "2026-07-01", "hora": "18:40:29", "Rota": "ROTA 300 (NOITE) - Centro - Seg a Sab", "Turno": "Noite", "Dias_da_semana": [ "seg", "ter", "qua", "qui", "sex", "sab" ], "Hit_Rate": 100.0, "Status": "Validado", "Bloco": "Seg_a_Sab" }, "geometry": { "type": "MultiLineString", "coordinates": [ [ [ 673668.92959209473338, 7479894.776941482909024 ], [ 673672.917136376025155, 7479912.495834250934422 ], [ 673676.235759321949445, 7479927.90683142375201 ], [ 673682.637271176790819, 7479956.073636634275317 ], [ 673697.95124137820676, 7480029.920555913820863 ], [ 673713.443198287161067, 7480102.259294996038079 ], [ 673722.276156895328313, 7480146.36772932857275 ], [ 673730.322973834350705, 7480188.181653110310435 ], [ 673754.228840191848576, 7480315.54198111500591 ], [ 673760.644136170390993, 7480346.68765065073967 ], [ 673780.783062545349821, 7480445.463421922177076 ], [ 673785.189095836482011, 7480468.835612727329135 ], [ 673824.835293488344178, 7480672.153066812083125 ], [ 673840.92908066441305, 7480754.817352066747844 ], [ 673844.452573010930791, 7480773.747675167396665 ], [ 673866.514802538324147, 7480886.156235378235579 ], [ 673913.017010633368045, 7481120.348336548544466 ], [ 673921.201810685917735, 7481161.584736729972064 ], [ 673932.182497909059748, 7481218.282374314963818 ], [ 673938.749240418546833, 7481250.943467112258077 ], [ 673951.424254237907007, 7481311.198768530972302 ], [ 673956.82168960548006, 7481337.704737830907106 ], [ 673969.40428240573965, 7481389.876693383790553 ], [ 673992.759816422127187, 7481468.902818340808153 ], [ 674019.485216728877276, 7481577.61432459205389 ], [ 674037.018895995453931, 7481653.141070364043117 ], [ 674043.205005723750219, 7481688.409001706168056 ], [ 674043.601486003841273, 7481690.193107517436147 ] ] ] } },
{ "type": "Feature", "properties": { "id": "Centro.151", "id_trecho": 1286, "Name": "Rua Piratini", "description": null, "Extensao_m": 85.619675340312611, "Bairro_logradouros": "Centro", "Bairro_rotas": "Centro", "Distrito": "1º", "Lote": "I", "Name_2": "Ponto 708", "description_2": "Velocidade: 22km/h<br>01/07/2026 18:54:24", "layer": "TTG4B66", "path": "C:/KMLs/Estevao/01-07-2026/Coleta/Trajeto_TTG4B66.kml|layername=Trajeto|geometrytype=Point|uniqueGeometryType=yes", "Velocidade": 22.0, "Data": "2026-07-01", "hora": "18:54:24", "Rota": "ROTA 300 (NOITE) - Centro - Seg a Sab", "Turno": "Noite", "Dias_da_semana": [ "seg", "ter", "qua", "qui", "sex", "sab" ], "Hit_Rate": 94.44, "Status": "Validado", "Bloco": "Seg_a_Sab" }, "geometry": { "type": "MultiLineString", "coordinates": [ [ [ 673357.876922569237649, 7478423.185270485468209 ], [ 673369.357936678919941, 7478428.67997972201556 ], [ 673396.109316400485113, 7478441.497675211168826 ], [ 673399.597993116592988, 7478443.074696882627904 ], [ 673404.053022877313197, 7478444.751422075554729 ], [ 673408.921784523292445, 7478445.792171260342002 ], [ 673412.495925868628547, 7478445.862078983336687 ], [ 673416.183780723600648, 7478445.100097573362291 ], [ 673419.86328457982745, 7478443.607292339205742 ], [ 673423.768044627737254, 7478441.159503483213484 ], [ 673434.128263159072958, 7478432.137202050536871 ] ] ] } },
{ "type": "Feature", "properties": { "id": "Centro.150", "id_trecho": 887, "Name": "Avenida Doutor Manoel Teles", "description": null, "Extensao_m": 68.214675893319352, "Bairro_logradouros": "Centro", "Bairro_rotas": "Centro", "Distrito": "1º", "Lote": "I", "Name_2": "Ponto 716", "description_2": "Velocidade: 0km/h<br>01/07/2026 19:00:24", "layer": "TTG4B66", "path": "C:/KMLs/Estevao/01-07-2026/Coleta/Trajeto_TTG4B66.kml|layername=Trajeto|geometrytype=Point|uniqueGeometryType=yes", "Velocidade": 0.0, "Data": "2026-07-01", "hora": "19:00:24", "Rota": "ROTA 300 (NOITE) - Centro - Seg a Sab", "Turno": "Noite", "Dias_da_semana": [ "seg", "ter", "qua", "qui", "sex", "sab" ], "Hit_Rate": 83.33, "Status": "Validado", "Bloco": "Seg_a_Sab" }, "geometry": { "type": "MultiLineString", "coordinates": [ [ [ 673244.953480128548108, 7478377.894863467663527 ], [ 673236.169854438165203, 7478368.48257961217314 ], [ 673211.27123464026954, 7478355.134048455394804 ], [ 673187.928918785066344, 7478341.391186401247978 ] ] ] } },
{ "type": "Feature", "properties": { "id": "Centro.151", "id_trecho": 1283, "Name": "Rua Piratini", "description": null, "Extensao_m": 43.635335185483385, "Bairro_logradouros": "Centro", "Bairro_rotas": "Centro", "Distrito": "1º", "Lote": "I", "Name_2": "Ponto 720", "description_2": "Velocidade: 0km/h<br>01/07/2026 19:03:20", "layer": "TTG4B66", "path": "C:/KMLs/Estevao/01-07-2026/Coleta/Trajeto_TTG4B66.kml|layername=Trajeto|geometrytype=Point|uniqueGeometryType=yes", "Velocidade": 0.0, "Data": "2026-07-01", "hora": "19:03:20", "Rota": "ROTA 300 (NOITE) - Centro - Seg a Sab", "Turno": "Noite", "Dias_da_semana": [ "seg", "ter", "qua", "qui", "sex", "sab" ], "Hit_Rate": 61.11, "Status": "Baixo hit rate", "Bloco": "Seg_a_Sab" }, "geometry": { "type": "MultiLineString", "coordinates": [ [ [ 673396.507163607166149, 7478448.459002123214304 ], [ 673393.533221921301447, 7478446.997918713837862 ], [ 673367.074367467779666, 7478434.61985737644136 ], [ 673357.009144538082182, 7478429.91741428244859 ] ] ] } },
{ "type": "Feature", "properties": { "id": "Centro.121", "id_trecho": 1033, "Name": "Rua Almirante Barroso", "description": null, "Extensao_m": 130.64605591250924, "Bairro_logradouros": "Centro", "Bairro_rotas": "Centro", "Distrito": "1º", "Lote": "I", "Name_2": "Ponto 727", "description_2": "Velocidade: 13km/h<br>01/07/2026 19:05:33", "layer": "TTG4B66", "path": "C:/KMLs/Estevao/01-07-2026/Coleta/Trajeto_TTG4B66.kml|layername=Trajeto|geometrytype=Point|uniqueGeometryType=yes", "Velocidade": 13.0, "Data": "2026-07-01", "hora": "19:05:33", "Rota": "ROTA 300 (NOITE) - Centro - Seg a Sab", "Turno": "Noite", "Dias_da_semana": [ "seg", "ter", "qua", "qui", "sex", "sab" ], "Hit_Rate": 77.78, "Status": "Validado", "Bloco": "Seg_a_Sab" }, "geometry": { "type": "MultiLineString", "coordinates": [ [ [ 673488.321736179990694, 7478490.334608344361186 ], [ 673531.75707617145963, 7478397.88625830411911 ], [ 673542.720493368688039, 7478371.580714979209006 ] ] ] } },
{ "type": "Feature", "properties": { "id": "Centro.151", "id_trecho": 1278, "Name": "Rua Piratini", "description": null, "Extensao_m": 71.199850226894497, "Bairro_logradouros": "Centro", "Bairro_rotas": "Centro", "Distrito": "1º", "Lote": "I", "Name_2": "Ponto 733", "description_2": "Velocidade: 13km/h<br>01/07/2026 19:07:48", "layer": "TTG4B66", "path": "C:/KMLs/Estevao/01-07-2026/Coleta/Trajeto_TTG4B66.kml|layername=Trajeto|geometrytype=Point|uniqueGeometryType=yes", "Velocidade": 13.0, "Data": "2026-07-01", "hora": "19:07:48", "Rota": "ROTA 300 (NOITE) - Centro - Seg a Sab", "Turno": "Noite", "Dias_da_semana": [ "seg", "ter", "qua", "qui", "sex", "sab" ], "Hit_Rate": 88.89, "Status": "Validado", "Bloco": "Seg_a_Sab" }, "geometry": { "type": "MultiLineString", "coordinates": [ [ [ 673488.321736179990694, 7478490.334608344361186 ], [ 673423.200165063608438, 7478461.554183992557228 ] ] ] } },
{ "type": "Feature", "properties": { "id": "Centro.132", "id_trecho": 936, "Name": "Avenida Governador Leonel de Moura Brizola", "description": null, "Extensao_m": 204.77606457208361, "Bairro_logradouros": "Centro", "Bairro_rotas": "Centro", "Distrito": "1º", "Lote": "I", "Name_2": "Ponto 758", "description_2": "Velocidade: 8km/h<br>01/07/2026 19:20:37", "layer": "TTG4B66", "path": "C:/KMLs/Estevao/01-07-2026/Coleta/Trajeto_TTG4B66.kml|layername=Trajeto|geometrytype=Point|uniqueGeometryType=yes", "Velocidade": 8.0, "Data": "2026-07-01", "hora": "19:20:37", "Rota": "ROTA 300 (NOITE) - Centro - Seg a Sab", "Turno": "Noite", "Dias_da_semana": [ "seg", "ter", "qua", "qui", "sex", "sab" ], "Hit_Rate": 83.33, "Status": "Validado", "Bloco": "Seg_a_Sab" }, "geometry": { "type": "MultiLineString", "coordinates": [ [ [ 673525.648605472757481, 7478605.448404803872108 ], [ 673493.504280937253498, 7478674.234257359057665 ], [ 673460.670251342235133, 7478748.288291979581118 ], [ 673453.756270968937315, 7478763.273601434193552 ], [ 673445.712547861156054, 7478782.734845783561468 ], [ 673441.960922020603903, 7478792.301797367632389 ] ] ] } },
{ "type": "Feature", "properties": { "id": "Centro.66", "id_trecho": 1245, "Name": "Rua Padre Feijó", "description": null, "Extensao_m": 130.04994378348664, "Bairro_logradouros": "Centro", "Bairro_rotas": "Centro", "Distrito": "1º", "Lote": "I", "Name_2": "Ponto 772", "description_2": "Velocidade: 0km/h<br>01/07/2026 19:28:24", "layer": "TTG4B66", "path": "C:/KMLs/Estevao/01-07-2026/Coleta/Trajeto_TTG4B66.kml|layername=Trajeto|geometrytype=Point|uniqueGeometryType=yes", "Velocidade": 0.0, "Data": "2026-07-01", "hora": "19:28:24", "Rota": "ROTA 300 (NOITE) - Centro - Seg a Sab", "Turno": "Noite", "Dias_da_semana": [ "seg", "ter", "qua", "qui", "sex", "sab" ], "Hit_Rate": 77.78, "Status": "Validado", "Bloco": "Seg_a_Sab" }, "geometry": { "type": "MultiLineString", "coordinates": [ [ [ 673884.338596483226866, 7478255.562860270962119 ], [ 673951.801295268116519, 7478366.742365332320333 ] ] ] } },
{ "type": "Feature", "properties": { "id": "Centro.85", "id_trecho": 1037, "Name": "Rua Almirante Tamandaré", "description": null, "Extensao_m": 71.365469865496763, "Bairro_logradouros": "Centro", "Bairro_rotas": "Centro", "Distrito": "1º", "Lote": "I", "Name_2": "Ponto 773", "description_2": "Velocidade: 11km/h<br>01/07/2026 19:28:39", "layer": "TTG4B66", "path": "C:/KMLs/Estevao/01-07-2026/Coleta/Trajeto_TTG4B66.kml|layername=Trajeto|geometrytype=Point|uniqueGeometryType=yes", "Velocidade": 11.0, "Data": "2026-07-01", "hora": "19:28:39", "Rota": "ROTA 300 (NOITE) - Centro - Seg a Sab", "Turno": "Noite", "Dias_da_semana": [ "seg", "ter", "qua", "qui", "sex", "sab" ], "Hit_Rate": 33.33, "Status": "Baixo hit rate", "Bloco": "Seg_a_Sab" }, "geometry": { "type": "MultiLineString", "coordinates": [ [ [ 673951.801295268116519, 7478366.742365332320333 ], [ 673933.328190920874476, 7478395.36030937731266 ], [ 673928.325019433046691, 7478402.306016781367362 ], [ 673917.390432524727657, 7478414.048525622114539 ], [ 673908.738092141458765, 7478423.339547792449594 ] ] ] } },
{ "type": "Feature", "properties": { "id": "Centro.132", "id_trecho": 932, "Name": "Avenida Governador Leonel de Moura Brizola", "description": null, "Extensao_m": 76.558842498718548, "Bairro_logradouros": "Centro", "Bairro_rotas": "Centro", "Distrito": "1º", "Lote": "I", "Name_2": "Ponto 790", "description_2": "Velocidade: 0km/h<br>01/07/2026 19:35:24", "layer": "TTG4B66", "path": "C:/KMLs/Estevao/01-07-2026/Coleta/Trajeto_TTG4B66.kml|layername=Trajeto|geometrytype=Point|uniqueGeometryType=yes", "Velocidade": 0.0, "Data": "2026-07-01", "hora": "19:35:24", "Rota": "ROTA 300 (NOITE) - Centro - Seg a Sab", "Turno": "Noite", "Dias_da_semana": [ "seg", "ter", "qua", "qui", "sex", "sab" ], "Hit_Rate": 94.44, "Status": "Validado", "Bloco": "Seg_a_Sab" }, "geometry": { "type": "MultiLineString", "coordinates": [ [ [ 673634.109400453977287, 7478402.27502915263176 ], [ 673621.156937222694978, 7478418.957485245540738 ], [ 673611.359700279892422, 7478432.303625054657459 ], [ 673595.966995917609893, 7478459.180387228727341 ], [ 673592.609019887284376, 7478466.339717609807849 ] ] ] } },
{ "type": "Feature", "properties": { "id": "Centro.151", "id_trecho": 1276, "Name": "Rua Piratini", "description": null, "Extensao_m": 12.066004114366322, "Bairro_logradouros": "Centro", "Bairro_rotas": "Centro", "Distrito": "1º", "Lote": "I", "Name_2": "Ponto 793", "description_2": "Velocidade: 0km/h<br>01/07/2026 19:37:23", "layer": "TTG4B66", "path": "C:/KMLs/Estevao/01-07-2026/Coleta/Trajeto_TTG4B66.kml|layername=Trajeto|geometrytype=Point|uniqueGeometryType=yes", "Velocidade": 0.0, "Data": "2026-07-01", "hora": "19:37:23", "Rota": "ROTA 300 (NOITE) - Centro - Seg a Sab", "Turno": "Noite", "Dias_da_semana": [ "seg", "ter", "qua", "qui", "sex", "sab" ], "Hit_Rate": 27.78, "Status": "Baixo hit rate", "Bloco": "Seg_a_Sab" }, "geometry": { "type": "MultiLineString", "coordinates": [ [ [ 673559.616398776881397, 7478530.927149117924273 ], [ 673552.950229305191897, 7478520.870184957049787 ] ] ] } },
{ "type": "Feature", "properties": { "id": "Centro.37", "id_trecho": 1226, "Name": "Rua Mariano Sendra dos Santos", "description": null, "Extensao_m": 80.32871408690194, "Bairro_logradouros": "Centro", "Bairro_rotas": "Centro", "Distrito": "1º", "Lote": "I", "Name_2": "Ponto 799", "description_2": "Velocidade: 0km/h<br>01/07/2026 19:40:38", "layer": "TTG4B66", "path": "C:/KMLs/Estevao/01-07-2026/Coleta/Trajeto_TTG4B66.kml|layername=Trajeto|geometrytype=Point|uniqueGeometryType=yes", "Velocidade": 0.0, "Data": "2026-07-01", "hora": "19:40:38", "Rota": "ROTA 300 (NOITE) - Centro - Seg a Sab", "Turno": "Noite", "Dias_da_semana": [ "seg", "ter", "qua", "qui", "sex", "sab" ], "Hit_Rate": 100.0, "Status": "Validado", "Bloco": "Seg_a_Sab" }, "geometry": { "type": "MultiLineString", "coordinates": [ [ [ 673379.636416846420616, 7478702.845105731859803 ], [ 673452.076151508954354, 7478737.55562081374228 ] ] ] } },
{ "type": "Feature", "properties": { "id": "Centro.132", "id_trecho": 938, "Name": "Avenida Governador Leonel de Moura Brizola", "description": null, "Extensao_m": 35.968577849932004, "Bairro_logradouros": "Centro", "Bairro_rotas": "Centro", "Distrito": "1º", "Lote": "I", "Name_2": "Ponto 803", "description_2": "Velocidade: 0km/h<br>01/07/2026 19:43:14", "layer": "TTG4B66", "path": "C:/KMLs/Estevao/01-07-2026/Coleta/Trajeto_TTG4B66.kml|layername=Trajeto|geometrytype=Point|uniqueGeometryType=yes", "Velocidade": 0.0, "Data": "2026-07-01", "hora": "19:43:14", "Rota": "ROTA 300 (NOITE) - Centro - Seg a Sab", "Turno": "Noite", "Dias_da_semana": [ "seg", "ter", "qua", "qui", "sex", "sab" ], "Hit_Rate": 27.78, "Status": "Baixo hit rate", "Bloco": "Seg_a_Sab" }, "geometry": { "type": "MultiLineString", "coordinates": [ [ [ 673417.644554181722924, 7478832.691513271071017 ], [ 673436.208490767283365, 7478824.472546568140388 ], [ 673440.332845746772364, 7478824.159634452313185 ], [ 673444.741245713434182, 7478824.441499553620815 ], [ 673450.972315635997802, 7478827.869848440401256 ] ] ] } },
{ "type": "Feature", "properties": { "id": "Centro.120", "id_trecho": 890, "Name": "Avenida Doutor Plínio Casado", "description": null, "Extensao_m": 109.05188855171946, "Bairro_logradouros": "Centro", "Bairro_rotas": "Centro", "Distrito": "1º", "Lote": "I", "Name_2": "Ponto 808", "description_2": "Velocidade: 0km/h<br>01/07/2026 19:45:24", "layer": "TTG4B66", "path": "C:/KMLs/Estevao/01-07-2026/Coleta/Trajeto_TTG4B66.kml|layername=Trajeto|geometrytype=Point|uniqueGeometryType=yes", "Velocidade": 0.0, "Data": "2026-07-01", "hora": "19:45:24", "Rota": "ROTA 300 (NOITE) - Centro - Seg a Sab", "Turno": "Noite", "Dias_da_semana": [ "seg", "ter", "qua", "qui", "sex", "sab" ], "Hit_Rate": 61.11, "Status": "Baixo hit rate", "Bloco": "Seg_a_Sab" }, "geometry": { "type": "MultiLineString", "coordinates": [ [ [ 673450.972315635997802, 7478827.869848440401256 ], [ 673461.3900576911401, 7478865.193748233839869 ], [ 673466.323819687706418, 7478887.186732344329357 ], [ 673469.147265225765295, 7478901.529190720058978 ], [ 673475.536248543765396, 7478934.048483334481716 ] ] ] } },
{ "type": "Feature", "properties": { "id": "Centro.132", "id_trecho": 939, "Name": "Avenida Governador Leonel de Moura Brizola", "description": null, "Extensao_m": 13.763726429564612, "Bairro_logradouros": "Centro", "Bairro_rotas": "Centro", "Distrito": "1º", "Lote": "I", "Name_2": "Ponto 846", "description_2": "Velocidade: 0km/h<br>01/07/2026 20:04:24", "layer": "TTG4B66", "path": "C:/KMLs/Estevao/01-07-2026/Coleta/Trajeto_TTG4B66.kml|layername=Trajeto|geometrytype=Point|uniqueGeometryType=yes", "Velocidade": 0.0, "Data": "2026-07-01", "hora": "20:04:24", "Rota": "ROTA 300 (NOITE) - Centro - Seg a Sab", "Turno": "Noite", "Dias_da_semana": [ "seg", "ter", "qua", "qui", "sex", "sab" ], "Hit_Rate": 33.33, "Status": "Baixo hit rate", "Bloco": "Seg_a_Sab" }, "geometry": { "type": "MultiLineString", "coordinates": [ [ [ 673607.816326421801932, 7479630.972979141399264 ], [ 673614.587126455968246, 7479642.955715332180262 ] ] ] } },
{ "type": "Feature", "properties": { "id": "Centro.132", "id_trecho": 948, "Name": "Avenida Governador Leonel de Moura Brizola", "description": null, "Extensao_m": 13.745868225215336, "Bairro_logradouros": "Centro", "Bairro_rotas": "Centro", "Distrito": "1º", "Lote": "I", "Name_2": "Ponto 847", "description_2": "Velocidade: 12km/h<br>01/07/2026 20:05:23", "layer": "TTG4B66", "path": "C:/KMLs/Estevao/01-07-2026/Coleta/Trajeto_TTG4B66.kml|layername=Trajeto|geometrytype=Point|uniqueGeometryType=yes", "Velocidade": 12.0, "Data": "2026-07-01", "hora": "20:05:23", "Rota": "ROTA 300 (NOITE) - Centro - Seg a Sab", "Turno": "Noite", "Dias_da_semana": [ "seg", "ter", "qua", "qui", "sex", "sab" ], "Hit_Rate": 16.67, "Status": "Baixo hit rate", "Bloco": "Seg_a_Sab" }, "geometry": { "type": "MultiLineString", "coordinates": [ [ [ 673606.977084898157045, 7479644.692823250778019 ], [ 673607.816326421801932, 7479630.972979141399264 ] ] ] } },
{ "type": "Feature", "properties": { "id": "Centro.132", "id_trecho": 945, "Name": "Avenida Governador Leonel de Moura Brizola", "description": null, "Extensao_m": 10.146902104885442, "Bairro_logradouros": "Centro", "Bairro_rotas": "Centro", "Distrito": "1º", "Lote": "I", "Name_2": "Ponto 854", "description_2": "Velocidade: 12km/h<br>01/07/2026 20:08:27", "layer": "TTG4B66", "path": "C:/KMLs/Estevao/01-07-2026/Coleta/Trajeto_TTG4B66.kml|layername=Trajeto|geometrytype=Point|uniqueGeometryType=yes", "Velocidade": 12.0, "Data": "2026-07-01", "hora": "20:08:27", "Rota": "ROTA 300 (NOITE) - Centro - Seg a Sab", "Turno": "Noite", "Dias_da_semana": [ "seg", "ter", "qua", "qui", "sex", "sab" ], "Hit_Rate": 50.0, "Status": "Baixo hit rate", "Bloco": "Seg_a_Sab" }, "geometry": { "type": "MultiLineString", "coordinates": [ [ [ 673654.905596594326198, 7479888.300169162452221 ], [ 673652.922724940464832, 7479878.349179657176137 ] ] ] } },
{ "type": "Feature", "properties": { "id": "Centro.99", "id_trecho": 1145, "Name": "Rua Estevam de Giacomo", "description": null, "Extensao_m": 83.710593042874933, "Bairro_logradouros": "Centro", "Bairro_rotas": "Centro", "Distrito": "1º", "Lote": "I", "Name_2": "Ponto 872", "description_2": "Velocidade: 7km/h<br>01/07/2026 20:17:45", "layer": "TTG4B66", "path": "C:/KMLs/Estevao/01-07-2026/Coleta/Trajeto_TTG4B66.kml|layername=Trajeto|geometrytype=Point|uniqueGeometryType=yes", "Velocidade": 7.0, "Data": "2026-07-01", "hora": "20:17:45", "Rota": "ROTA 300 (NOITE) - Centro - Seg a Sab", "Turno": "Noite", "Dias_da_semana": [ "seg", "ter", "qua", "qui", "sex", "sab" ], "Hit_Rate": 88.89, "Status": "Validado", "Bloco": "Seg_a_Sab" }, "geometry": { "type": "MultiLineString", "coordinates": [ [ [ 673465.021032542223111, 7479288.121177861467004 ], [ 673547.020145745482296, 7479271.292173938825727 ] ] ] } },
{ "type": "Feature", "properties": { "id": "Centro.120", "id_trecho": 896, "Name": "Avenida Doutor Plínio Casado", "description": null, "Extensao_m": 36.628682334068749, "Bairro_logradouros": "Centro", "Bairro_rotas": "Centro", "Distrito": "1º", "Lote": "I", "Name_2": "Ponto 906", "description_2": "Velocidade: 8km/h<br>01/07/2026 20:33:34", "layer": "TTG4B66", "path": "C:/KMLs/Estevao/01-07-2026/Coleta/Trajeto_TTG4B66.kml|layername=Trajeto|geometrytype=Point|uniqueGeometryType=yes", "Velocidade": 8.0, "Data": "2026-07-01", "hora": "20:33:34", "Rota": "ROTA 300 (NOITE) - Centro - Seg a Sab", "Turno": "Noite", "Dias_da_semana": [ "seg", "ter", "qua", "qui", "sex", "sab" ], "Hit_Rate": 100.0, "Status": "Validado", "Bloco": "Seg_a_Sab" }, "geometry": { "type": "MultiLineString", "coordinates": [ [ [ 673579.986823225859553, 7479451.274890050292015 ], [ 673578.844575609546155, 7479460.047889867797494 ], [ 673575.913194725755602, 7479463.226562812924385 ], [ 673570.768980661174282, 7479465.068365261889994 ], [ 673567.60580593929626, 7479465.038076771423221 ], [ 673564.219923926983029, 7479464.390160527080297 ], [ 673554.267820773064159, 7479458.866989951580763 ] ] ] } },
{ "type": "Feature", "properties": { "id": "Centro.147", "id_trecho": 886, "Name": "Avenida Doutor Manoel Teles", "description": null, "Extensao_m": 17.569501369869769, "Bairro_logradouros": "Centro", "Bairro_rotas": "Centro", "Distrito": "1º", "Lote": "I", "Name_2": "Ponto 940", "description_2": "Velocidade: 15km/h<br>01/07/2026 20:52:36", "layer": "TTG4B66", "path": "C:/KMLs/Estevao/01-07-2026/Coleta/Trajeto_TTG4B66.kml|layername=Trajeto|geometrytype=Point|uniqueGeometryType=yes", "Velocidade": 15.0, "Data": "2026-07-01", "hora": "20:52:36", "Rota": "ROTA 300 (NOITE) - Centro - Seg a Sab", "Turno": "Noite", "Dias_da_semana": [ "seg", "ter", "qua", "qui", "sex", "sab" ], "Hit_Rate": 33.33, "Status": "Baixo hit rate", "Bloco": "Seg_a_Sab" }, "geometry": { "type": "MultiLineString", "coordinates": [ [ [ 673417.644554181722924, 7478832.691513271071017 ], [ 673410.194168983493, 7478837.582966256886721 ], [ 673401.851739500067197, 7478839.893169023096561 ] ] ] } },
{ "type": "Feature", "properties": { "id": "Centro.147", "id_trecho": 880, "Name": "Avenida Doutor Manoel Teles", "description": null, "Extensao_m": 122.13590963439962, "Bairro_logradouros": "Centro", "Bairro_rotas": "Centro", "Distrito": "1º", "Lote": "I", "Name_2": "Ponto 967", "description_2": "Velocidade: 15km/h<br>01/07/2026 21:08:53", "layer": "TTG4B66", "path": "C:/KMLs/Estevao/01-07-2026/Coleta/Trajeto_TTG4B66.kml|layername=Trajeto|geometrytype=Point|uniqueGeometryType=yes", "Velocidade": 15.0, "Data": "2026-07-01", "hora": "21:08:53", "Rota": "ROTA 300 (NOITE) - Centro - Seg a Sab", "Turno": "Noite", "Dias_da_semana": [ "seg", "ter", "qua", "qui", "sex", "sab" ], "Hit_Rate": 100.0, "Status": "Validado", "Bloco": "Seg_a_Sab" }, "geometry": { "type": "MultiLineString", "coordinates": [ [ [ 673322.183033459819853, 7478763.846265876665711 ], [ 673251.160317200119607, 7478700.325253887102008 ], [ 673231.655462052556686, 7478681.876252624206245 ] ] ] } },
{ "type": "Feature", "properties": { "id": "Centro.22", "id_trecho": 1320, "Name": "Rua Sebastião de Oliveira", "description": null, "Extensao_m": 112.94669232155105, "Bairro_logradouros": "Centro", "Bairro_rotas": "Centro", "Distrito": "1º", "Lote": "I", "Name_2": "Ponto 992", "description_2": "Velocidade: 8km/h<br>01/07/2026 21:23:50", "layer": "TTG4B66", "path": "C:/KMLs/Estevao/01-07-2026/Coleta/Trajeto_TTG4B66.kml|layername=Trajeto|geometrytype=Point|uniqueGeometryType=yes", "Velocidade": 8.0, "Data": "2026-07-01", "hora": "21:23:50", "Rota": "ROTA 300 (NOITE) - Centro - Seg a Sab", "Turno": "Noite", "Dias_da_semana": [ "seg", "ter", "qua", "qui", "sex", "sab" ], "Hit_Rate": 100.0, "Status": "Validado", "Bloco": "Seg_a_Sab" }, "geometry": { "type": "MultiLineString", "coordinates": [ [ [ 673186.679534591268748, 7479184.075441349297762 ], [ 673122.691401256248355, 7479198.150006035342813 ], [ 673076.372379249194637, 7479208.335070108063519 ] ] ] } },
{ "type": "Feature", "properties": { "id": "Centro.98", "id_trecho": 1215, "Name": "Rua Manuel Vieira", "description": null, "Extensao_m": 109.50661014907094, "Bairro_logradouros": "Centro", "Bairro_rotas": "Centro", "Distrito": "1º", "Lote": "I", "Name_2": "Ponto 1000", "description_2": "Velocidade: 0km/h<br>01/07/2026 21:27:39", "layer": "TTG4B66", "path": "C:/KMLs/Estevao/01-07-2026/Coleta/Trajeto_TTG4B66.kml|layername=Trajeto|geometrytype=Point|uniqueGeometryType=yes", "Velocidade": 0.0, "Data": "2026-07-01", "hora": "21:27:39", "Rota": "ROTA 300 (NOITE) - Centro - Seg a Sab", "Turno": "Noite", "Dias_da_semana": [ "seg", "ter", "qua", "qui", "sex", "sab" ], "Hit_Rate": 100.0, "Status": "Validado", "Bloco": "Seg_a_Sab" }, "geometry": { "type": "MultiLineString", "coordinates": [ [ [ 673051.497690133051947, 7479101.694417408667505 ], [ 673076.372379249194637, 7479208.335070108063519 ] ] ] } },
{ "type": "Feature", "properties": { "id": "Centro.22", "id_trecho": 1321, "Name": "Rua Sebastião de Oliveira", "description": null, "Extensao_m": 108.93824089921536, "Bairro_logradouros": "Centro", "Bairro_rotas": "Centro", "Distrito": "1º", "Lote": "I", "Name_2": "Ponto 1013", "description_2": "Velocidade: 10km/h<br>01/07/2026 21:35:18", "layer": "TTG4B66", "path": "C:/KMLs/Estevao/01-07-2026/Coleta/Trajeto_TTG4B66.kml|layername=Trajeto|geometrytype=Point|uniqueGeometryType=yes", "Velocidade": 10.0, "Data": "2026-07-01", "hora": "21:35:18", "Rota": "ROTA 300 (NOITE) - Centro - Seg a Sab", "Turno": "Noite", "Dias_da_semana": [ "seg", "ter", "qua", "qui", "sex", "sab" ], "Hit_Rate": 94.44, "Status": "Validado", "Bloco": "Seg_a_Sab" }, "geometry": { "type": "MultiLineString", "coordinates": [ [ [ 673076.372379249194637, 7479208.335070108063519 ], [ 672969.14998447149992, 7479227.575209202244878 ] ] ] } },
{ "type": "Feature", "properties": { "id": "Centro.3", "id_trecho": 967, "Name": "Avenida Nilo Peçanha", "description": null, "Extensao_m": 14.991662258231987, "Bairro_logradouros": "Centro", "Bairro_rotas": "Centro", "Distrito": "1º", "Lote": "I", "Name_2": "Ponto 1023", "description_2": "Velocidade: 16km/h<br>01/07/2026 21:39:03", "layer": "TTG4B66", "path": "C:/KMLs/Estevao/01-07-2026/Coleta/Trajeto_TTG4B66.kml|layername=Trajeto|geometrytype=Point|uniqueGeometryType=yes", "Velocidade": 16.0, "Data": "2026-07-01", "hora": "21:39:03", "Rota": "ROTA 300 (NOITE) - Centro - Seg a Sab", "Turno": "Noite", "Dias_da_semana": [ "seg", "ter", "qua", "qui", "sex", "sab" ], "Hit_Rate": 77.78, "Status": "Validado", "Bloco": "Seg_a_Sab" }, "geometry": { "type": "MultiLineString", "coordinates": [ [ [ 672652.723156381049193, 7479322.71843961533159 ], [ 672667.134637891431339, 7479318.589893585070968 ] ] ] } },
{ "type": "Feature", "properties": { "id": "Centro.3", "id_trecho": 981, "Name": "Avenida Nilo Peçanha", "description": null, "Extensao_m": 10.776834657018114, "Bairro_logradouros": "Centro", "Bairro_rotas": "Centro", "Distrito": "1º", "Lote": "I", "Name_2": "Ponto 1024", "description_2": "Velocidade: 13km/h<br>01/07/2026 21:39:24", "layer": "TTG4B66", "path": "C:/KMLs/Estevao/01-07-2026/Coleta/Trajeto_TTG4B66.kml|layername=Trajeto|geometrytype=Point|uniqueGeometryType=yes", "Velocidade": 13.0, "Data": "2026-07-01", "hora": "21:39:24", "Rota": "ROTA 300 (NOITE) - Centro - Seg a Sab", "Turno": "Noite", "Dias_da_semana": [ "seg", "ter", "qua", "qui", "sex", "sab" ], "Hit_Rate": 61.11, "Status": "Baixo hit rate", "Bloco": "Seg_a_Sab" }, "geometry": { "type": "MultiLineString", "coordinates": [ [ [ 672581.261965299840085, 7479289.727729495614767 ], [ 672574.194125914946198, 7479281.592720659449697 ] ] ] } },
{ "type": "Feature", "properties": { "id": "Bar_dos_Cavalheiros.164", "id_trecho": 115, "Name": "Avenida Nilo Peçanha", "description": null, "Extensao_m": 68.954735484520654, "Bairro_logradouros": "Bar dos Cavalheiros", "Bairro_rotas": "Centro", "Distrito": "1º", "Lote": "I", "Name_2": "Ponto 1032", "description_2": "Velocidade: 0km/h<br>01/07/2026 21:45:24", "layer": "TTG4B66", "path": "C:/KMLs/Estevao/01-07-2026/Coleta/Trajeto_TTG4B66.kml|layername=Trajeto|geometrytype=Point|uniqueGeometryType=yes", "Velocidade": 0.0, "Data": "2026-07-01", "hora": "21:45:24", "Rota": "ROTA 300 (NOITE) - Centro - Seg a Sab", "Turno": "Noite", "Dias_da_semana": [ "seg", "ter", "qua", "qui", "sex", "sab" ], "Hit_Rate": 88.89, "Status": "Validado", "Bloco": "Seg_a_Sab" }, "geometry": { "type": "MultiLineString", "coordinates": [ [ [ 671765.145104168332182, 7478971.571250198408961 ], [ 671770.83262163377367, 7478972.370700804516673 ], [ 671783.617754549952224, 7478972.447517680004239 ], [ 671801.862884430447593, 7478971.366164822131395 ], [ 671833.976579848327674, 7478969.917398881167173 ] ] ] } },
{ "type": "Feature", "properties": { "id": "Bar_dos_Cavalheiros.164", "id_trecho": 122, "Name": "Avenida Nilo Peçanha", "description": null, "Extensao_m": 101.82730519446918, "Bairro_logradouros": "Bar dos Cavalheiros", "Bairro_rotas": "Centro", "Distrito": "1º", "Lote": "I", "Name_2": "Ponto 1054", "description_2": "Velocidade: 22km/h<br>01/07/2026 21:55:24", "layer": "TTG4B66", "path": "C:/KMLs/Estevao/01-07-2026/Coleta/Trajeto_TTG4B66.kml|layername=Trajeto|geometrytype=Point|uniqueGeometryType=yes", "Velocidade": 22.0, "Data": "2026-07-01", "hora": "21:55:24", "Rota": "ROTA 300 (NOITE) - Centro - Seg a Sab", "Turno": "Noite", "Dias_da_semana": [ "seg", "ter", "qua", "qui", "sex", "sab" ], "Hit_Rate": 100.0, "Status": "Validado", "Bloco": "Seg_a_Sab" }, "geometry": { "type": "MultiLineString", "coordinates": [ [ [ 672304.249431203119457, 7479235.56763023417443 ], [ 672327.178454596665688, 7479243.624302767217159 ], [ 672363.27699481730815, 7479253.026488189585507 ], [ 672403.205107764573768, 7479257.844579758122563 ] ] ] } },
{ "type": "Feature", "properties": { "id": "Centro.134", "id_trecho": 1121, "Name": "Rua das Pedras", "description": null, "Extensao_m": 97.309291622263572, "Bairro_logradouros": "Centro", "Bairro_rotas": "Centro", "Distrito": "1º", "Lote": "I", "Name_2": "Ponto 1079", "description_2": "Velocidade: 6km/h<br>01/07/2026 22:10:48", "layer": "TTG4B66", "path": "C:/KMLs/Estevao/01-07-2026/Coleta/Trajeto_TTG4B66.kml|layername=Trajeto|geometrytype=Point|uniqueGeometryType=yes", "Velocidade": 6.0, "Data": "2026-07-01", "hora": "22:10:48", "Rota": "ROTA 300 (NOITE) - Centro - Seg a Sab", "Turno": "Noite", "Dias_da_semana": [ "seg", "ter", "qua", "qui", "sex", "sab" ], "Hit_Rate": 100.0, "Status": "Validado", "Bloco": "Seg_a_Sab" }, "geometry": { "type": "MultiLineString", "coordinates": [ [ [ 673049.611451974138618, 7478609.266392238438129 ], [ 673076.533550197607838, 7478628.051859492436051 ], [ 673129.192949460470118, 7478665.259645909070969 ] ] ] } },
{ "type": "Feature", "properties": { "id": "Centro.38", "id_trecho": 1157, "Name": "Rua Frei Fidélis", "description": null, "Extensao_m": 31.382130334355942, "Bairro_logradouros": "Centro", "Bairro_rotas": "Centro", "Distrito": "1º", "Lote": "I", "Name_2": "Ponto 1093", "description_2": "Velocidade: 24km/h<br>01/07/2026 22:17:05", "layer": "TTG4B66", "path": "C:/KMLs/Estevao/01-07-2026/Coleta/Trajeto_TTG4B66.kml|layername=Trajeto|geometrytype=Point|uniqueGeometryType=yes", "Velocidade": 24.0, "Data": "2026-07-01", "hora": "22:17:05", "Rota": "ROTA 300 (NOITE) - Centro - Seg a Sab", "Turno": "Noite", "Dias_da_semana": [ "seg", "ter", "qua", "qui", "sex", "sab" ], "Hit_Rate": 44.44, "Status": "Baixo hit rate", "Bloco": "Seg_a_Sab" }, "geometry": { "type": "MultiLineString", "coordinates": [ [ [ 673423.200165063608438, 7478461.554183992557228 ], [ 673434.128263159072958, 7478432.137202050536871 ] ] ] } },
{ "type": "Feature", "properties": { "id": "Centro.41", "id_trecho": 1016, "Name": "Rua 11 de Junho", "description": null, "Extensao_m": 91.949398804112832, "Bairro_logradouros": "Centro", "Bairro_rotas": "Centro", "Distrito": "1º", "Lote": "I", "Name_2": "Ponto 1096", "description_2": "Velocidade: 20km/h<br>01/07/2026 22:17:36", "layer": "TTG4B66", "path": "C:/KMLs/Estevao/01-07-2026/Coleta/Trajeto_TTG4B66.kml|layername=Trajeto|geometrytype=Point|uniqueGeometryType=yes", "Velocidade": 20.0, "Data": "2026-07-01", "hora": "22:17:36", "Rota": "ROTA 300 (NOITE) - Centro - Seg a Sab", "Turno": "Noite", "Dias_da_semana": [ "seg", "ter", "qua", "qui", "sex", "sab" ], "Hit_Rate": 94.44, "Status": "Validado", "Bloco": "Seg_a_Sab" }, "geometry": { "type": "MultiLineString", "coordinates": [ [ [ 673542.720493368688039, 7478371.580714979209006 ], [ 673581.364260656526312, 7478397.119625786319375 ], [ 673590.637087293318473, 7478402.561906462535262 ], [ 673599.339185997028835, 7478404.788021814078093 ], [ 673605.540373153169639, 7478404.717088621109724 ], [ 673623.911266031675041, 7478397.629651239141822 ] ] ] } },
{ "type": "Feature", "properties": { "id": "Centro.41", "id_trecho": 1015, "Name": "Rua 11 de Junho", "description": null, "Extensao_m": 69.043084610316498, "Bairro_logradouros": "Centro", "Bairro_rotas": "Centro", "Distrito": "1º", "Lote": "I", "Name_2": "Ponto 1131", "description_2": "Velocidade: 26km/h<br>01/07/2026 22:37:24", "layer": "TTG4B66", "path": "C:/KMLs/Estevao/01-07-2026/Coleta/Trajeto_TTG4B66.kml|layername=Trajeto|geometrytype=Point|uniqueGeometryType=yes", "Velocidade": 26.0, "Data": "2026-07-01", "hora": "22:37:24", "Rota": "ROTA 300 (NOITE) - Centro - Seg a Sab", "Turno": "Noite", "Dias_da_semana": [ "seg", "ter", "qua", "qui", "sex", "sab" ], "Hit_Rate": 88.89, "Status": "Validado", "Bloco": "Seg_a_Sab" }, "geometry": { "type": "MultiLineString", "coordinates": [ [ [ 673487.931840374134481, 7478329.570196393877268 ], [ 673495.265934370458126, 7478335.189735766500235 ], [ 673542.720493368688039, 7478371.580714979209006 ] ] ] } },
{ "type": "Feature", "properties": { "id": "Bar_dos_Cavalheiros.164", "id_trecho": 97, "Name": "Avenida Nilo Peçanha", "description": null, "Extensao_m": 52.331951779301832, "Bairro_logradouros": "Bar dos Cavalheiros", "Bairro_rotas": "Centro", "Distrito": "1º", "Lote": "I", "Name_2": "Ponto 897", "description_2": "Velocidade: 25km/h<br>01/07/2026 19:27:31", "layer": "TTH9F28", "path": "C:/KMLs/Estevao/01-07-2026/Coleta/Trajeto_TTH9F28.kml|layername=Trajeto|geometrytype=Point|uniqueGeometryType=yes", "Velocidade": 25.0, "Data": "2026-07-01", "hora": "19:27:31", "Rota": "ROTA 300 (NOITE) - Centro - Seg a Sab", "Turno": "Noite", "Dias_da_semana": [ "seg", "ter", "qua", "qui", "sex", "sab" ], "Hit_Rate": 22.22, "Status": "Baixo hit rate", "Bloco": "Seg_a_Sab" }, "geometry": { "type": "MultiLineString", "coordinates": [ [ [ 671553.329911955399439, 7478231.426921365782619 ], [ 671561.43417956714984, 7478235.311020772904158 ], [ 671566.016361085232347, 7478238.271460453048348 ], [ 671568.796494797454216, 7478240.776072019711137 ], [ 671571.52178957615979, 7478243.879321829415858 ], [ 671580.255944577977061, 7478272.596216117031872 ] ] ] } },
{ "type": "Feature", "properties": { "id": "Centro.132", "id_trecho": 926, "Name": "Avenida Governador Leonel de Moura Brizola", "description": null, "Extensao_m": 123.58835963294459, "Bairro_logradouros": "Centro", "Bairro_rotas": "Centro", "Distrito": "1º", "Lote": "I", "Name_2": "Ponto 1142", "description_2": "Velocidade: 53km/h<br>01/07/2026 21:17:50", "layer": "TTH9F28", "path": "C:/KMLs/Estevao/01-07-2026/Coleta/Trajeto_TTH9F28.kml|layername=Trajeto|geometrytype=Point|uniqueGeometryType=yes", "Velocidade": 53.0, "Data": "2026-07-01", "hora": "21:17:50", "Rota": "ROTA 300 (NOITE) - Centro - Seg a Sab", "Turno": "Noite", "Dias_da_semana": [ "seg", "ter", "qua", "qui", "sex", "sab" ], "Hit_Rate": 66.67, "Status": "Validado", "Bloco": "Seg_a_Sab" }, "geometry": { "type": "MultiLineString", "coordinates": [ [ [ 673943.604199082357809, 7478103.992900711484253 ], [ 673945.025792522821575, 7478071.2512984033674 ], [ 673945.665570865385234, 7478007.033696750178933 ], [ 673946.531446804408915, 7477980.455912780016661 ] ] ] } },
{ "type": "Feature", "properties": { "id": "Centro.4", "id_trecho": 988, "Name": "Avenida Winston Churchill", "description": null, "Extensao_m": 38.622650509875825, "Bairro_logradouros": "Centro", "Bairro_rotas": "Centro", "Distrito": "1º", "Lote": "I", "Name_2": "Ponto 1182", "description_2": "Velocidade: 4km/h<br>01/07/2026 18:41:26", "layer": "TTH9F46", "path": "C:/KMLs/Estevao/01-07-2026/Coleta/Trajeto_TTH9F46.kml|layername=Trajeto|geometrytype=Point|uniqueGeometryType=yes", "Velocidade": 4.0, "Data": "2026-07-01", "hora": "18:41:26", "Rota": "ROTA 300 (NOITE) - Centro - Seg a Sab", "Turno": "Noite", "Dias_da_semana": [ "seg", "ter", "qua", "qui", "sex", "sab" ], "Hit_Rate": 100.0, "Status": "Validado", "Bloco": "Seg_a_Sab" }, "geometry": { "type": "MultiLineString", "coordinates": [ [ [ 672878.370566277764738, 7479766.489384001120925 ], [ 672888.022302067023702, 7479777.306023888289928 ], [ 672894.982261050259694, 7479784.303373645991087 ], [ 672906.911394909140654, 7479792.107952006161213 ] ] ] } },
{ "type": "Feature", "properties": { "id": "Centro.4", "id_trecho": 994, "Name": "Avenida Winston Churchill", "description": null, "Extensao_m": 147.98582605224959, "Bairro_logradouros": "Centro", "Bairro_rotas": "Centro", "Distrito": "1º", "Lote": "I", "Name_2": "Ponto 1637", "description_2": "Velocidade: 10km/h<br>01/07/2026 21:31:33", "layer": "TTH9F46", "path": "C:/KMLs/Estevao/01-07-2026/Coleta/Trajeto_TTH9F46.kml|layername=Trajeto|geometrytype=Point|uniqueGeometryType=yes", "Velocidade": 10.0, "Data": "2026-07-01", "hora": "21:31:33", "Rota": "ROTA 300 (NOITE) - Centro - Seg a Sab", "Turno": "Noite", "Dias_da_semana": [ "seg", "ter", "qua", "qui", "sex", "sab" ], "Hit_Rate": 83.33, "Status": "Validado", "Bloco": "Seg_a_Sab" }, "geometry": { "type": "MultiLineString", "coordinates": [ [ [ 672899.395432992372662, 7479641.997377630323172 ], [ 672893.660290487459861, 7479621.273403427563608 ], [ 672882.376439807238057, 7479595.175558842718601 ], [ 672876.009574343566783, 7479579.762701354920864 ], [ 672861.983558833482675, 7479552.593206139281392 ], [ 672836.741312285186723, 7479508.516301712021232 ] ] ] } },
{ "type": "Feature", "properties": { "id": "Centro.98", "id_trecho": 1219, "Name": "Rua Manuel Vieira", "description": null, "Extensao_m": 212.16802030297859, "Bairro_logradouros": "Centro", "Bairro_rotas": "Centro", "Distrito": "1º", "Lote": "I", "Name_2": "Ponto 1183", "description_2": "Velocidade: 13km/h<br>01/07/2026 19:20:35", "layer": "TTI9B27", "path": "C:/KMLs/Estevao/01-07-2026/Coleta/Trajeto_TTI9B27.kml|layername=Trajeto|geometrytype=Point|uniqueGeometryType=yes", "Velocidade": 13.0, "Data": "2026-07-01", "hora": "19:20:35", "Rota": "ROTA 300 (NOITE) - Centro - Seg a Sab", "Turno": "Noite", "Dias_da_semana": [ "seg", "ter", "qua", "qui", "sex", "sab" ], "Hit_Rate": 55.56, "Status": "Baixo hit rate", "Bloco": "Seg_a_Sab" }, "geometry": { "type": "MultiLineString", "coordinates": [ [ [ 673145.290673076873645, 7479524.833461450412869 ], [ 673184.441870910814032, 7479733.351550683379173 ] ] ] } },
{ "type": "Feature", "properties": { "id": "Centro.98", "id_trecho": 1220, "Name": "Rua Manuel Vieira", "description": null, "Extensao_m": 178.9349553585341, "Bairro_logradouros": "Centro", "Bairro_rotas": "Centro", "Distrito": "1º", "Lote": "I", "Name_2": "Ponto 1193", "description_2": "Velocidade: 7km/h<br>01/07/2026 19:27:21", "layer": "TTI9B27", "path": "C:/KMLs/Estevao/01-07-2026/Coleta/Trajeto_TTI9B27.kml|layername=Trajeto|geometrytype=Point|uniqueGeometryType=yes", "Velocidade": 7.0, "Data": "2026-07-01", "hora": "19:27:21", "Rota": "ROTA 300 (NOITE) - Centro - Seg a Sab", "Turno": "Noite", "Dias_da_semana": [ "seg", "ter", "qua", "qui", "sex", "sab" ], "Hit_Rate": 66.67, "Status": "Validado", "Bloco": "Seg_a_Sab" }, "geometry": { "type": "MultiLineString", "coordinates": [ [ [ 673184.441870910814032, 7479733.351550683379173 ], [ 673217.530264325672761, 7479900.032852631062269 ], [ 673219.130536351469345, 7479908.885266412049532 ] ] ] } },
{ "type": "Feature", "properties": { "id": "Centro.98", "id_trecho": 1216, "Name": "Rua Manuel Vieira", "description": null, "Extensao_m": 174.98696144062694, "Bairro_logradouros": "Centro", "Bairro_rotas": "Centro", "Distrito": "1º", "Lote": "I", "Name_2": "Ponto 1254", "description_2": "Velocidade: 11km/h<br>01/07/2026 19:51:43", "layer": "TTI9B27", "path": "C:/KMLs/Estevao/01-07-2026/Coleta/Trajeto_TTI9B27.kml|layername=Trajeto|geometrytype=Point|uniqueGeometryType=yes", "Velocidade": 11.0, "Data": "2026-07-01", "hora": "19:51:43", "Rota": "ROTA 300 (NOITE) - Centro - Seg a Sab", "Turno": "Noite", "Dias_da_semana": [ "seg", "ter", "qua", "qui", "sex", "sab" ], "Hit_Rate": 50.0, "Status": "Baixo hit rate", "Bloco": "Seg_a_Sab" }, "geometry": { "type": "MultiLineString", "coordinates": [ [ [ 673076.372379249194637, 7479208.335070108063519 ], [ 673093.78572943538893, 7479290.087784253060818 ], [ 673113.328564563998953, 7479379.369008140638471 ] ] ] } },
{ "type": "Feature", "properties": { "id": "Centro.98", "id_trecho": 1218, "Name": "Rua Manuel Vieira", "description": null, "Extensao_m": 76.708029640936189, "Bairro_logradouros": "Centro", "Bairro_rotas": "Centro", "Distrito": "1º", "Lote": "I", "Name_2": "Ponto 1267", "description_2": "Velocidade: 0km/h<br>01/07/2026 19:58:59", "layer": "TTI9B27", "path": "C:/KMLs/Estevao/01-07-2026/Coleta/Trajeto_TTI9B27.kml|layername=Trajeto|geometrytype=Point|uniqueGeometryType=yes", "Velocidade": 0.0, "Data": "2026-07-01", "hora": "19:58:59", "Rota": "ROTA 300 (NOITE) - Centro - Seg a Sab", "Turno": "Noite", "Dias_da_semana": [ "seg", "ter", "qua", "qui", "sex", "sab" ], "Hit_Rate": 50.0, "Status": "Baixo hit rate", "Bloco": "Seg_a_Sab" }, "geometry": { "type": "MultiLineString", "coordinates": [ [ [ 673128.940342515939847, 7479449.890552951954305 ], [ 673145.290673076873645, 7479524.833461450412869 ] ] ] } },
{ "type": "Feature", "properties": { "id": "Centro.4", "id_trecho": 987, "Name": "Avenida Winston Churchill", "description": null, "Extensao_m": 56.886470656503121, "Bairro_logradouros": "Centro", "Bairro_rotas": "Centro", "Distrito": "1º", "Lote": "I", "Name_2": "Ponto 1323", "description_2": "Velocidade: 4km/h<br>01/07/2026 20:29:12", "layer": "TTI9B27", "path": "C:/KMLs/Estevao/01-07-2026/Coleta/Trajeto_TTI9B27.kml|layername=Trajeto|geometrytype=Point|uniqueGeometryType=yes", "Velocidade": 4.0, "Data": "2026-07-01", "hora": "20:29:12", "Rota": "ROTA 300 (NOITE) - Centro - Seg a Sab", "Turno": "Noite", "Dias_da_semana": [ "seg", "ter", "qua", "qui", "sex", "sab" ], "Hit_Rate": 66.67, "Status": "Validado", "Bloco": "Seg_a_Sab" }, "geometry": { "type": "MultiLineString", "coordinates": [ [ [ 672799.224898266489618, 7479465.928045061416924 ], [ 672829.189354614121839, 7479497.492565659806132 ], [ 672836.741312285186723, 7479508.516301712021232 ] ] ] } },
{ "type": "Feature", "properties": { "id": "Centro.3", "id_trecho": 980, "Name": "Avenida Nilo Peçanha", "description": null, "Extensao_m": 2.1863509150632208, "Bairro_logradouros": "Centro", "Bairro_rotas": "Centro", "Distrito": "1º", "Lote": "I", "Name_2": "Ponto 1520", "description_2": "Velocidade: 22km/h<br>01/07/2026 21:28:16", "layer": "TTI9B27", "path": "C:/KMLs/Estevao/01-07-2026/Coleta/Trajeto_TTI9B27.kml|layername=Trajeto|geometrytype=Point|uniqueGeometryType=yes", "Velocidade": 22.0, "Data": "2026-07-01", "hora": "21:28:16", "Rota": "ROTA 300 (NOITE) - Centro - Seg a Sab", "Turno": "Noite", "Dias_da_semana": [ "seg", "ter", "qua", "qui", "sex", "sab" ], "Hit_Rate": 33.33, "Status": "Baixo hit rate", "Bloco": "Seg_a_Sab" }, "geometry": { "type": "MultiLineString", "coordinates": [ [ [ 672582.695854314486496, 7479291.37811928242445 ], [ 672581.261965299840085, 7479289.727729495614767 ] ] ] } },
{ "type": "Feature", "properties": { "id": "Centenario.2", "id_trecho": 672, "Name": "Avenida Governador Leonel de Moura Brizola", "description": null, "Extensao_m": 7.0338952289876353, "Bairro_logradouros": "Centenario", "Bairro_rotas": "Centro", "Distrito": "1º", "Lote": "I", "Name_2": "Ponto 1685", "description_2": "Velocidade: 23km/h<br>01/07/2026 23:02:07", "layer": "TTI9B27", "path": "C:/KMLs/Estevao/01-07-2026/Coleta/Trajeto_TTI9B27.kml|layername=Trajeto|geometrytype=Point|uniqueGeometryType=yes", "Velocidade": 23.0, "Data": "2026-07-01", "hora": "23:02:07", "Rota": "ROTA 300 (NOITE) - Centro - Seg a Sab", "Turno": "Noite", "Dias_da_semana": [ "seg", "ter", "qua", "qui", "sex", "sab" ], "Hit_Rate": 16.67, "Status": "Baixo hit rate", "Bloco": "Seg_a_Sab" }, "geometry": { "type": "MultiLineString", "coordinates": [ [ [ 673667.385318101500161, 7479887.914857916533947 ], [ 673668.92959209473338, 7479894.776941482909024 ] ] ] } },
{ "type": "Feature", "properties": { "id": "Bar_dos_Cavalheiros.164", "id_trecho": 92, "Name": "Avenida Nilo Peçanha", "description": null, "Extensao_m": 76.677568308299001, "Bairro_logradouros": "Bar dos Cavalheiros", "Bairro_rotas": "Centro", "Distrito": "1º", "Lote": "I", "Name_2": "Ponto 1218", "description_2": "Velocidade: 0km/h<br>01/07/2026 21:39:21", "layer": "TTJ3E60", "path": "C:/KMLs/Estevao/01-07-2026/Coleta/Trajeto_TTJ3E60.kml|layername=Trajeto|geometrytype=Point|uniqueGeometryType=yes", "Velocidade": 0.0, "Data": "2026-07-01", "hora": "21:39:21", "Rota": "ROTA 300 (NOITE) - Centro - Seg a Sab", "Turno": "Noite", "Dias_da_semana": [ "seg", "ter", "qua", "qui", "sex", "sab" ], "Hit_Rate": 16.67, "Status": "Baixo hit rate", "Bloco": "Seg_a_Sab" }, "geometry": { "type": "MultiLineString", "coordinates": [ [ [ 671481.542331781936809, 7478229.237111937254667 ], [ 671437.521934883552603, 7478216.367654863744974 ], [ 671411.64697297103703, 7478207.30206433404237 ], [ 671408.449911163421348, 7478206.161020465195179 ] ] ] } },
{ "type": "Feature", "properties": { "id": "Centro.4", "id_trecho": 990, "Name": "Avenida Winston Churchill", "description": null, "Extensao_m": 126.87589336685632, "Bairro_logradouros": "Centro", "Bairro_rotas": "Centro", "Distrito": "1º", "Lote": "I", "Name_2": "Ponto 1573", "description_2": "Velocidade: 5km/h<br>01/07/2026 21:04:24", "layer": "TTM0I75", "path": "C:/KMLs/Estevao/01-07-2026/Coleta/Trajeto_TTM0I75.kml|layername=Trajeto|geometrytype=Point|uniqueGeometryType=yes", "Velocidade": 5.0, "Data": "2026-07-01", "hora": "21:04:24", "Rota": "ROTA 300 (NOITE) - Centro - Seg a Sab", "Turno": "Noite", "Dias_da_semana": [ "seg", "ter", "qua", "qui", "sex", "sab" ], "Hit_Rate": 100.0, "Status": "Validado", "Bloco": "Seg_a_Sab" }, "geometry": { "type": "MultiLineString", "coordinates": [ [ [ 672999.956831435905769, 7479847.738519303500652 ], [ 673109.61925219045952, 7479911.540398380719125 ] ] ] } },
{ "type": "Feature", "properties": { "id": "Bar_dos_Cavalheiros.164", "id_trecho": 120, "Name": "Avenida Nilo Peçanha", "description": null, "Extensao_m": 70.972212954958508, "Bairro_logradouros": "Bar dos Cavalheiros", "Bairro_rotas": "Centro", "Distrito": "1º", "Lote": "I", "Name_2": "Ponto 598", "description_2": "Velocidade: 8km/h<br>01/07/2026 18:38:13", "layer": "TTM5J19", "path": "C:/KMLs/Estevao/01-07-2026/Coleta/Trajeto_TTM5J19.kml|layername=Trajeto|geometrytype=Point|uniqueGeometryType=yes", "Velocidade": 8.0, "Data": "2026-07-01", "hora": "18:38:13", "Rota": "ROTA 300 (NOITE) - Centro - Seg a Sab", "Turno": "Noite", "Dias_da_semana": [ "seg", "ter", "qua", "qui", "sex", "sab" ], "Hit_Rate": 100.0, "Status": "Validado", "Bloco": "Seg_a_Sab" }, "geometry": { "type": "MultiLineString", "coordinates": [ [ [ 672151.682792934589088, 7479183.531936539337039 ], [ 672182.28463722160086, 7479192.697850350290537 ], [ 672218.722304698778316, 7479206.670262647792697 ] ] ] } },
{ "type": "Feature", "properties": { "id": "Centro.87", "id_trecho": 1346, "Name": "Rua Tabelião Silmar Silva", "description": null, "Extensao_m": 256.38411709291279, "Bairro_logradouros": "Centro", "Bairro_rotas": "Centro", "Distrito": "1º", "Lote": "I", "Name_2": "Ponto 898", "description_2": "Velocidade: 22km/h<br>01/07/2026 20:44:13", "layer": "TTM5J19", "path": "C:/KMLs/Estevao/01-07-2026/Coleta/Trajeto_TTM5J19.kml|layername=Trajeto|geometrytype=Point|uniqueGeometryType=yes", "Velocidade": 22.0, "Data": "2026-07-01", "hora": "20:44:13", "Rota": "ROTA 300 (NOITE) - Centro - Seg a Sab", "Turno": "Noite", "Dias_da_semana": [ "seg", "ter", "qua", "qui", "sex", "sab" ], "Hit_Rate": 100.0, "Status": "Validado", "Bloco": "Seg_a_Sab" }, "geometry": { "type": "MultiLineString", "coordinates": [ [ [ 673244.953901389730163, 7478377.895314884372056 ], [ 673242.20274110022001, 7478378.85697871260345 ], [ 673240.087997763650492, 7478379.800302876159549 ], [ 673238.672789253410883, 7478380.857461299747229 ], [ 673237.599545994424261, 7478382.187578905373812 ], [ 673236.258451213827357, 7478384.340267634019256 ], [ 673234.863717821775936, 7478387.191262628883123 ], [ 673234.714012636803091, 7478387.569504799321294 ], [ 673233.885121373925358, 7478389.616676084697247 ], [ 673209.068383678095415, 7478464.420293091796339 ], [ 673205.302746857749298, 7478474.563218805938959 ], [ 673189.29321588226594, 7478517.6374771296978 ], [ 673153.520772145013325, 7478615.036132233217359 ] ] ] } },
{ "type": "Feature", "properties": { "id": "Centro.132", "id_trecho": 923, "Name": "Avenida Governador Leonel de Moura Brizola", "description": null, "Extensao_m": 142.99450954384619, "Bairro_logradouros": "Centro", "Bairro_rotas": "Centro", "Distrito": "1º", "Lote": "I", "Name_2": "Ponto 908", "description_2": "Velocidade: 32km/h<br>01/07/2026 20:45:36", "layer": "TTM5J19", "path": "C:/KMLs/Estevao/01-07-2026/Coleta/Trajeto_TTM5J19.kml|layername=Trajeto|geometrytype=Point|uniqueGeometryType=yes", "Velocidade": 32.0, "Data": "2026-07-01", "hora": "20:45:36", "Rota": "ROTA 300 (NOITE) - Centro - Seg a Sab", "Turno": "Noite", "Dias_da_semana": [ "seg", "ter", "qua", "qui", "sex", "sab" ], "Hit_Rate": 44.44, "Status": "Baixo hit rate", "Bloco": "Seg_a_Sab" }, "geometry": { "type": "MultiLineString", "coordinates": [ [ [ 673552.950229305191897, 7478520.870184957049787 ], [ 673557.896479016402736, 7478510.724730879068375 ], [ 673580.999978468404151, 7478462.230949271470308 ], [ 673605.723676060442813, 7478418.048726934939623 ], [ 673620.956538390368223, 7478401.4398686690256 ], [ 673623.911266031675041, 7478397.629651239141822 ] ] ] } },
{ "type": "Feature", "properties": { "id": "Centro.135", "id_trecho": 1152, "Name": "Rua Fausto Cardoso", "description": null, "Extensao_m": 55.807068360003264, "Bairro_logradouros": "Centro", "Bairro_rotas": "Centro", "Distrito": "1º", "Lote": "I", "Name_2": "Ponto 999", "description_2": "Velocidade: 7km/h<br>01/07/2026 21:23:56", "layer": "TTM5J19", "path": "C:/KMLs/Estevao/01-07-2026/Coleta/Trajeto_TTM5J19.kml|layername=Trajeto|geometrytype=Point|uniqueGeometryType=yes", "Velocidade": 7.0, "Data": "2026-07-01", "hora": "21:23:56", "Rota": "ROTA 300 (NOITE) - Centro - Seg a Sab", "Turno": "Noite", "Dias_da_semana": [ "seg", "ter", "qua", "qui", "sex", "sab" ], "Hit_Rate": 94.44, "Status": "Validado", "Bloco": "Seg_a_Sab" }, "geometry": { "type": "MultiLineString", "coordinates": [ [ [ 673129.192949460470118, 7478665.259645909070969 ], [ 673153.520772145013325, 7478615.036132233217359 ] ] ] } },
{ "type": "Feature", "properties": { "id": "Bar_dos_Cavalheiros.164", "id_trecho": 111, "Name": "Avenida Nilo Peçanha", "description": null, "Extensao_m": 77.08959762929382, "Bairro_logradouros": "Bar dos Cavalheiros", "Bairro_rotas": "Centro", "Distrito": "1º", "Lote": "I", "Name_2": "Ponto 1276", "description_2": "Velocidade: 10km/h<br>01/07/2026 20:39:07", "layer": "TTS0J06", "path": "C:/KMLs/Estevao/01-07-2026/Coleta/Trajeto_TTS0J06.kml|layername=Trajeto|geometrytype=Point|uniqueGeometryType=yes", "Velocidade": 10.0, "Data": "2026-07-01", "hora": "20:39:07", "Rota": "ROTA 300 (NOITE) - Centro - Seg a Sab", "Turno": "Noite", "Dias_da_semana": [ "seg", "ter", "qua", "qui", "sex", "sab" ], "Hit_Rate": 94.44, "Status": "Validado", "Bloco": "Seg_a_Sab" }, "geometry": { "type": "MultiLineString", "coordinates": [ [ [ 671736.051103837555274, 7478976.717788239941001 ], [ 671728.926559491315857, 7478975.967804203741252 ], [ 671723.847805222147144, 7478973.611032941378653 ], [ 671719.566509739612229, 7478970.946230094879866 ], [ 671715.200308638624847, 7478964.406339994631708 ], [ 671711.945834647514857, 7478955.384278371930122 ], [ 671720.603254060028121, 7478944.588459382764995 ], [ 671723.675123183988035, 7478942.006593534722924 ], [ 671724.826788788661361, 7478940.332402635365725 ], [ 671728.649902536300942, 7478936.080874319188297 ], [ 671730.699304074863903, 7478932.070898922160268 ], [ 671732.869115436216816, 7478920.551104008220136 ] ] ] } },
{ "type": "Feature", "properties": { "id": "Bar_dos_Cavalheiros.164", "id_trecho": 113, "Name": "Avenida Nilo Peçanha", "description": null, "Extensao_m": 29.54673925175031, "Bairro_logradouros": "Bar dos Cavalheiros", "Bairro_rotas": "Centro", "Distrito": "1º", "Lote": "I", "Name_2": "Ponto 1277", "description_2": "Velocidade: 19km/h<br>01/07/2026 20:39:21", "layer": "TTS0J06", "path": "C:/KMLs/Estevao/01-07-2026/Coleta/Trajeto_TTS0J06.kml|layername=Trajeto|geometrytype=Point|uniqueGeometryType=yes", "Velocidade": 19.0, "Data": "2026-07-01", "hora": "20:39:21", "Rota": "ROTA 300 (NOITE) - Centro - Seg a Sab", "Turno": "Noite", "Dias_da_semana": [ "seg", "ter", "qua", "qui", "sex", "sab" ], "Hit_Rate": 33.33, "Status": "Baixo hit rate", "Bloco": "Seg_a_Sab" }, "geometry": { "type": "MultiLineString", "coordinates": [ [ [ 671765.145104168332182, 7478971.571250198408961 ], [ 671736.051103837555274, 7478976.717788239941001 ] ] ] } },
{ "type": "Feature", "properties": { "id": "Centro.132", "id_trecho": 955, "Name": "Avenida Governador Leonel de Moura Brizola", "description": null, "Extensao_m": 114.55547484513275, "Bairro_logradouros": "Centro", "Bairro_rotas": "Centro", "Distrito": "1º", "Lote": "I", "Name_2": "Ponto 1453", "description_2": "Velocidade: 18km/h<br>01/07/2026 22:02:50", "layer": "TTS0J06", "path": "C:/KMLs/Estevao/01-07-2026/Coleta/Trajeto_TTS0J06.kml|layername=Trajeto|geometrytype=Point|uniqueGeometryType=yes", "Velocidade": 18.0, "Data": "2026-07-01", "hora": "22:02:50", "Rota": "ROTA 300 (NOITE) - Centro - Seg a Sab", "Turno": "Noite", "Dias_da_semana": [ "seg", "ter", "qua", "qui", "sex", "sab" ], "Hit_Rate": 88.89, "Status": "Validado", "Bloco": "Seg_a_Sab" }, "geometry": { "type": "MultiLineString", "coordinates": [ [ [ 673946.531446804408915, 7477980.455912780016661 ], [ 673951.061175754992291, 7477973.427015626803041 ], [ 673954.127157620270737, 7477970.379588318988681 ], [ 673957.472636999329552, 7477968.425337132066488 ], [ 673963.938285191426985, 7477967.254830943420529 ], [ 673969.519262181594968, 7477967.733499171212316 ], [ 673972.712855885736644, 7477970.443374341353774 ], [ 673973.780758677516133, 7477973.133322492241859 ], [ 673974.554569844854996, 7477980.621925661340356 ], [ 673974.373858324834146, 7477989.040660875849426 ], [ 673971.707827330566943, 7478009.060802076011896 ], [ 673969.957449945388362, 7478023.865402675233781 ], [ 673969.165773471817374, 7478051.538719916716218 ] ] ] } },
{ "type": "Feature", "properties": { "id": "Centro.151", "id_trecho": 1275, "Name": "Rua Piratini", "description": null, "Extensao_m": 35.765309284461139, "Bairro_logradouros": "Centro", "Bairro_rotas": "Centro", "Distrito": "1º", "Lote": "I", "Name_2": "Ponto 1456", "description_2": "Velocidade: 26km/h<br>01/07/2026 22:04:23", "layer": "TTS0J06", "path": "C:/KMLs/Estevao/01-07-2026/Coleta/Trajeto_TTS0J06.kml|layername=Trajeto|geometrytype=Point|uniqueGeometryType=yes", "Velocidade": 26.0, "Data": "2026-07-01", "hora": "22:04:23", "Rota": "ROTA 300 (NOITE) - Centro - Seg a Sab", "Turno": "Noite", "Dias_da_semana": [ "seg", "ter", "qua", "qui", "sex", "sab" ], "Hit_Rate": 55.56, "Status": "Baixo hit rate", "Bloco": "Seg_a_Sab" }, "geometry": { "type": "MultiLineString", "coordinates": [ [ [ 673576.506082264822908, 7478562.207809832878411 ], [ 673572.030502016306855, 7478556.943219609558582 ], [ 673565.546227363753133, 7478544.835392189212143 ], [ 673559.616398776881397, 7478530.927149117924273 ] ] ] } },
{ "type": "Feature", "properties": { "id": "Centro.120", "id_trecho": 893, "Name": "Avenida Doutor Plínio Casado", "description": null, "Extensao_m": 82.921289539784027, "Bairro_logradouros": "Centro", "Bairro_rotas": "Centro", "Distrito": "1º", "Lote": "I", "Name_2": "Ponto 1457", "description_2": "Velocidade: 19km/h<br>01/07/2026 22:05:23", "layer": "TTS0J06", "path": "C:/KMLs/Estevao/01-07-2026/Coleta/Trajeto_TTS0J06.kml|layername=Trajeto|geometrytype=Point|uniqueGeometryType=yes", "Velocidade": 19.0, "Data": "2026-07-01", "hora": "22:05:23", "Rota": "ROTA 300 (NOITE) - Centro - Seg a Sab", "Turno": "Noite", "Dias_da_semana": [ "seg", "ter", "qua", "qui", "sex", "sab" ], "Hit_Rate": 94.44, "Status": "Validado", "Bloco": "Seg_a_Sab" }, "geometry": { "type": "MultiLineString", "coordinates": [ [ [ 673502.008813700056635, 7479045.476748000830412 ], [ 673513.096401849528775, 7479099.161103932186961 ], [ 673518.361402770038694, 7479126.765070668421686 ] ] ] } },
{ "type": "Feature", "properties": { "id": "Gramacho.230", "id_trecho": 1975, "Name": "Avenida Governador Leonel de Moura Brizola", "description": null, "Extensao_m": 352.20358504004031, "Bairro_logradouros": "Gramacho", "Bairro_rotas": "Centro", "Distrito": "1º", "Lote": "I", "Name_2": "Ponto 1463", "description_2": "Velocidade: 49km/h<br>01/07/2026 22:11:23", "layer": "TTS0J06", "path": "C:/KMLs/Estevao/01-07-2026/Coleta/Trajeto_TTS0J06.kml|layername=Trajeto|geometrytype=Point|uniqueGeometryType=yes", "Velocidade": 49.0, "Data": "2026-07-01", "hora": "22:11:23", "Rota": "ROTA 300 (NOITE) - Centro - Seg a Sab", "Turno": "Noite", "Dias_da_semana": [ "seg", "ter", "qua", "qui", "sex", "sab" ], "Hit_Rate": 66.67, "Status": "Validado", "Bloco": "Seg_a_Sab" }, "geometry": { "type": "MultiLineString", "coordinates": [ [ [ 674155.81121771177277, 7482753.605641935020685 ], [ 674173.108787592849694, 7482724.093305315822363 ], [ 674187.456738393288106, 7482701.602746250107884 ], [ 674201.257059514289722, 7482680.624576781876385 ], [ 674222.889762785052881, 7482644.916148646734655 ], [ 674248.436961800325662, 7482602.152655430138111 ], [ 674274.768145353300497, 7482556.113138716667891 ], [ 674284.342455564066768, 7482538.339545572176576 ], [ 674291.163694498711266, 7482519.634020680561662 ], [ 674296.354879476130009, 7482504.778959782794118 ], [ 674302.164289391599596, 7482482.928789101541042 ], [ 674304.644373642862774, 7482458.259558023884892 ], [ 674304.362009612494148, 7482439.901246517896652 ] ] ] } },
{ "type": "Feature", "properties": { "id": "Centro.3", "id_trecho": 969, "Name": "Avenida Nilo Peçanha", "description": null, "Extensao_m": 101.99588817314707, "Bairro_logradouros": "Centro", "Bairro_rotas": "Centro", "Distrito": "1º", "Lote": "I", "Name_2": "Ponto 1103", "description_2": "Velocidade: 4km/h<br>01/07/2026 18:25:15", "layer": "TTW7E72", "path": "C:/KMLs/Estevao/01-07-2026/Coleta/Trajeto_TTW7E72.kml|layername=Trajeto|geometrytype=Point|uniqueGeometryType=yes", "Velocidade": 4.0, "Data": "2026-07-01", "hora": "18:25:15", "Rota": "ROTA 300 (NOITE) - Centro - Seg a Sab", "Turno": "Noite", "Dias_da_semana": [ "seg", "ter", "qua", "qui", "sex", "sab" ], "Hit_Rate": 100.0, "Status": "Validado", "Bloco": "Seg_a_Sab" }, "geometry": { "type": "MultiLineString", "coordinates": [ [ [ 672771.647496968740597, 7479247.964019177481532 ], [ 672778.844051735242829, 7479244.194323034025729 ], [ 672860.906270523788407, 7479198.618993422016501 ] ] ] } },
{ "type": "Feature", "properties": { "id": "Centro.3", "id_trecho": 970, "Name": "Avenida Nilo Peçanha", "description": null, "Extensao_m": 48.413028956337278, "Bairro_logradouros": "Centro", "Bairro_rotas": "Centro", "Distrito": "1º", "Lote": "I", "Name_2": "Ponto 1104", "description_2": "Velocidade: 8km/h<br>01/07/2026 18:25:29", "layer": "TTW7E72", "path": "C:/KMLs/Estevao/01-07-2026/Coleta/Trajeto_TTW7E72.kml|layername=Trajeto|geometrytype=Point|uniqueGeometryType=yes", "Velocidade": 8.0, "Data": "2026-07-01", "hora": "18:25:29", "Rota": "ROTA 300 (NOITE) - Centro - Seg a Sab", "Turno": "Noite", "Dias_da_semana": [ "seg", "ter", "qua", "qui", "sex", "sab" ], "Hit_Rate": 94.44, "Status": "Validado", "Bloco": "Seg_a_Sab" }, "geometry": { "type": "MultiLineString", "coordinates": [ [ [ 672860.906270523788407, 7479198.618993422016501 ], [ 672903.757741436245851, 7479176.092815263196826 ] ] ] } },
{ "type": "Feature", "properties": { "id": "Centro.3", "id_trecho": 974, "Name": "Avenida Nilo Peçanha", "description": null, "Extensao_m": 56.160965791115942, "Bairro_logradouros": "Centro", "Bairro_rotas": "Centro", "Distrito": "1º", "Lote": "I", "Name_2": "Ponto 1118", "description_2": "Velocidade: 0km/h<br>01/07/2026 18:34:15", "layer": "TTW7E72", "path": "C:/KMLs/Estevao/01-07-2026/Coleta/Trajeto_TTW7E72.kml|layername=Trajeto|geometrytype=Point|uniqueGeometryType=yes", "Velocidade": 0.0, "Data": "2026-07-01", "hora": "18:34:15", "Rota": "ROTA 300 (NOITE) - Centro - Seg a Sab", "Turno": "Noite", "Dias_da_semana": [ "seg", "ter", "qua", "qui", "sex", "sab" ], "Hit_Rate": 94.44, "Status": "Validado", "Bloco": "Seg_a_Sab" }, "geometry": { "type": "MultiLineString", "coordinates": [ [ [ 673051.497690133051947, 7479101.694417408667505 ], [ 673082.489908357849345, 7479090.111574228852987 ], [ 673104.445521513000131, 7479083.017206005752087 ] ] ] } },
{ "type": "Feature", "properties": { "id": "Gramacho.230", "id_trecho": 1967, "Name": "Avenida Governador Leonel de Moura Brizola", "description": null, "Extensao_m": 45.863763604298043, "Bairro_logradouros": "Gramacho", "Bairro_rotas": "Centro", "Distrito": "1º", "Lote": "I", "Name_2": "Ponto 1344", "description_2": "Velocidade: 0km/h<br>01/07/2026 18:19:51", "layer": "TUA3H22", "path": "C:/KMLs/Estevao/01-07-2026/Coleta/Trajeto_TUA3H22.kml|layername=Trajeto|geometrytype=Point|uniqueGeometryType=yes", "Velocidade": 0.0, "Data": "2026-07-01", "hora": "18:19:51", "Rota": "ROTA 300 (NOITE) - Centro - Seg a Sab", "Turno": "Noite", "Dias_da_semana": [ "seg", "ter", "qua", "qui", "sex", "sab" ], "Hit_Rate": 27.78, "Status": "Baixo hit rate", "Bloco": "Seg_a_Sab" }, "geometry": { "type": "MultiLineString", "coordinates": [ [ [ 674024.214962105965242, 7482929.347299499437213 ], [ 674029.361896980204619, 7482922.256095051765442 ], [ 674034.352232692064717, 7482916.739258957095444 ], [ 674040.284858952974901, 7482911.887180953286588 ], [ 674048.687211696524173, 7482906.541704975068569 ], [ 674059.504005329450592, 7482901.257184309884906 ] ] ] } },
{ "type": "Feature", "properties": { "id": "Centro.4", "id_trecho": 991, "Name": "Avenida Winston Churchill", "description": null, "Extensao_m": 19.900919712632337, "Bairro_logradouros": "Centro", "Bairro_rotas": "Centro", "Distrito": "1º", "Lote": "I", "Name_2": "Ponto 1485", "description_2": "Velocidade: 5km/h<br>01/07/2026 17:39:34", "layer": "TUN3B98", "path": "C:/KMLs/Estevao/01-07-2026/Coleta/Trajeto_TUN3B98.kml|layername=Trajeto|geometrytype=Point|uniqueGeometryType=yes", "Velocidade": 5.0, "Data": "2026-07-01", "hora": "17:39:34", "Rota": "ROTA 300 (NOITE) - Centro - Seg a Sab", "Turno": "Noite", "Dias_da_semana": [ "seg", "ter", "qua", "qui", "sex", "sab" ], "Hit_Rate": 77.78, "Status": "Validado", "Bloco": "Seg_a_Sab" }, "geometry": { "type": "MultiLineString", "coordinates": [ [ [ 673109.61925219045952, 7479911.540398380719125 ], [ 673124.717209481983446, 7479924.504762439057231 ] ] ] } },
{ "type": "Feature", "properties": { "id": "Gramacho.230", "id_trecho": 1985, "Name": "Avenida Governador Leonel de Moura Brizola", "description": null, "Extensao_m": 114.4191414701744, "Bairro_logradouros": "Gramacho", "Bairro_rotas": "Centro", "Distrito": "1º", "Lote": "I", "Name_2": "Ponto 2447", "description_2": "Velocidade: 26km/h<br>02/07/2026 00:53:33", "layer": "TUS0I00", "path": "C:/KMLs/Estevao/01-07-2026/Coleta/Trajeto_TUS0I00.kml|layername=Trajeto|geometrytype=Point|uniqueGeometryType=yes", "Velocidade": 26.0, "Data": "2026-07-02", "hora": "00:53:33", "Rota": "ROTA 300 (NOITE) - Centro - Seg a Sab", "Turno": "Noite", "Dias_da_semana": [ "seg", "ter", "qua", "qui", "sex", "sab" ], "Hit_Rate": 11.11, "Status": "Baixo hit rate", "Bloco": "Seg_a_Sab" }, "geometry": { "type": "MultiLineString", "coordinates": [ [ [ 674238.666249136906117, 7482278.357264753431082 ], [ 674238.332899127271958, 7482275.260220987722278 ], [ 674221.869483344838955, 7482238.581839200109243 ], [ 674202.05101435969118, 7482195.928428537212312 ], [ 674192.155378810828552, 7482173.992461826652288 ] ] ] } },
{ "type": "Feature", "properties": { "id": "Gramacho.230", "id_trecho": 1977, "Name": "Avenida Governador Leonel de Moura Brizola", "description": null, "Extensao_m": 258.99596527990479, "Bairro_logradouros": "Gramacho", "Bairro_rotas": "Centro", "Distrito": "1º", "Lote": "I", "Name_2": "Ponto 2448", "description_2": "Velocidade: 13km/h<br>02/07/2026 00:53:52", "layer": "TUS0I00", "path": "C:/KMLs/Estevao/01-07-2026/Coleta/Trajeto_TUS0I00.kml|layername=Trajeto|geometrytype=Point|uniqueGeometryType=yes", "Velocidade": 13.0, "Data": "2026-07-02", "hora": "00:53:52", "Rota": "ROTA 300 (NOITE) - Centro - Seg a Sab", "Turno": "Noite", "Dias_da_semana": [ "seg", "ter", "qua", "qui", "sex", "sab" ], "Hit_Rate": 61.11, "Status": "Baixo hit rate", "Bloco": "Seg_a_Sab" }, "geometry": { "type": "MultiLineString", "coordinates": [ [ [ 674182.498292958363891, 7482122.956792952492833 ], [ 674182.511699663591571, 7482122.949780747294426 ], [ 674158.474339054315351, 7482071.51828086655587 ], [ 674141.392987821716815, 7482035.555683312937617 ], [ 674118.399950332706794, 7481988.29833790846169 ], [ 674106.834699655068107, 7481964.044732616283 ], [ 674095.032502135611139, 7481932.551103809848428 ], [ 674080.800798615440726, 7481885.315188109874725 ] ] ] } },
{ "type": "Feature", "properties": { "id": "Gramacho.230", "id_trecho": 1982, "Name": "Avenida Governador Leonel de Moura Brizola", "description": null, "Extensao_m": 78.800830953584224, "Bairro_logradouros": "Gramacho", "Bairro_rotas": "Centro", "Distrito": "1º", "Lote": "I", "Name_2": "Ponto 1092", "description_2": "Velocidade: 12km/h<br>01/07/2026 22:08:38", "layer": "TTF6F97", "path": "C:/KMLs/Estevao/01-07-2026/Coleta/Trajeto_TTF6F97.kml|layername=Trajeto|geometrytype=Point|uniqueGeometryType=yes", "Velocidade": 12.0, "Data": "2026-07-01", "hora": "22:08:38", "Rota": "ROTA 300 (NOITE) - Centro - Seg a Sab", "Turno": "Noite", "Dias_da_semana": [ "seg", "ter", "qua", "qui", "sex", "sab" ], "Hit_Rate": 72.22, "Status": "Validado", "Bloco": "Seg_a_Sab" }, "geometry": { "type": "MultiLineString", "coordinates": [ [ [ 674160.858037834172137, 7482045.598758095875382 ], [ 674193.12045480881352, 7482117.490305410698056 ] ] ] } },
{ "type": "Feature", "properties": { "id": "Gramacho.230", "id_trecho": 1970, "Name": "Avenida Governador Leonel de Moura Brizola", "description": null, "Extensao_m": 138.61316734595255, "Bairro_logradouros": "Gramacho", "Bairro_rotas": "Centro", "Distrito": "1º", "Lote": "I", "Name_2": "Ponto 1094", "description_2": "Velocidade: 22km/h<br>01/07/2026 22:10:38", "layer": "TTF6F97", "path": "C:/KMLs/Estevao/01-07-2026/Coleta/Trajeto_TTF6F97.kml|layername=Trajeto|geometrytype=Point|uniqueGeometryType=yes", "Velocidade": 22.0, "Data": "2026-07-01", "hora": "22:10:38", "Rota": "ROTA 300 (NOITE) - Centro - Seg a Sab", "Turno": "Noite", "Dias_da_semana": [ "seg", "ter", "qua", "qui", "sex", "sab" ], "Hit_Rate": 100.0, "Status": "Validado", "Bloco": "Seg_a_Sab" }, "geometry": { "type": "MultiLineString", "coordinates": [ [ [ 674066.480842995224521, 7482931.997651502490044 ], [ 674064.920560506288894, 7482934.773060645908117 ], [ 674055.730400573345833, 7482951.157759830355644 ], [ 674030.623506855918095, 7482992.110644243657589 ], [ 674023.544108270201832, 7483003.565161908045411 ], [ 674007.390846155933104, 7483029.010914949700236 ], [ 673996.554942371323705, 7483046.101016239263117 ], [ 673994.455712737049907, 7483050.375112390145659 ] ] ] } },
{ "type": "Feature", "properties": { "id": "Centenario.2", "id_trecho": 677, "Name": "Avenida Governador Leonel de Moura Brizola", "description": null, "Extensao_m": 189.52780030696209, "Bairro_logradouros": "Centenario", "Bairro_rotas": "Centro", "Distrito": "1º", "Lote": "I", "Name_2": "Ponto 937", "description_2": "Velocidade: 43km/h<br>01/07/2026 18:41:29", "layer": "TTF7G57", "path": "C:/KMLs/Estevao/01-07-2026/Coleta/Trajeto_TTF7G57.kml|layername=Trajeto|geometrytype=Point|uniqueGeometryType=yes", "Velocidade": 43.0, "Data": "2026-07-01", "hora": "18:41:29", "Rota": "ROTA 300 (NOITE) - Centro - Seg a Sab", "Turno": "Noite", "Dias_da_semana": [ "seg", "ter", "qua", "qui", "sex", "sab" ], "Hit_Rate": 27.78, "Status": "Baixo hit rate", "Bloco": "Seg_a_Sab" }, "geometry": { "type": "MultiLineString", "coordinates": [ [ [ 673894.074992964160629, 7481102.04854038823396 ], [ 673887.750405775848776, 7481067.202984815463424 ], [ 673860.145341236959212, 7480915.587654916569591 ] ] ] } },
{ "type": "Feature", "properties": { "id": "Gramacho.230", "id_trecho": 1981, "Name": "Avenida Governador Leonel de Moura Brizola", "description": null, "Extensao_m": 330.07600932219884, "Bairro_logradouros": "Gramacho", "Bairro_rotas": "Centro", "Distrito": "1º", "Lote": "I", "Name_2": "Ponto 939", "description_2": "Velocidade: 28km/h<br>01/07/2026 18:43:29", "layer": "TTF7G57", "path": "C:/KMLs/Estevao/01-07-2026/Coleta/Trajeto_TTF7G57.kml|layername=Trajeto|geometrytype=Point|uniqueGeometryType=yes", "Velocidade": 28.0, "Data": "2026-07-01", "hora": "18:43:29", "Rota": "ROTA 300 (NOITE) - Centro - Seg a Sab", "Turno": "Noite", "Dias_da_semana": [ "seg", "ter", "qua", "qui", "sex", "sab" ], "Hit_Rate": 66.67, "Status": "Validado", "Bloco": "Seg_a_Sab" }, "geometry": { "type": "MultiLineString", "coordinates": [ [ [ 674053.372920242720284, 7481734.163194904103875 ], [ 674076.920851958217099, 7481818.259155823849142 ], [ 674097.538020440842956, 7481886.773597367107868 ], [ 674110.826881585060619, 7481928.804205574095249 ], [ 674120.778711457853206, 7481955.667724861763418 ], [ 674131.388934439746663, 7481979.93226127140224 ], [ 674160.858037834172137, 7482045.598758095875382 ] ] ] } },
{ "type": "Feature", "properties": { "id": "Centro.151", "id_trecho": 1277, "Name": "Rua Piratini", "description": null, "Extensao_m": 71.481115080112858, "Bairro_logradouros": "Centro", "Bairro_rotas": "Centro", "Distrito": "1º", "Lote": "I", "Name_2": "Ponto 707", "description_2": "Velocidade: 14km/h<br>01/07/2026 18:53:38", "layer": "TTG4B66", "path": "C:/KMLs/Estevao/01-07-2026/Coleta/Trajeto_TTG4B66.kml|layername=Trajeto|geometrytype=Point|uniqueGeometryType=yes", "Velocidade": 14.0, "Data": "2026-07-01", "hora": "18:53:38", "Rota": "ROTA 300 (NOITE) - Centro - Seg a Sab", "Turno": "Noite", "Dias_da_semana": [ "seg", "ter", "qua", "qui", "sex", "sab" ], "Hit_Rate": 94.44, "Status": "Validado", "Bloco": "Seg_a_Sab" }, "geometry": { "type": "MultiLineString", "coordinates": [ [ [ 673552.950229305191897, 7478520.870184957049787 ], [ 673488.321736179990694, 7478490.334608344361186 ] ] ] } },
{ "type": "Feature", "properties": { "id": "Centro.137", "id_trecho": 1196, "Name": "Rua José de Alvarenga", "description": null, "Extensao_m": 226.51284438988816, "Bairro_logradouros": "Centro", "Bairro_rotas": "Centro", "Distrito": "1º", "Lote": "I", "Name_2": "Ponto 736", "description_2": "Velocidade: 12km/h<br>01/07/2026 19:08:44", "layer": "TTG4B66", "path": "C:/KMLs/Estevao/01-07-2026/Coleta/Trajeto_TTG4B66.kml|layername=Trajeto|geometrytype=Point|uniqueGeometryType=yes", "Velocidade": 12.0, "Data": "2026-07-01", "hora": "19:08:44", "Rota": "ROTA 300 (NOITE) - Centro - Seg a Sab", "Turno": "Noite", "Dias_da_semana": [ "seg", "ter", "qua", "qui", "sex", "sab" ], "Hit_Rate": 100.0, "Status": "Validado", "Bloco": "Seg_a_Sab" }, "geometry": { "type": "MultiLineString", "coordinates": [ [ [ 673352.822776553221047, 7478456.256134020164609 ], [ 673350.792571931146085, 7478467.298465736210346 ], [ 673344.865090482169762, 7478499.42688874155283 ], [ 673327.809209061320871, 7478662.151232214644551 ], [ 673327.813029338140041, 7478666.082640352658927 ], [ 673328.19561664829962, 7478669.013017165474594 ], [ 673329.404245383571833, 7478672.343718104064465 ], [ 673330.957654641475528, 7478675.293948381207883 ], [ 673332.440484362537973, 7478677.458694159053266 ], [ 673334.085943287005648, 7478679.477614003233612 ] ] ] } },
{ "type": "Feature", "properties": { "id": "Centro.137", "id_trecho": 1197, "Name": "Rua José de Alvarenga", "description": null, "Extensao_m": 87.105037611017138, "Bairro_logradouros": "Centro", "Bairro_rotas": "Centro", "Distrito": "1º", "Lote": "I", "Name_2": "Ponto 744", "description_2": "Velocidade: 0km/h<br>01/07/2026 19:13:24", "layer": "TTG4B66", "path": "C:/KMLs/Estevao/01-07-2026/Coleta/Trajeto_TTG4B66.kml|layername=Trajeto|geometrytype=Point|uniqueGeometryType=yes", "Velocidade": 0.0, "Data": "2026-07-01", "hora": "19:13:24", "Rota": "ROTA 300 (NOITE) - Centro - Seg a Sab", "Turno": "Noite", "Dias_da_semana": [ "seg", "ter", "qua", "qui", "sex", "sab" ], "Hit_Rate": 61.11, "Status": "Baixo hit rate", "Bloco": "Seg_a_Sab" }, "geometry": { "type": "MultiLineString", "coordinates": [ [ [ 673334.085943287005648, 7478679.477614003233612 ], [ 673327.874462037347257, 7478685.849942499771714 ], [ 673322.183033459819853, 7478763.846265876665711 ] ] ] } },
{ "type": "Feature", "properties": { "id": "Centro.132", "id_trecho": 934, "Name": "Avenida Governador Leonel de Moura Brizola", "description": null, "Extensao_m": 79.863170829917067, "Bairro_logradouros": "Centro", "Bairro_rotas": "Centro", "Distrito": "1º", "Lote": "I", "Name_2": "Ponto 767", "description_2": "Velocidade: 0km/h<br>01/07/2026 19:25:24", "layer": "TTG4B66", "path": "C:/KMLs/Estevao/01-07-2026/Coleta/Trajeto_TTG4B66.kml|layername=Trajeto|geometrytype=Point|uniqueGeometryType=yes", "Velocidade": 0.0, "Data": "2026-07-01", "hora": "19:25:24", "Rota": "ROTA 300 (NOITE) - Centro - Seg a Sab", "Turno": "Noite", "Dias_da_semana": [ "seg", "ter", "qua", "qui", "sex", "sab" ], "Hit_Rate": 50.0, "Status": "Baixo hit rate", "Bloco": "Seg_a_Sab" }, "geometry": { "type": "MultiLineString", "coordinates": [ [ [ 673559.616398776881397, 7478530.927149117924273 ], [ 673556.685811569564976, 7478536.852308736182749 ], [ 673551.816611016402021, 7478547.450935933738947 ], [ 673526.48989207460545, 7478603.589341224171221 ] ] ] } },
{ "type": "Feature", "properties": { "id": "Centro.132", "id_trecho": 925, "Name": "Avenida Governador Leonel de Moura Brizola", "description": null, "Extensao_m": 380.38542850713947, "Bairro_logradouros": "Centro", "Bairro_rotas": "Centro", "Distrito": "1º", "Lote": "I", "Name_2": "Ponto 768", "description_2": "Velocidade: 44km/h<br>01/07/2026 19:26:24", "layer": "TTG4B66", "path": "C:/KMLs/Estevao/01-07-2026/Coleta/Trajeto_TTG4B66.kml|layername=Trajeto|geometrytype=Point|uniqueGeometryType=yes", "Velocidade": 44.0, "Data": "2026-07-01", "hora": "19:26:24", "Rota": "ROTA 300 (NOITE) - Centro - Seg a Sab", "Turno": "Noite", "Dias_da_semana": [ "seg", "ter", "qua", "qui", "sex", "sab" ], "Hit_Rate": 100.0, "Status": "Validado", "Bloco": "Seg_a_Sab" }, "geometry": { "type": "MultiLineString", "coordinates": [ [ [ 673684.970833358354867, 7478348.701397884637117 ], [ 673691.895630954764783, 7478343.671828590333462 ], [ 673738.915643505519256, 7478312.457144947722554 ], [ 673771.362377234268934, 7478294.466061300598085 ], [ 673809.018743413034827, 7478277.699884700588882 ], [ 673841.61468145949766, 7478264.679400565102696 ], [ 673871.449656212120317, 7478248.179843387566507 ], [ 673897.682656781980768, 7478227.391348831355572 ], [ 673900.825370892882347, 7478222.96981449984014 ], [ 673920.449705102946609, 7478195.368632195517421 ], [ 673928.914846097002737, 7478179.612197618931532 ], [ 673935.443524783593602, 7478157.953066565096378 ], [ 673938.065137034514919, 7478144.799672856926918 ], [ 673941.694430058239959, 7478117.437150416895747 ], [ 673943.604199082357809, 7478103.992900711484253 ] ] ] } },
{ "type": "Feature", "properties": { "id": "Centro.132", "id_trecho": 927, "Name": "Avenida Governador Leonel de Moura Brizola", "description": null, "Extensao_m": 227.61843162444336, "Bairro_logradouros": "Centro", "Bairro_rotas": "Centro", "Distrito": "1º", "Lote": "I", "Name_2": "Ponto 770", "description_2": "Velocidade: 40km/h<br>01/07/2026 19:27:24", "layer": "TTG4B66", "path": "C:/KMLs/Estevao/01-07-2026/Coleta/Trajeto_TTG4B66.kml|layername=Trajeto|geometrytype=Point|uniqueGeometryType=yes", "Velocidade": 40.0, "Data": "2026-07-01", "hora": "19:27:24", "Rota": "ROTA 300 (NOITE) - Centro - Seg a Sab", "Turno": "Noite", "Dias_da_semana": [ "seg", "ter", "qua", "qui", "sex", "sab" ], "Hit_Rate": 83.33, "Status": "Validado", "Bloco": "Seg_a_Sab" }, "geometry": { "type": "MultiLineString", "coordinates": [ [ [ 673969.165773471817374, 7478051.538719916716218 ], [ 673951.749214921845123, 7478141.829882280901074 ], [ 673940.897641205927357, 7478179.607749278657138 ], [ 673934.381482584867626, 7478199.672003027051687 ], [ 673914.984787222929299, 7478225.631562452763319 ], [ 673901.101517701288685, 7478239.899636473506689 ], [ 673884.338596483226866, 7478255.562860270962119 ] ] ] } },
{ "type": "Feature", "properties": { "id": "Centro.72", "id_trecho": 1117, "Name": "Rua da República", "description": null, "Extensao_m": 154.57132585368728, "Bairro_logradouros": "Centro", "Bairro_rotas": "Centro", "Distrito": "1º", "Lote": "I", "Name_2": "Ponto 774", "description_2": "Velocidade: 15km/h<br>01/07/2026 19:28:51", "layer": "TTG4B66", "path": "C:/KMLs/Estevao/01-07-2026/Coleta/Trajeto_TTG4B66.kml|layername=Trajeto|geometrytype=Point|uniqueGeometryType=yes", "Velocidade": 15.0, "Data": "2026-07-01", "hora": "19:28:51", "Rota": "ROTA 300 (NOITE) - Centro - Seg a Sab", "Turno": "Noite", "Dias_da_semana": [ "seg", "ter", "qua", "qui", "sex", "sab" ], "Hit_Rate": 83.33, "Status": "Validado", "Bloco": "Seg_a_Sab" }, "geometry": { "type": "MultiLineString", "coordinates": [ [ [ 673908.738092141458765, 7478423.339547792449594 ], [ 673901.74545387388207, 7478412.588765719905496 ], [ 673842.743109333328903, 7478321.9550985051319 ], [ 673824.46125186199788, 7478293.769372440874577 ] ] ] } },
{ "type": "Feature", "properties": { "id": "Centro.132", "id_trecho": 930, "Name": "Avenida Governador Leonel de Moura Brizola", "description": null, "Extensao_m": 71.496412521263679, "Bairro_logradouros": "Centro", "Bairro_rotas": "Centro", "Distrito": "1º", "Lote": "I", "Name_2": "Ponto 788", "description_2": "Velocidade: 21km/h<br>01/07/2026 19:34:24", "layer": "TTG4B66", "path": "C:/KMLs/Estevao/01-07-2026/Coleta/Trajeto_TTG4B66.kml|layername=Trajeto|geometrytype=Point|uniqueGeometryType=yes", "Velocidade": 21.0, "Data": "2026-07-01", "hora": "19:34:24", "Rota": "ROTA 300 (NOITE) - Centro - Seg a Sab", "Turno": "Noite", "Dias_da_semana": [ "seg", "ter", "qua", "qui", "sex", "sab" ], "Hit_Rate": 88.89, "Status": "Validado", "Bloco": "Seg_a_Sab" }, "geometry": { "type": "MultiLineString", "coordinates": [ [ [ 673758.449234491330571, 7478325.32361676171422 ], [ 673703.024734882987104, 7478353.40079159848392 ], [ 673694.925587560865097, 7478358.100495662540197 ] ] ] } },
{ "type": "Feature", "properties": { "id": "Centro.132", "id_trecho": 921, "Name": "Avenida Governador Leonel de Moura Brizola", "description": null, "Extensao_m": 118.6412610015491, "Bairro_logradouros": "Centro", "Bairro_rotas": "Centro", "Distrito": "1º", "Lote": "I", "Name_2": "Ponto 797", "description_2": "Velocidade: 16km/h<br>01/07/2026 19:39:24", "layer": "TTG4B66", "path": "C:/KMLs/Estevao/01-07-2026/Coleta/Trajeto_TTG4B66.kml|layername=Trajeto|geometrytype=Point|uniqueGeometryType=yes", "Velocidade": 16.0, "Data": "2026-07-01", "hora": "19:39:24", "Rota": "ROTA 300 (NOITE) - Centro - Seg a Sab", "Turno": "Noite", "Dias_da_semana": [ "seg", "ter", "qua", "qui", "sex", "sab" ], "Hit_Rate": 88.89, "Status": "Validado", "Bloco": "Seg_a_Sab" }, "geometry": { "type": "MultiLineString", "coordinates": [ [ [ 673452.076151508954354, 7478737.55562081374228 ], [ 673483.595017323619686, 7478669.718368543311954 ], [ 673502.220067492220551, 7478630.035886324010789 ] ] ] } },
{ "type": "Feature", "properties": { "id": "Centro.120", "id_trecho": 891, "Name": "Avenida Doutor Plínio Casado", "description": null, "Extensao_m": 40.743381726593093, "Bairro_logradouros": "Centro", "Bairro_rotas": "Centro", "Distrito": "1º", "Lote": "I", "Name_2": "Ponto 810", "description_2": "Velocidade: 0km/h<br>01/07/2026 19:46:02", "layer": "TTG4B66", "path": "C:/KMLs/Estevao/01-07-2026/Coleta/Trajeto_TTG4B66.kml|layername=Trajeto|geometrytype=Point|uniqueGeometryType=yes", "Velocidade": 0.0, "Data": "2026-07-01", "hora": "19:46:02", "Rota": "ROTA 300 (NOITE) - Centro - Seg a Sab", "Turno": "Noite", "Dias_da_semana": [ "seg", "ter", "qua", "qui", "sex", "sab" ], "Hit_Rate": 61.11, "Status": "Baixo hit rate", "Bloco": "Seg_a_Sab" }, "geometry": { "type": "MultiLineString", "coordinates": [ [ [ 673475.536248543765396, 7478934.048483334481716 ], [ 673485.383784111356363, 7478973.582716955803335 ] ] ] } },
{ "type": "Feature", "properties": { "id": "Centro.120", "id_trecho": 892, "Name": "Avenida Doutor Plínio Casado", "description": null, "Extensao_m": 73.793289915146062, "Bairro_logradouros": "Centro", "Bairro_rotas": "Centro", "Distrito": "1º", "Lote": "I", "Name_2": "Ponto 813", "description_2": "Velocidade: 14km/h<br>01/07/2026 19:47:24", "layer": "TTG4B66", "path": "C:/KMLs/Estevao/01-07-2026/Coleta/Trajeto_TTG4B66.kml|layername=Trajeto|geometrytype=Point|uniqueGeometryType=yes", "Velocidade": 14.0, "Data": "2026-07-01", "hora": "19:47:24", "Rota": "ROTA 300 (NOITE) - Centro - Seg a Sab", "Turno": "Noite", "Dias_da_semana": [ "seg", "ter", "qua", "qui", "sex", "sab" ], "Hit_Rate": 88.89, "Status": "Validado", "Bloco": "Seg_a_Sab" }, "geometry": { "type": "MultiLineString", "coordinates": [ [ [ 673485.383784111356363, 7478973.582716955803335 ], [ 673491.951623846194707, 7479001.980240698903799 ], [ 673502.008813700056635, 7479045.476748000830412 ] ] ] } },
{ "type": "Feature", "properties": { "id": "Centro.120", "id_trecho": 895, "Name": "Avenida Doutor Plínio Casado", "description": null, "Extensao_m": 182.99447815201802, "Bairro_logradouros": "Centro", "Bairro_rotas": "Centro", "Distrito": "1º", "Lote": "I", "Name_2": "Ponto 840", "description_2": "Velocidade: 0km/h<br>01/07/2026 20:00:18", "layer": "TTG4B66", "path": "C:/KMLs/Estevao/01-07-2026/Coleta/Trajeto_TTG4B66.kml|layername=Trajeto|geometrytype=Point|uniqueGeometryType=yes", "Velocidade": 0.0, "Data": "2026-07-01", "hora": "20:00:18", "Rota": "ROTA 300 (NOITE) - Centro - Seg a Sab", "Turno": "Noite", "Dias_da_semana": [ "seg", "ter", "qua", "qui", "sex", "sab" ], "Hit_Rate": 100.0, "Status": "Validado", "Bloco": "Seg_a_Sab" }, "geometry": { "type": "MultiLineString", "coordinates": [ [ [ 673547.020145745482296, 7479271.292173938825727 ], [ 673578.020866022678092, 7479437.398847371339798 ], [ 673579.082109876326285, 7479444.895237063989043 ], [ 673579.539916735840961, 7479448.112687546759844 ], [ 673579.986823225859553, 7479451.274890050292015 ] ] ] } },
{ "type": "Feature", "properties": { "id": "Centro.132", "id_trecho": 909, "Name": "Avenida Governador Leonel de Moura Brizola", "description": null, "Extensao_m": 115.57084093296569, "Bairro_logradouros": "Centro", "Bairro_rotas": "Centro", "Distrito": "1º", "Lote": "I", "Name_2": "Ponto 855", "description_2": "Velocidade: 0km/h<br>01/07/2026 20:09:24", "layer": "TTG4B66", "path": "C:/KMLs/Estevao/01-07-2026/Coleta/Trajeto_TTG4B66.kml|layername=Trajeto|geometrytype=Point|uniqueGeometryType=yes", "Velocidade": 0.0, "Data": "2026-07-01", "hora": "20:09:24", "Rota": "ROTA 300 (NOITE) - Centro - Seg a Sab", "Turno": "Noite", "Dias_da_semana": [ "seg", "ter", "qua", "qui", "sex", "sab" ], "Hit_Rate": 100.0, "Status": "Validado", "Bloco": "Seg_a_Sab" }, "geometry": { "type": "MultiLineString", "coordinates": [ [ [ 673607.816326421801932, 7479630.972979141399264 ], [ 673586.790413110051304, 7479517.334117962047458 ] ] ] } },
{ "type": "Feature", "properties": { "id": "Centro.132", "id_trecho": 910, "Name": "Avenida Governador Leonel de Moura Brizola", "description": null, "Extensao_m": 66.907521820125282, "Bairro_logradouros": "Centro", "Bairro_rotas": "Centro", "Distrito": "1º", "Lote": "I", "Name_2": "Ponto 857", "description_2": "Velocidade: 0km/h<br>01/07/2026 20:10:54", "layer": "TTG4B66", "path": "C:/KMLs/Estevao/01-07-2026/Coleta/Trajeto_TTG4B66.kml|layername=Trajeto|geometrytype=Point|uniqueGeometryType=yes", "Velocidade": 0.0, "Data": "2026-07-01", "hora": "20:10:54", "Rota": "ROTA 300 (NOITE) - Centro - Seg a Sab", "Turno": "Noite", "Dias_da_semana": [ "seg", "ter", "qua", "qui", "sex", "sab" ], "Hit_Rate": 100.0, "Status": "Validado", "Bloco": "Seg_a_Sab" }, "geometry": { "type": "MultiLineString", "coordinates": [ [ [ 673586.790413110051304, 7479517.334117962047458 ], [ 673577.45411915553268, 7479501.006267722696066 ], [ 673554.267820773064159, 7479458.866989951580763 ] ] ] } },
{ "type": "Feature", "properties": { "id": "Centro.132", "id_trecho": 911, "Name": "Avenida Governador Leonel de Moura Brizola", "description": null, "Extensao_m": 18.638154869159692, "Bairro_logradouros": "Centro", "Bairro_rotas": "Centro", "Distrito": "1º", "Lote": "I", "Name_2": "Ponto 862", "description_2": "Velocidade: 0km/h<br>01/07/2026 20:13:45", "layer": "TTG4B66", "path": "C:/KMLs/Estevao/01-07-2026/Coleta/Trajeto_TTG4B66.kml|layername=Trajeto|geometrytype=Point|uniqueGeometryType=yes", "Velocidade": 0.0, "Data": "2026-07-01", "hora": "20:13:45", "Rota": "ROTA 300 (NOITE) - Centro - Seg a Sab", "Turno": "Noite", "Dias_da_semana": [ "seg", "ter", "qua", "qui", "sex", "sab" ], "Hit_Rate": 100.0, "Status": "Validado", "Bloco": "Seg_a_Sab" }, "geometry": { "type": "MultiLineString", "coordinates": [ [ [ 673554.267820773064159, 7479458.866989951580763 ], [ 673549.372892901767045, 7479449.2770373262465 ], [ 673545.801299280603416, 7479442.263394489884377 ] ] ] } },
{ "type": "Feature", "properties": { "id": "Centro.132", "id_trecho": 912, "Name": "Avenida Governador Leonel de Moura Brizola", "description": null, "Extensao_m": 110.21351265117482, "Bairro_logradouros": "Centro", "Bairro_rotas": "Centro", "Distrito": "1º", "Lote": "I", "Name_2": "Ponto 865", "description_2": "Velocidade: 0km/h<br>01/07/2026 20:15:22", "layer": "TTG4B66", "path": "C:/KMLs/Estevao/01-07-2026/Coleta/Trajeto_TTG4B66.kml|layername=Trajeto|geometrytype=Point|uniqueGeometryType=yes", "Velocidade": 0.0, "Data": "2026-07-01", "hora": "20:15:22", "Rota": "ROTA 300 (NOITE) - Centro - Seg a Sab", "Turno": "Noite", "Dias_da_semana": [ "seg", "ter", "qua", "qui", "sex", "sab" ], "Hit_Rate": 100.0, "Status": "Validado", "Bloco": "Seg_a_Sab" }, "geometry": { "type": "MultiLineString", "coordinates": [ [ [ 673545.801299280603416, 7479442.263394489884377 ], [ 673496.60563561716117, 7479343.642278032377362 ] ] ] } },
{ "type": "Feature", "properties": { "id": "Centro.132", "id_trecho": 913, "Name": "Avenida Governador Leonel de Moura Brizola", "description": null, "Extensao_m": 63.878084663137855, "Bairro_logradouros": "Centro", "Bairro_rotas": "Centro", "Distrito": "1º", "Lote": "I", "Name_2": "Ponto 870", "description_2": "Velocidade: 0km/h<br>01/07/2026 20:17:24", "layer": "TTG4B66", "path": "C:/KMLs/Estevao/01-07-2026/Coleta/Trajeto_TTG4B66.kml|layername=Trajeto|geometrytype=Point|uniqueGeometryType=yes", "Velocidade": 0.0, "Data": "2026-07-01", "hora": "20:17:24", "Rota": "ROTA 300 (NOITE) - Centro - Seg a Sab", "Turno": "Noite", "Dias_da_semana": [ "seg", "ter", "qua", "qui", "sex", "sab" ], "Hit_Rate": 94.44, "Status": "Validado", "Bloco": "Seg_a_Sab" }, "geometry": { "type": "MultiLineString", "coordinates": [ [ [ 673496.60563561716117, 7479343.642278032377362 ], [ 673465.021032542223111, 7479288.121177861467004 ] ] ] } },
{ "type": "Feature", "properties": { "id": "Centro.94", "id_trecho": 1240, "Name": "Rua Nunes Alves", "description": null, "Extensao_m": 115.42441806124455, "Bairro_logradouros": "Centro", "Bairro_rotas": "Centro", "Distrito": "1º", "Lote": "I", "Name_2": "Ponto 883", "description_2": "Velocidade: 0km/h<br>01/07/2026 20:23:24", "layer": "TTG4B66", "path": "C:/KMLs/Estevao/01-07-2026/Coleta/Trajeto_TTG4B66.kml|layername=Trajeto|geometrytype=Point|uniqueGeometryType=yes", "Velocidade": 0.0, "Data": "2026-07-01", "hora": "20:23:24", "Rota": "ROTA 300 (NOITE) - Centro - Seg a Sab", "Turno": "Noite", "Dias_da_semana": [ "seg", "ter", "qua", "qui", "sex", "sab" ], "Hit_Rate": 94.44, "Status": "Validado", "Bloco": "Seg_a_Sab" }, "geometry": { "type": "MultiLineString", "coordinates": [ [ [ 673433.909201677888632, 7479232.616774411872029 ], [ 673450.692958494997583, 7479206.953661426901817 ], [ 673470.587087090709247, 7479173.115218651480973 ], [ 673493.654221069067717, 7479133.891490885056555 ] ] ] } },
{ "type": "Feature", "properties": { "id": "Centro.120", "id_trecho": 894, "Name": "Avenida Doutor Plínio Casado", "description": null, "Extensao_m": 147.34767290602719, "Bairro_logradouros": "Centro", "Bairro_rotas": "Centro", "Distrito": "1º", "Lote": "I", "Name_2": "Ponto 903", "description_2": "Velocidade: 6km/h<br>01/07/2026 20:32:24", "layer": "TTG4B66", "path": "C:/KMLs/Estevao/01-07-2026/Coleta/Trajeto_TTG4B66.kml|layername=Trajeto|geometrytype=Point|uniqueGeometryType=yes", "Velocidade": 6.0, "Data": "2026-07-01", "hora": "20:32:24", "Rota": "ROTA 300 (NOITE) - Centro - Seg a Sab", "Turno": "Noite", "Dias_da_semana": [ "seg", "ter", "qua", "qui", "sex", "sab" ], "Hit_Rate": 100.0, "Status": "Validado", "Bloco": "Seg_a_Sab" }, "geometry": { "type": "MultiLineString", "coordinates": [ [ [ 673518.361402770038694, 7479126.765070668421686 ], [ 673524.953582901973277, 7479160.876757057383657 ], [ 673529.646743467077613, 7479185.164902124553919 ], [ 673536.479827516828664, 7479217.88951700553298 ], [ 673547.020145745482296, 7479271.292173938825727 ] ] ] } },
{ "type": "Feature", "properties": { "id": "Centro.132", "id_trecho": 916, "Name": "Avenida Governador Leonel de Moura Brizola", "description": null, "Extensao_m": 176.0460785499468, "Bairro_logradouros": "Centro", "Bairro_rotas": "Centro", "Distrito": "1º", "Lote": "I", "Name_2": "Ponto 908", "description_2": "Velocidade: 0km/h<br>01/07/2026 20:35:24", "layer": "TTG4B66", "path": "C:/KMLs/Estevao/01-07-2026/Coleta/Trajeto_TTG4B66.kml|layername=Trajeto|geometrytype=Point|uniqueGeometryType=yes", "Velocidade": 0.0, "Data": "2026-07-01", "hora": "20:35:24", "Rota": "ROTA 300 (NOITE) - Centro - Seg a Sab", "Turno": "Noite", "Dias_da_semana": [ "seg", "ter", "qua", "qui", "sex", "sab" ], "Hit_Rate": 100.0, "Status": "Validado", "Bloco": "Seg_a_Sab" }, "geometry": { "type": "MultiLineString", "coordinates": [ [ [ 673433.909201677888632, 7479232.616774411872029 ], [ 673413.89092813571915, 7479191.770081451162696 ], [ 673404.005882471334189, 7479170.520259127020836 ], [ 673401.781312257051468, 7479164.554357746616006 ], [ 673392.638677545124665, 7479139.973697567358613 ], [ 673388.261054579634219, 7479118.118315021507442 ], [ 673385.822147916653194, 7479097.879817264154553 ], [ 673387.113117685075849, 7479080.544539994560182 ], [ 673387.932461211225018, 7479071.36548797506839 ], [ 673388.365599198499694, 7479066.133372285403311 ] ] ] } },
{ "type": "Feature", "properties": { "id": "Centro.132", "id_trecho": 917, "Name": "Avenida Governador Leonel de Moura Brizola", "description": null, "Extensao_m": 90.471426659118137, "Bairro_logradouros": "Centro", "Bairro_rotas": "Centro", "Distrito": "1º", "Lote": "I", "Name_2": "Ponto 915", "description_2": "Velocidade: 0km/h<br>01/07/2026 20:38:01", "layer": "TTG4B66", "path": "C:/KMLs/Estevao/01-07-2026/Coleta/Trajeto_TTG4B66.kml|layername=Trajeto|geometrytype=Point|uniqueGeometryType=yes", "Velocidade": 0.0, "Data": "2026-07-01", "hora": "20:38:01", "Rota": "ROTA 300 (NOITE) - Centro - Seg a Sab", "Turno": "Noite", "Dias_da_semana": [ "seg", "ter", "qua", "qui", "sex", "sab" ], "Hit_Rate": 100.0, "Status": "Validado", "Bloco": "Seg_a_Sab" }, "geometry": { "type": "MultiLineString", "coordinates": [ [ [ 673388.365599198499694, 7479066.133372285403311 ], [ 673389.376937228254974, 7479058.480409506708384 ], [ 673398.233472765656188, 7478976.20637989602983 ] ] ] } },
{ "type": "Feature", "properties": { "id": "Centro.132", "id_trecho": 918, "Name": "Avenida Governador Leonel de Moura Brizola", "description": null, "Extensao_m": 122.08877628087603, "Bairro_logradouros": "Centro", "Bairro_rotas": "Centro", "Distrito": "1º", "Lote": "I", "Name_2": "Ponto 923", "description_2": "Velocidade: 0km/h<br>01/07/2026 20:43:34", "layer": "TTG4B66", "path": "C:/KMLs/Estevao/01-07-2026/Coleta/Trajeto_TTG4B66.kml|layername=Trajeto|geometrytype=Point|uniqueGeometryType=yes", "Velocidade": 0.0, "Data": "2026-07-01", "hora": "20:43:34", "Rota": "ROTA 300 (NOITE) - Centro - Seg a Sab", "Turno": "Noite", "Dias_da_semana": [ "seg", "ter", "qua", "qui", "sex", "sab" ], "Hit_Rate": 100.0, "Status": "Validado", "Bloco": "Seg_a_Sab" }, "geometry": { "type": "MultiLineString", "coordinates": [ [ [ 673398.233472765656188, 7478976.20637989602983 ], [ 673405.998128597973846, 7478909.82565457932651 ], [ 673411.36743343307171, 7478874.669185400009155 ], [ 673414.153458880609833, 7478855.179437042213976 ] ] ] } },
{ "type": "Feature", "properties": { "id": "Centro.147", "id_trecho": 879, "Name": "Avenida Doutor Manoel Teles", "description": null, "Extensao_m": 110.1410616332592, "Bairro_logradouros": "Centro", "Bairro_rotas": "Centro", "Distrito": "1º", "Lote": "I", "Name_2": "Ponto 943", "description_2": "Velocidade: 0km/h<br>01/07/2026 20:53:24", "layer": "TTG4B66", "path": "C:/KMLs/Estevao/01-07-2026/Coleta/Trajeto_TTG4B66.kml|layername=Trajeto|geometrytype=Point|uniqueGeometryType=yes", "Velocidade": 0.0, "Data": "2026-07-01", "hora": "20:53:24", "Rota": "ROTA 300 (NOITE) - Centro - Seg a Sab", "Turno": "Noite", "Dias_da_semana": [ "seg", "ter", "qua", "qui", "sex", "sab" ], "Hit_Rate": 100.0, "Status": "Validado", "Bloco": "Seg_a_Sab" }, "geometry": { "type": "MultiLineString", "coordinates": [ [ [ 673401.851739500067197, 7478839.893169023096561 ], [ 673391.814501774380915, 7478830.472667560912669 ], [ 673322.183033459819853, 7478763.846265876665711 ] ] ] } },
{ "type": "Feature", "properties": { "id": "Centro.19", "id_trecho": 1164, "Name": "Rua Genaro Lomba", "description": null, "Extensao_m": 242.3407673070559, "Bairro_logradouros": "Centro", "Bairro_rotas": "Centro", "Distrito": "1º", "Lote": "I", "Name_2": "Ponto 968", "description_2": "Velocidade: 5km/h<br>01/07/2026 21:09:19", "layer": "TTG4B66", "path": "C:/KMLs/Estevao/01-07-2026/Coleta/Trajeto_TTG4B66.kml|layername=Trajeto|geometrytype=Point|uniqueGeometryType=yes", "Velocidade": 5.0, "Data": "2026-07-01", "hora": "21:09:19", "Rota": "ROTA 300 (NOITE) - Centro - Seg a Sab", "Turno": "Noite", "Dias_da_semana": [ "seg", "ter", "qua", "qui", "sex", "sab" ], "Hit_Rate": 100.0, "Status": "Validado", "Bloco": "Seg_a_Sab" }, "geometry": { "type": "MultiLineString", "coordinates": [ [ [ 673210.085787626798265, 7478721.835583196952939 ], [ 673209.678192288498394, 7478734.708808688446879 ], [ 673211.108007348142564, 7478769.123126897960901 ], [ 673219.280461039044894, 7478830.20542963873595 ], [ 673236.972306227078661, 7478962.410301530733705 ] ] ] } },
{ "type": "Feature", "properties": { "id": "Centro.9", "id_trecho": 1348, "Name": "Rua Tenente José Dias", "description": null, "Extensao_m": 15.323201552416055, "Bairro_logradouros": "Centro", "Bairro_rotas": "Centro", "Distrito": "1º", "Lote": "I", "Name_2": "Ponto 990", "description_2": "Velocidade: 15km/h<br>01/07/2026 21:22:44", "layer": "TTG4B66", "path": "C:/KMLs/Estevao/01-07-2026/Coleta/Trajeto_TTG4B66.kml|layername=Trajeto|geometrytype=Point|uniqueGeometryType=yes", "Velocidade": 15.0, "Data": "2026-07-01", "hora": "21:22:44", "Rota": "ROTA 300 (NOITE) - Centro - Seg a Sab", "Turno": "Noite", "Dias_da_semana": [ "seg", "ter", "qua", "qui", "sex", "sab" ], "Hit_Rate": 50.0, "Status": "Baixo hit rate", "Bloco": "Seg_a_Sab" }, "geometry": { "type": "MultiLineString", "coordinates": [ [ [ 673181.534806197043508, 7478980.62914608232677 ], [ 673183.142095080809668, 7478970.300450619310141 ], [ 673183.631054681842215, 7478965.455315971747041 ] ] ] } },
{ "type": "Feature", "properties": { "id": "Centro.9", "id_trecho": 1347, "Name": "Rua Tenente José Dias", "description": null, "Extensao_m": 111.25389845949378, "Bairro_logradouros": "Centro", "Bairro_rotas": "Centro", "Distrito": "1º", "Lote": "I", "Name_2": "Ponto 991", "description_2": "Velocidade: 9km/h<br>01/07/2026 21:23:24", "layer": "TTG4B66", "path": "C:/KMLs/Estevao/01-07-2026/Coleta/Trajeto_TTG4B66.kml|layername=Trajeto|geometrytype=Point|uniqueGeometryType=yes", "Velocidade": 9.0, "Data": "2026-07-01", "hora": "21:23:24", "Rota": "ROTA 300 (NOITE) - Centro - Seg a Sab", "Turno": "Noite", "Dias_da_semana": [ "seg", "ter", "qua", "qui", "sex", "sab" ], "Hit_Rate": 100.0, "Status": "Validado", "Bloco": "Seg_a_Sab" }, "geometry": { "type": "MultiLineString", "coordinates": [ [ [ 673166.372482454869896, 7479090.838324291631579 ], [ 673173.526831706869416, 7479041.973552386276424 ], [ 673181.534806197043508, 7478980.62914608232677 ] ] ] } },
{ "type": "Feature", "properties": { "id": "Centro.20", "id_trecho": 1230, "Name": "Rua Nilo Vieira", "description": null, "Extensao_m": 55.27321550876119, "Bairro_logradouros": "Centro", "Bairro_rotas": "Centro", "Distrito": "1º", "Lote": "I", "Name_2": "Ponto 1005", "description_2": "Velocidade: 17km/h<br>01/07/2026 21:31:24", "layer": "TTG4B66", "path": "C:/KMLs/Estevao/01-07-2026/Coleta/Trajeto_TTG4B66.kml|layername=Trajeto|geometrytype=Point|uniqueGeometryType=yes", "Velocidade": 17.0, "Data": "2026-07-01", "hora": "21:31:24", "Rota": "ROTA 300 (NOITE) - Centro - Seg a Sab", "Turno": "Noite", "Dias_da_semana": [ "seg", "ter", "qua", "qui", "sex", "sab" ], "Hit_Rate": 94.44, "Status": "Validado", "Bloco": "Seg_a_Sab" }, "geometry": { "type": "MultiLineString", "coordinates": [ [ [ 672860.906270523788407, 7479198.618993422016501 ], [ 672890.60025132575538, 7479245.236670748330653 ] ] ] } },
{ "type": "Feature", "properties": { "id": "Centro.3", "id_trecho": 973, "Name": "Avenida Nilo Peçanha", "description": null, "Extensao_m": 32.475707232043931, "Bairro_logradouros": "Centro", "Bairro_rotas": "Centro", "Distrito": "1º", "Lote": "I", "Name_2": "Ponto 1009", "description_2": "Velocidade: 6km/h<br>01/07/2026 21:32:30", "layer": "TTG4B66", "path": "C:/KMLs/Estevao/01-07-2026/Coleta/Trajeto_TTG4B66.kml|layername=Trajeto|geometrytype=Point|uniqueGeometryType=yes", "Velocidade": 6.0, "Data": "2026-07-01", "hora": "21:32:30", "Rota": "ROTA 300 (NOITE) - Centro - Seg a Sab", "Turno": "Noite", "Dias_da_semana": [ "seg", "ter", "qua", "qui", "sex", "sab" ], "Hit_Rate": 83.33, "Status": "Validado", "Bloco": "Seg_a_Sab" }, "geometry": { "type": "MultiLineString", "coordinates": [ [ [ 673022.753412195248529, 7479116.806485249660909 ], [ 673051.497690133051947, 7479101.694417408667505 ] ] ] } },
{ "type": "Feature", "properties": { "id": "Centro.22", "id_trecho": 1322, "Name": "Rua Sebastião de Oliveira", "description": null, "Extensao_m": 80.5269253129498, "Bairro_logradouros": "Centro", "Bairro_rotas": "Centro", "Distrito": "1º", "Lote": "I", "Name_2": "Ponto 1015", "description_2": "Velocidade: 13km/h<br>01/07/2026 21:36:06", "layer": "TTG4B66", "path": "C:/KMLs/Estevao/01-07-2026/Coleta/Trajeto_TTG4B66.kml|layername=Trajeto|geometrytype=Point|uniqueGeometryType=yes", "Velocidade": 13.0, "Data": "2026-07-01", "hora": "21:36:06", "Rota": "ROTA 300 (NOITE) - Centro - Seg a Sab", "Turno": "Noite", "Dias_da_semana": [ "seg", "ter", "qua", "qui", "sex", "sab" ], "Hit_Rate": 100.0, "Status": "Validado", "Bloco": "Seg_a_Sab" }, "geometry": { "type": "MultiLineString", "coordinates": [ [ [ 672969.14998447149992, 7479227.575209202244878 ], [ 672907.640642651356757, 7479242.030354107730091 ], [ 672890.60025132575538, 7479245.236670748330653 ] ] ] } },
{ "type": "Feature", "properties": { "id": "Centro.20", "id_trecho": 1231, "Name": "Rua Nilo Vieira", "description": null, "Extensao_m": 70.919004116448349, "Bairro_logradouros": "Centro", "Bairro_rotas": "Centro", "Distrito": "1º", "Lote": "I", "Name_2": "Ponto 1016", "description_2": "Velocidade: 16km/h<br>01/07/2026 21:36:18", "layer": "TTG4B66", "path": "C:/KMLs/Estevao/01-07-2026/Coleta/Trajeto_TTG4B66.kml|layername=Trajeto|geometrytype=Point|uniqueGeometryType=yes", "Velocidade": 16.0, "Data": "2026-07-01", "hora": "21:36:18", "Rota": "ROTA 300 (NOITE) - Centro - Seg a Sab", "Turno": "Noite", "Dias_da_semana": [ "seg", "ter", "qua", "qui", "sex", "sab" ], "Hit_Rate": 100.0, "Status": "Validado", "Bloco": "Seg_a_Sab" }, "geometry": { "type": "MultiLineString", "coordinates": [ [ [ 672890.60025132575538, 7479245.236670748330653 ], [ 672896.537658781628124, 7479276.077931338921189 ], [ 672904.003320054151118, 7479314.875412026420236 ] ] ] } },
{ "type": "Feature", "properties": { "id": "Centro.25", "id_trecho": 1206, "Name": "Rua Lindóia", "description": null, "Extensao_m": 113.13432481906102, "Bairro_logradouros": "Centro", "Bairro_rotas": "Centro", "Distrito": "1º", "Lote": "I", "Name_2": "Ponto 1018", "description_2": "Velocidade: 5km/h<br>01/07/2026 21:36:55", "layer": "TTG4B66", "path": "C:/KMLs/Estevao/01-07-2026/Coleta/Trajeto_TTG4B66.kml|layername=Trajeto|geometrytype=Point|uniqueGeometryType=yes", "Velocidade": 5.0, "Data": "2026-07-01", "hora": "21:36:55", "Rota": "ROTA 300 (NOITE) - Centro - Seg a Sab", "Turno": "Noite", "Dias_da_semana": [ "seg", "ter", "qua", "qui", "sex", "sab" ], "Hit_Rate": 88.89, "Status": "Validado", "Bloco": "Seg_a_Sab" }, "geometry": { "type": "MultiLineString", "coordinates": [ [ [ 672815.70332794461865, 7479343.854845725931227 ], [ 672712.872486357111484, 7479391.018323054537177 ] ] ] } },
{ "type": "Feature", "properties": { "id": "Centro.24", "id_trecho": 1045, "Name": "Rua Alziro Zarur", "description": null, "Extensao_m": 105.53037493372412, "Bairro_logradouros": "Centro", "Bairro_rotas": "Centro", "Distrito": "1º", "Lote": "I", "Name_2": "Ponto 1019", "description_2": "Velocidade: 5km/h<br>01/07/2026 21:37:21", "layer": "TTG4B66", "path": "C:/KMLs/Estevao/01-07-2026/Coleta/Trajeto_TTG4B66.kml|layername=Trajeto|geometrytype=Point|uniqueGeometryType=yes", "Velocidade": 5.0, "Data": "2026-07-01", "hora": "21:37:21", "Rota": "ROTA 300 (NOITE) - Centro - Seg a Sab", "Turno": "Noite", "Dias_da_semana": [ "seg", "ter", "qua", "qui", "sex", "sab" ], "Hit_Rate": 50.0, "Status": "Baixo hit rate", "Bloco": "Seg_a_Sab" }, "geometry": { "type": "MultiLineString", "coordinates": [ [ [ 672771.647496968740597, 7479247.964019177481532 ], [ 672815.70332794461865, 7479343.854845725931227 ] ] ] } },
{ "type": "Feature", "properties": { "id": "Centro.4", "id_trecho": 997, "Name": "Avenida Winston Churchill", "description": null, "Extensao_m": 61.447882799899006, "Bairro_logradouros": "Centro", "Bairro_rotas": "Centro", "Distrito": "1º", "Lote": "I", "Name_2": "Ponto 1021", "description_2": "Velocidade: 13km/h<br>01/07/2026 21:38:17", "layer": "TTG4B66", "path": "C:/KMLs/Estevao/01-07-2026/Coleta/Trajeto_TTG4B66.kml|layername=Trajeto|geometrytype=Point|uniqueGeometryType=yes", "Velocidade": 13.0, "Data": "2026-07-01", "hora": "21:38:17", "Rota": "ROTA 300 (NOITE) - Centro - Seg a Sab", "Turno": "Noite", "Dias_da_semana": [ "seg", "ter", "qua", "qui", "sex", "sab" ], "Hit_Rate": 94.44, "Status": "Validado", "Bloco": "Seg_a_Sab" }, "geometry": { "type": "MultiLineString", "coordinates": [ [ [ 672723.83513342239894, 7479401.134877761825919 ], [ 672712.666832190589048, 7479390.985008142888546 ], [ 672700.793868020875379, 7479377.441034201532602 ], [ 672687.073998311301693, 7479352.639731269329786 ] ] ] } },
{ "type": "Feature", "properties": { "id": "Bar_dos_Cavalheiros.164", "id_trecho": 123, "Name": "Avenida Nilo Peçanha", "description": null, "Extensao_m": 137.83394591426682, "Bairro_logradouros": "Bar dos Cavalheiros", "Bairro_rotas": "Centro", "Distrito": "1º", "Lote": "I", "Name_2": "Ponto 1025", "description_2": "Velocidade: 0km/h<br>01/07/2026 21:39:46", "layer": "TTG4B66", "path": "C:/KMLs/Estevao/01-07-2026/Coleta/Trajeto_TTG4B66.kml|layername=Trajeto|geometrytype=Point|uniqueGeometryType=yes", "Velocidade": 0.0, "Data": "2026-07-01", "hora": "21:39:46", "Rota": "ROTA 300 (NOITE) - Centro - Seg a Sab", "Turno": "Noite", "Dias_da_semana": [ "seg", "ter", "qua", "qui", "sex", "sab" ], "Hit_Rate": 94.44, "Status": "Validado", "Bloco": "Seg_a_Sab" }, "geometry": { "type": "MultiLineString", "coordinates": [ [ [ 672403.205107764573768, 7479257.844579758122563 ], [ 672405.569499656092376, 7479258.072443388402462 ], [ 672486.955879142973572, 7479262.207531529478729 ], [ 672500.548392715980299, 7479262.797702005133033 ], [ 672540.885035378392786, 7479264.093198788352311 ] ] ] } },
{ "type": "Feature", "properties": { "id": "Bar_dos_Cavalheiros.164", "id_trecho": 117, "Name": "Avenida Nilo Peçanha", "description": null, "Extensao_m": 113.26131326010662, "Bairro_logradouros": "Bar dos Cavalheiros", "Bairro_rotas": "Centro", "Distrito": "1º", "Lote": "I", "Name_2": "Ponto 1031", "description_2": "Velocidade: 26km/h<br>01/07/2026 21:44:24", "layer": "TTG4B66", "path": "C:/KMLs/Estevao/01-07-2026/Coleta/Trajeto_TTG4B66.kml|layername=Trajeto|geometrytype=Point|uniqueGeometryType=yes", "Velocidade": 26.0, "Data": "2026-07-01", "hora": "21:44:24", "Rota": "ROTA 300 (NOITE) - Centro - Seg a Sab", "Turno": "Noite", "Dias_da_semana": [ "seg", "ter", "qua", "qui", "sex", "sab" ], "Hit_Rate": 83.33, "Status": "Validado", "Bloco": "Seg_a_Sab" }, "geometry": { "type": "MultiLineString", "coordinates": [ [ [ 671902.380773244658485, 7478986.751295138150454 ], [ 671922.102471820428036, 7479004.523906586691737 ], [ 671938.814870540052652, 7479019.517673877067864 ], [ 671948.199756362824701, 7479027.628605330362916 ], [ 671961.80813549971208, 7479036.920952754095197 ], [ 671971.260362589731812, 7479042.816222371533513 ], [ 671990.819743224419653, 7479057.124296371825039 ] ] ] } },
{ "type": "Feature", "properties": { "id": "Bar_dos_Cavalheiros.164", "id_trecho": 114, "Name": "Avenida Nilo Peçanha", "description": null, "Extensao_m": 34.399058472819227, "Bairro_logradouros": "Bar dos Cavalheiros", "Bairro_rotas": "Centro", "Distrito": "1º", "Lote": "I", "Name_2": "Ponto 1035", "description_2": "Velocidade: 18km/h<br>01/07/2026 21:46:20", "layer": "TTG4B66", "path": "C:/KMLs/Estevao/01-07-2026/Coleta/Trajeto_TTG4B66.kml|layername=Trajeto|geometrytype=Point|uniqueGeometryType=yes", "Velocidade": 18.0, "Data": "2026-07-01", "hora": "21:46:20", "Rota": "ROTA 300 (NOITE) - Centro - Seg a Sab", "Turno": "Noite", "Dias_da_semana": [ "seg", "ter", "qua", "qui", "sex", "sab" ], "Hit_Rate": 94.44, "Status": "Validado", "Bloco": "Seg_a_Sab" }, "geometry": { "type": "MultiLineString", "coordinates": [ [ [ 671736.138627427513711, 7478953.593409277498722 ], [ 671747.859396048123017, 7478963.06233044154942 ], [ 671752.432435128954239, 7478966.100355073809624 ], [ 671765.145104168332182, 7478971.571250198408961 ] ] ] } },
{ "type": "Feature", "properties": { "id": "Bar_dos_Cavalheiros.164", "id_trecho": 121, "Name": "Avenida Nilo Peçanha", "description": null, "Extensao_m": 90.280072626933489, "Bairro_logradouros": "Bar dos Cavalheiros", "Bairro_rotas": "Centro", "Distrito": "1º", "Lote": "I", "Name_2": "Ponto 1046", "description_2": "Velocidade: 0km/h<br>01/07/2026 21:51:24", "layer": "TTG4B66", "path": "C:/KMLs/Estevao/01-07-2026/Coleta/Trajeto_TTG4B66.kml|layername=Trajeto|geometrytype=Point|uniqueGeometryType=yes", "Velocidade": 0.0, "Data": "2026-07-01", "hora": "21:51:24", "Rota": "ROTA 300 (NOITE) - Centro - Seg a Sab", "Turno": "Noite", "Dias_da_semana": [ "seg", "ter", "qua", "qui", "sex", "sab" ], "Hit_Rate": 100.0, "Status": "Validado", "Bloco": "Seg_a_Sab" }, "geometry": { "type": "MultiLineString", "coordinates": [ [ [ 672218.722304698778316, 7479206.670262647792697 ], [ 672304.249431203119457, 7479235.56763023417443 ] ] ] } },
{ "type": "Feature", "properties": { "id": "Centro.3", "id_trecho": 963, "Name": "Avenida Nilo Peçanha", "description": null, "Extensao_m": 37.397415975707986, "Bairro_logradouros": "Centro", "Bairro_rotas": "Centro", "Distrito": "1º", "Lote": "I", "Name_2": "Ponto 1056", "description_2": "Velocidade: 0km/h<br>01/07/2026 21:56:56", "layer": "TTG4B66", "path": "C:/KMLs/Estevao/01-07-2026/Coleta/Trajeto_TTG4B66.kml|layername=Trajeto|geometrytype=Point|uniqueGeometryType=yes", "Velocidade": 0.0, "Data": "2026-07-01", "hora": "21:56:56", "Rota": "ROTA 300 (NOITE) - Centro - Seg a Sab", "Turno": "Noite", "Dias_da_semana": [ "seg", "ter", "qua", "qui", "sex", "sab" ], "Hit_Rate": 100.0, "Status": "Validado", "Bloco": "Seg_a_Sab" }, "geometry": { "type": "MultiLineString", "coordinates": [ [ [ 672542.294548739329912, 7479264.138468300923705 ], [ 672545.916727826581337, 7479264.806069027632475 ], [ 672557.525341486325487, 7479267.95217608846724 ], [ 672568.400834474363364, 7479275.259530650451779 ], [ 672574.194125914946198, 7479281.592720659449697 ] ] ] } },
{ "type": "Feature", "properties": { "id": "Centro.3", "id_trecho": 968, "Name": "Avenida Nilo Peçanha", "description": null, "Extensao_m": 126.22193300658083, "Bairro_logradouros": "Centro", "Bairro_rotas": "Centro", "Distrito": "1º", "Lote": "I", "Name_2": "Ponto 1062", "description_2": "Velocidade: 10km/h<br>01/07/2026 22:00:24", "layer": "TTG4B66", "path": "C:/KMLs/Estevao/01-07-2026/Coleta/Trajeto_TTG4B66.kml|layername=Trajeto|geometrytype=Point|uniqueGeometryType=yes", "Velocidade": 10.0, "Data": "2026-07-01", "hora": "22:00:24", "Rota": "ROTA 300 (NOITE) - Centro - Seg a Sab", "Turno": "Noite", "Dias_da_semana": [ "seg", "ter", "qua", "qui", "sex", "sab" ], "Hit_Rate": 94.44, "Status": "Validado", "Bloco": "Seg_a_Sab" }, "geometry": { "type": "MultiLineString", "coordinates": [ [ [ 672667.134637891431339, 7479318.589893585070968 ], [ 672693.625381826772355, 7479303.005839135497808 ], [ 672771.647496968740597, 7479247.964019177481532 ] ] ] } },
{ "type": "Feature", "properties": { "id": "Centro.3", "id_trecho": 971, "Name": "Avenida Nilo Peçanha", "description": null, "Extensao_m": 54.573546103686354, "Bairro_logradouros": "Centro", "Bairro_rotas": "Centro", "Distrito": "1º", "Lote": "I", "Name_2": "Ponto 1063", "description_2": "Velocidade: 30km/h<br>01/07/2026 22:01:24", "layer": "TTG4B66", "path": "C:/KMLs/Estevao/01-07-2026/Coleta/Trajeto_TTG4B66.kml|layername=Trajeto|geometrytype=Point|uniqueGeometryType=yes", "Velocidade": 30.0, "Data": "2026-07-01", "hora": "22:01:24", "Rota": "ROTA 300 (NOITE) - Centro - Seg a Sab", "Turno": "Noite", "Dias_da_semana": [ "seg", "ter", "qua", "qui", "sex", "sab" ], "Hit_Rate": 100.0, "Status": "Validado", "Bloco": "Seg_a_Sab" }, "geometry": { "type": "MultiLineString", "coordinates": [ [ [ 672903.757741436245851, 7479176.092815263196826 ], [ 672952.648028918541968, 7479151.847614273428917 ] ] ] } },
{ "type": "Feature", "properties": { "id": "Centro.9", "id_trecho": 1349, "Name": "Rua Tenente José Dias", "description": null, "Extensao_m": 243.98286595900316, "Bairro_logradouros": "Centro", "Bairro_rotas": "Centro", "Distrito": "1º", "Lote": "I", "Name_2": "Ponto 1073", "description_2": "Velocidade: 0km/h<br>01/07/2026 22:06:24", "layer": "TTG4B66", "path": "C:/KMLs/Estevao/01-07-2026/Coleta/Trajeto_TTG4B66.kml|layername=Trajeto|geometrytype=Point|uniqueGeometryType=yes", "Velocidade": 0.0, "Data": "2026-07-01", "hora": "22:06:24", "Rota": "ROTA 300 (NOITE) - Centro - Seg a Sab", "Turno": "Noite", "Dias_da_semana": [ "seg", "ter", "qua", "qui", "sex", "sab" ], "Hit_Rate": 100.0, "Status": "Validado", "Bloco": "Seg_a_Sab" }, "geometry": { "type": "MultiLineString", "coordinates": [ [ [ 673183.631054681842215, 7478965.455315971747041 ], [ 673183.244077241863124, 7478952.23677758872509 ], [ 673181.74872465908993, 7478936.373003635555506 ], [ 673175.534872256219387, 7478892.145890646614134 ], [ 673170.752304097753949, 7478859.065544337034225 ], [ 673163.191424119053409, 7478835.374843995086849 ], [ 673152.122547613224015, 7478820.118628131225705 ], [ 673131.822745268465951, 7478803.096102674491704 ], [ 673077.405238862615079, 7478764.834114867262542 ] ] ] } },
{ "type": "Feature", "properties": { "id": "Centro.9", "id_trecho": 1350, "Name": "Rua Tenente José Dias", "description": null, "Extensao_m": 120.71423408846236, "Bairro_logradouros": "Centro", "Bairro_rotas": "Centro", "Distrito": "1º", "Lote": "I", "Name_2": "Ponto 1075", "description_2": "Velocidade: 0km/h<br>01/07/2026 22:08:24", "layer": "TTG4B66", "path": "C:/KMLs/Estevao/01-07-2026/Coleta/Trajeto_TTG4B66.kml|layername=Trajeto|geometrytype=Point|uniqueGeometryType=yes", "Velocidade": 0.0, "Data": "2026-07-01", "hora": "22:08:24", "Rota": "ROTA 300 (NOITE) - Centro - Seg a Sab", "Turno": "Noite", "Dias_da_semana": [ "seg", "ter", "qua", "qui", "sex", "sab" ], "Hit_Rate": 94.44, "Status": "Validado", "Bloco": "Seg_a_Sab" }, "geometry": { "type": "MultiLineString", "coordinates": [ [ [ 673077.405238862615079, 7478764.834114867262542 ], [ 673010.441009691683576, 7478719.45009683072567 ], [ 672985.279380297521129, 7478704.675560588017106 ], [ 672976.049458699068055, 7478699.387468949891627 ] ] ] } },
{ "type": "Feature", "properties": { "id": "Centro.116", "id_trecho": 1330, "Name": "Rua São João Batista", "description": null, "Extensao_m": 116.36221203565304, "Bairro_logradouros": "Centro", "Bairro_rotas": "Centro", "Distrito": "1º", "Lote": "I", "Name_2": "Ponto 1077", "description_2": "Velocidade: 6km/h<br>01/07/2026 22:09:42", "layer": "TTG4B66", "path": "C:/KMLs/Estevao/01-07-2026/Coleta/Trajeto_TTG4B66.kml|layername=Trajeto|geometrytype=Point|uniqueGeometryType=yes", "Velocidade": 6.0, "Data": "2026-07-01", "hora": "22:09:42", "Rota": "ROTA 300 (NOITE) - Centro - Seg a Sab", "Turno": "Noite", "Dias_da_semana": [ "seg", "ter", "qua", "qui", "sex", "sab" ], "Hit_Rate": 100.0, "Status": "Validado", "Bloco": "Seg_a_Sab" }, "geometry": { "type": "MultiLineString", "coordinates": [ [ [ 673049.611451974138618, 7478609.266392238438129 ], [ 672988.238118950044736, 7478685.881650363095105 ], [ 672976.049458699068055, 7478699.387468949891627 ] ] ] } },
{ "type": "Feature", "properties": { "id": "Bar_dos_Cavalheiros.141", "id_trecho": 25, "Name": "Avenida Doutor Manoel Teles", "description": null, "Extensao_m": 60.334547311053846, "Bairro_logradouros": "Bar dos Cavalheiros", "Bairro_rotas": "Centro", "Distrito": "1º", "Lote": "I", "Name_2": "Ponto 1119", "description_2": "Velocidade: 17km/h<br>01/07/2026 22:31:39", "layer": "TTG4B66", "path": "C:/KMLs/Estevao/01-07-2026/Coleta/Trajeto_TTG4B66.kml|layername=Trajeto|geometrytype=Point|uniqueGeometryType=yes", "Velocidade": 17.0, "Data": "2026-07-01", "hora": "22:31:39", "Rota": "ROTA 300 (NOITE) - Centro - Seg a Sab", "Turno": "Noite", "Dias_da_semana": [ "seg", "ter", "qua", "qui", "sex", "sab" ], "Hit_Rate": 66.67, "Status": "Validado", "Bloco": "Seg_a_Sab" }, "geometry": { "type": "MultiLineString", "coordinates": [ [ [ 672522.822377652861178, 7477878.1463687652722 ], [ 672508.603496074327268, 7477862.969882788136601 ], [ 672479.518497682060115, 7477836.190215289592743 ] ] ] } },
{ "type": "Feature", "properties": { "id": "Bar_dos_Cavalheiros.141", "id_trecho": 21, "Name": "Avenida Doutor Manoel Teles", "description": null, "Extensao_m": 176.42117106499848, "Bairro_logradouros": "Bar dos Cavalheiros", "Bairro_rotas": "Centro", "Distrito": "1º", "Lote": "I", "Name_2": "Ponto 1120", "description_2": "Velocidade: 25km/h<br>01/07/2026 22:32:24", "layer": "TTG4B66", "path": "C:/KMLs/Estevao/01-07-2026/Coleta/Trajeto_TTG4B66.kml|layername=Trajeto|geometrytype=Point|uniqueGeometryType=yes", "Velocidade": 25.0, "Data": "2026-07-01", "hora": "22:32:24", "Rota": "ROTA 300 (NOITE) - Centro - Seg a Sab", "Turno": "Noite", "Dias_da_semana": [ "seg", "ter", "qua", "qui", "sex", "sab" ], "Hit_Rate": 83.33, "Status": "Validado", "Bloco": "Seg_a_Sab" }, "geometry": { "type": "MultiLineString", "coordinates": [ [ [ 672702.249728120630607, 7478216.258004551753402 ], [ 672641.855967110488564, 7478155.127435359172523 ], [ 672628.032838294981048, 7478141.375142963603139 ], [ 672619.064337414689362, 7478131.04500435013324 ], [ 672611.504078655387275, 7478119.945778221823275 ], [ 672605.254053702577949, 7478108.488337025046349 ], [ 672599.522223182022572, 7478094.743657123297453 ], [ 672594.186708671739325, 7478079.731977378949523 ] ] ] } },
{ "type": "Feature", "properties": { "id": "Bar_dos_Cavalheiros.141", "id_trecho": 17, "Name": "Avenida Doutor Manoel Teles", "description": null, "Extensao_m": 61.76901952555297, "Bairro_logradouros": "Bar dos Cavalheiros", "Bairro_rotas": "Centro", "Distrito": "1º", "Lote": "I", "Name_2": "Ponto 1121", "description_2": "Velocidade: 24km/h<br>01/07/2026 22:33:24", "layer": "TTG4B66", "path": "C:/KMLs/Estevao/01-07-2026/Coleta/Trajeto_TTG4B66.kml|layername=Trajeto|geometrytype=Point|uniqueGeometryType=yes", "Velocidade": 24.0, "Data": "2026-07-01", "hora": "22:33:24", "Rota": "ROTA 300 (NOITE) - Centro - Seg a Sab", "Turno": "Noite", "Dias_da_semana": [ "seg", "ter", "qua", "qui", "sex", "sab" ], "Hit_Rate": 100.0, "Status": "Validado", "Bloco": "Seg_a_Sab" }, "geometry": { "type": "MultiLineString", "coordinates": [ [ [ 672893.636904029292054, 7478389.421194416470826 ], [ 672851.541632352396846, 7478352.823296666145325 ], [ 672847.02003393182531, 7478348.899052832275629 ] ] ] } },
{ "type": "Feature", "properties": { "id": "Centro.132", "id_trecho": 931, "Name": "Avenida Governador Leonel de Moura Brizola", "description": null, "Extensao_m": 75.356235333559766, "Bairro_logradouros": "Centro", "Bairro_rotas": "Centro", "Distrito": "1º", "Lote": "I", "Name_2": "Ponto 1136", "description_2": "Velocidade: 47km/h<br>01/07/2026 22:39:24", "layer": "TTG4B66", "path": "C:/KMLs/Estevao/01-07-2026/Coleta/Trajeto_TTG4B66.kml|layername=Trajeto|geometrytype=Point|uniqueGeometryType=yes", "Velocidade": 47.0, "Data": "2026-07-01", "hora": "22:39:24", "Rota": "ROTA 300 (NOITE) - Centro - Seg a Sab", "Turno": "Noite", "Dias_da_semana": [ "seg", "ter", "qua", "qui", "sex", "sab" ], "Hit_Rate": 55.56, "Status": "Baixo hit rate", "Bloco": "Seg_a_Sab" }, "geometry": { "type": "MultiLineString", "coordinates": [ [ [ 673694.925587560865097, 7478358.100495662540197 ], [ 673667.715996862272732, 7478375.245177269913256 ], [ 673647.268415594473481, 7478390.18612758629024 ], [ 673634.109400453977287, 7478402.27502915263176 ] ] ] } },
{ "type": "Feature", "properties": { "id": "Centro.4", "id_trecho": 986, "Name": "Avenida Winston Churchill", "description": null, "Extensao_m": 99.410205669254779, "Bairro_logradouros": "Centro", "Bairro_rotas": "Centro", "Distrito": "1º", "Lote": "I", "Name_2": "Ponto 742", "description_2": "Velocidade: 0km/h<br>01/07/2026 18:32:50", "layer": "TTH9F28", "path": "C:/KMLs/Estevao/01-07-2026/Coleta/Trajeto_TTH9F28.kml|layername=Trajeto|geometrytype=Point|uniqueGeometryType=yes", "Velocidade": 0.0, "Data": "2026-07-01", "hora": "18:32:50", "Rota": "ROTA 300 (NOITE) - Centro - Seg a Sab", "Turno": "Noite", "Dias_da_semana": [ "seg", "ter", "qua", "qui", "sex", "sab" ], "Hit_Rate": 100.0, "Status": "Validado", "Bloco": "Seg_a_Sab" }, "geometry": { "type": "MultiLineString", "coordinates": [ [ [ 672723.835133462795056, 7479401.134877694770694 ], [ 672799.224898266489618, 7479465.928045061416924 ] ] ] } },
{ "type": "Feature", "properties": { "id": "Centro.4", "id_trecho": 985, "Name": "Avenida Winston Churchill", "description": null, "Extensao_m": 42.184114290166498, "Bairro_logradouros": "Centro", "Bairro_rotas": "Centro", "Distrito": "1º", "Lote": "I", "Name_2": "Ponto 745", "description_2": "Velocidade: 11km/h<br>01/07/2026 18:33:50", "layer": "TTH9F28", "path": "C:/KMLs/Estevao/01-07-2026/Coleta/Trajeto_TTH9F28.kml|layername=Trajeto|geometrytype=Point|uniqueGeometryType=yes", "Velocidade": 11.0, "Data": "2026-07-01", "hora": "18:33:50", "Rota": "ROTA 300 (NOITE) - Centro - Seg a Sab", "Turno": "Noite", "Dias_da_semana": [ "seg", "ter", "qua", "qui", "sex", "sab" ], "Hit_Rate": 77.78, "Status": "Validado", "Bloco": "Seg_a_Sab" }, "geometry": { "type": "MultiLineString", "coordinates": [ [ [ 672688.481790283112787, 7479354.963412078097463 ], [ 672681.468519439105876, 7479343.754182074218988 ], [ 672667.134637891431339, 7479318.589893585070968 ] ] ] } },
{ "type": "Feature", "properties": { "id": "Bar_dos_Cavalheiros.164", "id_trecho": 109, "Name": "Avenida Nilo Peçanha", "description": null, "Extensao_m": 57.905842086665366, "Bairro_logradouros": "Bar dos Cavalheiros", "Bairro_rotas": "Centro", "Distrito": "1º", "Lote": "I", "Name_2": "Ponto 899", "description_2": "Velocidade: 21km/h<br>01/07/2026 19:27:35", "layer": "TTH9F28", "path": "C:/KMLs/Estevao/01-07-2026/Coleta/Trajeto_TTH9F28.kml|layername=Trajeto|geometrytype=Point|uniqueGeometryType=yes", "Velocidade": 21.0, "Data": "2026-07-01", "hora": "19:27:35", "Rota": "ROTA 300 (NOITE) - Centro - Seg a Sab", "Turno": "Noite", "Dias_da_semana": [ "seg", "ter", "qua", "qui", "sex", "sab" ], "Hit_Rate": 11.11, "Status": "Baixo hit rate", "Bloco": "Seg_a_Sab" }, "geometry": { "type": "MultiLineString", "coordinates": [ [ [ 671599.468933178577572, 7478327.219512971118093 ], [ 671580.255944577977061, 7478272.596216117031872 ] ] ] } },
{ "type": "Feature", "properties": { "id": "Bar_dos_Cavalheiros.164", "id_trecho": 106, "Name": "Avenida Nilo Peçanha", "description": null, "Extensao_m": 72.333919270497432, "Bairro_logradouros": "Bar dos Cavalheiros", "Bairro_rotas": "Centro", "Distrito": "1º", "Lote": "I", "Name_2": "Ponto 900", "description_2": "Velocidade: 0km/h<br>01/07/2026 19:27:50", "layer": "TTH9F28", "path": "C:/KMLs/Estevao/01-07-2026/Coleta/Trajeto_TTH9F28.kml|layername=Trajeto|geometrytype=Point|uniqueGeometryType=yes", "Velocidade": 0.0, "Data": "2026-07-01", "hora": "19:27:50", "Rota": "ROTA 300 (NOITE) - Centro - Seg a Sab", "Turno": "Noite", "Dias_da_semana": [ "seg", "ter", "qua", "qui", "sex", "sab" ], "Hit_Rate": 27.78, "Status": "Baixo hit rate", "Bloco": "Seg_a_Sab" }, "geometry": { "type": "MultiLineString", "coordinates": [ [ [ 671646.06411771546118, 7478424.25824817456305 ], [ 671632.012093114317395, 7478400.186331778764725 ], [ 671624.281317487941124, 7478385.755190072581172 ], [ 671611.920868178247474, 7478360.534538937732577 ] ] ] } },
{ "type": "Feature", "properties": { "id": "Bar_dos_Cavalheiros.164", "id_trecho": 105, "Name": "Avenida Nilo Peçanha", "description": null, "Extensao_m": 46.256425220920448, "Bairro_logradouros": "Bar dos Cavalheiros", "Bairro_rotas": "Centro", "Distrito": "1º", "Lote": "I", "Name_2": "Ponto 901", "description_2": "Velocidade: 0km/h<br>01/07/2026 19:28:50", "layer": "TTH9F28", "path": "C:/KMLs/Estevao/01-07-2026/Coleta/Trajeto_TTH9F28.kml|layername=Trajeto|geometrytype=Point|uniqueGeometryType=yes", "Velocidade": 0.0, "Data": "2026-07-01", "hora": "19:28:50", "Rota": "ROTA 300 (NOITE) - Centro - Seg a Sab", "Turno": "Noite", "Dias_da_semana": [ "seg", "ter", "qua", "qui", "sex", "sab" ], "Hit_Rate": 22.22, "Status": "Baixo hit rate", "Bloco": "Seg_a_Sab" }, "geometry": { "type": "MultiLineString", "coordinates": [ [ [ 671666.698901635129005, 7478465.653616646304727 ], [ 671660.800446870853193, 7478453.44987203925848 ], [ 671646.06411771546118, 7478424.25824817456305 ] ] ] } },
{ "type": "Feature", "properties": { "id": "Bar_dos_Cavalheiros.164", "id_trecho": 103, "Name": "Avenida Nilo Peçanha", "description": null, "Extensao_m": 99.76387776270974, "Bairro_logradouros": "Bar dos Cavalheiros", "Bairro_rotas": "Centro", "Distrito": "1º", "Lote": "I", "Name_2": "Ponto 903", "description_2": "Velocidade: 4km/h<br>01/07/2026 19:30:24", "layer": "TTH9F28", "path": "C:/KMLs/Estevao/01-07-2026/Coleta/Trajeto_TTH9F28.kml|layername=Trajeto|geometrytype=Point|uniqueGeometryType=yes", "Velocidade": 4.0, "Data": "2026-07-01", "hora": "19:30:24", "Rota": "ROTA 300 (NOITE) - Centro - Seg a Sab", "Turno": "Noite", "Dias_da_semana": [ "seg", "ter", "qua", "qui", "sex", "sab" ], "Hit_Rate": 50.0, "Status": "Baixo hit rate", "Bloco": "Seg_a_Sab" }, "geometry": { "type": "MultiLineString", "coordinates": [ [ [ 671689.21510460996069, 7478611.636677470058203 ], [ 671681.59190922183916, 7478546.815718853846192 ], [ 671678.927086082869209, 7478530.001665139570832 ], [ 671676.626237798132934, 7478512.68514503352344 ] ] ] } },
{ "type": "Feature", "properties": { "id": "Bar_dos_Cavalheiros.164", "id_trecho": 102, "Name": "Avenida Nilo Peçanha", "description": null, "Extensao_m": 93.07007051898006, "Bairro_logradouros": "Bar dos Cavalheiros", "Bairro_rotas": "Centro", "Distrito": "1º", "Lote": "I", "Name_2": "Ponto 905", "description_2": "Velocidade: 0km/h<br>01/07/2026 19:31:40", "layer": "TTH9F28", "path": "C:/KMLs/Estevao/01-07-2026/Coleta/Trajeto_TTH9F28.kml|layername=Trajeto|geometrytype=Point|uniqueGeometryType=yes", "Velocidade": 0.0, "Data": "2026-07-01", "hora": "19:31:40", "Rota": "ROTA 300 (NOITE) - Centro - Seg a Sab", "Turno": "Noite", "Dias_da_semana": [ "seg", "ter", "qua", "qui", "sex", "sab" ], "Hit_Rate": 44.44, "Status": "Baixo hit rate", "Bloco": "Seg_a_Sab" }, "geometry": { "type": "MultiLineString", "coordinates": [ [ [ 671698.661852548597381, 7478704.222727924585342 ], [ 671689.21510460996069, 7478611.636677470058203 ] ] ] } },
{ "type": "Feature", "properties": { "id": "Bar_dos_Cavalheiros.164", "id_trecho": 107, "Name": "Avenida Nilo Peçanha", "description": null, "Extensao_m": 33.462214796252908, "Bairro_logradouros": "Bar dos Cavalheiros", "Bairro_rotas": "Centro", "Distrito": "1º", "Lote": "I", "Name_2": "Ponto 934", "description_2": "Velocidade: 0km/h<br>01/07/2026 19:42:50", "layer": "TTH9F28", "path": "C:/KMLs/Estevao/01-07-2026/Coleta/Trajeto_TTH9F28.kml|layername=Trajeto|geometrytype=Point|uniqueGeometryType=yes", "Velocidade": 0.0, "Data": "2026-07-01", "hora": "19:42:50", "Rota": "ROTA 300 (NOITE) - Centro - Seg a Sab", "Turno": "Noite", "Dias_da_semana": [ "seg", "ter", "qua", "qui", "sex", "sab" ], "Hit_Rate": 22.22, "Status": "Baixo hit rate", "Bloco": "Seg_a_Sab" }, "geometry": { "type": "MultiLineString", "coordinates": [ [ [ 671611.920868178247474, 7478360.534538937732577 ], [ 671600.230423817178234, 7478329.182149590924382 ] ] ] } },
{ "type": "Feature", "properties": { "id": "Bar_dos_Cavalheiros.141", "id_trecho": 11, "Name": "Avenida Doutor Manoel Teles", "description": null, "Extensao_m": 70.352041184548995, "Bairro_logradouros": "Bar dos Cavalheiros", "Bairro_rotas": "Centro", "Distrito": "1º", "Lote": "I", "Name_2": "Ponto 946", "description_2": "Velocidade: 22km/h<br>01/07/2026 19:48:17", "layer": "TTH9F28", "path": "C:/KMLs/Estevao/01-07-2026/Coleta/Trajeto_TTH9F28.kml|layername=Trajeto|geometrytype=Point|uniqueGeometryType=yes", "Velocidade": 22.0, "Data": "2026-07-01", "hora": "19:48:17", "Rota": "ROTA 300 (NOITE) - Centro - Seg a Sab", "Turno": "Noite", "Dias_da_semana": [ "seg", "ter", "qua", "qui", "sex", "sab" ], "Hit_Rate": 44.44, "Status": "Baixo hit rate", "Bloco": "Seg_a_Sab" }, "geometry": { "type": "MultiLineString", "coordinates": [ [ [ 672129.211010355735198, 7477853.147568222135305 ], [ 672161.105250767432153, 7477851.567523857578635 ], [ 672190.684478810639121, 7477848.662599924951792 ], [ 672199.353075781604275, 7477847.988350344821811 ] ] ] } },
{ "type": "Feature", "properties": { "id": "Bar_dos_Cavalheiros.141", "id_trecho": 28, "Name": "Avenida Doutor Manoel Teles", "description": null, "Extensao_m": 172.92159584129362, "Bairro_logradouros": "Bar dos Cavalheiros", "Bairro_rotas": "Centro", "Distrito": "1º", "Lote": "I", "Name_2": "Ponto 948", "description_2": "Velocidade: 0km/h<br>01/07/2026 19:48:50", "layer": "TTH9F28", "path": "C:/KMLs/Estevao/01-07-2026/Coleta/Trajeto_TTH9F28.kml|layername=Trajeto|geometrytype=Point|uniqueGeometryType=yes", "Velocidade": 0.0, "Data": "2026-07-01", "hora": "19:48:50", "Rota": "ROTA 300 (NOITE) - Centro - Seg a Sab", "Turno": "Noite", "Dias_da_semana": [ "seg", "ter", "qua", "qui", "sex", "sab" ], "Hit_Rate": 44.44, "Status": "Baixo hit rate", "Bloco": "Seg_a_Sab" }, "geometry": { "type": "MultiLineString", "coordinates": [ [ [ 672462.892449081642553, 7477826.932676350697875 ], [ 672405.533373236772604, 7477808.558596644550562 ], [ 672370.971195260062814, 7477798.530204143375158 ], [ 672364.63572202809155, 7477796.697368642315269 ], [ 672346.537864896003157, 7477790.734473383054137 ], [ 672329.703855756204575, 7477788.467149801552296 ], [ 672317.895331644569524, 7477790.218137653544545 ], [ 672296.767027840251103, 7477796.781600006856024 ] ] ] } },
{ "type": "Feature", "properties": { "id": "Centro.132", "id_trecho": 929, "Name": "Avenida Governador Leonel de Moura Brizola", "description": null, "Extensao_m": 73.167918172733494, "Bairro_logradouros": "Centro", "Bairro_rotas": "Centro", "Distrito": "1º", "Lote": "I", "Name_2": "Ponto 1143", "description_2": "Velocidade: 21km/h<br>01/07/2026 21:18:50", "layer": "TTH9F28", "path": "C:/KMLs/Estevao/01-07-2026/Coleta/Trajeto_TTH9F28.kml|layername=Trajeto|geometrytype=Point|uniqueGeometryType=yes", "Velocidade": 21.0, "Data": "2026-07-01", "hora": "21:18:50", "Rota": "ROTA 300 (NOITE) - Centro - Seg a Sab", "Turno": "Noite", "Dias_da_semana": [ "seg", "ter", "qua", "qui", "sex", "sab" ], "Hit_Rate": 83.33, "Status": "Validado", "Bloco": "Seg_a_Sab" }, "geometry": { "type": "MultiLineString", "coordinates": [ [ [ 673824.46125186199788, 7478293.769372440874577 ], [ 673758.449234491330571, 7478325.32361676171422 ] ] ] } },
{ "type": "Feature", "properties": { "id": "Centro.4", "id_trecho": 993, "Name": "Avenida Winston Churchill", "description": null, "Extensao_m": 22.794716510683465, "Bairro_logradouros": "Centro", "Bairro_rotas": "Centro", "Distrito": "1º", "Lote": "I", "Name_2": "Ponto 1639", "description_2": "Velocidade: 0km/h<br>01/07/2026 21:32:27", "layer": "TTH9F46", "path": "C:/KMLs/Estevao/01-07-2026/Coleta/Trajeto_TTH9F46.kml|layername=Trajeto|geometrytype=Point|uniqueGeometryType=yes", "Velocidade": 0.0, "Data": "2026-07-01", "hora": "21:32:27", "Rota": "ROTA 300 (NOITE) - Centro - Seg a Sab", "Turno": "Noite", "Dias_da_semana": [ "seg", "ter", "qua", "qui", "sex", "sab" ], "Hit_Rate": 72.22, "Status": "Validado", "Bloco": "Seg_a_Sab" }, "geometry": { "type": "MultiLineString", "coordinates": [ [ [ 672899.395432992372662, 7479641.997377630323172 ], [ 672901.986971334554255, 7479650.023140514269471 ], [ 672902.517012923490256, 7479664.373575236648321 ] ] ] } },
{ "type": "Feature", "properties": { "id": "Centro.4", "id_trecho": 992, "Name": "Avenida Winston Churchill", "description": null, "Extensao_m": 60.154794005189942, "Bairro_logradouros": "Centro", "Bairro_rotas": "Centro", "Distrito": "1º", "Lote": "I", "Name_2": "Ponto 1644", "description_2": "Velocidade: 0km/h<br>01/07/2026 21:35:27", "layer": "TTH9F46", "path": "C:/KMLs/Estevao/01-07-2026/Coleta/Trajeto_TTH9F46.kml|layername=Trajeto|geometrytype=Point|uniqueGeometryType=yes", "Velocidade": 0.0, "Data": "2026-07-01", "hora": "21:35:27", "Rota": "ROTA 300 (NOITE) - Centro - Seg a Sab", "Turno": "Noite", "Dias_da_semana": [ "seg", "ter", "qua", "qui", "sex", "sab" ], "Hit_Rate": 88.89, "Status": "Validado", "Bloco": "Seg_a_Sab" }, "geometry": { "type": "MultiLineString", "coordinates": [ [ [ 672903.13626535795629, 7479681.139319526031613 ], [ 672903.38244524365291, 7479687.80443511903286 ], [ 672902.338933750754222, 7479704.383730973117054 ], [ 672898.423944124137051, 7479724.007977223023772 ], [ 672891.878625863231719, 7479739.545876136980951 ] ] ] } },
{ "type": "Feature", "properties": { "id": "Centro.4", "id_trecho": 996, "Name": "Avenida Winston Churchill", "description": null, "Extensao_m": 30.453114037263447, "Bairro_logradouros": "Centro", "Bairro_rotas": "Centro", "Distrito": "1º", "Lote": "I", "Name_2": "Ponto 1645", "description_2": "Velocidade: 0km/h<br>01/07/2026 21:36:26", "layer": "TTH9F46", "path": "C:/KMLs/Estevao/01-07-2026/Coleta/Trajeto_TTH9F46.kml|layername=Trajeto|geometrytype=Point|uniqueGeometryType=yes", "Velocidade": 0.0, "Data": "2026-07-01", "hora": "21:36:26", "Rota": "ROTA 300 (NOITE) - Centro - Seg a Sab", "Turno": "Noite", "Dias_da_semana": [ "seg", "ter", "qua", "qui", "sex", "sab" ], "Hit_Rate": 77.78, "Status": "Validado", "Bloco": "Seg_a_Sab" }, "geometry": { "type": "MultiLineString", "coordinates": [ [ [ 672878.370566277764738, 7479766.489384001120925 ], [ 672888.302037364337593, 7479751.44743499904871 ], [ 672891.878625863231719, 7479739.545876136980951 ] ] ] } },
{ "type": "Feature", "properties": { "id": "Centro.4", "id_trecho": 989, "Name": "Avenida Winston Churchill", "description": null, "Extensao_m": 108.41092546916263, "Bairro_logradouros": "Centro", "Bairro_rotas": "Centro", "Distrito": "1º", "Lote": "I", "Name_2": "Ponto 1648", "description_2": "Velocidade: 8km/h<br>01/07/2026 21:37:02", "layer": "TTH9F46", "path": "C:/KMLs/Estevao/01-07-2026/Coleta/Trajeto_TTH9F46.kml|layername=Trajeto|geometrytype=Point|uniqueGeometryType=yes", "Velocidade": 8.0, "Data": "2026-07-01", "hora": "21:37:02", "Rota": "ROTA 300 (NOITE) - Centro - Seg a Sab", "Turno": "Noite", "Dias_da_semana": [ "seg", "ter", "qua", "qui", "sex", "sab" ], "Hit_Rate": 77.78, "Status": "Validado", "Bloco": "Seg_a_Sab" }, "geometry": { "type": "MultiLineString", "coordinates": [ [ [ 672906.911394909140654, 7479792.107952006161213 ], [ 672999.956831435905769, 7479847.738519303500652 ] ] ] } },
{ "type": "Feature", "properties": { "id": "Centro.132", "id_trecho": 946, "Name": "Avenida Governador Leonel de Moura Brizola", "description": null, "Extensao_m": 171.73413166334265, "Bairro_logradouros": "Centro", "Bairro_rotas": "Centro", "Distrito": "1º", "Lote": "I", "Name_2": "Ponto 1103", "description_2": "Velocidade: 4km/h<br>01/07/2026 18:37:20", "layer": "TTI9B27", "path": "C:/KMLs/Estevao/01-07-2026/Coleta/Trajeto_TTI9B27.kml|layername=Trajeto|geometrytype=Point|uniqueGeometryType=yes", "Velocidade": 4.0, "Data": "2026-07-01", "hora": "18:37:20", "Rota": "ROTA 300 (NOITE) - Centro - Seg a Sab", "Turno": "Noite", "Dias_da_semana": [ "seg", "ter", "qua", "qui", "sex", "sab" ], "Hit_Rate": 88.89, "Status": "Validado", "Bloco": "Seg_a_Sab" }, "geometry": { "type": "MultiLineString", "coordinates": [ [ [ 673652.922724940464832, 7479878.349179657176137 ], [ 673650.62477996351663, 7479866.880109813064337 ], [ 673618.128381357062608, 7479710.181830199435353 ] ] ] } },
{ "type": "Feature", "properties": { "id": "Centro.132", "id_trecho": 914, "Name": "Avenida Governador Leonel de Moura Brizola", "description": null, "Extensao_m": 47.942117724281999, "Bairro_logradouros": "Centro", "Bairro_rotas": "Centro", "Distrito": "1º", "Lote": "I", "Name_2": "Ponto 1232", "description_2": "Velocidade: 9km/h<br>01/07/2026 19:40:00", "layer": "TTI9B27", "path": "C:/KMLs/Estevao/01-07-2026/Coleta/Trajeto_TTI9B27.kml|layername=Trajeto|geometrytype=Point|uniqueGeometryType=yes", "Velocidade": 9.0, "Data": "2026-07-01", "hora": "19:40:00", "Rota": "ROTA 300 (NOITE) - Centro - Seg a Sab", "Turno": "Noite", "Dias_da_semana": [ "seg", "ter", "qua", "qui", "sex", "sab" ], "Hit_Rate": 38.89, "Status": "Baixo hit rate", "Bloco": "Seg_a_Sab" }, "geometry": { "type": "MultiLineString", "coordinates": [ [ [ 673465.021032542223111, 7479288.121177861467004 ], [ 673441.714905666536652, 7479246.226774735376239 ] ] ] } },
{ "type": "Feature", "properties": { "id": "Centro.98", "id_trecho": 1217, "Name": "Rua Manuel Vieira", "description": null, "Extensao_m": 72.2310600065084, "Bairro_logradouros": "Centro", "Bairro_rotas": "Centro", "Distrito": "1º", "Lote": "I", "Name_2": "Ponto 1258", "description_2": "Velocidade: 6km/h<br>01/07/2026 19:54:30", "layer": "TTI9B27", "path": "C:/KMLs/Estevao/01-07-2026/Coleta/Trajeto_TTI9B27.kml|layername=Trajeto|geometrytype=Point|uniqueGeometryType=yes", "Velocidade": 6.0, "Data": "2026-07-01", "hora": "19:54:30", "Rota": "ROTA 300 (NOITE) - Centro - Seg a Sab", "Turno": "Noite", "Dias_da_semana": [ "seg", "ter", "qua", "qui", "sex", "sab" ], "Hit_Rate": 44.44, "Status": "Baixo hit rate", "Bloco": "Seg_a_Sab" }, "geometry": { "type": "MultiLineString", "coordinates": [ [ [ 673113.328564563998953, 7479379.369008140638471 ], [ 673128.940342515939847, 7479449.890552951954305 ] ] ] } },
{ "type": "Feature", "properties": { "id": "Centro.20", "id_trecho": 1232, "Name": "Rua Nilo Vieira", "description": null, "Extensao_m": 105.55468265102878, "Bairro_logradouros": "Centro", "Bairro_rotas": "Centro", "Distrito": "1º", "Lote": "I", "Name_2": "Ponto 1306", "description_2": "Velocidade: 0km/h<br>01/07/2026 20:19:29", "layer": "TTI9B27", "path": "C:/KMLs/Estevao/01-07-2026/Coleta/Trajeto_TTI9B27.kml|layername=Trajeto|geometrytype=Point|uniqueGeometryType=yes", "Velocidade": 0.0, "Data": "2026-07-01", "hora": "20:19:29", "Rota": "ROTA 300 (NOITE) - Centro - Seg a Sab", "Turno": "Noite", "Dias_da_semana": [ "seg", "ter", "qua", "qui", "sex", "sab" ], "Hit_Rate": 61.11, "Status": "Baixo hit rate", "Bloco": "Seg_a_Sab" }, "geometry": { "type": "MultiLineString", "coordinates": [ [ [ 672904.003320054151118, 7479314.875412026420236 ], [ 672925.522677202010527, 7479418.209948021918535 ] ] ] } },
{ "type": "Feature", "properties": { "id": "Centro.20", "id_trecho": 1233, "Name": "Rua Nilo Vieira", "description": null, "Extensao_m": 100.54988604193048, "Bairro_logradouros": "Centro", "Bairro_rotas": "Centro", "Distrito": "1º", "Lote": "I", "Name_2": "Ponto 1308", "description_2": "Velocidade: 7km/h<br>01/07/2026 20:21:29", "layer": "TTI9B27", "path": "C:/KMLs/Estevao/01-07-2026/Coleta/Trajeto_TTI9B27.kml|layername=Trajeto|geometrytype=Point|uniqueGeometryType=yes", "Velocidade": 7.0, "Data": "2026-07-01", "hora": "20:21:29", "Rota": "ROTA 300 (NOITE) - Centro - Seg a Sab", "Turno": "Noite", "Dias_da_semana": [ "seg", "ter", "qua", "qui", "sex", "sab" ], "Hit_Rate": 50.0, "Status": "Baixo hit rate", "Bloco": "Seg_a_Sab" }, "geometry": { "type": "MultiLineString", "coordinates": [ [ [ 672925.522677202010527, 7479418.209948021918535 ], [ 672945.939228121307679, 7479516.662103980779648 ] ] ] } },
{ "type": "Feature", "properties": { "id": "Centro.3", "id_trecho": 964, "Name": "Avenida Nilo Peçanha", "description": null, "Extensao_m": 38.841862421845505, "Bairro_logradouros": "Centro", "Bairro_rotas": "Centro", "Distrito": "1º", "Lote": "I", "Name_2": "Ponto 1519", "description_2": "Velocidade: 24km/h<br>01/07/2026 21:28:11", "layer": "TTI9B27", "path": "C:/KMLs/Estevao/01-07-2026/Coleta/Trajeto_TTI9B27.kml|layername=Trajeto|geometrytype=Point|uniqueGeometryType=yes", "Velocidade": 24.0, "Data": "2026-07-01", "hora": "21:28:11", "Rota": "ROTA 300 (NOITE) - Centro - Seg a Sab", "Turno": "Noite", "Dias_da_semana": [ "seg", "ter", "qua", "qui", "sex", "sab" ], "Hit_Rate": 66.67, "Status": "Validado", "Bloco": "Seg_a_Sab" }, "geometry": { "type": "MultiLineString", "coordinates": [ [ [ 672582.695854314486496, 7479291.37811928242445 ], [ 672600.655369868385606, 7479309.622402598150074 ], [ 672611.218917169026099, 7479317.603995168581605 ] ] ] } },
{ "type": "Feature", "properties": { "id": "Centro.20", "id_trecho": 1229, "Name": "Rua Nilo Vieira", "description": null, "Extensao_m": 156.58420081480398, "Bairro_logradouros": "Centro", "Bairro_rotas": "Centro", "Distrito": "1º", "Lote": "I", "Name_2": "Ponto 1548", "description_2": "Velocidade: 0km/h<br>01/07/2026 21:43:49", "layer": "TTI9B27", "path": "C:/KMLs/Estevao/01-07-2026/Coleta/Trajeto_TTI9B27.kml|layername=Trajeto|geometrytype=Point|uniqueGeometryType=yes", "Velocidade": 0.0, "Data": "2026-07-01", "hora": "21:43:49", "Rota": "ROTA 300 (NOITE) - Centro - Seg a Sab", "Turno": "Noite", "Dias_da_semana": [ "seg", "ter", "qua", "qui", "sex", "sab" ], "Hit_Rate": 44.44, "Status": "Baixo hit rate", "Bloco": "Seg_a_Sab" }, "geometry": { "type": "MultiLineString", "coordinates": [ [ [ 672776.546900061774068, 7479066.707706190645695 ], [ 672860.906270523788407, 7479198.618993422016501 ] ] ] } },
{ "type": "Feature", "properties": { "id": "Centro.151", "id_trecho": 1272, "Name": "Rua Piratini", "description": null, "Extensao_m": 117.70906688190377, "Bairro_logradouros": "Centro", "Bairro_rotas": "Centro", "Distrito": "1º", "Lote": "I", "Name_2": "Ponto 1033", "description_2": "Velocidade: 30km/h<br>01/07/2026 20:06:56", "layer": "TTJ3E60", "path": "C:/KMLs/Estevao/01-07-2026/Coleta/Trajeto_TTJ3E60.kml|layername=Trajeto|geometrytype=Point|uniqueGeometryType=yes", "Velocidade": 30.0, "Data": "2026-07-01", "hora": "20:06:56", "Rota": "ROTA 300 (NOITE) - Centro - Seg a Sab", "Turno": "Noite", "Dias_da_semana": [ "seg", "ter", "qua", "qui", "sex", "sab" ], "Hit_Rate": 94.44, "Status": "Validado", "Bloco": "Seg_a_Sab" }, "geometry": { "type": "MultiLineString", "coordinates": [ [ [ 673351.69179703167174, 7478424.662382094189525 ], [ 673269.423774376162328, 7478383.363637681119144 ], [ 673258.723466056166217, 7478378.790204394608736 ], [ 673256.147150552715175, 7478377.977952862158418 ], [ 673253.162563815480098, 7478377.380777375772595 ], [ 673249.627866220427677, 7478377.16641454026103 ], [ 673244.953901389730163, 7478377.895314884372056 ] ] ] } },
{ "type": "Feature", "properties": { "id": "Centro.147", "id_trecho": 882, "Name": "Avenida Doutor Manoel Teles", "description": null, "Extensao_m": 82.053375428200056, "Bairro_logradouros": "Centro", "Bairro_rotas": "Centro", "Distrito": "1º", "Lote": "I", "Name_2": "Ponto 1034", "description_2": "Velocidade: 5km/h<br>01/07/2026 20:07:56", "layer": "TTJ3E60", "path": "C:/KMLs/Estevao/01-07-2026/Coleta/Trajeto_TTJ3E60.kml|layername=Trajeto|geometrytype=Point|uniqueGeometryType=yes", "Velocidade": 5.0, "Data": "2026-07-01", "hora": "20:07:56", "Rota": "ROTA 300 (NOITE) - Centro - Seg a Sab", "Turno": "Noite", "Dias_da_semana": [ "seg", "ter", "qua", "qui", "sex", "sab" ], "Hit_Rate": 100.0, "Status": "Validado", "Bloco": "Seg_a_Sab" }, "geometry": { "type": "MultiLineString", "coordinates": [ [ [ 673153.520772145013325, 7478615.036132233217359 ], [ 673091.128576731309295, 7478561.748514400795102 ] ] ] } },
{ "type": "Feature", "properties": { "id": "Bar_dos_Cavalheiros.141", "id_trecho": 14, "Name": "Avenida Doutor Manoel Teles", "description": null, "Extensao_m": 7.5660209733418649, "Bairro_logradouros": "Bar dos Cavalheiros", "Bairro_rotas": "Centro", "Distrito": "1º", "Lote": "I", "Name_2": "Ponto 1036", "description_2": "Velocidade: 4km/h<br>01/07/2026 20:08:31", "layer": "TTJ3E60", "path": "C:/KMLs/Estevao/01-07-2026/Coleta/Trajeto_TTJ3E60.kml|layername=Trajeto|geometrytype=Point|uniqueGeometryType=yes", "Velocidade": 4.0, "Data": "2026-07-01", "hora": "20:08:31", "Rota": "ROTA 300 (NOITE) - Centro - Seg a Sab", "Turno": "Noite", "Dias_da_semana": [ "seg", "ter", "qua", "qui", "sex", "sab" ], "Hit_Rate": 11.11, "Status": "Baixo hit rate", "Bloco": "Seg_a_Sab" }, "geometry": { "type": "MultiLineString", "coordinates": [ [ [ 673027.417252102750354, 7478505.616192191839218 ], [ 673024.39303465699777, 7478503.028309302404523 ], [ 673021.665950676542707, 7478500.700530156493187 ] ] ] } },
{ "type": "Feature", "properties": { "id": "Bar_dos_Cavalheiros.141", "id_trecho": 20, "Name": "Avenida Doutor Manoel Teles", "description": null, "Extensao_m": 130.36704576442088, "Bairro_logradouros": "Bar dos Cavalheiros", "Bairro_rotas": "Centro", "Distrito": "1º", "Lote": "I", "Name_2": "Ponto 1184", "description_2": "Velocidade: 16km/h<br>01/07/2026 21:26:44", "layer": "TTJ3E60", "path": "C:/KMLs/Estevao/01-07-2026/Coleta/Trajeto_TTJ3E60.kml|layername=Trajeto|geometrytype=Point|uniqueGeometryType=yes", "Velocidade": 16.0, "Data": "2026-07-01", "hora": "21:26:44", "Rota": "ROTA 300 (NOITE) - Centro - Seg a Sab", "Turno": "Noite", "Dias_da_semana": [ "seg", "ter", "qua", "qui", "sex", "sab" ], "Hit_Rate": 72.22, "Status": "Validado", "Bloco": "Seg_a_Sab" }, "geometry": { "type": "MultiLineString", "coordinates": [ [ [ 672798.142169052385725, 7478304.570756837725639 ], [ 672702.249728120630607, 7478216.258004551753402 ] ] ] } },
{ "type": "Feature", "properties": { "id": "Bar_dos_Cavalheiros.141", "id_trecho": 22, "Name": "Avenida Doutor Manoel Teles", "description": null, "Extensao_m": 49.26298847234807, "Bairro_logradouros": "Bar dos Cavalheiros", "Bairro_rotas": "Centro", "Distrito": "1º", "Lote": "I", "Name_2": "Ponto 1190", "description_2": "Velocidade: 8km/h<br>01/07/2026 21:27:34", "layer": "TTJ3E60", "path": "C:/KMLs/Estevao/01-07-2026/Coleta/Trajeto_TTJ3E60.kml|layername=Trajeto|geometrytype=Point|uniqueGeometryType=yes", "Velocidade": 8.0, "Data": "2026-07-01", "hora": "21:27:34", "Rota": "ROTA 300 (NOITE) - Centro - Seg a Sab", "Turno": "Noite", "Dias_da_semana": [ "seg", "ter", "qua", "qui", "sex", "sab" ], "Hit_Rate": 55.56, "Status": "Baixo hit rate", "Bloco": "Seg_a_Sab" }, "geometry": { "type": "MultiLineString", "coordinates": [ [ [ 672594.186708671739325, 7478079.731977378949523 ], [ 672577.712624684441835, 7478033.306863146834075 ] ] ] } },
{ "type": "Feature", "properties": { "id": "Bar_dos_Cavalheiros.141", "id_trecho": 23, "Name": "Avenida Doutor Manoel Teles", "description": null, "Extensao_m": 108.39131796265571, "Bairro_logradouros": "Bar dos Cavalheiros", "Bairro_rotas": "Centro", "Distrito": "1º", "Lote": "I", "Name_2": "Ponto 1193", "description_2": "Velocidade: 28km/h<br>01/07/2026 21:27:57", "layer": "TTJ3E60", "path": "C:/KMLs/Estevao/01-07-2026/Coleta/Trajeto_TTJ3E60.kml|layername=Trajeto|geometrytype=Point|uniqueGeometryType=yes", "Velocidade": 28.0, "Data": "2026-07-01", "hora": "21:27:57", "Rota": "ROTA 300 (NOITE) - Centro - Seg a Sab", "Turno": "Noite", "Dias_da_semana": [ "seg", "ter", "qua", "qui", "sex", "sab" ], "Hit_Rate": 27.78, "Status": "Baixo hit rate", "Bloco": "Seg_a_Sab" }, "geometry": { "type": "MultiLineString", "coordinates": [ [ [ 672577.712624684441835, 7478033.306863146834075 ], [ 672545.168571521877311, 7477929.920172301121056 ] ] ] } },
{ "type": "Feature", "properties": { "id": "Bar_dos_Cavalheiros.141", "id_trecho": 24, "Name": "Avenida Doutor Manoel Teles", "description": null, "Extensao_m": 56.446062824667294, "Bairro_logradouros": "Bar dos Cavalheiros", "Bairro_rotas": "Centro", "Distrito": "1º", "Lote": "I", "Name_2": "Ponto 1194", "description_2": "Velocidade: 9km/h<br>01/07/2026 21:27:59", "layer": "TTJ3E60", "path": "C:/KMLs/Estevao/01-07-2026/Coleta/Trajeto_TTJ3E60.kml|layername=Trajeto|geometrytype=Point|uniqueGeometryType=yes", "Velocidade": 9.0, "Data": "2026-07-01", "hora": "21:27:59", "Rota": "ROTA 300 (NOITE) - Centro - Seg a Sab", "Turno": "Noite", "Dias_da_semana": [ "seg", "ter", "qua", "qui", "sex", "sab" ], "Hit_Rate": 61.11, "Status": "Baixo hit rate", "Bloco": "Seg_a_Sab" }, "geometry": { "type": "MultiLineString", "coordinates": [ [ [ 672545.168571521877311, 7477929.920172301121056 ], [ 672534.386319505632855, 7477901.83608272857964 ], [ 672522.822377652861178, 7477878.1463687652722 ] ] ] } },
{ "type": "Feature", "properties": { "id": "Centro.147", "id_trecho": 883, "Name": "Avenida Doutor Manoel Teles", "description": null, "Extensao_m": 70.435348578379745, "Bairro_logradouros": "Centro", "Bairro_rotas": "Centro", "Distrito": "1º", "Lote": "I", "Name_2": "Ponto 1254", "description_2": "Velocidade: 31km/h<br>01/07/2026 22:03:56", "layer": "TTJ3E60", "path": "C:/KMLs/Estevao/01-07-2026/Coleta/Trajeto_TTJ3E60.kml|layername=Trajeto|geometrytype=Point|uniqueGeometryType=yes", "Velocidade": 31.0, "Data": "2026-07-01", "hora": "22:03:56", "Rota": "ROTA 300 (NOITE) - Centro - Seg a Sab", "Turno": "Noite", "Dias_da_semana": [ "seg", "ter", "qua", "qui", "sex", "sab" ], "Hit_Rate": 77.78, "Status": "Validado", "Bloco": "Seg_a_Sab" }, "geometry": { "type": "MultiLineString", "coordinates": [ [ [ 673091.128576731309295, 7478561.748514400795102 ], [ 673038.361931979423389, 7478515.095302017405629 ] ] ] } },
{ "type": "Feature", "properties": { "id": "Bar_dos_Cavalheiros.141", "id_trecho": 19, "Name": "Avenida Doutor Manoel Teles", "description": null, "Extensao_m": 15.99257349181498, "Bairro_logradouros": "Bar dos Cavalheiros", "Bairro_rotas": "Centro", "Distrito": "1º", "Lote": "I", "Name_2": "Ponto 890", "description_2": "Velocidade: 0km/h<br>01/07/2026 20:42:48", "layer": "TTM5J19", "path": "C:/KMLs/Estevao/01-07-2026/Coleta/Trajeto_TTM5J19.kml|layername=Trajeto|geometrytype=Point|uniqueGeometryType=yes", "Velocidade": 0.0, "Data": "2026-07-01", "hora": "20:42:48", "Rota": "ROTA 300 (NOITE) - Centro - Seg a Sab", "Turno": "Noite", "Dias_da_semana": [ "seg", "ter", "qua", "qui", "sex", "sab" ], "Hit_Rate": 83.33, "Status": "Validado", "Bloco": "Seg_a_Sab" }, "geometry": { "type": "MultiLineString", "coordinates": [ [ [ 672810.051475252490491, 7478315.243850853294134 ], [ 672798.142169052385725, 7478304.570756837725639 ] ] ] } },
{ "type": "Feature", "properties": { "id": "Centro.38", "id_trecho": 1159, "Name": "Rua Frei Fidélis", "description": null, "Extensao_m": 61.934292604846007, "Bairro_logradouros": "Centro", "Bairro_rotas": "Centro", "Distrito": "1º", "Lote": "I", "Name_2": "Ponto 904", "description_2": "Velocidade: 19km/h<br>01/07/2026 20:45:15", "layer": "TTM5J19", "path": "C:/KMLs/Estevao/01-07-2026/Coleta/Trajeto_TTM5J19.kml|layername=Trajeto|geometrytype=Point|uniqueGeometryType=yes", "Velocidade": 19.0, "Data": "2026-07-01", "hora": "20:45:15", "Rota": "ROTA 300 (NOITE) - Centro - Seg a Sab", "Turno": "Noite", "Dias_da_semana": [ "seg", "ter", "qua", "qui", "sex", "sab" ], "Hit_Rate": 72.22, "Status": "Validado", "Bloco": "Seg_a_Sab" }, "geometry": { "type": "MultiLineString", "coordinates": [ [ [ 673457.222509971354157, 7478382.813141644001007 ], [ 673477.05326505668927, 7478341.743633564561605 ], [ 673487.931840374134481, 7478329.570196393877268 ] ] ] } },
{ "type": "Feature", "properties": { "id": "Bar_dos_Cavalheiros.141", "id_trecho": 26, "Name": "Avenida Doutor Manoel Teles", "description": null, "Extensao_m": 11.298679710710603, "Bairro_logradouros": "Bar dos Cavalheiros", "Bairro_rotas": "Centro", "Distrito": "1º", "Lote": "I", "Name_2": "Ponto 1010", "description_2": "Velocidade: 7km/h<br>01/07/2026 21:26:34", "layer": "TTM5J19", "path": "C:/KMLs/Estevao/01-07-2026/Coleta/Trajeto_TTM5J19.kml|layername=Trajeto|geometrytype=Point|uniqueGeometryType=yes", "Velocidade": 7.0, "Data": "2026-07-01", "hora": "21:26:34", "Rota": "ROTA 300 (NOITE) - Centro - Seg a Sab", "Turno": "Noite", "Dias_da_semana": [ "seg", "ter", "qua", "qui", "sex", "sab" ], "Hit_Rate": 88.89, "Status": "Validado", "Bloco": "Seg_a_Sab" }, "geometry": { "type": "MultiLineString", "coordinates": [ [ [ 672479.518497682060115, 7477836.190215289592743 ], [ 672474.639008654979989, 7477833.277722850441933 ], [ 672469.811357175116427, 7477830.408937644213438 ] ] ] } },
{ "type": "Feature", "properties": { "id": "Bar_dos_Cavalheiros.141", "id_trecho": 12, "Name": "Avenida Doutor Manoel Teles", "description": null, "Extensao_m": 82.305466282889569, "Bairro_logradouros": "Bar dos Cavalheiros", "Bairro_rotas": "Centro", "Distrito": "1º", "Lote": "I", "Name_2": "Ponto 1018", "description_2": "Velocidade: 21km/h<br>01/07/2026 21:27:44", "layer": "TTM5J19", "path": "C:/KMLs/Estevao/01-07-2026/Coleta/Trajeto_TTM5J19.kml|layername=Trajeto|geometrytype=Point|uniqueGeometryType=yes", "Velocidade": 21.0, "Data": "2026-07-01", "hora": "21:27:44", "Rota": "ROTA 300 (NOITE) - Centro - Seg a Sab", "Turno": "Noite", "Dias_da_semana": [ "seg", "ter", "qua", "qui", "sex", "sab" ], "Hit_Rate": 38.89, "Status": "Baixo hit rate", "Bloco": "Seg_a_Sab" }, "geometry": { "type": "MultiLineString", "coordinates": [ [ [ 672199.353075781604275, 7477847.988350344821811 ], [ 672201.8450962821953, 7477869.433446424081922 ], [ 672205.28479407785926, 7477930.049225118011236 ] ] ] } },
{ "type": "Feature", "properties": { "id": "Bar_dos_Cavalheiros.164", "id_trecho": 99, "Name": "Avenida Nilo Peçanha", "description": null, "Extensao_m": 99.096115929480575, "Bairro_logradouros": "Bar dos Cavalheiros", "Bairro_rotas": "Centro", "Distrito": "1º", "Lote": "I", "Name_2": "Ponto 1157", "description_2": "Velocidade: 16km/h<br>01/07/2026 22:57:05", "layer": "TTM5J19", "path": "C:/KMLs/Estevao/01-07-2026/Coleta/Trajeto_TTM5J19.kml|layername=Trajeto|geometrytype=Point|uniqueGeometryType=yes", "Velocidade": 16.0, "Data": "2026-07-01", "hora": "22:57:05", "Rota": "ROTA 300 (NOITE) - Centro - Seg a Sab", "Turno": "Noite", "Dias_da_semana": [ "seg", "ter", "qua", "qui", "sex", "sab" ], "Hit_Rate": 38.89, "Status": "Baixo hit rate", "Bloco": "Seg_a_Sab" }, "geometry": { "type": "MultiLineString", "coordinates": [ [ [ 671728.284104904159904, 7478899.207193423062563 ], [ 671720.874090767931193, 7478865.957014538347721 ], [ 671714.607643822557293, 7478835.761511448770761 ], [ 671707.616248224396259, 7478802.296178648248315 ] ] ] } },
{ "type": "Feature", "properties": { "id": "Bar_dos_Cavalheiros.164", "id_trecho": 118, "Name": "Avenida Nilo Peçanha", "description": null, "Extensao_m": 101.36345652340003, "Bairro_logradouros": "Bar dos Cavalheiros", "Bairro_rotas": "Centro", "Distrito": "1º", "Lote": "I", "Name_2": "Ponto 1158", "description_2": "Velocidade: 36km/h<br>01/07/2026 22:58:05", "layer": "TTM5J19", "path": "C:/KMLs/Estevao/01-07-2026/Coleta/Trajeto_TTM5J19.kml|layername=Trajeto|geometrytype=Point|uniqueGeometryType=yes", "Velocidade": 36.0, "Data": "2026-07-01", "hora": "22:58:05", "Rota": "ROTA 300 (NOITE) - Centro - Seg a Sab", "Turno": "Noite", "Dias_da_semana": [ "seg", "ter", "qua", "qui", "sex", "sab" ], "Hit_Rate": 83.33, "Status": "Validado", "Bloco": "Seg_a_Sab" }, "geometry": { "type": "MultiLineString", "coordinates": [ [ [ 671990.819743224419653, 7479057.124296371825039 ], [ 672072.639990340219811, 7479116.951474631205201 ] ] ] } },
{ "type": "Feature", "properties": { "id": "Bar_dos_Cavalheiros.164", "id_trecho": 119, "Name": "Avenida Nilo Peçanha", "description": null, "Extensao_m": 103.35109788164743, "Bairro_logradouros": "Bar dos Cavalheiros", "Bairro_rotas": "Centro", "Distrito": "1º", "Lote": "I", "Name_2": "Ponto 1166", "description_2": "Velocidade: 18km/h<br>01/07/2026 19:53:35", "layer": "TTS0J06", "path": "C:/KMLs/Estevao/01-07-2026/Coleta/Trajeto_TTS0J06.kml|layername=Trajeto|geometrytype=Point|uniqueGeometryType=yes", "Velocidade": 18.0, "Data": "2026-07-01", "hora": "19:53:35", "Rota": "ROTA 300 (NOITE) - Centro - Seg a Sab", "Turno": "Noite", "Dias_da_semana": [ "seg", "ter", "qua", "qui", "sex", "sab" ], "Hit_Rate": 94.44, "Status": "Validado", "Bloco": "Seg_a_Sab" }, "geometry": { "type": "MultiLineString", "coordinates": [ [ [ 672072.639990340219811, 7479116.951474631205201 ], [ 672151.682792934589088, 7479183.531936539337039 ] ] ] } },
{ "type": "Feature", "properties": { "id": "Bar_dos_Cavalheiros.141", "id_trecho": 30, "Name": "Avenida Doutor Manoel Teles", "description": null, "Extensao_m": 69.101383666893042, "Bairro_logradouros": "Bar dos Cavalheiros", "Bairro_rotas": "Centro", "Distrito": "1º", "Lote": "I", "Name_2": "Ponto 1424", "description_2": "Velocidade: 7km/h<br>01/07/2026 21:56:05", "layer": "TTS0J06", "path": "C:/KMLs/Estevao/01-07-2026/Coleta/Trajeto_TTS0J06.kml|layername=Trajeto|geometrytype=Point|uniqueGeometryType=yes", "Velocidade": 7.0, "Data": "2026-07-01", "hora": "21:56:05", "Rota": "ROTA 300 (NOITE) - Centro - Seg a Sab", "Turno": "Noite", "Dias_da_semana": [ "seg", "ter", "qua", "qui", "sex", "sab" ], "Hit_Rate": 44.44, "Status": "Baixo hit rate", "Bloco": "Seg_a_Sab" }, "geometry": { "type": "MultiLineString", "coordinates": [ [ [ 672259.0818977272138, 7477814.640700692310929 ], [ 672209.297964157070965, 7477838.539711810648441 ], [ 672205.078958058846183, 7477841.345136499032378 ], [ 672201.818749445257708, 7477844.494061055593193 ], [ 672199.353075781604275, 7477847.988350344821811 ] ] ] } },
{ "type": "Feature", "properties": { "id": "Bar_dos_Cavalheiros.141", "id_trecho": 29, "Name": "Avenida Doutor Manoel Teles", "description": null, "Extensao_m": 41.808088677029026, "Bairro_logradouros": "Bar dos Cavalheiros", "Bairro_rotas": "Centro", "Distrito": "1º", "Lote": "I", "Name_2": "Ponto 1427", "description_2": "Velocidade: 10km/h<br>01/07/2026 21:56:28", "layer": "TTS0J06", "path": "C:/KMLs/Estevao/01-07-2026/Coleta/Trajeto_TTS0J06.kml|layername=Trajeto|geometrytype=Point|uniqueGeometryType=yes", "Velocidade": 10.0, "Data": "2026-07-01", "hora": "21:56:28", "Rota": "ROTA 300 (NOITE) - Centro - Seg a Sab", "Turno": "Noite", "Dias_da_semana": [ "seg", "ter", "qua", "qui", "sex", "sab" ], "Hit_Rate": 50.0, "Status": "Baixo hit rate", "Bloco": "Seg_a_Sab" }, "geometry": { "type": "MultiLineString", "coordinates": [ [ [ 672296.767027840251103, 7477796.781600006856024 ], [ 672288.806804039282724, 7477799.253001991659403 ], [ 672259.0818977272138, 7477814.640700692310929 ] ] ] } },
{ "type": "Feature", "properties": { "id": "Centro.38", "id_trecho": 1158, "Name": "Rua Frei Fidélis", "description": null, "Extensao_m": 54.464440340533223, "Bairro_logradouros": "Centro", "Bairro_rotas": "Centro", "Distrito": "1º", "Lote": "I", "Name_2": "Ponto 1443", "description_2": "Velocidade: 37km/h<br>01/07/2026 22:01:23", "layer": "TTS0J06", "path": "C:/KMLs/Estevao/01-07-2026/Coleta/Trajeto_TTS0J06.kml|layername=Trajeto|geometrytype=Point|uniqueGeometryType=yes", "Velocidade": 37.0, "Data": "2026-07-01", "hora": "22:01:23", "Rota": "ROTA 300 (NOITE) - Centro - Seg a Sab", "Turno": "Noite", "Dias_da_semana": [ "seg", "ter", "qua", "qui", "sex", "sab" ], "Hit_Rate": 88.89, "Status": "Validado", "Bloco": "Seg_a_Sab" }, "geometry": { "type": "MultiLineString", "coordinates": [ [ [ 673434.128263159072958, 7478432.137202050536871 ], [ 673457.222509971354157, 7478382.813141644001007 ] ] ] } },
{ "type": "Feature", "properties": { "id": "Centro.132", "id_trecho": 924, "Name": "Avenida Governador Leonel de Moura Brizola", "description": null, "Extensao_m": 78.329824868658477, "Bairro_logradouros": "Centro", "Bairro_rotas": "Centro", "Distrito": "1º", "Lote": "I", "Name_2": "Ponto 1449", "description_2": "Velocidade: 24km/h<br>01/07/2026 22:01:55", "layer": "TTS0J06", "path": "C:/KMLs/Estevao/01-07-2026/Coleta/Trajeto_TTS0J06.kml|layername=Trajeto|geometrytype=Point|uniqueGeometryType=yes", "Velocidade": 24.0, "Data": "2026-07-01", "hora": "22:01:55", "Rota": "ROTA 300 (NOITE) - Centro - Seg a Sab", "Turno": "Noite", "Dias_da_semana": [ "seg", "ter", "qua", "qui", "sex", "sab" ], "Hit_Rate": 88.89, "Status": "Validado", "Bloco": "Seg_a_Sab" }, "geometry": { "type": "MultiLineString", "coordinates": [ [ [ 673623.911266031675041, 7478397.629651239141822 ], [ 673646.601641016779467, 7478377.679533798247576 ], [ 673653.656896360567771, 7478371.48566535115242 ], [ 673684.970833358354867, 7478348.701397884637117 ] ] ] } },
{ "type": "Feature", "properties": { "id": "Centro.132", "id_trecho": 928, "Name": "Avenida Governador Leonel de Moura Brizola", "description": null, "Extensao_m": 71.178224823726765, "Bairro_logradouros": "Centro", "Bairro_rotas": "Centro", "Distrito": "1º", "Lote": "I", "Name_2": "Ponto 1455", "description_2": "Velocidade: 48km/h<br>01/07/2026 22:03:23", "layer": "TTS0J06", "path": "C:/KMLs/Estevao/01-07-2026/Coleta/Trajeto_TTS0J06.kml|layername=Trajeto|geometrytype=Point|uniqueGeometryType=yes", "Velocidade": 48.0, "Data": "2026-07-01", "hora": "22:03:23", "Rota": "ROTA 300 (NOITE) - Centro - Seg a Sab", "Turno": "Noite", "Dias_da_semana": [ "seg", "ter", "qua", "qui", "sex", "sab" ], "Hit_Rate": 88.89, "Status": "Validado", "Bloco": "Seg_a_Sab" }, "geometry": { "type": "MultiLineString", "coordinates": [ [ [ 673884.338596483226866, 7478255.562860270962119 ], [ 673855.664187712711282, 7478276.567562166601419 ], [ 673840.877032162505202, 7478284.544510863721371 ], [ 673824.46125186199788, 7478293.769372440874577 ] ] ] } },
{ "type": "Feature", "properties": { "id": "Centro.120", "id_trecho": 897, "Name": "Avenida Doutor Plínio Casado", "description": null, "Extensao_m": 66.410504654632959, "Bairro_logradouros": "Centro", "Bairro_rotas": "Centro", "Distrito": "1º", "Lote": "I", "Name_2": "Ponto 1458", "description_2": "Velocidade: 31km/h<br>01/07/2026 22:06:23", "layer": "TTS0J06", "path": "C:/KMLs/Estevao/01-07-2026/Coleta/Trajeto_TTS0J06.kml|layername=Trajeto|geometrytype=Point|uniqueGeometryType=yes", "Velocidade": 31.0, "Data": "2026-07-01", "hora": "22:06:23", "Rota": "ROTA 300 (NOITE) - Centro - Seg a Sab", "Turno": "Noite", "Dias_da_semana": [ "seg", "ter", "qua", "qui", "sex", "sab" ], "Hit_Rate": 27.78, "Status": "Baixo hit rate", "Bloco": "Seg_a_Sab" }, "geometry": { "type": "MultiLineString", "coordinates": [ [ [ 673579.986823225859553, 7479451.274890050292015 ], [ 673586.790413110051304, 7479517.334117962047458 ] ] ] } },
{ "type": "Feature", "properties": { "id": "Centro.132", "id_trecho": 941, "Name": "Avenida Governador Leonel de Moura Brizola", "description": null, "Extensao_m": 169.90439203259263, "Bairro_logradouros": "Centro", "Bairro_rotas": "Centro", "Distrito": "1º", "Lote": "I", "Name_2": "Ponto 1459", "description_2": "Velocidade: 0km/h<br>01/07/2026 22:07:23", "layer": "TTS0J06", "path": "C:/KMLs/Estevao/01-07-2026/Coleta/Trajeto_TTS0J06.kml|layername=Trajeto|geometrytype=Point|uniqueGeometryType=yes", "Velocidade": 0.0, "Data": "2026-07-01", "hora": "22:07:23", "Rota": "ROTA 300 (NOITE) - Centro - Seg a Sab", "Turno": "Noite", "Dias_da_semana": [ "seg", "ter", "qua", "qui", "sex", "sab" ], "Hit_Rate": 27.78, "Status": "Baixo hit rate", "Bloco": "Seg_a_Sab" }, "geometry": { "type": "MultiLineString", "coordinates": [ [ [ 673629.010195892304182, 7479708.086149794980884 ], [ 673632.756790691753849, 7479725.906504331156611 ], [ 673659.690711276140064, 7479853.254460714757442 ], [ 673664.316048938781023, 7479874.276370722800493 ] ] ] } },
{ "type": "Feature", "properties": { "id": "Centro.3", "id_trecho": 975, "Name": "Avenida Nilo Peçanha", "description": null, "Extensao_m": 62.420745917785595, "Bairro_logradouros": "Centro", "Bairro_rotas": "Centro", "Distrito": "1º", "Lote": "I", "Name_2": "Ponto 1016", "description_2": "Velocidade: 8km/h<br>01/07/2026 17:05:15", "layer": "TTW7E72", "path": "C:/KMLs/Estevao/01-07-2026/Coleta/Trajeto_TTW7E72.kml|layername=Trajeto|geometrytype=Point|uniqueGeometryType=yes", "Velocidade": 8.0, "Data": "2026-07-01", "hora": "17:05:15", "Rota": "ROTA 300 (NOITE) - Centro - Seg a Sab", "Turno": "Noite", "Dias_da_semana": [ "seg", "ter", "qua", "qui", "sex", "sab" ], "Hit_Rate": 100.0, "Status": "Validado", "Bloco": "Seg_a_Sab" }, "geometry": { "type": "MultiLineString", "coordinates": [ [ [ 673104.445521513000131, 7479083.017206005752087 ], [ 673166.372482454869896, 7479090.838324291631579 ] ] ] } },
{ "type": "Feature", "properties": { "id": "Centro.3", "id_trecho": 972, "Name": "Avenida Nilo Peçanha", "description": null, "Extensao_m": 78.377405303662755, "Bairro_logradouros": "Centro", "Bairro_rotas": "Centro", "Distrito": "1º", "Lote": "I", "Name_2": "Ponto 1112", "description_2": "Velocidade: 4km/h<br>01/07/2026 18:29:15", "layer": "TTW7E72", "path": "C:/KMLs/Estevao/01-07-2026/Coleta/Trajeto_TTW7E72.kml|layername=Trajeto|geometrytype=Point|uniqueGeometryType=yes", "Velocidade": 4.0, "Data": "2026-07-01", "hora": "18:29:15", "Rota": "ROTA 300 (NOITE) - Centro - Seg a Sab", "Turno": "Noite", "Dias_da_semana": [ "seg", "ter", "qua", "qui", "sex", "sab" ], "Hit_Rate": 100.0, "Status": "Validado", "Bloco": "Seg_a_Sab" }, "geometry": { "type": "MultiLineString", "coordinates": [ [ [ 672952.648028918541968, 7479151.847614273428917 ], [ 673022.753412195248529, 7479116.806485249660909 ] ] ] } },
{ "type": "Feature", "properties": { "id": "Centro.135", "id_trecho": 1151, "Name": "Rua Fausto Cardoso", "description": null, "Extensao_m": 112.2398887489046, "Bairro_logradouros": "Centro", "Bairro_rotas": "Centro", "Distrito": "1º", "Lote": "I", "Name_2": "Ponto 1128", "description_2": "Velocidade: 7km/h<br>01/07/2026 18:38:05", "layer": "TTW7E72", "path": "C:/KMLs/Estevao/01-07-2026/Coleta/Trajeto_TTW7E72.kml|layername=Trajeto|geometrytype=Point|uniqueGeometryType=yes", "Velocidade": 7.0, "Data": "2026-07-01", "hora": "18:38:05", "Rota": "ROTA 300 (NOITE) - Centro - Seg a Sab", "Turno": "Noite", "Dias_da_semana": [ "seg", "ter", "qua", "qui", "sex", "sab" ], "Hit_Rate": 77.78, "Status": "Validado", "Bloco": "Seg_a_Sab" }, "geometry": { "type": "MultiLineString", "coordinates": [ [ [ 673077.405238862615079, 7478764.834114867262542 ], [ 673129.192949460470118, 7478665.259645909070969 ] ] ] } },
{ "type": "Feature", "properties": { "id": "Parque_Fluminense.175", "id_trecho": 4718, "Name": "Avenida Governador Leonel de Moura Brizola", "description": null, "Extensao_m": 84.410273615242673, "Bairro_logradouros": "Parque Fluminense", "Bairro_rotas": "Centro", "Distrito": "2º", "Lote": "I", "Name_2": "Ponto 1204", "description_2": "Velocidade: 0km/h<br>01/07/2026 17:02:36", "layer": "TUA3H22", "path": "C:/KMLs/Estevao/01-07-2026/Coleta/Trajeto_TUA3H22.kml|layername=Trajeto|geometrytype=Point|uniqueGeometryType=yes", "Velocidade": 0.0, "Data": "2026-07-01", "hora": "17:02:36", "Rota": "ROTA 300 (NOITE) - Centro - Seg a Sab", "Turno": "Noite", "Dias_da_semana": [ "seg", "ter", "qua", "qui", "sex", "sab" ], "Hit_Rate": 38.89, "Status": "Baixo hit rate", "Bloco": "Seg_a_Sab" }, "geometry": { "type": "MultiLineString", "coordinates": [ [ [ 672819.977212255005725, 7486237.78256425075233 ], [ 672893.07652923418209, 7486195.578956060111523 ] ] ] } },
{ "type": "Feature", "properties": { "id": "Parque_Fluminense.175", "id_trecho": 4720, "Name": "Avenida Governador Leonel de Moura Brizola", "description": null, "Extensao_m": 352.34689456299395, "Bairro_logradouros": "Parque Fluminense", "Bairro_rotas": "Centro", "Distrito": "2º", "Lote": "I", "Name_2": "Ponto 1206", "description_2": "Velocidade: 10km/h<br>01/07/2026 17:03:17", "layer": "TUA3H22", "path": "C:/KMLs/Estevao/01-07-2026/Coleta/Trajeto_TUA3H22.kml|layername=Trajeto|geometrytype=Point|uniqueGeometryType=yes", "Velocidade": 10.0, "Data": "2026-07-01", "hora": "17:03:17", "Rota": "ROTA 300 (NOITE) - Centro - Seg a Sab", "Turno": "Noite", "Dias_da_semana": [ "seg", "ter", "qua", "qui", "sex", "sab" ], "Hit_Rate": 33.33, "Status": "Baixo hit rate", "Bloco": "Seg_a_Sab" }, "geometry": { "type": "MultiLineString", "coordinates": [ [ [ 672951.641758310841396, 7486159.985329676419497 ], [ 672991.999488261295483, 7486134.997155077755451 ], [ 673037.846883653663099, 7486107.631936953403056 ], [ 673070.68587788939476, 7486088.210791954770684 ], [ 673101.849395859171636, 7486067.811918698251247 ], [ 673132.57040090020746, 7486041.028074752539396 ], [ 673157.475391311221756, 7486015.041206078603864 ], [ 673188.608680892270058, 7485977.554665591567755 ], [ 673208.55627487716265, 7485951.989533664658666 ], [ 673218.730206892127171, 7485936.934424959123135 ] ] ] } },
{ "type": "Feature", "properties": { "id": "Parque_Fluminense.175", "id_trecho": 4721, "Name": "Avenida Governador Leonel de Moura Brizola", "description": null, "Extensao_m": 325.40786909520182, "Bairro_logradouros": "Parque Fluminense", "Bairro_rotas": "Centro", "Distrito": "2º", "Lote": "I", "Name_2": "Ponto 1208", "description_2": "Velocidade: 0km/h<br>01/07/2026 17:04:36", "layer": "TUA3H22", "path": "C:/KMLs/Estevao/01-07-2026/Coleta/Trajeto_TUA3H22.kml|layername=Trajeto|geometrytype=Point|uniqueGeometryType=yes", "Velocidade": 0.0, "Data": "2026-07-01", "hora": "17:04:36", "Rota": "ROTA 300 (NOITE) - Centro - Seg a Sab", "Turno": "Noite", "Dias_da_semana": [ "seg", "ter", "qua", "qui", "sex", "sab" ], "Hit_Rate": 77.78, "Status": "Validado", "Bloco": "Seg_a_Sab" }, "geometry": { "type": "MultiLineString", "coordinates": [ [ [ 673218.730206892127171, 7485936.934424959123135 ], [ 673230.857338904635981, 7485914.769464271143079 ], [ 673241.475992809981108, 7485889.144287563860416 ], [ 673249.419766532606445, 7485861.378949680365622 ], [ 673271.424496882362291, 7485761.12659977376461 ], [ 673279.731253376696259, 7485721.939378483220935 ], [ 673300.654831792693585, 7485623.316108997911215 ] ] ] } },
{ "type": "Feature", "properties": { "id": "Parque_Fluminense.175", "id_trecho": 4741, "Name": "Avenida Governador Leonel de Moura Brizola", "description": null, "Extensao_m": 656.39725452988876, "Bairro_logradouros": "Parque Fluminense", "Bairro_rotas": "Centro", "Distrito": "2º", "Lote": "I", "Name_2": "Ponto 1212", "description_2": "Velocidade: 4km/h<br>01/07/2026 17:06:20", "layer": "TUA3H22", "path": "C:/KMLs/Estevao/01-07-2026/Coleta/Trajeto_TUA3H22.kml|layername=Trajeto|geometrytype=Point|uniqueGeometryType=yes", "Velocidade": 4.0, "Data": "2026-07-01", "hora": "17:06:20", "Rota": "ROTA 300 (NOITE) - Centro - Seg a Sab", "Turno": "Noite", "Dias_da_semana": [ "seg", "ter", "qua", "qui", "sex", "sab" ], "Hit_Rate": 77.78, "Status": "Validado", "Bloco": "Seg_a_Sab" }, "geometry": { "type": "MultiLineString", "coordinates": [ [ [ 673455.716621723142453, 7484888.034344985149801 ], [ 673391.95221291447524, 7485194.039633611217141 ], [ 673358.559848612872884, 7485353.194013281725347 ], [ 673341.995139720616862, 7485430.360960267484188 ], [ 673332.941650552675128, 7485470.697420796379447 ], [ 673319.685092387371697, 7485530.153240885585546 ] ] ] } },
{ "type": "Feature", "properties": { "id": "Parque_Fluminense.175", "id_trecho": 4724, "Name": "Avenida Governador Leonel de Moura Brizola", "description": null, "Extensao_m": 260.08026621106416, "Bairro_logradouros": "Parque Fluminense", "Bairro_rotas": "Centro", "Distrito": "2º", "Lote": "I", "Name_2": "Ponto 1223", "description_2": "Velocidade: 0km/h<br>01/07/2026 17:10:23", "layer": "TUA3H22", "path": "C:/KMLs/Estevao/01-07-2026/Coleta/Trajeto_TUA3H22.kml|layername=Trajeto|geometrytype=Point|uniqueGeometryType=yes", "Velocidade": 0.0, "Data": "2026-07-01", "hora": "17:10:23", "Rota": "ROTA 300 (NOITE) - Centro - Seg a Sab", "Turno": "Noite", "Dias_da_semana": [ "seg", "ter", "qua", "qui", "sex", "sab" ], "Hit_Rate": 50.0, "Status": "Baixo hit rate", "Bloco": "Seg_a_Sab" }, "geometry": { "type": "MultiLineString", "coordinates": [ [ [ 673464.299890600843355, 7484841.280874498188496 ], [ 673470.380709254648536, 7484810.590745821595192 ], [ 673474.213584104203619, 7484792.672914188355207 ], [ 673475.368000610964373, 7484785.804677919484675 ], [ 673477.206262420397252, 7484776.746982113458216 ], [ 673478.760210664942861, 7484767.980461997911334 ], [ 673481.858839082764462, 7484750.536121780052781 ], [ 673499.622173170559108, 7484665.1268743686378 ], [ 673513.764793235808611, 7484600.036172806285322 ], [ 673516.775258498615585, 7484586.579621620476246 ] ] ] } },
{ "type": "Feature", "properties": { "id": "Parque_Fluminense.175", "id_trecho": 4726, "Name": "Avenida Governador Leonel de Moura Brizola", "description": null, "Extensao_m": 259.61049812232011, "Bairro_logradouros": "Parque Fluminense", "Bairro_rotas": "Centro", "Distrito": "2º", "Lote": "I", "Name_2": "Ponto 1226", "description_2": "Velocidade: 11km/h<br>01/07/2026 17:12:33", "layer": "TUA3H22", "path": "C:/KMLs/Estevao/01-07-2026/Coleta/Trajeto_TUA3H22.kml|layername=Trajeto|geometrytype=Point|uniqueGeometryType=yes", "Velocidade": 11.0, "Data": "2026-07-01", "hora": "17:12:33", "Rota": "ROTA 300 (NOITE) - Centro - Seg a Sab", "Turno": "Noite", "Dias_da_semana": [ "seg", "ter", "qua", "qui", "sex", "sab" ], "Hit_Rate": 44.44, "Status": "Baixo hit rate", "Bloco": "Seg_a_Sab" }, "geometry": { "type": "MultiLineString", "coordinates": [ [ [ 673541.738906498532742, 7484462.427281249314547 ], [ 673551.411945819389075, 7484422.49324900098145 ], [ 673561.589912154711783, 7484372.796855391934514 ], [ 673573.763403633143753, 7484317.04210832901299 ], [ 673591.655405473546125, 7484230.412973939441144 ], [ 673596.636392631102353, 7484208.71666425652802 ] ] ] } },
{ "type": "Feature", "properties": { "id": "Vila_São_Jose.216", "id_trecho": 6349, "Name": "Avenida Governador Leonel de Moura Brizola", "description": null, "Extensao_m": 50.553372986699358, "Bairro_logradouros": "Vila São Jose", "Bairro_rotas": "Centro", "Distrito": "2º", "Lote": "I", "Name_2": "Ponto 1339", "description_2": "Velocidade: 22km/h<br>01/07/2026 18:17:36", "layer": "TUA3H22", "path": "C:/KMLs/Estevao/01-07-2026/Coleta/Trajeto_TUA3H22.kml|layername=Trajeto|geometrytype=Point|uniqueGeometryType=yes", "Velocidade": 22.0, "Data": "2026-07-01", "hora": "18:17:36", "Rota": "ROTA 300 (NOITE) - Centro - Seg a Sab", "Turno": "Noite", "Dias_da_semana": [ "seg", "ter", "qua", "qui", "sex", "sab" ], "Hit_Rate": 16.67, "Status": "Baixo hit rate", "Bloco": "Seg_a_Sab" }, "geometry": { "type": "MultiLineString", "coordinates": [ [ [ 673765.520232645678334, 7483441.587454102933407 ], [ 673766.589449086226523, 7483438.075705707073212 ], [ 673771.167080078041181, 7483423.382955284789205 ], [ 673783.645421484485269, 7483394.468906229361892 ] ] ] } },
{ "type": "Feature", "properties": { "id": "Gramacho.230", "id_trecho": 1964, "Name": "Avenida Governador Leonel de Moura Brizola", "description": null, "Extensao_m": 41.953995201537388, "Bairro_logradouros": "Gramacho", "Bairro_rotas": "Centro", "Distrito": "1º", "Lote": "I", "Name_2": "Ponto 1340", "description_2": "Velocidade: 4km/h<br>01/07/2026 18:18:26", "layer": "TUA3H22", "path": "C:/KMLs/Estevao/01-07-2026/Coleta/Trajeto_TUA3H22.kml|layername=Trajeto|geometrytype=Point|uniqueGeometryType=yes", "Velocidade": 4.0, "Data": "2026-07-01", "hora": "18:18:26", "Rota": "ROTA 300 (NOITE) - Centro - Seg a Sab", "Turno": "Noite", "Dias_da_semana": [ "seg", "ter", "qua", "qui", "sex", "sab" ], "Hit_Rate": 50.0, "Status": "Baixo hit rate", "Bloco": "Seg_a_Sab" }, "geometry": { "type": "MultiLineString", "coordinates": [ [ [ 673912.392987008788623, 7483166.60169580206275 ], [ 673928.610784157877788, 7483127.910246962681413 ] ] ] } },
{ "type": "Feature", "properties": { "id": "Gramacho.230", "id_trecho": 1965, "Name": "Avenida Governador Leonel de Moura Brizola", "description": null, "Extensao_m": 98.015320911326725, "Bairro_logradouros": "Gramacho", "Bairro_rotas": "Centro", "Distrito": "1º", "Lote": "I", "Name_2": "Ponto 1341", "description_2": "Velocidade: 7km/h<br>01/07/2026 18:18:36", "layer": "TUA3H22", "path": "C:/KMLs/Estevao/01-07-2026/Coleta/Trajeto_TUA3H22.kml|layername=Trajeto|geometrytype=Point|uniqueGeometryType=yes", "Velocidade": 7.0, "Data": "2026-07-01", "hora": "18:18:36", "Rota": "ROTA 300 (NOITE) - Centro - Seg a Sab", "Turno": "Noite", "Dias_da_semana": [ "seg", "ter", "qua", "qui", "sex", "sab" ], "Hit_Rate": 72.22, "Status": "Validado", "Bloco": "Seg_a_Sab" }, "geometry": { "type": "MultiLineString", "coordinates": [ [ [ 673928.610784157877788, 7483127.910246962681413 ], [ 673965.432193438289687, 7483037.076971326954663 ] ] ] } },
{ "type": "Feature", "properties": { "id": "Gramacho.230", "id_trecho": 1966, "Name": "Avenida Governador Leonel de Moura Brizola", "description": null, "Extensao_m": 122.79354618968586, "Bairro_logradouros": "Gramacho", "Bairro_rotas": "Centro", "Distrito": "1º", "Lote": "I", "Name_2": "Ponto 1343", "description_2": "Velocidade: 13km/h<br>01/07/2026 18:19:36", "layer": "TUA3H22", "path": "C:/KMLs/Estevao/01-07-2026/Coleta/Trajeto_TUA3H22.kml|layername=Trajeto|geometrytype=Point|uniqueGeometryType=yes", "Velocidade": 13.0, "Data": "2026-07-01", "hora": "18:19:36", "Rota": "ROTA 300 (NOITE) - Centro - Seg a Sab", "Turno": "Noite", "Dias_da_semana": [ "seg", "ter", "qua", "qui", "sex", "sab" ], "Hit_Rate": 94.44, "Status": "Validado", "Bloco": "Seg_a_Sab" }, "geometry": { "type": "MultiLineString", "coordinates": [ [ [ 673965.432193438289687, 7483037.076971326954663 ], [ 673977.699166024802253, 7483011.299196340143681 ], [ 673984.278412464773282, 7483000.116212848573923 ], [ 673999.854918553144671, 7482973.636080836877227 ], [ 674024.214962105965242, 7482929.347299499437213 ] ] ] } },
{ "type": "Feature", "properties": { "id": "Gramacho.230", "id_trecho": 1974, "Name": "Avenida Governador Leonel de Moura Brizola", "description": null, "Extensao_m": 178.46671491717794, "Bairro_logradouros": "Gramacho", "Bairro_rotas": "Centro", "Distrito": "1º", "Lote": "I", "Name_2": "Ponto 2439", "description_2": "Velocidade: 13km/h<br>02/07/2026 00:52:01", "layer": "TUS0I00", "path": "C:/KMLs/Estevao/01-07-2026/Coleta/Trajeto_TUS0I00.kml|layername=Trajeto|geometrytype=Point|uniqueGeometryType=yes", "Velocidade": 13.0, "Data": "2026-07-02", "hora": "00:52:01", "Rota": "ROTA 300 (NOITE) - Centro - Seg a Sab", "Turno": "Noite", "Dias_da_semana": [ "seg", "ter", "qua", "qui", "sex", "sab" ], "Hit_Rate": 94.44, "Status": "Validado", "Bloco": "Seg_a_Sab" }, "geometry": { "type": "MultiLineString", "coordinates": [ [ [ 674059.504005329450592, 7482901.257184309884906 ], [ 674063.416600934229791, 7482899.396182623691857 ], [ 674068.258942282525823, 7482897.103706538677216 ], [ 674072.32368645304814, 7482894.177809009328485 ], [ 674076.104169723927043, 7482890.646066850982606 ], [ 674080.726284870645031, 7482884.369287950918078 ], [ 674098.617666257894598, 7482852.867929883301258 ], [ 674142.565969411400147, 7482775.529809044674039 ], [ 674155.81121771177277, 7482753.605641935020685 ] ] ] } },
{ "type": "Feature", "properties": { "id": "Bar_dos_Cavalheiros.164", "id_trecho": 104, "Name": "Avenida Nilo Peçanha", "description": null, "Extensao_m": 48.120810880262795, "Bairro_logradouros": "Bar dos Cavalheiros", "Bairro_rotas": "Centro", "Distrito": "1º", "Lote": "I", "Name_2": "Ponto 902", "description_2": "Velocidade: 4km/h<br>01/07/2026 19:29:50", "layer": "TTH9F28", "path": "C:/KMLs/Estevao/01-07-2026/Coleta/Trajeto_TTH9F28.kml|layername=Trajeto|geometrytype=Point|uniqueGeometryType=yes", "Velocidade": 4.0, "Data": "2026-07-01", "hora": "19:29:50", "Rota": "ROTA 300 (NOITE) - Centro - Seg a Sab", "Turno": "Noite", "Dias_da_semana": [ "seg", "ter", "qua", "qui", "sex", "sab" ], "Hit_Rate": 16.67, "Status": "Baixo hit rate", "Bloco": "Seg_a_Sab" }, "geometry": { "type": "MultiLineString", "coordinates": [ [ [ 671676.626237798132934, 7478512.68514503352344 ], [ 671672.415610603522509, 7478489.022433398291469 ], [ 671670.115669337101281, 7478477.232039185240865 ], [ 671666.698901635129005, 7478465.653616646304727 ] ] ] } },
{ "type": "Feature", "properties": { "id": "Centro.85", "id_trecho": 1043, "Name": "Rua Almirante Tamandaré", "description": null, "Extensao_m": 17.777090376595464, "Bairro_logradouros": "Centro", "Bairro_rotas": "Centro", "Distrito": "1º", "Lote": "I", "Name_2": "Ponto 1144", "description_2": "Velocidade: 16km/h<br>01/07/2026 21:19:50", "layer": "TTH9F28", "path": "C:/KMLs/Estevao/01-07-2026/Coleta/Trajeto_TTH9F28.kml|layername=Trajeto|geometrytype=Point|uniqueGeometryType=yes", "Velocidade": 16.0, "Data": "2026-07-01", "hora": "21:19:50", "Rota": "ROTA 300 (NOITE) - Centro - Seg a Sab", "Turno": "Noite", "Dias_da_semana": [ "seg", "ter", "qua", "qui", "sex", "sab" ], "Hit_Rate": 5.56, "Status": "Baixo hit rate", "Bloco": "Seg_a_Sab" }, "geometry": { "type": "MultiLineString", "coordinates": [ [ [ 673615.375580373220146, 7478635.722347356379032 ], [ 673605.835665163001977, 7478644.189332876354456 ], [ 673601.887012824998237, 7478647.291065309196711 ] ] ] } },
{ "type": "Feature", "properties": { "id": "Bar_dos_Cavalheiros.141", "id_trecho": 18, "Name": "Avenida Doutor Manoel Teles", "description": null, "Extensao_m": 49.995017602417647, "Bairro_logradouros": "Bar dos Cavalheiros", "Bairro_rotas": "Centro", "Distrito": "1º", "Lote": "I", "Name_2": "Ponto 892", "description_2": "Velocidade: 21km/h<br>01/07/2026 20:42:58", "layer": "TTM5J19", "path": "C:/KMLs/Estevao/01-07-2026/Coleta/Trajeto_TTM5J19.kml|layername=Trajeto|geometrytype=Point|uniqueGeometryType=yes", "Velocidade": 21.0, "Data": "2026-07-01", "hora": "20:42:58", "Rota": "ROTA 300 (NOITE) - Centro - Seg a Sab", "Turno": "Noite", "Dias_da_semana": [ "seg", "ter", "qua", "qui", "sex", "sab" ], "Hit_Rate": 94.44, "Status": "Validado", "Bloco": "Seg_a_Sab" }, "geometry": { "type": "MultiLineString", "coordinates": [ [ [ 672847.02003393182531, 7478348.899052832275629 ], [ 672810.051475252490491, 7478315.243850853294134 ] ] ] } },
{ "type": "Feature", "properties": { "id": "Centro.85", "id_trecho": 1036, "Name": "Rua Almirante Tamandaré", "description": null, "Extensao_m": 393.49280905086016, "Bairro_logradouros": "Centro", "Bairro_rotas": "Centro", "Distrito": "1º", "Lote": "I", "Name_2": "Ponto 915", "description_2": "Velocidade: 43km/h<br>01/07/2026 20:46:46", "layer": "TTM5J19", "path": "C:/KMLs/Estevao/01-07-2026/Coleta/Trajeto_TTM5J19.kml|layername=Trajeto|geometrytype=Point|uniqueGeometryType=yes", "Velocidade": 43.0, "Data": "2026-07-01", "hora": "20:46:46", "Rota": "ROTA 300 (NOITE) - Centro - Seg a Sab", "Turno": "Noite", "Dias_da_semana": [ "seg", "ter", "qua", "qui", "sex", "sab" ], "Hit_Rate": 11.11, "Status": "Baixo hit rate", "Bloco": "Seg_a_Sab" }, "geometry": { "type": "MultiLineString", "coordinates": [ [ [ 673981.907443255884573, 7477985.188935115933418 ], [ 673984.981504397699609, 7478013.294138668105006 ], [ 673987.954255847493187, 7478032.563006609678268 ], [ 673989.984811431728303, 7478041.299699008464813 ], [ 673998.298820693278685, 7478069.688129834830761 ], [ 674004.220829080673866, 7478103.486220737919211 ], [ 674006.779804773861542, 7478136.813443398103118 ], [ 674006.390921193058603, 7478187.074239679612219 ], [ 673998.349696020246483, 7478242.483844729140401 ], [ 673983.556752649601549, 7478297.417114844545722 ], [ 673967.196516812779009, 7478335.667900442145765 ], [ 673951.801295268116519, 7478366.742365332320333 ] ] ] } },
{ "type": "Feature", "properties": { "id": "Centro.3", "id_trecho": 966, "Name": "Avenida Nilo Peçanha", "description": null, "Extensao_m": 28.537491444034345, "Bairro_logradouros": "Centro", "Bairro_rotas": "Centro", "Distrito": "1º", "Lote": "I", "Name_2": "Ponto 976", "description_2": "Velocidade: 28km/h<br>01/07/2026 18:38:23", "layer": "TTS0J06", "path": "C:/KMLs/Estevao/01-07-2026/Coleta/Trajeto_TTS0J06.kml|layername=Trajeto|geometrytype=Point|uniqueGeometryType=yes", "Velocidade": 28.0, "Data": "2026-07-01", "hora": "18:38:23", "Rota": "ROTA 300 (NOITE) - Centro - Seg a Sab", "Turno": "Noite", "Dias_da_semana": [ "seg", "ter", "qua", "qui", "sex", "sab" ], "Hit_Rate": 88.89, "Status": "Validado", "Bloco": "Seg_a_Sab" }, "geometry": { "type": "MultiLineString", "coordinates": [ [ [ 672624.506393038551323, 7479323.197209247387946 ], [ 672637.1826387665933, 7479325.087894668802619 ], [ 672652.723156381049193, 7479322.71843961533159 ] ] ] } },
{ "type": "Feature", "properties": { "id": "Bar_dos_Cavalheiros.164", "id_trecho": 110, "Name": "Avenida Nilo Peçanha", "description": null, "Extensao_m": 33.223785196062956, "Bairro_logradouros": "Bar dos Cavalheiros", "Bairro_rotas": "Centro", "Distrito": "1º", "Lote": "I", "Name_2": "Ponto 1211", "description_2": "Velocidade: 21km/h<br>01/07/2026 20:09:23", "layer": "TTS0J06", "path": "C:/KMLs/Estevao/01-07-2026/Coleta/Trajeto_TTS0J06.kml|layername=Trajeto|geometrytype=Point|uniqueGeometryType=yes", "Velocidade": 21.0, "Data": "2026-07-01", "hora": "20:09:23", "Rota": "ROTA 300 (NOITE) - Centro - Seg a Sab", "Turno": "Noite", "Dias_da_semana": [ "seg", "ter", "qua", "qui", "sex", "sab" ], "Hit_Rate": 72.22, "Status": "Validado", "Bloco": "Seg_a_Sab" }, "geometry": { "type": "MultiLineString", "coordinates": [ [ [ 671732.869115436216816, 7478920.551104008220136 ], [ 671735.725512189557776, 7478944.306644361466169 ], [ 671736.138627427513711, 7478953.593409277498722 ] ] ] } },
{ "type": "Feature", "properties": { "id": "Centro.134", "id_trecho": 1122, "Name": "Rua das Pedras", "description": null, "Extensao_m": 98.717086617927478, "Bairro_logradouros": "Centro", "Bairro_rotas": "Centro", "Distrito": "1º", "Lote": "I", "Name_2": "Ponto 1134", "description_2": "Velocidade: 4km/h<br>01/07/2026 18:38:55", "layer": "TTW7E72", "path": "C:/KMLs/Estevao/01-07-2026/Coleta/Trajeto_TTW7E72.kml|layername=Trajeto|geometrytype=Point|uniqueGeometryType=yes", "Velocidade": 4.0, "Data": "2026-07-01", "hora": "18:38:55", "Rota": "ROTA 300 (NOITE) - Centro - Seg a Sab", "Turno": "Noite", "Dias_da_semana": [ "seg", "ter", "qua", "qui", "sex", "sab" ], "Hit_Rate": 55.56, "Status": "Baixo hit rate", "Bloco": "Seg_a_Sab" }, "geometry": { "type": "MultiLineString", "coordinates": [ [ [ 673129.192949460470118, 7478665.259645909070969 ], [ 673210.085787626798265, 7478721.835583196952939 ] ] ] } },
{ "type": "Feature", "properties": { "id": "Gramacho.230", "id_trecho": 1972, "Name": "Avenida Governador Leonel de Moura Brizola", "description": null, "Extensao_m": 95.604150077743213, "Bairro_logradouros": "Gramacho", "Bairro_rotas": "Centro", "Distrito": "1º", "Lote": "I", "Name_2": "Ponto 1508", "description_2": "Velocidade: 37km/h<br>01/07/2026 19:49:54", "layer": "TUA3H22", "path": "C:/KMLs/Estevao/01-07-2026/Coleta/Trajeto_TUA3H22.kml|layername=Trajeto|geometrytype=Point|uniqueGeometryType=yes", "Velocidade": 37.0, "Data": "2026-07-01", "hora": "19:49:54", "Rota": "ROTA 300 (NOITE) - Centro - Seg a Sab", "Turno": "Noite", "Dias_da_semana": [ "seg", "ter", "qua", "qui", "sex", "sab" ], "Hit_Rate": 72.22, "Status": "Validado", "Bloco": "Seg_a_Sab" }, "geometry": { "type": "MultiLineString", "coordinates": [ [ [ 673994.236598699819297, 7483050.821235144510865 ], [ 673991.752033796394244, 7483055.436389964073896 ], [ 673985.166159687680192, 7483067.837644338607788 ], [ 673968.177889659185894, 7483100.214452152140439 ], [ 673955.065779728116468, 7483123.953096404671669 ], [ 673948.792147269239649, 7483134.922149140387774 ] ] ] } },
{ "type": "Feature", "properties": { "id": "Parque_Fluminense.175", "id_trecho": 4728, "Name": "Avenida Governador Leonel de Moura Brizola", "description": null, "Extensao_m": 427.16333049720839, "Bairro_logradouros": "Parque Fluminense", "Bairro_rotas": "Centro", "Distrito": "2º", "Lote": "I", "Name_2": "Ponto 1306", "description_2": "Velocidade: 35km/h<br>02/07/2026 17:43:51", "layer": "TTS0J06", "path": "C:/KMLs/Estevao/02-07-2026/Coleta/Trajeto_TTS0J06.kml|layername=Trajeto|geometrytype=Point|uniqueGeometryType=yes", "Velocidade": 35.0, "Data": "2026-07-02", "hora": "17:43:51", "Rota": "ROTA 300 (NOITE) - Centro - Seg a Sab", "Turno": "Noite", "Dias_da_semana": [ "seg", "ter", "qua", "qui", "sex", "sab" ], "Hit_Rate": 38.89, "Status": "Baixo hit rate", "Bloco": "Seg_a_Sab" }, "geometry": { "type": "MultiLineString", "coordinates": [ [ [ 673622.980757219367661, 7484084.171752826310694 ], [ 673643.967285509337671, 7483986.133706317283213 ], [ 673661.217828925000504, 7483904.583820721134543 ], [ 673670.308574375114404, 7483861.400390280410647 ], [ 673682.127983523765579, 7483805.306194802746177 ], [ 673692.306456553866155, 7483755.742501040920615 ], [ 673695.250187735073268, 7483735.575511978939176 ], [ 673696.213088269927539, 7483723.648392376489937 ], [ 673696.992403040989302, 7483707.33788001537323 ], [ 673697.056363422190771, 7483682.353153512813151 ], [ 673696.390760327107273, 7483664.541936696507037 ] ] ] } },
{ "type": "Feature", "properties": { "id": "Parque_Fluminense.175", "id_trecho": 4734, "Name": "Avenida Governador Leonel de Moura Brizola", "description": null, "Extensao_m": 29.965266556123254, "Bairro_logradouros": "Parque Fluminense", "Bairro_rotas": "Centro", "Distrito": "2º", "Lote": "I", "Name_2": "Ponto 1316", "description_2": "Velocidade: 11km/h<br>02/07/2026 17:47:20", "layer": "TTS0J06", "path": "C:/KMLs/Estevao/02-07-2026/Coleta/Trajeto_TTS0J06.kml|layername=Trajeto|geometrytype=Point|uniqueGeometryType=yes", "Velocidade": 11.0, "Data": "2026-07-02", "hora": "17:47:20", "Rota": "ROTA 300 (NOITE) - Centro - Seg a Sab", "Turno": "Noite", "Dias_da_semana": [ "seg", "ter", "qua", "qui", "sex", "sab" ], "Hit_Rate": 5.56, "Status": "Baixo hit rate", "Bloco": "Seg_a_Sab" }, "geometry": { "type": "MultiLineString", "coordinates": [ [ [ 673550.699180997675285, 7484463.576507220044732 ], [ 673548.58504740986973, 7484473.656216887757182 ], [ 673544.557808268466033, 7484492.904831428080797 ] ] ] } },
{ "type": "Feature", "properties": { "id": "Parque_Fluminense.175", "id_trecho": 4725, "Name": "Avenida Governador Leonel de Moura Brizola", "description": null, "Extensao_m": 126.65024175700538, "Bairro_logradouros": "Parque Fluminense", "Bairro_rotas": "Centro", "Distrito": "2º", "Lote": "I", "Name_2": "Ponto 1371", "description_2": "Velocidade: 26km/h<br>02/07/2026 18:05:19", "layer": "TTS0J06", "path": "C:/KMLs/Estevao/02-07-2026/Coleta/Trajeto_TTS0J06.kml|layername=Trajeto|geometrytype=Point|uniqueGeometryType=yes", "Velocidade": 26.0, "Data": "2026-07-02", "hora": "18:05:19", "Rota": "ROTA 300 (NOITE) - Centro - Seg a Sab", "Turno": "Noite", "Dias_da_semana": [ "seg", "ter", "qua", "qui", "sex", "sab" ], "Hit_Rate": 33.33, "Status": "Baixo hit rate", "Bloco": "Seg_a_Sab" }, "geometry": { "type": "MultiLineString", "coordinates": [ [ [ 673516.775258498615585, 7484586.579621620476246 ], [ 673520.060806980123743, 7484572.023562628775835 ], [ 673525.811501923482865, 7484544.836674224585295 ], [ 673527.313439663033932, 7484537.820498307235539 ], [ 673539.945609051501378, 7484471.816714707762003 ], [ 673541.738906498532742, 7484462.427281249314547 ] ] ] } },
{ "type": "Feature", "properties": { "id": "Sao_Bento.239", "id_trecho": 5608, "Name": "Avenida Governador Leonel de Moura Brizola", "description": null, "Extensao_m": 73.930249028646159, "Bairro_logradouros": "Sao Bento", "Bairro_rotas": "Centro", "Distrito": "2º", "Lote": "I", "Name_2": "Ponto 1430", "description_2": "Velocidade: 0km/h<br>02/07/2026 18:38:35", "layer": "TTS0J06", "path": "C:/KMLs/Estevao/02-07-2026/Coleta/Trajeto_TTS0J06.kml|layername=Trajeto|geometrytype=Point|uniqueGeometryType=yes", "Velocidade": 0.0, "Data": "2026-07-02", "hora": "18:38:35", "Rota": "ROTA 300 (NOITE) - Centro - Seg a Sab", "Turno": "Noite", "Dias_da_semana": [ "seg", "ter", "qua", "qui", "sex", "sab" ], "Hit_Rate": 50.0, "Status": "Baixo hit rate", "Bloco": "Seg_a_Sab" }, "geometry": { "type": "MultiLineString", "coordinates": [ [ [ 672955.583954792818986, 7486167.880897892639041 ], [ 672892.082291293889284, 7486205.734383532777429 ] ] ] } },
{ "type": "Feature", "properties": { "id": "Sao_Bento.239", "id_trecho": 5610, "Name": "Avenida Governador Leonel de Moura Brizola", "description": null, "Extensao_m": 68.526299188557914, "Bairro_logradouros": "Sao Bento", "Bairro_rotas": "Centro", "Distrito": "2º", "Lote": "I", "Name_2": "Ponto 1440", "description_2": "Velocidade: 8km/h<br>02/07/2026 18:40:03", "layer": "TTS0J06", "path": "C:/KMLs/Estevao/02-07-2026/Coleta/Trajeto_TTS0J06.kml|layername=Trajeto|geometrytype=Point|uniqueGeometryType=yes", "Velocidade": 8.0, "Data": "2026-07-02", "hora": "18:40:03", "Rota": "ROTA 300 (NOITE) - Centro - Seg a Sab", "Turno": "Noite", "Dias_da_semana": [ "seg", "ter", "qua", "qui", "sex", "sab" ], "Hit_Rate": 66.67, "Status": "Validado", "Bloco": "Seg_a_Sab" }, "geometry": { "type": "MultiLineString", "coordinates": [ [ [ 672837.0994940220844, 7486238.374535648152232 ], [ 672820.606294410303235, 7486247.952784658409655 ], [ 672777.999407700495794, 7486273.054569699801505 ] ] ] } },
{ "type": "Feature", "properties": { "id": "Sao_Bento.239", "id_trecho": 5611, "Name": "Avenida Governador Leonel de Moura Brizola", "description": null, "Extensao_m": 43.04902920863028, "Bairro_logradouros": "Sao Bento", "Bairro_rotas": "Centro", "Distrito": "2º", "Lote": "I", "Name_2": "Ponto 1441", "description_2": "Velocidade: 0km/h<br>02/07/2026 18:40:23", "layer": "TTS0J06", "path": "C:/KMLs/Estevao/02-07-2026/Coleta/Trajeto_TTS0J06.kml|layername=Trajeto|geometrytype=Point|uniqueGeometryType=yes", "Velocidade": 0.0, "Data": "2026-07-02", "hora": "18:40:23", "Rota": "ROTA 300 (NOITE) - Centro - Seg a Sab", "Turno": "Noite", "Dias_da_semana": [ "seg", "ter", "qua", "qui", "sex", "sab" ], "Hit_Rate": 61.11, "Status": "Baixo hit rate", "Bloco": "Seg_a_Sab" }, "geometry": { "type": "MultiLineString", "coordinates": [ [ [ 672777.999407700495794, 7486273.054569699801505 ], [ 672743.571907713427208, 7486293.788741448894143 ], [ 672741.120889637619257, 7486295.259922497905791 ] ] ] } },
{ "type": "Feature", "properties": { "id": "Sao_Bento.239", "id_trecho": 5614, "Name": "Avenida Governador Leonel de Moura Brizola", "description": null, "Extensao_m": 312.58976772265623, "Bairro_logradouros": "Sao Bento", "Bairro_rotas": "Centro", "Distrito": "2º", "Lote": "I", "Name_2": "Ponto 1451", "description_2": "Velocidade: 13km/h<br>02/07/2026 18:43:32", "layer": "TTS0J06", "path": "C:/KMLs/Estevao/02-07-2026/Coleta/Trajeto_TTS0J06.kml|layername=Trajeto|geometrytype=Point|uniqueGeometryType=yes", "Velocidade": 13.0, "Data": "2026-07-02", "hora": "18:43:32", "Rota": "ROTA 300 (NOITE) - Centro - Seg a Sab", "Turno": "Noite", "Dias_da_semana": [ "seg", "ter", "qua", "qui", "sex", "sab" ], "Hit_Rate": 72.22, "Status": "Validado", "Bloco": "Seg_a_Sab" }, "geometry": { "type": "MultiLineString", "coordinates": [ [ [ 672663.702999467612244, 7486341.561199033632874 ], [ 672394.762618311680853, 7486500.86321627907455 ] ] ] } },
{ "type": "Feature", "properties": { "id": "Parque_Fluminense.175", "id_trecho": 4712, "Name": "Avenida Governador Leonel de Moura Brizola", "description": null, "Extensao_m": 166.94527608242856, "Bairro_logradouros": "Parque Fluminense", "Bairro_rotas": "Centro", "Distrito": "2º", "Lote": "I", "Name_2": "Ponto 1471", "description_2": "Velocidade: 9km/h<br>02/07/2026 18:49:11", "layer": "TTS0J06", "path": "C:/KMLs/Estevao/02-07-2026/Coleta/Trajeto_TTS0J06.kml|layername=Trajeto|geometrytype=Point|uniqueGeometryType=yes", "Velocidade": 9.0, "Data": "2026-07-02", "hora": "18:49:11", "Rota": "ROTA 300 (NOITE) - Centro - Seg a Sab", "Turno": "Noite", "Dias_da_semana": [ "seg", "ter", "qua", "qui", "sex", "sab" ], "Hit_Rate": 33.33, "Status": "Baixo hit rate", "Bloco": "Seg_a_Sab" }, "geometry": { "type": "MultiLineString", "coordinates": [ [ [ 672295.980285165016539, 7486551.952233918011189 ], [ 672314.726633827784099, 7486540.787632195279002 ], [ 672438.780821815598756, 7486465.484483289532363 ] ] ] } },
{ "type": "Feature", "properties": { "id": "Parque_Fluminense.175", "id_trecho": 4714, "Name": "Avenida Governador Leonel de Moura Brizola", "description": null, "Extensao_m": 118.51251981060861, "Bairro_logradouros": "Parque Fluminense", "Bairro_rotas": "Centro", "Distrito": "2º", "Lote": "I", "Name_2": "Ponto 1474", "description_2": "Velocidade: 5km/h<br>02/07/2026 18:50:36", "layer": "TTS0J06", "path": "C:/KMLs/Estevao/02-07-2026/Coleta/Trajeto_TTS0J06.kml|layername=Trajeto|geometrytype=Point|uniqueGeometryType=yes", "Velocidade": 5.0, "Data": "2026-07-02", "hora": "18:50:36", "Rota": "ROTA 300 (NOITE) - Centro - Seg a Sab", "Turno": "Noite", "Dias_da_semana": [ "seg", "ter", "qua", "qui", "sex", "sab" ], "Hit_Rate": 61.11, "Status": "Baixo hit rate", "Bloco": "Seg_a_Sab" }, "geometry": { "type": "MultiLineString", "coordinates": [ [ [ 672491.995400084997527, 7486433.508242206647992 ], [ 672593.242004710016772, 7486371.917348282411695 ] ] ] } },
{ "type": "Feature", "properties": { "id": "Parque_Fluminense.175", "id_trecho": 4716, "Name": "Avenida Governador Leonel de Moura Brizola", "description": null, "Extensao_m": 73.165475997520304, "Bairro_logradouros": "Parque Fluminense", "Bairro_rotas": "Centro", "Distrito": "2º", "Lote": "I", "Name_2": "Ponto 1492", "description_2": "Velocidade: 6km/h<br>02/07/2026 19:02:46", "layer": "TTS0J06", "path": "C:/KMLs/Estevao/02-07-2026/Coleta/Trajeto_TTS0J06.kml|layername=Trajeto|geometrytype=Point|uniqueGeometryType=yes", "Velocidade": 6.0, "Data": "2026-07-02", "hora": "19:02:46", "Rota": "ROTA 300 (NOITE) - Centro - Seg a Sab", "Turno": "Noite", "Dias_da_semana": [ "seg", "ter", "qua", "qui", "sex", "sab" ], "Hit_Rate": 38.89, "Status": "Baixo hit rate", "Bloco": "Seg_a_Sab" }, "geometry": { "type": "MultiLineString", "coordinates": [ [ [ 672658.953563125804067, 7486334.040170940570533 ], [ 672721.918525279848836, 7486296.780775528401136 ] ] ] } },
{ "type": "Feature", "properties": { "id": "Sao_Bento.239", "id_trecho": 5612, "Name": "Avenida Governador Leonel de Moura Brizola", "description": null, "Extensao_m": 24.514537293614271, "Bairro_logradouros": "Sao Bento", "Bairro_rotas": "Centro", "Distrito": "2º", "Lote": "I", "Name_2": "Ponto 1495", "description_2": "Velocidade: 0km/h<br>02/07/2026 19:03:12", "layer": "TTS0J06", "path": "C:/KMLs/Estevao/02-07-2026/Coleta/Trajeto_TTS0J06.kml|layername=Trajeto|geometrytype=Point|uniqueGeometryType=yes", "Velocidade": 0.0, "Data": "2026-07-02", "hora": "19:03:12", "Rota": "ROTA 300 (NOITE) - Centro - Seg a Sab", "Turno": "Noite", "Dias_da_semana": [ "seg", "ter", "qua", "qui", "sex", "sab" ], "Hit_Rate": 55.56, "Status": "Baixo hit rate", "Bloco": "Seg_a_Sab" }, "geometry": { "type": "MultiLineString", "coordinates": [ [ [ 672741.120889637619257, 7486295.259922497905791 ], [ 672720.102664614212699, 7486307.875747131183743 ] ] ] } },
{ "type": "Feature", "properties": { "id": "Sao_Bento.239", "id_trecho": 5605, "Name": "Avenida Governador Leonel de Moura Brizola", "description": null, "Extensao_m": 134.24462654004552, "Bairro_logradouros": "Sao Bento", "Bairro_rotas": "Centro", "Distrito": "2º", "Lote": "I", "Name_2": "Ponto 1499", "description_2": "Velocidade: 47km/h<br>02/07/2026 19:04:51", "layer": "TTS0J06", "path": "C:/KMLs/Estevao/02-07-2026/Coleta/Trajeto_TTS0J06.kml|layername=Trajeto|geometrytype=Point|uniqueGeometryType=yes", "Velocidade": 47.0, "Data": "2026-07-02", "hora": "19:04:51", "Rota": "ROTA 300 (NOITE) - Centro - Seg a Sab", "Turno": "Noite", "Dias_da_semana": [ "seg", "ter", "qua", "qui", "sex", "sab" ], "Hit_Rate": 72.22, "Status": "Validado", "Bloco": "Seg_a_Sab" }, "geometry": { "type": "MultiLineString", "coordinates": [ [ [ 673230.826142070232891, 7485936.409218596294522 ], [ 673221.246483265771531, 7485951.324683206155896 ], [ 673217.51355875749141, 7485958.222206750884652 ], [ 673188.479909187299199, 7485994.234188633039594 ], [ 673146.701658747158945, 7486040.601619822904468 ] ] ] } },
{ "type": "Feature", "properties": { "id": "Sao_Bento.239", "id_trecho": 5633, "Name": "Avenida Governador Leonel de Moura Brizola", "description": null, "Extensao_m": 221.25300856738286, "Bairro_logradouros": "Sao Bento", "Bairro_rotas": "Centro", "Distrito": "2º", "Lote": "I", "Name_2": "Ponto 1507", "description_2": "Velocidade: 13km/h<br>02/07/2026 19:07:20", "layer": "TTS0J06", "path": "C:/KMLs/Estevao/02-07-2026/Coleta/Trajeto_TTS0J06.kml|layername=Trajeto|geometrytype=Point|uniqueGeometryType=yes", "Velocidade": 13.0, "Data": "2026-07-02", "hora": "19:07:20", "Rota": "ROTA 300 (NOITE) - Centro - Seg a Sab", "Turno": "Noite", "Dias_da_semana": [ "seg", "ter", "qua", "qui", "sex", "sab" ], "Hit_Rate": 66.67, "Status": "Validado", "Bloco": "Seg_a_Sab" }, "geometry": { "type": "MultiLineString", "coordinates": [ [ [ 673480.761795853148215, 7484799.386907781474292 ], [ 673472.42820419522468, 7484853.237222291529179 ], [ 673457.814019931014627, 7484924.767456419765949 ], [ 673447.607180231949314, 7484972.005498348735273 ], [ 673438.999316257191822, 7485014.430076189339161 ], [ 673438.571098234737292, 7485016.516949268989265 ] ] ] } },
{ "type": "Feature", "properties": { "id": "Gramacho.230", "id_trecho": 1962, "Name": "Avenida Governador Leonel de Moura Brizola", "description": null, "Extensao_m": 5.6050796211270786, "Bairro_logradouros": "Gramacho", "Bairro_rotas": "Centro", "Distrito": "1º", "Lote": "I", "Name_2": "Ponto 1828", "description_2": "Velocidade: 8km/h<br>02/07/2026 22:27:46", "layer": "TTS0J06", "path": "C:/KMLs/Estevao/02-07-2026/Coleta/Trajeto_TTS0J06.kml|layername=Trajeto|geometrytype=Point|uniqueGeometryType=yes", "Velocidade": 8.0, "Data": "2026-07-02", "hora": "22:27:46", "Rota": "ROTA 300 (NOITE) - Centro - Seg a Sab", "Turno": "Noite", "Dias_da_semana": [ "seg", "ter", "qua", "qui", "sex", "sab" ], "Hit_Rate": 11.11, "Status": "Baixo hit rate", "Bloco": "Seg_a_Sab" }, "geometry": { "type": "MultiLineString", "coordinates": [ [ [ 673920.460499038570561, 7483171.913650138303638 ], [ 673919.587294018478133, 7483172.366755604743958 ], [ 673918.03891428373754, 7483172.594877172261477 ], [ 673916.361975115491077, 7483172.35934029519558 ], [ 673915.165122664882801, 7483171.707860480993986 ] ] ] } },
{ "type": "Feature", "properties": { "id": "Gramacho.230", "id_trecho": 1963, "Name": "Avenida Governador Leonel de Moura Brizola", "description": null, "Extensao_m": 6.2367332200189711, "Bairro_logradouros": "Gramacho", "Bairro_rotas": "Centro", "Distrito": "1º", "Lote": "I", "Name_2": "Ponto 1829", "description_2": "Velocidade: 12km/h<br>02/07/2026 22:27:50", "layer": "TTS0J06", "path": "C:/KMLs/Estevao/02-07-2026/Coleta/Trajeto_TTS0J06.kml|layername=Trajeto|geometrytype=Point|uniqueGeometryType=yes", "Velocidade": 12.0, "Data": "2026-07-02", "hora": "22:27:50", "Rota": "ROTA 300 (NOITE) - Centro - Seg a Sab", "Turno": "Noite", "Dias_da_semana": [ "seg", "ter", "qua", "qui", "sex", "sab" ], "Hit_Rate": 5.56, "Status": "Baixo hit rate", "Bloco": "Seg_a_Sab" }, "geometry": { "type": "MultiLineString", "coordinates": [ [ [ 673915.165122664882801, 7483171.707860480993986 ], [ 673914.150118093704805, 7483171.155365370213985 ], [ 673912.890215351246297, 7483169.66364242695272 ], [ 673912.463710402487777, 7483168.295283336192369 ], [ 673912.392987008788623, 7483166.60169580206275 ] ] ] } },
{ "type": "Feature", "properties": { "id": "Parque_Fluminense.175", "id_trecho": 4727, "Name": "Avenida Governador Leonel de Moura Brizola", "description": null, "Extensao_m": 127.30418669404442, "Bairro_logradouros": "Parque Fluminense", "Bairro_rotas": "Centro", "Distrito": "2º", "Lote": "I", "Name_2": "Ponto 2083", "description_2": "Velocidade: 57km/h<br>03/07/2026 00:58:50", "layer": "TTS0J06", "path": "C:/KMLs/Estevao/02-07-2026/Coleta/Trajeto_TTS0J06.kml|layername=Trajeto|geometrytype=Point|uniqueGeometryType=yes", "Velocidade": 57.0, "Data": "2026-07-03", "hora": "00:58:50", "Rota": "ROTA 300 (NOITE) - Centro - Seg a Sab", "Turno": "Noite", "Dias_da_semana": [ "seg", "ter", "qua", "qui", "sex", "sab" ], "Hit_Rate": 44.44, "Status": "Baixo hit rate", "Bloco": "Seg_a_Sab" }, "geometry": { "type": "MultiLineString", "coordinates": [ [ [ 673596.636392631102353, 7484208.71666425652802 ], [ 673619.316085525089875, 7484101.48972394503653 ], [ 673622.980757219367661, 7484084.171752826310694 ] ] ] } },
{ "type": "Feature", "properties": { "id": "Centro.37", "id_trecho": 1225, "Name": "Rua Mariano Sendra dos Santos", "description": null, "Extensao_m": 51.31588192952394, "Bairro_logradouros": "Centro", "Bairro_rotas": "Centro", "Distrito": "1º", "Lote": "I", "Name_2": "Ponto 1098", "description_2": "Velocidade: 7km/h<br>02/07/2026 18:57:16", "layer": "TUA3H22", "path": "C:/KMLs/Estevao/02-07-2026/Coleta/Trajeto_TUA3H22.kml|layername=Trajeto|geometrytype=Point|uniqueGeometryType=yes", "Velocidade": 7.0, "Data": "2026-07-02", "hora": "18:57:16", "Rota": "ROTA 300 (NOITE) - Centro - Seg a Sab", "Turno": "Noite", "Dias_da_semana": [ "seg", "ter", "qua", "qui", "sex", "sab" ], "Hit_Rate": 94.44, "Status": "Validado", "Bloco": "Seg_a_Sab" }, "geometry": { "type": "MultiLineString", "coordinates": [ [ [ 673334.085943287005648, 7478679.477614003233612 ], [ 673338.531095004174858, 7478682.981770013459027 ], [ 673346.287042843992822, 7478686.868946230039001 ], [ 673364.665332716424018, 7478695.67370262555778 ], [ 673379.636416846420616, 7478702.845105731859803 ] ] ] } },
{ "type": "Feature", "properties": { "id": "Centro.43", "id_trecho": 1165, "Name": "Rua General Argolo", "description": null, "Extensao_m": 175.66017753978053, "Bairro_logradouros": "Centro", "Bairro_rotas": "Centro", "Distrito": "1º", "Lote": "I", "Name_2": "Ponto 1136", "description_2": "Velocidade: 0km/h<br>02/07/2026 19:15:24", "layer": "TUA3H22", "path": "C:/KMLs/Estevao/02-07-2026/Coleta/Trajeto_TUA3H22.kml|layername=Trajeto|geometrytype=Point|uniqueGeometryType=yes", "Velocidade": 0.0, "Data": "2026-07-02", "hora": "19:15:24", "Rota": "ROTA 300 (NOITE) - Centro - Seg a Sab", "Turno": "Noite", "Dias_da_semana": [ "seg", "ter", "qua", "qui", "sex", "sab" ], "Hit_Rate": 38.89, "Status": "Baixo hit rate", "Bloco": "Seg_a_Sab" }, "geometry": { "type": "MultiLineString", "coordinates": [ [ [ 673758.449234491330571, 7478325.32361676171422 ], [ 673848.697337597492151, 7478476.022402831353247 ] ] ] } },
{ "type": "Feature", "properties": { "id": "Centro.85", "id_trecho": 1044, "Name": "Rua Almirante Tamandaré", "description": null, "Extensao_m": 321.68408081031629, "Bairro_logradouros": "Centro", "Bairro_rotas": "Centro", "Distrito": "1º", "Lote": "I", "Name_2": "Ponto 1147", "description_2": "Velocidade: 4km/h<br>02/07/2026 19:22:24", "layer": "TUA3H22", "path": "C:/KMLs/Estevao/02-07-2026/Coleta/Trajeto_TUA3H22.kml|layername=Trajeto|geometrytype=Point|uniqueGeometryType=yes", "Velocidade": 4.0, "Data": "2026-07-02", "hora": "19:22:24", "Rota": "ROTA 300 (NOITE) - Centro - Seg a Sab", "Turno": "Noite", "Dias_da_semana": [ "seg", "ter", "qua", "qui", "sex", "sab" ], "Hit_Rate": 44.44, "Status": "Baixo hit rate", "Bloco": "Seg_a_Sab" }, "geometry": { "type": "MultiLineString", "coordinates": [ [ [ 673601.887012824998237, 7478647.291065309196711 ], [ 673589.29331615450792, 7478657.656887228600681 ], [ 673573.21280766709242, 7478672.902138422243297 ], [ 673562.496123956050724, 7478686.679573037661612 ], [ 673546.764679056359455, 7478708.211129378527403 ], [ 673536.91845600574743, 7478724.48143148329109 ], [ 673529.381953104981221, 7478738.898024242371321 ], [ 673517.847721368307248, 7478762.009512938559055 ], [ 673507.435590884415433, 7478786.270988104864955 ], [ 673497.23155258060433, 7478817.961077030748129 ], [ 673486.569977989303879, 7478858.139464799314737 ], [ 673484.56965489895083, 7478871.795057588256896 ], [ 673478.616703601321205, 7478912.473345203325152 ], [ 673475.536248543765396, 7478934.048483334481716 ] ] ] } },
{ "type": "Feature", "properties": { "id": "Centro.147", "id_trecho": 885, "Name": "Avenida Doutor Manoel Teles", "description": null, "Extensao_m": 19.622034333112509, "Bairro_logradouros": "Centro", "Bairro_rotas": "Centro", "Distrito": "1º", "Lote": "I", "Name_2": "Ponto 1242", "description_2": "Velocidade: 10km/h<br>02/07/2026 20:13:52", "layer": "TUA3H22", "path": "C:/KMLs/Estevao/02-07-2026/Coleta/Trajeto_TUA3H22.kml|layername=Trajeto|geometrytype=Point|uniqueGeometryType=yes", "Velocidade": 10.0, "Data": "2026-07-02", "hora": "20:13:52", "Rota": "ROTA 300 (NOITE) - Centro - Seg a Sab", "Turno": "Noite", "Dias_da_semana": [ "seg", "ter", "qua", "qui", "sex", "sab" ], "Hit_Rate": 55.56, "Status": "Baixo hit rate", "Bloco": "Seg_a_Sab" }, "geometry": { "type": "MultiLineString", "coordinates": [ [ [ 673414.153458880609833, 7478855.179437042213976 ], [ 673401.851739500067197, 7478839.893169023096561 ] ] ] } },
{ "type": "Feature", "properties": { "id": "Centro.132", "id_trecho": 933, "Name": "Avenida Governador Leonel de Moura Brizola", "description": null, "Extensao_m": 72.529331860981188, "Bairro_logradouros": "Centro", "Bairro_rotas": "Centro", "Distrito": "1º", "Lote": "I", "Name_2": "Ponto 1735", "description_2": "Velocidade: 9km/h<br>02/07/2026 17:38:52", "layer": "TUN3B98", "path": "C:/KMLs/Estevao/02-07-2026/Coleta/Trajeto_TUN3B98.kml|layername=Trajeto|geometrytype=Point|uniqueGeometryType=yes", "Velocidade": 9.0, "Data": "2026-07-02", "hora": "17:38:52", "Rota": "ROTA 300 (NOITE) - Centro - Seg a Sab", "Turno": "Noite", "Dias_da_semana": [ "seg", "ter", "qua", "qui", "sex", "sab" ], "Hit_Rate": 88.89, "Status": "Validado", "Bloco": "Seg_a_Sab" }, "geometry": { "type": "MultiLineString", "coordinates": [ [ [ 673592.609019887284376, 7478466.339717609807849 ], [ 673568.902108278591186, 7478512.348650878295302 ], [ 673559.616398776881397, 7478530.927149117924273 ] ] ] } },
{ "type": "Feature", "properties": { "id": "Bar_dos_Cavalheiros.141", "id_trecho": 15, "Name": "Avenida Doutor Manoel Teles", "description": null, "Extensao_m": 98.821956637048871, "Bairro_logradouros": "Bar dos Cavalheiros", "Bairro_rotas": "Centro", "Distrito": "1º", "Lote": "I", "Name_2": "Ponto 911", "description_2": "Velocidade: 8km/h<br>02/07/2026 17:57:20", "layer": "TTF7G57", "path": "C:/KMLs/Estevao/02-07-2026/Coleta/Trajeto_TTF7G57.kml|layername=Trajeto|geometrytype=Point|uniqueGeometryType=yes", "Velocidade": 8.0, "Data": "2026-07-02", "hora": "17:57:20", "Rota": "ROTA 300 (NOITE) - Centro - Seg a Sab", "Turno": "Noite", "Dias_da_semana": [ "seg", "ter", "qua", "qui", "sex", "sab" ], "Hit_Rate": 88.89, "Status": "Validado", "Bloco": "Seg_a_Sab" }, "geometry": { "type": "MultiLineString", "coordinates": [ [ [ 673021.665950676542707, 7478500.700530156493187 ], [ 672947.078130792709999, 7478435.878895699046552 ] ] ] } },
{ "type": "Feature", "properties": { "id": "Parque_Fluminense.175", "id_trecho": 4740, "Name": "Avenida Governador Leonel de Moura Brizola", "description": null, "Extensao_m": 171.53700496723454, "Bairro_logradouros": "Parque Fluminense", "Bairro_rotas": "Centro", "Distrito": "2º", "Lote": "I", "Name_2": "Ponto 1304", "description_2": "Velocidade: 44km/h<br>02/07/2026 17:42:51", "layer": "TTS0J06", "path": "C:/KMLs/Estevao/02-07-2026/Coleta/Trajeto_TTS0J06.kml|layername=Trajeto|geometrytype=Point|uniqueGeometryType=yes", "Velocidade": 44.0, "Data": "2026-07-02", "hora": "17:42:51", "Rota": "ROTA 300 (NOITE) - Centro - Seg a Sab", "Turno": "Noite", "Dias_da_semana": [ "seg", "ter", "qua", "qui", "sex", "sab" ], "Hit_Rate": 33.33, "Status": "Baixo hit rate", "Bloco": "Seg_a_Sab" }, "geometry": { "type": "MultiLineString", "coordinates": [ [ [ 673774.812718834378757, 7483469.05189860984683 ], [ 673773.813642797176726, 7483471.626351425424218 ], [ 673753.504172455868684, 7483522.668038742616773 ], [ 673745.133868863573298, 7483544.347792838700116 ], [ 673739.950163469882682, 7483560.841515257023275 ], [ 673732.946653492632322, 7483587.079403635114431 ], [ 673725.619455116800964, 7483632.645931095816195 ] ] ] } },
{ "type": "Feature", "properties": { "id": "Parque_Fluminense.175", "id_trecho": 4729, "Name": "Avenida Governador Leonel de Moura Brizola", "description": null, "Extensao_m": 169.19396506046178, "Bairro_logradouros": "Parque Fluminense", "Bairro_rotas": "Centro", "Distrito": "2º", "Lote": "I", "Name_2": "Ponto 1305", "description_2": "Velocidade: 6km/h<br>02/07/2026 17:43:08", "layer": "TTS0J06", "path": "C:/KMLs/Estevao/02-07-2026/Coleta/Trajeto_TTS0J06.kml|layername=Trajeto|geometrytype=Point|uniqueGeometryType=yes", "Velocidade": 6.0, "Data": "2026-07-02", "hora": "17:43:08", "Rota": "ROTA 300 (NOITE) - Centro - Seg a Sab", "Turno": "Noite", "Dias_da_semana": [ "seg", "ter", "qua", "qui", "sex", "sab" ], "Hit_Rate": 22.22, "Status": "Baixo hit rate", "Bloco": "Seg_a_Sab" }, "geometry": { "type": "MultiLineString", "coordinates": [ [ [ 673719.087643646053039, 7483664.216313129290938 ], [ 673716.088609502883628, 7483678.63629481010139 ], [ 673704.493166665895842, 7483733.631612664088607 ], [ 673700.801560904132202, 7483751.27109120041132 ], [ 673696.128543401602656, 7483776.518856581300497 ], [ 673685.028499439475127, 7483829.935911925509572 ] ] ] } },
{ "type": "Feature", "properties": { "id": "Parque_Fluminense.175", "id_trecho": 4732, "Name": "Avenida Governador Leonel de Moura Brizola", "description": null, "Extensao_m": 209.09200358693244, "Bairro_logradouros": "Parque Fluminense", "Bairro_rotas": "Centro", "Distrito": "2º", "Lote": "I", "Name_2": "Ponto 1307", "description_2": "Velocidade: 13km/h<br>02/07/2026 17:44:51", "layer": "TTS0J06", "path": "C:/KMLs/Estevao/02-07-2026/Coleta/Trajeto_TTS0J06.kml|layername=Trajeto|geometrytype=Point|uniqueGeometryType=yes", "Velocidade": 13.0, "Data": "2026-07-02", "hora": "17:44:51", "Rota": "ROTA 300 (NOITE) - Centro - Seg a Sab", "Turno": "Noite", "Dias_da_semana": [ "seg", "ter", "qua", "qui", "sex", "sab" ], "Hit_Rate": 50.0, "Status": "Baixo hit rate", "Bloco": "Seg_a_Sab" }, "geometry": { "type": "MultiLineString", "coordinates": [ [ [ 673604.793472044053487, 7484210.605925281532109 ], [ 673561.436071905074641, 7484415.147305575199425 ] ] ] } },
{ "type": "Feature", "properties": { "id": "Sao_Bento.239", "id_trecho": 5635, "Name": "Avenida Governador Leonel de Moura Brizola", "description": null, "Extensao_m": 535.57159377798826, "Bairro_logradouros": "Sao Bento", "Bairro_rotas": "Centro", "Distrito": "2º", "Lote": "I", "Name_2": "Ponto 1376", "description_2": "Velocidade: 33km/h<br>02/07/2026 18:08:50", "layer": "TTS0J06", "path": "C:/KMLs/Estevao/02-07-2026/Coleta/Trajeto_TTS0J06.kml|layername=Trajeto|geometrytype=Point|uniqueGeometryType=yes", "Velocidade": 33.0, "Data": "2026-07-02", "hora": "18:08:50", "Rota": "ROTA 300 (NOITE) - Centro - Seg a Sab", "Turno": "Noite", "Dias_da_semana": [ "seg", "ter", "qua", "qui", "sex", "sab" ], "Hit_Rate": 61.11, "Status": "Baixo hit rate", "Bloco": "Seg_a_Sab" }, "geometry": { "type": "MultiLineString", "coordinates": [ [ [ 673433.123974541202188, 7485043.334848782047629 ], [ 673414.07763568405062, 7485137.042209601961076 ], [ 673387.902585689909756, 7485257.885546674951911 ], [ 673384.512815585010685, 7485275.045222056098282 ], [ 673354.989906593458727, 7485404.154873225837946 ], [ 673350.411784481722862, 7485426.123290239833295 ], [ 673348.272600702708587, 7485443.955322341062129 ], [ 673346.644327944144607, 7485457.938710988499224 ], [ 673344.451112866634503, 7485519.747890524566174 ], [ 673344.355637311469764, 7485534.821266892366111 ], [ 673343.366594159742817, 7485569.761255859397352 ] ] ] } },
{ "type": "Feature", "properties": { "id": "Sao_Bento.239", "id_trecho": 5604, "Name": "Avenida Governador Leonel de Moura Brizola", "description": null, "Extensao_m": 332.41096726987735, "Bairro_logradouros": "Sao Bento", "Bairro_rotas": "Centro", "Distrito": "2º", "Lote": "I", "Name_2": "Ponto 1379", "description_2": "Velocidade: 0km/h<br>02/07/2026 18:10:51", "layer": "TTS0J06", "path": "C:/KMLs/Estevao/02-07-2026/Coleta/Trajeto_TTS0J06.kml|layername=Trajeto|geometrytype=Point|uniqueGeometryType=yes", "Velocidade": 0.0, "Data": "2026-07-02", "hora": "18:10:51", "Rota": "ROTA 300 (NOITE) - Centro - Seg a Sab", "Turno": "Noite", "Dias_da_semana": [ "seg", "ter", "qua", "qui", "sex", "sab" ], "Hit_Rate": 50.0, "Status": "Baixo hit rate", "Bloco": "Seg_a_Sab" }, "geometry": { "type": "MultiLineString", "coordinates": [ [ [ 673330.525209077284671, 7485620.284997574985027 ], [ 673314.359695852966979, 7485660.370157614350319 ], [ 673294.881463790661655, 7485715.388088406994939 ], [ 673280.079781973501667, 7485770.618545882403851 ], [ 673266.445736620691605, 7485831.871246324852109 ], [ 673257.635293764295056, 7485869.236901011317968 ], [ 673251.278282468090765, 7485891.092602359130979 ], [ 673245.240723394788802, 7485905.812743137590587 ], [ 673230.826142070232891, 7485936.409218596294522 ] ] ] } },
{ "type": "Feature", "properties": { "id": "Sao_Bento.239", "id_trecho": 5606, "Name": "Avenida Governador Leonel de Moura Brizola", "description": null, "Extensao_m": 201.77326710899757, "Bairro_logradouros": "Sao Bento", "Bairro_rotas": "Centro", "Distrito": "2º", "Lote": "I", "Name_2": "Ponto 1428", "description_2": "Velocidade: 0km/h<br>02/07/2026 18:37:31", "layer": "TTS0J06", "path": "C:/KMLs/Estevao/02-07-2026/Coleta/Trajeto_TTS0J06.kml|layername=Trajeto|geometrytype=Point|uniqueGeometryType=yes", "Velocidade": 0.0, "Data": "2026-07-02", "hora": "18:37:31", "Rota": "ROTA 300 (NOITE) - Centro - Seg a Sab", "Turno": "Noite", "Dias_da_semana": [ "seg", "ter", "qua", "qui", "sex", "sab" ], "Hit_Rate": 44.44, "Status": "Baixo hit rate", "Bloco": "Seg_a_Sab" }, "geometry": { "type": "MultiLineString", "coordinates": [ [ [ 673146.701658747158945, 7486040.601619822904468 ], [ 673122.602103087585419, 7486062.4374820869416 ], [ 673106.718716187751852, 7486073.880663762800395 ], [ 673091.432115241186693, 7486090.362766977399588 ], [ 673020.314582673367113, 7486128.897876994684339 ], [ 673008.284524803515524, 7486136.052487036213279 ], [ 672980.73811436467804, 7486152.932701973244548 ] ] ] } },
{ "type": "Feature", "properties": { "id": "Sao_Bento.239", "id_trecho": 5609, "Name": "Avenida Governador Leonel de Moura Brizola", "description": null, "Extensao_m": 63.943333965371558, "Bairro_logradouros": "Sao Bento", "Bairro_rotas": "Centro", "Distrito": "2º", "Lote": "I", "Name_2": "Ponto 1432", "description_2": "Velocidade: 4km/h<br>02/07/2026 18:38:48", "layer": "TTS0J06", "path": "C:/KMLs/Estevao/02-07-2026/Coleta/Trajeto_TTS0J06.kml|layername=Trajeto|geometrytype=Point|uniqueGeometryType=yes", "Velocidade": 4.0, "Data": "2026-07-02", "hora": "18:38:48", "Rota": "ROTA 300 (NOITE) - Centro - Seg a Sab", "Turno": "Noite", "Dias_da_semana": [ "seg", "ter", "qua", "qui", "sex", "sab" ], "Hit_Rate": 66.67, "Status": "Validado", "Bloco": "Seg_a_Sab" }, "geometry": { "type": "MultiLineString", "coordinates": [ [ [ 672892.082291293889284, 7486205.734383532777429 ], [ 672882.877188589889556, 7486211.154589818790555 ], [ 672837.0994940220844, 7486238.374535648152232 ] ] ] } },
{ "type": "Feature", "properties": { "id": "Sao_Bento.239", "id_trecho": 5613, "Name": "Avenida Governador Leonel de Moura Brizola", "description": null, "Extensao_m": 65.695542068705493, "Bairro_logradouros": "Sao Bento", "Bairro_rotas": "Centro", "Distrito": "2º", "Lote": "I", "Name_2": "Ponto 1445", "description_2": "Velocidade: 0km/h<br>02/07/2026 18:41:55", "layer": "TTS0J06", "path": "C:/KMLs/Estevao/02-07-2026/Coleta/Trajeto_TTS0J06.kml|layername=Trajeto|geometrytype=Point|uniqueGeometryType=yes", "Velocidade": 0.0, "Data": "2026-07-02", "hora": "18:41:55", "Rota": "ROTA 300 (NOITE) - Centro - Seg a Sab", "Turno": "Noite", "Dias_da_semana": [ "seg", "ter", "qua", "qui", "sex", "sab" ], "Hit_Rate": 55.56, "Status": "Baixo hit rate", "Bloco": "Seg_a_Sab" }, "geometry": { "type": "MultiLineString", "coordinates": [ [ [ 672720.102664614212699, 7486307.875747131183743 ], [ 672679.924060054356232, 7486331.872954349964857 ], [ 672663.702999467612244, 7486341.561199033632874 ] ] ] } },
{ "type": "Feature", "properties": { "id": "Parque_Fluminense.175", "id_trecho": 4715, "Name": "Avenida Governador Leonel de Moura Brizola", "description": null, "Extensao_m": 75.848900727250395, "Bairro_logradouros": "Parque Fluminense", "Bairro_rotas": "Centro", "Distrito": "2º", "Lote": "I", "Name_2": "Ponto 1477", "description_2": "Velocidade: 6km/h<br>02/07/2026 18:51:24", "layer": "TTS0J06", "path": "C:/KMLs/Estevao/02-07-2026/Coleta/Trajeto_TTS0J06.kml|layername=Trajeto|geometrytype=Point|uniqueGeometryType=yes", "Velocidade": 6.0, "Data": "2026-07-02", "hora": "18:51:24", "Rota": "ROTA 300 (NOITE) - Centro - Seg a Sab", "Turno": "Noite", "Dias_da_semana": [ "seg", "ter", "qua", "qui", "sex", "sab" ], "Hit_Rate": 66.67, "Status": "Validado", "Bloco": "Seg_a_Sab" }, "geometry": { "type": "MultiLineString", "coordinates": [ [ [ 672593.242004710016772, 7486371.917348282411695 ], [ 672658.953563125804067, 7486334.040170940570533 ] ] ] } },
{ "type": "Feature", "properties": { "id": "Vila_São_Jose.216", "id_trecho": 6351, "Name": "Avenida Governador Leonel de Moura Brizola", "description": null, "Extensao_m": 42.914543873559118, "Bairro_logradouros": "Vila São Jose", "Bairro_rotas": "Centro", "Distrito": "2º", "Lote": "I", "Name_2": "Ponto 1520", "description_2": "Velocidade: 57km/h<br>02/07/2026 19:10:51", "layer": "TTS0J06", "path": "C:/KMLs/Estevao/02-07-2026/Coleta/Trajeto_TTS0J06.kml|layername=Trajeto|geometrytype=Point|uniqueGeometryType=yes", "Velocidade": 57.0, "Data": "2026-07-02", "hora": "19:10:51", "Rota": "ROTA 300 (NOITE) - Centro - Seg a Sab", "Turno": "Noite", "Dias_da_semana": [ "seg", "ter", "qua", "qui", "sex", "sab" ], "Hit_Rate": 5.56, "Status": "Baixo hit rate", "Bloco": "Seg_a_Sab" }, "geometry": { "type": "MultiLineString", "coordinates": [ [ [ 673756.768709621625021, 7483466.284325785934925 ], [ 673742.310208688606508, 7483506.688660699874163 ] ] ] } },
{ "type": "Feature", "properties": { "id": "Gramacho.230", "id_trecho": 1976, "Name": "Avenida Governador Leonel de Moura Brizola", "description": null, "Extensao_m": 341.17122520144642, "Bairro_logradouros": "Gramacho", "Bairro_rotas": "Centro", "Distrito": "1º", "Lote": "I", "Name_2": "Ponto 1812", "description_2": "Velocidade: 6km/h<br>02/07/2026 22:17:33", "layer": "TTS0J06", "path": "C:/KMLs/Estevao/02-07-2026/Coleta/Trajeto_TTS0J06.kml|layername=Trajeto|geometrytype=Point|uniqueGeometryType=yes", "Velocidade": 6.0, "Data": "2026-07-02", "hora": "22:17:33", "Rota": "ROTA 300 (NOITE) - Centro - Seg a Sab", "Turno": "Noite", "Dias_da_semana": [ "seg", "ter", "qua", "qui", "sex", "sab" ], "Hit_Rate": 88.89, "Status": "Validado", "Bloco": "Seg_a_Sab" }, "geometry": { "type": "MultiLineString", "coordinates": [ [ [ 674304.362009612494148, 7482439.901246517896652 ], [ 674301.206535831210203, 7482411.032933099195361 ], [ 674297.125551871722564, 7482391.920804303139448 ], [ 674290.990406317054294, 7482372.810074583627284 ], [ 674283.757204530527815, 7482354.675413737073541 ], [ 674262.429147267015651, 7482308.48444838821888 ], [ 674246.762898905202746, 7482275.052857797592878 ], [ 674228.116464916733094, 7482235.198967214673758 ], [ 674217.242233653669246, 7482211.225442971102893 ], [ 674205.735582282301039, 7482181.356443675234914 ], [ 674187.649176087463275, 7482135.681978554464877 ], [ 674182.498292958363891, 7482122.956792952492833 ] ] ] } },
{ "type": "Feature", "properties": { "id": "Gramacho.230", "id_trecho": 1957, "Name": "Avenida Governador Leonel de Moura Brizola", "description": null, "Extensao_m": 74.361534907363421, "Bairro_logradouros": "Gramacho", "Bairro_rotas": "Centro", "Distrito": "1º", "Lote": "I", "Name_2": "Ponto 2082", "description_2": "Velocidade: 59km/h<br>03/07/2026 00:57:50", "layer": "TTS0J06", "path": "C:/KMLs/Estevao/02-07-2026/Coleta/Trajeto_TTS0J06.kml|layername=Trajeto|geometrytype=Point|uniqueGeometryType=yes", "Velocidade": 59.0, "Data": "2026-07-03", "hora": "00:57:50", "Rota": "ROTA 300 (NOITE) - Centro - Seg a Sab", "Turno": "Noite", "Dias_da_semana": [ "seg", "ter", "qua", "qui", "sex", "sab" ], "Hit_Rate": 27.78, "Status": "Baixo hit rate", "Bloco": "Seg_a_Sab" }, "geometry": { "type": "MultiLineString", "coordinates": [ [ [ 673912.130654613720253, 7483194.703131411224604 ], [ 673911.514249062747695, 7483195.74871445633471 ], [ 673908.640064005507156, 7483200.399640049785376 ], [ 673906.684505098965019, 7483203.644675944000483 ], [ 673905.12797537073493, 7483205.855221834033728 ], [ 673902.2842168265488, 7483210.472574517130852 ], [ 673874.565027794684283, 7483258.858488610014319 ] ] ] } },
{ "type": "Feature", "properties": { "id": "Centro.132", "id_trecho": 947, "Name": "Avenida Governador Leonel de Moura Brizola", "description": null, "Extensao_m": 66.44306818624483, "Bairro_logradouros": "Centro", "Bairro_rotas": "Centro", "Distrito": "1º", "Lote": "I", "Name_2": "Ponto 1038", "description_2": "Velocidade: 16km/h<br>02/07/2026 17:41:07", "layer": "TTW7E72", "path": "C:/KMLs/Estevao/02-07-2026/Coleta/Trajeto_TTW7E72.kml|layername=Trajeto|geometrytype=Point|uniqueGeometryType=yes", "Velocidade": 16.0, "Data": "2026-07-02", "hora": "17:41:07", "Rota": "ROTA 300 (NOITE) - Centro - Seg a Sab", "Turno": "Noite", "Dias_da_semana": [ "seg", "ter", "qua", "qui", "sex", "sab" ], "Hit_Rate": 50.0, "Status": "Baixo hit rate", "Bloco": "Seg_a_Sab" }, "geometry": { "type": "MultiLineString", "coordinates": [ [ [ 673618.128381357062608, 7479710.181830199435353 ], [ 673608.716063341707923, 7479657.574751516804099 ], [ 673606.977084898157045, 7479644.692823250778019 ] ] ] } },
{ "type": "Feature", "properties": { "id": "Centro.25", "id_trecho": 1205, "Name": "Rua Lindóia", "description": null, "Extensao_m": 92.979815827362131, "Bairro_logradouros": "Centro", "Bairro_rotas": "Centro", "Distrito": "1º", "Lote": "I", "Name_2": "Ponto 1192", "description_2": "Velocidade: 10km/h<br>02/07/2026 19:18:22", "layer": "TTW7E72", "path": "C:/KMLs/Estevao/02-07-2026/Coleta/Trajeto_TTW7E72.kml|layername=Trajeto|geometrytype=Point|uniqueGeometryType=yes", "Velocidade": 10.0, "Data": "2026-07-02", "hora": "19:18:22", "Rota": "ROTA 300 (NOITE) - Centro - Seg a Sab", "Turno": "Noite", "Dias_da_semana": [ "seg", "ter", "qua", "qui", "sex", "sab" ], "Hit_Rate": 83.33, "Status": "Validado", "Bloco": "Seg_a_Sab" }, "geometry": { "type": "MultiLineString", "coordinates": [ [ [ 672904.003320054151118, 7479314.875412026420236 ], [ 672849.161328966030851, 7479331.424955377355218 ], [ 672815.70332794461865, 7479343.854845725931227 ] ] ] } },
{ "type": "Feature", "properties": { "id": "Centro.85", "id_trecho": 1039, "Name": "Rua Almirante Tamandaré", "description": null, "Extensao_m": 73.421411411909276, "Bairro_logradouros": "Centro", "Bairro_rotas": "Centro", "Distrito": "1º", "Lote": "I", "Name_2": "Ponto 1137", "description_2": "Velocidade: 18km/h<br>02/07/2026 19:15:27", "layer": "TUA3H22", "path": "C:/KMLs/Estevao/02-07-2026/Coleta/Trajeto_TUA3H22.kml|layername=Trajeto|geometrytype=Point|uniqueGeometryType=yes", "Velocidade": 18.0, "Data": "2026-07-02", "hora": "19:15:27", "Rota": "ROTA 300 (NOITE) - Centro - Seg a Sab", "Turno": "Noite", "Dias_da_semana": [ "seg", "ter", "qua", "qui", "sex", "sab" ], "Hit_Rate": 16.67, "Status": "Baixo hit rate", "Bloco": "Seg_a_Sab" }, "geometry": { "type": "MultiLineString", "coordinates": [ [ [ 673848.697337597492151, 7478476.022402831353247 ], [ 673786.831902176840231, 7478515.558251120150089 ] ] ] } },
{ "type": "Feature", "properties": { "id": "Centro.132", "id_trecho": 922, "Name": "Avenida Governador Leonel de Moura Brizola", "description": null, "Extensao_m": 120.38285516373521, "Bairro_logradouros": "Centro", "Bairro_rotas": "Centro", "Distrito": "1º", "Lote": "I", "Name_2": "Ponto 1244", "description_2": "Velocidade: 0km/h<br>02/07/2026 20:14:38", "layer": "TUA3H22", "path": "C:/KMLs/Estevao/02-07-2026/Coleta/Trajeto_TUA3H22.kml|layername=Trajeto|geometrytype=Point|uniqueGeometryType=yes", "Velocidade": 0.0, "Data": "2026-07-02", "hora": "20:14:38", "Rota": "ROTA 300 (NOITE) - Centro - Seg a Sab", "Turno": "Noite", "Dias_da_semana": [ "seg", "ter", "qua", "qui", "sex", "sab" ], "Hit_Rate": 88.89, "Status": "Validado", "Bloco": "Seg_a_Sab" }, "geometry": { "type": "MultiLineString", "coordinates": [ [ [ 673502.220067492220551, 7478630.035886324010789 ], [ 673538.169735820265487, 7478551.914966581389308 ], [ 673543.906332354759797, 7478539.944260120391846 ], [ 673552.950229305191897, 7478520.870184957049787 ] ] ] } },
{ "type": "Feature", "properties": { "id": "Centro.19", "id_trecho": 1163, "Name": "Rua Genaro Lomba", "description": null, "Extensao_m": 45.629733438469358, "Bairro_logradouros": "Centro", "Bairro_rotas": "Centro", "Distrito": "1º", "Lote": "I", "Name_2": "Ponto 1284", "description_2": "Velocidade: 14km/h<br>02/07/2026 20:34:20", "layer": "TUA3H22", "path": "C:/KMLs/Estevao/02-07-2026/Coleta/Trajeto_TUA3H22.kml|layername=Trajeto|geometrytype=Point|uniqueGeometryType=yes", "Velocidade": 14.0, "Data": "2026-07-02", "hora": "20:34:20", "Rota": "ROTA 300 (NOITE) - Centro - Seg a Sab", "Turno": "Noite", "Dias_da_semana": [ "seg", "ter", "qua", "qui", "sex", "sab" ], "Hit_Rate": 72.22, "Status": "Validado", "Bloco": "Seg_a_Sab" }, "geometry": { "type": "MultiLineString", "coordinates": [ [ [ 673231.655462052556686, 7478681.876252624206245 ], [ 673219.362441842094995, 7478702.415785167366266 ], [ 673212.869239520514384, 7478712.899918428622186 ], [ 673210.085787626798265, 7478721.835583196952939 ] ] ] } },
{ "type": "Feature", "properties": { "id": "Bar_dos_Cavalheiros.164", "id_trecho": 116, "Name": "Avenida Nilo Peçanha", "description": null, "Extensao_m": 72.697131625339352, "Bairro_logradouros": "Bar dos Cavalheiros", "Bairro_rotas": "Centro", "Distrito": "1º", "Lote": "I", "Name_2": "Ponto 1354", "description_2": "Velocidade: 13km/h<br>02/07/2026 21:03:24", "layer": "TUA3H22", "path": "C:/KMLs/Estevao/02-07-2026/Coleta/Trajeto_TUA3H22.kml|layername=Trajeto|geometrytype=Point|uniqueGeometryType=yes", "Velocidade": 13.0, "Data": "2026-07-02", "hora": "21:03:24", "Rota": "ROTA 300 (NOITE) - Centro - Seg a Sab", "Turno": "Noite", "Dias_da_semana": [ "seg", "ter", "qua", "qui", "sex", "sab" ], "Hit_Rate": 88.89, "Status": "Validado", "Bloco": "Seg_a_Sab" }, "geometry": { "type": "MultiLineString", "coordinates": [ [ [ 671833.976579848327674, 7478969.917398881167173 ], [ 671849.16459771245718, 7478969.092081526294351 ], [ 671860.093756994814612, 7478969.400258189067245 ], [ 671871.372891634819098, 7478970.690088705159724 ], [ 671882.564917060546577, 7478974.26222944073379 ], [ 671892.568742153933272, 7478979.907660244032741 ], [ 671902.380773244658485, 7478986.751295138150454 ] ] ] } },
{ "type": "Feature", "properties": { "id": "Bar_dos_Cavalheiros.141", "id_trecho": 16, "Name": "Avenida Doutor Manoel Teles", "description": null, "Extensao_m": 70.813765792103595, "Bairro_logradouros": "Bar dos Cavalheiros", "Bairro_rotas": "Centro", "Distrito": "1º", "Lote": "I", "Name_2": "Ponto 1704", "description_2": "Velocidade: 6km/h<br>02/07/2026 17:32:15", "layer": "TUN3B98", "path": "C:/KMLs/Estevao/02-07-2026/Coleta/Trajeto_TUN3B98.kml|layername=Trajeto|geometrytype=Point|uniqueGeometryType=yes", "Velocidade": 6.0, "Data": "2026-07-02", "hora": "17:32:15", "Rota": "ROTA 300 (NOITE) - Centro - Seg a Sab", "Turno": "Noite", "Dias_da_semana": [ "seg", "ter", "qua", "qui", "sex", "sab" ], "Hit_Rate": 55.56, "Status": "Baixo hit rate", "Bloco": "Seg_a_Sab" }, "geometry": { "type": "MultiLineString", "coordinates": [ [ [ 672947.078130792709999, 7478435.878895699046552 ], [ 672893.636904029292054, 7478389.421194416470826 ] ] ] } },
{ "type": "Feature", "properties": { "id": "Centro.137", "id_trecho": 1201, "Name": "Rua José de Alvarenga", "description": null, "Extensao_m": 26.670109688407152, "Bairro_logradouros": "Centro", "Bairro_rotas": "Centro", "Distrito": "1º", "Lote": "I", "Name_2": "Ponto 1092", "description_2": "Velocidade: 17km/h<br>02/07/2026 18:52:54", "layer": "TUA3H22", "path": "C:/KMLs/Estevao/02-07-2026/Coleta/Trajeto_TUA3H22.kml|layername=Trajeto|geometrytype=Point|uniqueGeometryType=yes", "Velocidade": 17.0, "Data": "2026-07-02", "hora": "18:52:54", "Rota": "ROTA 300 (NOITE) - Centro - Seg a Sab", "Turno": "Noite", "Dias_da_semana": [ "seg", "ter", "qua", "qui", "sex", "sab" ], "Hit_Rate": 55.56, "Status": "Baixo hit rate", "Bloco": "Seg_a_Sab" }, "geometry": { "type": "MultiLineString", "coordinates": [ [ [ 673357.009144538082182, 7478429.91741428244859 ], [ 673355.83055457402952, 7478437.306504568085074 ], [ 673352.822776980232447, 7478456.256133605726063 ] ] ] } },
{ "type": "Feature", "properties": { "id": "Centro.3", "id_trecho": 965, "Name": "Avenida Nilo Peçanha", "description": null, "Extensao_m": 11.411627129875727, "Bairro_logradouros": "Centro", "Bairro_rotas": "Centro", "Distrito": "1º", "Lote": "I", "Name_2": "Ponto 1340", "description_2": "Velocidade: 32km/h<br>02/07/2026 20:57:20", "layer": "TUA3H22", "path": "C:/KMLs/Estevao/02-07-2026/Coleta/Trajeto_TUA3H22.kml|layername=Trajeto|geometrytype=Point|uniqueGeometryType=yes", "Velocidade": 32.0, "Data": "2026-07-02", "hora": "20:57:20", "Rota": "ROTA 300 (NOITE) - Centro - Seg a Sab", "Turno": "Noite", "Dias_da_semana": [ "seg", "ter", "qua", "qui", "sex", "sab" ], "Hit_Rate": 27.78, "Status": "Baixo hit rate", "Bloco": "Seg_a_Sab" }, "geometry": { "type": "MultiLineString", "coordinates": [ [ [ 672612.851814929861575, 7479318.523673331364989 ], [ 672623.356880803359672, 7479322.980188118293881 ] ] ] } },
{ "type": "Feature", "properties": { "id": "Centenario.2", "id_trecho": 671, "Name": "Avenida Governador Leonel de Moura Brizola", "description": null, "Extensao_m": 7.4185238524964188, "Bairro_logradouros": "Centenario", "Bairro_rotas": "Centro", "Distrito": "1º", "Lote": "I", "Name_2": "Ponto 860", "description_2": "Velocidade: 0km/h<br>03/07/2026 17:52:13", "layer": "TTF7G57", "path": "C:/KMLs/Estevao/03-07-2026/Coleta/Trajeto_TTF7G57.kml|layername=Trajeto|geometrytype=Point|uniqueGeometryType=yes", "Velocidade": 0.0, "Data": "2026-07-03", "hora": "17:52:13", "Rota": "ROTA 300 (NOITE) - Centro - Seg a Sab", "Turno": "Noite", "Dias_da_semana": [ "seg", "ter", "qua", "qui", "sex", "sab" ], "Hit_Rate": 27.78, "Status": "Baixo hit rate", "Bloco": "Seg_a_Sab" }, "geometry": { "type": "MultiLineString", "coordinates": [ [ [ 673656.877796230954118, 7479898.197603220120072 ], [ 673655.428095249226317, 7479890.922313252463937 ] ] ] } },
{ "type": "Feature", "properties": { "id": "Bar_dos_Cavalheiros.164", "id_trecho": 100, "Name": "Avenida Nilo Peçanha", "description": null, "Extensao_m": 77.842657264813269, "Bairro_logradouros": "Bar dos Cavalheiros", "Bairro_rotas": "Centro", "Distrito": "1º", "Lote": "I", "Name_2": "Ponto 784", "description_2": "Velocidade: 0km/h<br>03/07/2026 18:27:32", "layer": "TTH9F28", "path": "C:/KMLs/Estevao/03-07-2026/Coleta/Trajeto_TTH9F28.kml|layername=Trajeto|geometrytype=Point|uniqueGeometryType=yes", "Velocidade": 0.0, "Data": "2026-07-03", "hora": "18:27:32", "Rota": "ROTA 300 (NOITE) - Centro - Seg a Sab", "Turno": "Noite", "Dias_da_semana": [ "seg", "ter", "qua", "qui", "sex", "sab" ], "Hit_Rate": 27.78, "Status": "Baixo hit rate", "Bloco": "Seg_a_Sab" }, "geometry": { "type": "MultiLineString", "coordinates": [ [ [ 671707.616248224396259, 7478802.296178648248315 ], [ 671705.533602763433009, 7478787.934064924716949 ], [ 671703.520054230233654, 7478768.787019626237452 ], [ 671699.583592290524393, 7478724.888245789334178 ] ] ] } },
{ "type": "Feature", "properties": { "id": "Centro.132", "id_trecho": 961, "Name": "Avenida Governador Leonel de Moura Brizola", "description": null, "Extensao_m": 67.570783943110939, "Bairro_logradouros": "Centro", "Bairro_rotas": "Centro", "Distrito": "1º", "Lote": "I", "Name_2": "Ponto 992", "description_2": "Velocidade: 26km/h<br>03/07/2026 19:44:03", "layer": "TTH9F28", "path": "C:/KMLs/Estevao/03-07-2026/Coleta/Trajeto_TTH9F28.kml|layername=Trajeto|geometrytype=Point|uniqueGeometryType=yes", "Velocidade": 26.0, "Data": "2026-07-03", "hora": "19:44:03", "Rota": "ROTA 300 (NOITE) - Centro - Seg a Sab", "Turno": "Noite", "Dias_da_semana": [ "seg", "ter", "qua", "qui", "sex", "sab" ], "Hit_Rate": 27.78, "Status": "Baixo hit rate", "Bloco": "Seg_a_Sab" }, "geometry": { "type": "MultiLineString", "coordinates": [ [ [ 673981.907443255884573, 7477985.188935115933418 ], [ 673979.027084680623375, 7477998.157043089158833 ], [ 673969.165773471817374, 7478051.538719916716218 ] ] ] } },
{ "type": "Feature", "properties": { "id": "Centro.151", "id_trecho": 1280, "Name": "Rua Piratini", "description": null, "Extensao_m": 7.0369645610967861, "Bairro_logradouros": "Centro", "Bairro_rotas": "Centro", "Distrito": "1º", "Lote": "I", "Name_2": "Ponto 1153", "description_2": "Velocidade: 22km/h<br>03/07/2026 20:50:27", "layer": "TTJ3E60", "path": "C:/KMLs/Estevao/03-07-2026/Coleta/Trajeto_TTJ3E60.kml|layername=Trajeto|geometrytype=Point|uniqueGeometryType=yes", "Velocidade": 22.0, "Data": "2026-07-03", "hora": "20:50:27", "Rota": "ROTA 300 (NOITE) - Centro - Seg a Sab", "Turno": "Noite", "Dias_da_semana": [ "seg", "ter", "qua", "qui", "sex", "sab" ], "Hit_Rate": 16.67, "Status": "Baixo hit rate", "Bloco": "Seg_a_Sab" }, "geometry": { "type": "MultiLineString", "coordinates": [ [ [ 673414.185417433851399, 7478457.127710360102355 ], [ 673407.865895147086121, 7478454.032603319734335 ] ] ] } },
{ "type": "Feature", "properties": { "id": "Centro.121", "id_trecho": 1030, "Name": "Rua Almirante Barroso", "description": null, "Extensao_m": 34.382477453448757, "Bairro_logradouros": "Centro", "Bairro_rotas": "Centro", "Distrito": "1º", "Lote": "I", "Name_2": "Ponto 1467", "description_2": "Velocidade: 0km/h<br>03/07/2026 17:06:57", "layer": "TTM0I75", "path": "C:/KMLs/Estevao/03-07-2026/Coleta/Trajeto_TTM0I75.kml|layername=Trajeto|geometrytype=Point|uniqueGeometryType=yes", "Velocidade": 0.0, "Data": "2026-07-03", "hora": "17:06:57", "Rota": "ROTA 300 (NOITE) - Centro - Seg a Sab", "Turno": "Noite", "Dias_da_semana": [ "seg", "ter", "qua", "qui", "sex", "sab" ], "Hit_Rate": 22.22, "Status": "Baixo hit rate", "Bloco": "Seg_a_Sab" }, "geometry": { "type": "MultiLineString", "coordinates": [ [ [ 673379.636416846420616, 7478702.845105731859803 ], [ 673385.005267968052067, 7478700.015150554478168 ], [ 673389.256294550723396, 7478696.411671853624284 ], [ 673393.140003304346465, 7478692.114693359471858 ], [ 673395.878754662815481, 7478687.365663632750511 ], [ 673400.822892415104434, 7478677.020957669243217 ] ] ] } },
{ "type": "Feature", "properties": { "id": "Centro.121", "id_trecho": 1031, "Name": "Rua Almirante Barroso", "description": null, "Extensao_m": 87.245237468081783, "Bairro_logradouros": "Centro", "Bairro_rotas": "Centro", "Distrito": "1º", "Lote": "I", "Name_2": "Ponto 1468", "description_2": "Velocidade: 21km/h<br>03/07/2026 17:07:26", "layer": "TTM0I75", "path": "C:/KMLs/Estevao/03-07-2026/Coleta/Trajeto_TTM0I75.kml|layername=Trajeto|geometrytype=Point|uniqueGeometryType=yes", "Velocidade": 21.0, "Data": "2026-07-03", "hora": "17:07:26", "Rota": "ROTA 300 (NOITE) - Centro - Seg a Sab", "Turno": "Noite", "Dias_da_semana": [ "seg", "ter", "qua", "qui", "sex", "sab" ], "Hit_Rate": 16.67, "Status": "Baixo hit rate", "Bloco": "Seg_a_Sab" }, "geometry": { "type": "MultiLineString", "coordinates": [ [ [ 673400.822892415104434, 7478677.020957669243217 ], [ 673438.80150533025153, 7478598.478463344275951 ] ] ] } },
{ "type": "Feature", "properties": { "id": "Sao_Bento.239", "id_trecho": 5625, "Name": "Avenida Governador Leonel de Moura Brizola", "description": null, "Extensao_m": 28.487619501225783, "Bairro_logradouros": "Sao Bento", "Bairro_rotas": "Centro", "Distrito": "2º", "Lote": "I", "Name_2": "Ponto 1757", "description_2": "Velocidade: 8km/h<br>03/07/2026 19:10:21", "layer": "TTS0J06", "path": "C:/KMLs/Estevao/03-07-2026/Coleta/Trajeto_TTS0J06.kml|layername=Trajeto|geometrytype=Point|uniqueGeometryType=yes", "Velocidade": 8.0, "Data": "2026-07-03", "hora": "19:10:21", "Rota": "ROTA 300 (NOITE) - Centro - Seg a Sab", "Turno": "Noite", "Dias_da_semana": [ "seg", "ter", "qua", "qui", "sex", "sab" ], "Hit_Rate": 16.67, "Status": "Baixo hit rate", "Bloco": "Seg_a_Sab" }, "geometry": { "type": "MultiLineString", "coordinates": [ [ [ 673330.525209077284671, 7485620.284997574985027 ], [ 673318.501556917093694, 7485624.430815173313022 ], [ 673310.655466113705188, 7485624.653023019433022 ], [ 673302.806068086996675, 7485623.603692553006113 ] ] ] } },
{ "type": "Feature", "properties": { "id": "Sao_Bento.239", "id_trecho": 5628, "Name": "Avenida Governador Leonel de Moura Brizola", "description": null, "Extensao_m": 9.1570669831462261, "Bairro_logradouros": "Sao Bento", "Bairro_rotas": "Centro", "Distrito": "2º", "Lote": "I", "Name_2": "Ponto 1824", "description_2": "Velocidade: 12km/h<br>03/07/2026 19:32:13", "layer": "TTS0J06", "path": "C:/KMLs/Estevao/03-07-2026/Coleta/Trajeto_TTS0J06.kml|layername=Trajeto|geometrytype=Point|uniqueGeometryType=yes", "Velocidade": 12.0, "Data": "2026-07-03", "hora": "19:32:13", "Rota": "ROTA 300 (NOITE) - Centro - Seg a Sab", "Turno": "Noite", "Dias_da_semana": [ "seg", "ter", "qua", "qui", "sex", "sab" ], "Hit_Rate": 11.11, "Status": "Baixo hit rate", "Bloco": "Seg_a_Sab" }, "geometry": { "type": "MultiLineString", "coordinates": [ [ [ 673333.931557456147857, 7485611.785360282287002 ], [ 673330.525209077284671, 7485620.284997574985027 ] ] ] } },
{ "type": "Feature", "properties": { "id": "Parque_Fluminense.175", "id_trecho": 4719, "Name": "Avenida Governador Leonel de Moura Brizola", "description": null, "Extensao_m": 68.535242429497657, "Bairro_logradouros": "Parque Fluminense", "Bairro_rotas": "Centro", "Distrito": "2º", "Lote": "I", "Name_2": "Ponto 1880", "description_2": "Velocidade: 0km/h<br>03/07/2026 20:04:35", "layer": "TTS0J06", "path": "C:/KMLs/Estevao/03-07-2026/Coleta/Trajeto_TTS0J06.kml|layername=Trajeto|geometrytype=Point|uniqueGeometryType=yes", "Velocidade": 0.0, "Data": "2026-07-03", "hora": "20:04:35", "Rota": "ROTA 300 (NOITE) - Centro - Seg a Sab", "Turno": "Noite", "Dias_da_semana": [ "seg", "ter", "qua", "qui", "sex", "sab" ], "Hit_Rate": 61.11, "Status": "Baixo hit rate", "Bloco": "Seg_a_Sab" }, "geometry": { "type": "MultiLineString", "coordinates": [ [ [ 672893.07652923418209, 7486195.578956060111523 ], [ 672951.641758310841396, 7486159.985329676419497 ] ] ] } },
{ "type": "Feature", "properties": { "id": "Centro.120", "id_trecho": 889, "Name": "Avenida Doutor Plínio Casado", "description": null, "Extensao_m": 36.778172536970672, "Bairro_logradouros": "Centro", "Bairro_rotas": "Centro", "Distrito": "1º", "Lote": "I", "Name_2": "Ponto 1080", "description_2": "Velocidade: 10km/h<br>03/07/2026 18:34:04", "layer": "TUA3H22", "path": "C:/KMLs/Estevao/03-07-2026/Coleta/Trajeto_TUA3H22.kml|layername=Trajeto|geometrytype=Point|uniqueGeometryType=yes", "Velocidade": 10.0, "Data": "2026-07-03", "hora": "18:34:04", "Rota": "ROTA 300 (NOITE) - Centro - Seg a Sab", "Turno": "Noite", "Dias_da_semana": [ "seg", "ter", "qua", "qui", "sex", "sab" ], "Hit_Rate": 33.33, "Status": "Baixo hit rate", "Bloco": "Seg_a_Sab" }, "geometry": { "type": "MultiLineString", "coordinates": [ [ [ 673441.960922020603903, 7478792.301797367632389 ], [ 673445.48443030519411, 7478811.298631192184985 ], [ 673450.972315635997802, 7478827.869848440401256 ] ] ] } },
{ "type": "Feature", "properties": { "id": "Gramacho.230", "id_trecho": 1986, "Name": "Avenida Governador Leonel de Moura Brizola", "description": null, "Extensao_m": 49.812218830894018, "Bairro_logradouros": "Gramacho", "Bairro_rotas": "Centro", "Distrito": "1º", "Lote": "I", "Name_2": "Ponto 2730", "description_2": "Velocidade: 5km/h<br>03/07/2026 23:32:29", "layer": "TUS0I00", "path": "C:/KMLs/Estevao/03-07-2026/Coleta/Trajeto_TUS0I00.kml|layername=Trajeto|geometrytype=Point|uniqueGeometryType=yes", "Velocidade": 5.0, "Data": "2026-07-03", "hora": "23:32:29", "Rota": "ROTA 300 (NOITE) - Centro - Seg a Sab", "Turno": "Noite", "Dias_da_semana": [ "seg", "ter", "qua", "qui", "sex", "sab" ], "Hit_Rate": 5.56, "Status": "Baixo hit rate", "Bloco": "Seg_a_Sab" }, "geometry": { "type": "MultiLineString", "coordinates": [ [ [ 674192.155378810828552, 7482173.992461826652288 ], [ 674172.077517255558632, 7482128.407247934490442 ] ] ] } },
{ "type": "Feature", "properties": { "id": "Centenario.2", "id_trecho": 675, "Name": "Avenida Governador Leonel de Moura Brizola", "description": null, "Extensao_m": 261.55634174325172, "Bairro_logradouros": "Centenario", "Bairro_rotas": "Centro", "Distrito": "1º", "Lote": "I", "Name_2": "Ponto 2749", "description_2": "Velocidade: 0km/h<br>03/07/2026 23:40:59", "layer": "TUS0I00", "path": "C:/KMLs/Estevao/03-07-2026/Coleta/Trajeto_TUS0I00.kml|layername=Trajeto|geometrytype=Point|uniqueGeometryType=yes", "Velocidade": 0.0, "Data": "2026-07-03", "hora": "23:40:59", "Rota": "ROTA 300 (NOITE) - Centro - Seg a Sab", "Turno": "Noite", "Dias_da_semana": [ "seg", "ter", "qua", "qui", "sex", "sab" ], "Hit_Rate": 55.56, "Status": "Baixo hit rate", "Bloco": "Seg_a_Sab" }, "geometry": { "type": "MultiLineString", "coordinates": [ [ [ 673978.531851276871748, 7481477.559855910949409 ], [ 673951.663097355864011, 7481368.849941654130816 ], [ 673918.054663063492626, 7481223.106446267105639 ] ] ] } },
{ "type": "Feature", "properties": { "id": "Centenario.2", "id_trecho": 674, "Name": "Avenida Governador Leonel de Moura Brizola", "description": null, "Extensao_m": 183.35752071175784, "Bairro_logradouros": "Centenario", "Bairro_rotas": "Centro", "Distrito": "1º", "Lote": "I", "Name_2": "Ponto 2761", "description_2": "Velocidade: 0km/h<br>03/07/2026 23:46:07", "layer": "TUS0I00", "path": "C:/KMLs/Estevao/03-07-2026/Coleta/Trajeto_TUS0I00.kml|layername=Trajeto|geometrytype=Point|uniqueGeometryType=yes", "Velocidade": 0.0, "Data": "2026-07-03", "hora": "23:46:07", "Rota": "ROTA 300 (NOITE) - Centro - Seg a Sab", "Turno": "Noite", "Dias_da_semana": [ "seg", "ter", "qua", "qui", "sex", "sab" ], "Hit_Rate": 11.11, "Status": "Baixo hit rate", "Bloco": "Seg_a_Sab" }, "geometry": { "type": "MultiLineString", "coordinates": [ [ [ 673746.374772165203467, 7480322.010741556063294 ], [ 673728.798873184481636, 7480295.555420367047191 ], [ 673711.819419722305611, 7480208.105920247733593 ], [ 673700.518287431914359, 7480146.62764931935817 ] ] ] } },
{ "type": "Feature", "properties": { "id": "Bar_dos_Cavalheiros.164", "id_trecho": 101, "Name": "Avenida Nilo Peçanha", "description": null, "Extensao_m": 20.68680392553274, "Bairro_logradouros": "Bar dos Cavalheiros", "Bairro_rotas": "Centro", "Distrito": "1º", "Lote": "I", "Name_2": "Ponto 1230", "description_2": "Velocidade: 12km/h<br>03/07/2026 19:28:28", "layer": "TTA2J20", "path": "C:/KMLs/Estevao/03-07-2026/Coleta/Trajeto_TTA2J20.kml|layername=Trajeto|geometrytype=Point|uniqueGeometryType=yes", "Velocidade": 12.0, "Data": "2026-07-03", "hora": "19:28:28", "Rota": "ROTA 300 (NOITE) - Centro - Seg a Sab", "Turno": "Noite", "Dias_da_semana": [ "seg", "ter", "qua", "qui", "sex", "sab" ], "Hit_Rate": 27.78, "Status": "Baixo hit rate", "Bloco": "Seg_a_Sab" }, "geometry": { "type": "MultiLineString", "coordinates": [ [ [ 671699.583592290524393, 7478724.888245789334178 ], [ 671698.661852548597381, 7478704.222727924585342 ] ] ] } },
{ "type": "Feature", "properties": { "id": "Bar_dos_Cavalheiros.164", "id_trecho": 98, "Name": "Avenida Nilo Peçanha", "description": null, "Extensao_m": 21.831672469153542, "Bairro_logradouros": "Bar dos Cavalheiros", "Bairro_rotas": "Centro", "Distrito": "1º", "Lote": "I", "Name_2": "Ponto 1235", "description_2": "Velocidade: 0km/h<br>03/07/2026 19:31:09", "layer": "TTA2J20", "path": "C:/KMLs/Estevao/03-07-2026/Coleta/Trajeto_TTA2J20.kml|layername=Trajeto|geometrytype=Point|uniqueGeometryType=yes", "Velocidade": 0.0, "Data": "2026-07-03", "hora": "19:31:09", "Rota": "ROTA 300 (NOITE) - Centro - Seg a Sab", "Turno": "Noite", "Dias_da_semana": [ "seg", "ter", "qua", "qui", "sex", "sab" ], "Hit_Rate": 16.67, "Status": "Baixo hit rate", "Bloco": "Seg_a_Sab" }, "geometry": { "type": "MultiLineString", "coordinates": [ [ [ 671732.869115436216816, 7478920.551104008220136 ], [ 671729.09585258224979, 7478902.885792290791869 ], [ 671728.284104904159904, 7478899.207193423062563 ] ] ] } },
{ "type": "Feature", "properties": { "id": "Bar_dos_Cavalheiros.164", "id_trecho": 112, "Name": "Avenida Nilo Peçanha", "description": null, "Extensao_m": 23.125368411756476, "Bairro_logradouros": "Bar dos Cavalheiros", "Bairro_rotas": "Centro", "Distrito": "1º", "Lote": "I", "Name_2": "Ponto 1237", "description_2": "Velocidade: 0km/h<br>03/07/2026 19:33:09", "layer": "TTA2J20", "path": "C:/KMLs/Estevao/03-07-2026/Coleta/Trajeto_TTA2J20.kml|layername=Trajeto|geometrytype=Point|uniqueGeometryType=yes", "Velocidade": 0.0, "Data": "2026-07-03", "hora": "19:33:09", "Rota": "ROTA 300 (NOITE) - Centro - Seg a Sab", "Turno": "Noite", "Dias_da_semana": [ "seg", "ter", "qua", "qui", "sex", "sab" ], "Hit_Rate": 44.44, "Status": "Baixo hit rate", "Bloco": "Seg_a_Sab" }, "geometry": { "type": "MultiLineString", "coordinates": [ [ [ 671736.138627427513711, 7478953.593409277498722 ], [ 671736.051103837555274, 7478976.717788239941001 ] ] ] } },
{ "type": "Feature", "properties": { "id": "Centro.132", "id_trecho": 940, "Name": "Avenida Governador Leonel de Moura Brizola", "description": null, "Extensao_m": 66.725356002266537, "Bairro_logradouros": "Centro", "Bairro_rotas": "Centro", "Distrito": "1º", "Lote": "I", "Name_2": "Ponto 1364", "description_2": "Velocidade: 0km/h<br>03/07/2026 20:44:09", "layer": "TTA2J20", "path": "C:/KMLs/Estevao/03-07-2026/Coleta/Trajeto_TTA2J20.kml|layername=Trajeto|geometrytype=Point|uniqueGeometryType=yes", "Velocidade": 0.0, "Data": "2026-07-03", "hora": "20:44:09", "Rota": "ROTA 300 (NOITE) - Centro - Seg a Sab", "Turno": "Noite", "Dias_da_semana": [ "seg", "ter", "qua", "qui", "sex", "sab" ], "Hit_Rate": 38.89, "Status": "Baixo hit rate", "Bloco": "Seg_a_Sab" }, "geometry": { "type": "MultiLineString", "coordinates": [ [ [ 673614.587126455968246, 7479642.955715332180262 ], [ 673618.052732988493517, 7479655.961870859377086 ], [ 673629.010195892304182, 7479708.086149794980884 ] ] ] } },
{ "type": "Feature", "properties": { "id": "Centro.121", "id_trecho": 1032, "Name": "Rua Almirante Barroso", "description": null, "Extensao_m": 118.94598007664604, "Bairro_logradouros": "Centro", "Bairro_rotas": "Centro", "Distrito": "1º", "Lote": "I", "Name_2": "Ponto 1386", "description_2": "Velocidade: 11km/h<br>03/07/2026 21:02:47", "layer": "TTG4B66", "path": "C:/KMLs/Estevao/03-07-2026/Coleta/Trajeto_TTG4B66.kml|layername=Trajeto|geometrytype=Point|uniqueGeometryType=yes", "Velocidade": 11.0, "Data": "2026-07-03", "hora": "21:02:47", "Rota": "ROTA 300 (NOITE) - Centro - Seg a Sab", "Turno": "Noite", "Dias_da_semana": [ "seg", "ter", "qua", "qui", "sex", "sab" ], "Hit_Rate": 27.78, "Status": "Baixo hit rate", "Bloco": "Seg_a_Sab" }, "geometry": { "type": "MultiLineString", "coordinates": [ [ [ 673438.80150533025153, 7478598.478463344275951 ], [ 673488.321736179990694, 7478490.334608344361186 ] ] ] } },
{ "type": "Feature", "properties": { "id": "Centro.4", "id_trecho": 995, "Name": "Avenida Winston Churchill", "description": null, "Extensao_m": 16.77769094056465, "Bairro_logradouros": "Centro", "Bairro_rotas": "Centro", "Distrito": "1º", "Lote": "I", "Name_2": "Ponto 1706", "description_2": "Velocidade: 9km/h<br>03/07/2026 20:02:05", "layer": "TTH9F46", "path": "C:/KMLs/Estevao/03-07-2026/Coleta/Trajeto_TTH9F46.kml|layername=Trajeto|geometrytype=Point|uniqueGeometryType=yes", "Velocidade": 9.0, "Data": "2026-07-03", "hora": "20:02:05", "Rota": "ROTA 300 (NOITE) - Centro - Seg a Sab", "Turno": "Noite", "Dias_da_semana": [ "seg", "ter", "qua", "qui", "sex", "sab" ], "Hit_Rate": 38.89, "Status": "Baixo hit rate", "Bloco": "Seg_a_Sab" }, "geometry": { "type": "MultiLineString", "coordinates": [ [ [ 672903.13626535795629, 7479681.139319526031613 ], [ 672902.517012923490256, 7479664.373575236648321 ] ] ] } },
{ "type": "Feature", "properties": { "id": "Bar_dos_Cavalheiros.164", "id_trecho": 94, "Name": "Avenida Nilo Peçanha", "description": null, "Extensao_m": 14.365338254523181, "Bairro_logradouros": "Bar dos Cavalheiros", "Bairro_rotas": "Centro", "Distrito": "1º", "Lote": "I", "Name_2": "Ponto 972", "description_2": "Velocidade: 0km/h<br>03/07/2026 18:53:55", "layer": "TTJ3E60", "path": "C:/KMLs/Estevao/03-07-2026/Coleta/Trajeto_TTJ3E60.kml|layername=Trajeto|geometrytype=Point|uniqueGeometryType=yes", "Velocidade": 0.0, "Data": "2026-07-03", "hora": "18:53:55", "Rota": "ROTA 300 (NOITE) - Centro - Seg a Sab", "Turno": "Noite", "Dias_da_semana": [ "seg", "ter", "qua", "qui", "sex", "sab" ], "Hit_Rate": 33.33, "Status": "Baixo hit rate", "Bloco": "Seg_a_Sab" }, "geometry": { "type": "MultiLineString", "coordinates": [ [ [ 671499.251522034755908, 7478235.327259112149477 ], [ 671485.735249725519679, 7478230.463289860635996 ] ] ] } },
{ "type": "Feature", "properties": { "id": "Bar_dos_Cavalheiros.164", "id_trecho": 91, "Name": "Avenida Nilo Peçanha", "description": null, "Extensao_m": 4.3686924619852725, "Bairro_logradouros": "Bar dos Cavalheiros", "Bairro_rotas": "Centro", "Distrito": "1º", "Lote": "I", "Name_2": "Ponto 973", "description_2": "Velocidade: 0km/h<br>03/07/2026 18:54:28", "layer": "TTJ3E60", "path": "C:/KMLs/Estevao/03-07-2026/Coleta/Trajeto_TTJ3E60.kml|layername=Trajeto|geometrytype=Point|uniqueGeometryType=yes", "Velocidade": 0.0, "Data": "2026-07-03", "hora": "18:54:28", "Rota": "ROTA 300 (NOITE) - Centro - Seg a Sab", "Turno": "Noite", "Dias_da_semana": [ "seg", "ter", "qua", "qui", "sex", "sab" ], "Hit_Rate": 11.11, "Status": "Baixo hit rate", "Bloco": "Seg_a_Sab" }, "geometry": { "type": "MultiLineString", "coordinates": [ [ [ 671485.735249725519679, 7478230.463289860635996 ], [ 671481.542331781936809, 7478229.237111937254667 ] ] ] } },
{ "type": "Feature", "properties": { "id": "Centro.3", "id_trecho": 976, "Name": "Avenida Nilo Peçanha", "description": null, "Extensao_m": 119.09109720824392, "Bairro_logradouros": "Centro", "Bairro_rotas": "Centro", "Distrito": "1º", "Lote": "I", "Name_2": "Ponto 1673", "description_2": "Velocidade: 0km/h<br>03/07/2026 18:54:57", "layer": "TTM0I75", "path": "C:/KMLs/Estevao/03-07-2026/Coleta/Trajeto_TTM0I75.kml|layername=Trajeto|geometrytype=Point|uniqueGeometryType=yes", "Velocidade": 0.0, "Data": "2026-07-03", "hora": "18:54:57", "Rota": "ROTA 300 (NOITE) - Centro - Seg a Sab", "Turno": "Noite", "Dias_da_semana": [ "seg", "ter", "qua", "qui", "sex", "sab" ], "Hit_Rate": 44.44, "Status": "Baixo hit rate", "Bloco": "Seg_a_Sab" }, "geometry": { "type": "MultiLineString", "coordinates": [ [ [ 673166.372482454869896, 7479090.838324291631579 ], [ 673189.009615748305805, 7479093.979968551546335 ], [ 673202.331720352871343, 7479095.201222700066864 ], [ 673215.440522216726094, 7479095.72720554843545 ], [ 673227.75245798798278, 7479094.811510214582086 ], [ 673247.778370588319376, 7479092.29056946374476 ], [ 673284.370914625236765, 7479085.560470192693174 ] ] ] } },
{ "type": "Feature", "properties": { "id": "Gramacho.230", "id_trecho": 1958, "Name": "Avenida Governador Leonel de Moura Brizola", "description": null, "Extensao_m": 14.999610422551713, "Bairro_logradouros": "Gramacho", "Bairro_rotas": "Centro", "Distrito": "1º", "Lote": "I", "Name_2": "Ponto 1532", "description_2": "Velocidade: 45km/h<br>03/07/2026 17:50:35", "layer": "TTS0J06", "path": "C:/KMLs/Estevao/03-07-2026/Coleta/Trajeto_TTS0J06.kml|layername=Trajeto|geometrytype=Point|uniqueGeometryType=yes", "Velocidade": 45.0, "Data": "2026-07-03", "hora": "17:50:35", "Rota": "ROTA 300 (NOITE) - Centro - Seg a Sab", "Turno": "Noite", "Dias_da_semana": [ "seg", "ter", "qua", "qui", "sex", "sab" ], "Hit_Rate": 5.56, "Status": "Baixo hit rate", "Bloco": "Seg_a_Sab" }, "geometry": { "type": "MultiLineString", "coordinates": [ [ [ 673905.674735190114006, 7483180.012197367846966 ], [ 673912.392987008788623, 7483166.60169580206275 ] ] ] } },
{ "type": "Feature", "properties": { "id": "Sao_Bento.239", "id_trecho": 5637, "Name": "Avenida Governador Leonel de Moura Brizola", "description": null, "Extensao_m": 107.27639012204099, "Bairro_logradouros": "Sao Bento", "Bairro_rotas": "Centro", "Distrito": "2º", "Lote": "I", "Name_2": "Ponto 1746", "description_2": "Velocidade: 40km/h<br>03/07/2026 19:00:35", "layer": "TTS0J06", "path": "C:/KMLs/Estevao/03-07-2026/Coleta/Trajeto_TTS0J06.kml|layername=Trajeto|geometrytype=Point|uniqueGeometryType=yes", "Velocidade": 40.0, "Data": "2026-07-03", "hora": "19:00:35", "Rota": "ROTA 300 (NOITE) - Centro - Seg a Sab", "Turno": "Noite", "Dias_da_semana": [ "seg", "ter", "qua", "qui", "sex", "sab" ], "Hit_Rate": 11.11, "Status": "Baixo hit rate", "Bloco": "Seg_a_Sab" }, "geometry": { "type": "MultiLineString", "coordinates": [ [ [ 673813.315864636097103, 7483368.935445566661656 ], [ 673808.434552579186857, 7483381.317118534818292 ], [ 673799.215318438364193, 7483406.893759664148092 ], [ 673782.753829616005532, 7483448.588976693339646 ], [ 673774.812718834378757, 7483469.05189860984683 ] ] ] } },
{ "type": "Feature", "properties": { "id": "Parque_Fluminense.175", "id_trecho": 4730, "Name": "Avenida Governador Leonel de Moura Brizola", "description": null, "Extensao_m": 261.68683940722178, "Bairro_logradouros": "Parque Fluminense", "Bairro_rotas": "Centro", "Distrito": "2º", "Lote": "I", "Name_2": "Ponto 1747", "description_2": "Velocidade: 8km/h<br>03/07/2026 19:01:35", "layer": "TTS0J06", "path": "C:/KMLs/Estevao/03-07-2026/Coleta/Trajeto_TTS0J06.kml|layername=Trajeto|geometrytype=Point|uniqueGeometryType=yes", "Velocidade": 8.0, "Data": "2026-07-03", "hora": "19:01:35", "Rota": "ROTA 300 (NOITE) - Centro - Seg a Sab", "Turno": "Noite", "Dias_da_semana": [ "seg", "ter", "qua", "qui", "sex", "sab" ], "Hit_Rate": 44.44, "Status": "Baixo hit rate", "Bloco": "Seg_a_Sab" }, "geometry": { "type": "MultiLineString", "coordinates": [ [ [ 673685.028499439475127, 7483829.935911925509572 ], [ 673668.724299527937546, 7483906.18145240098238 ], [ 673630.292797613888979, 7484085.827000569552183 ] ] ] } },
{ "type": "Feature", "properties": { "id": "Parque_Fluminense.175", "id_trecho": 4731, "Name": "Avenida Governador Leonel de Moura Brizola", "description": null, "Extensao_m": 127.3612611056696, "Bairro_logradouros": "Parque Fluminense", "Bairro_rotas": "Centro", "Distrito": "2º", "Lote": "I", "Name_2": "Ponto 1748", "description_2": "Velocidade: 26km/h<br>03/07/2026 19:02:35", "layer": "TTS0J06", "path": "C:/KMLs/Estevao/03-07-2026/Coleta/Trajeto_TTS0J06.kml|layername=Trajeto|geometrytype=Point|uniqueGeometryType=yes", "Velocidade": 26.0, "Data": "2026-07-03", "hora": "19:02:35", "Rota": "ROTA 300 (NOITE) - Centro - Seg a Sab", "Turno": "Noite", "Dias_da_semana": [ "seg", "ter", "qua", "qui", "sex", "sab" ], "Hit_Rate": 22.22, "Status": "Baixo hit rate", "Bloco": "Seg_a_Sab" }, "geometry": { "type": "MultiLineString", "coordinates": [ [ [ 673630.292797613888979, 7484085.827000569552183 ], [ 673626.712700124713592, 7484103.354423586279154 ], [ 673604.793472044053487, 7484210.605925281532109 ] ] ] } },
{ "type": "Feature", "properties": { "id": "Sao_Bento.239", "id_trecho": 5631, "Name": "Avenida Governador Leonel de Moura Brizola", "description": null, "Extensao_m": 297.96450901997008, "Bairro_logradouros": "Sao Bento", "Bairro_rotas": "Centro", "Distrito": "2º", "Lote": "I", "Name_2": "Ponto 1752", "description_2": "Velocidade: 29km/h<br>03/07/2026 19:06:35", "layer": "TTS0J06", "path": "C:/KMLs/Estevao/03-07-2026/Coleta/Trajeto_TTS0J06.kml|layername=Trajeto|geometrytype=Point|uniqueGeometryType=yes", "Velocidade": 29.0, "Data": "2026-07-03", "hora": "19:06:35", "Rota": "ROTA 300 (NOITE) - Centro - Seg a Sab", "Turno": "Noite", "Dias_da_semana": [ "seg", "ter", "qua", "qui", "sex", "sab" ], "Hit_Rate": 50.0, "Status": "Baixo hit rate", "Bloco": "Seg_a_Sab" }, "geometry": { "type": "MultiLineString", "coordinates": [ [ [ 673543.870244594174437, 7484496.191114580258727 ], [ 673526.956412674742751, 7484573.1741998270154 ], [ 673524.093624383094721, 7484587.8694081120193 ], [ 673512.962349326815456, 7484638.672982600517571 ], [ 673494.710934642935172, 7484729.015946812927723 ], [ 673486.648494278779253, 7484769.69567961525172 ], [ 673484.938715657335706, 7484778.308934964239597 ], [ 673482.9208780718036, 7484787.833805426955223 ] ] ] } },
{ "type": "Feature", "properties": { "id": "Parque_Fluminense.175", "id_trecho": 4722, "Name": "Avenida Governador Leonel de Moura Brizola", "description": null, "Extensao_m": 95.10139893831014, "Bairro_logradouros": "Parque Fluminense", "Bairro_rotas": "Centro", "Distrito": "2º", "Lote": "I", "Name_2": "Ponto 1759", "description_2": "Velocidade: 8km/h<br>03/07/2026 19:10:33", "layer": "TTS0J06", "path": "C:/KMLs/Estevao/03-07-2026/Coleta/Trajeto_TTS0J06.kml|layername=Trajeto|geometrytype=Point|uniqueGeometryType=yes", "Velocidade": 8.0, "Data": "2026-07-03", "hora": "19:10:33", "Rota": "ROTA 300 (NOITE) - Centro - Seg a Sab", "Turno": "Noite", "Dias_da_semana": [ "seg", "ter", "qua", "qui", "sex", "sab" ], "Hit_Rate": 27.78, "Status": "Baixo hit rate", "Bloco": "Seg_a_Sab" }, "geometry": { "type": "MultiLineString", "coordinates": [ [ [ 673300.654831792693585, 7485623.316108997911215 ], [ 673304.799114976078272, 7485603.833330368623137 ], [ 673312.719369445345365, 7485561.394590612500906 ], [ 673319.685092387371697, 7485530.153240885585546 ] ] ] } },
{ "type": "Feature", "properties": { "id": "Sao_Bento.239", "id_trecho": 5626, "Name": "Avenida Governador Leonel de Moura Brizola", "description": null, "Extensao_m": 35.516233471934868, "Bairro_logradouros": "Sao Bento", "Bairro_rotas": "Centro", "Distrito": "2º", "Lote": "I", "Name_2": "Ponto 1822", "description_2": "Velocidade: 12km/h<br>03/07/2026 19:32:07", "layer": "TTS0J06", "path": "C:/KMLs/Estevao/03-07-2026/Coleta/Trajeto_TTS0J06.kml|layername=Trajeto|geometrytype=Point|uniqueGeometryType=yes", "Velocidade": 12.0, "Data": "2026-07-03", "hora": "19:32:07", "Rota": "ROTA 300 (NOITE) - Centro - Seg a Sab", "Turno": "Noite", "Dias_da_semana": [ "seg", "ter", "qua", "qui", "sex", "sab" ], "Hit_Rate": 22.22, "Status": "Baixo hit rate", "Bloco": "Seg_a_Sab" }, "geometry": { "type": "MultiLineString", "coordinates": [ [ [ 673306.659662565100007, 7485602.680264574475586 ], [ 673311.133987611392513, 7485599.907322257757187 ], [ 673314.904965066467412, 7485598.170009535737336 ], [ 673321.230702496948652, 7485597.954031687229872 ], [ 673326.629407448577695, 7485600.229275077581406 ], [ 673331.235874946927652, 7485605.104950472712517 ], [ 673333.931557456147857, 7485611.785360282287002 ] ] ] } },
{ "type": "Feature", "properties": { "id": "Parque_Fluminense.175", "id_trecho": 4713, "Name": "Avenida Governador Leonel de Moura Brizola", "description": null, "Extensao_m": 62.084796968195526, "Bairro_logradouros": "Parque Fluminense", "Bairro_rotas": "Centro", "Distrito": "2º", "Lote": "I", "Name_2": "Ponto 1916", "description_2": "Velocidade: 0km/h<br>03/07/2026 20:17:04", "layer": "TTS0J06", "path": "C:/KMLs/Estevao/03-07-2026/Coleta/Trajeto_TTS0J06.kml|layername=Trajeto|geometrytype=Point|uniqueGeometryType=yes", "Velocidade": 0.0, "Data": "2026-07-03", "hora": "20:17:04", "Rota": "ROTA 300 (NOITE) - Centro - Seg a Sab", "Turno": "Noite", "Dias_da_semana": [ "seg", "ter", "qua", "qui", "sex", "sab" ], "Hit_Rate": 55.56, "Status": "Baixo hit rate", "Bloco": "Seg_a_Sab" }, "geometry": { "type": "MultiLineString", "coordinates": [ [ [ 672438.780821815598756, 7486465.484483289532363 ], [ 672491.995400084997527, 7486433.508242206647992 ] ] ] } },
{ "type": "Feature", "properties": { "id": "Centro.85", "id_trecho": 1042, "Name": "Rua Almirante Tamandaré", "description": null, "Extensao_m": 36.243770185822413, "Bairro_logradouros": "Centro", "Bairro_rotas": "Centro", "Distrito": "1º", "Lote": "I", "Name_2": "Ponto 1342", "description_2": "Velocidade: 0km/h<br>03/07/2026 19:05:08", "layer": "TTW7E72", "path": "C:/KMLs/Estevao/03-07-2026/Coleta/Trajeto_TTW7E72.kml|layername=Trajeto|geometrytype=Point|uniqueGeometryType=yes", "Velocidade": 0.0, "Data": "2026-07-03", "hora": "19:05:08", "Rota": "ROTA 300 (NOITE) - Centro - Seg a Sab", "Turno": "Noite", "Dias_da_semana": [ "seg", "ter", "qua", "qui", "sex", "sab" ], "Hit_Rate": 38.89, "Status": "Baixo hit rate", "Bloco": "Seg_a_Sab" }, "geometry": { "type": "MultiLineString", "coordinates": [ [ [ 673641.774294637143612, 7478610.920105954632163 ], [ 673631.268912255065516, 7478621.616461668163538 ], [ 673615.375580373220146, 7478635.722347356379032 ] ] ] } },
{ "type": "Feature", "properties": { "id": "Centro.132", "id_trecho": 920, "Name": "Avenida Governador Leonel de Moura Brizola", "description": null, "Extensao_m": 101.48225497415919, "Bairro_logradouros": "Centro", "Bairro_rotas": "Centro", "Distrito": "1º", "Lote": "I", "Name_2": "Ponto 1536", "description_2": "Velocidade: 10km/h<br>03/07/2026 20:46:56", "layer": "TTW7E72", "path": "C:/KMLs/Estevao/03-07-2026/Coleta/Trajeto_TTW7E72.kml|layername=Trajeto|geometrytype=Point|uniqueGeometryType=yes", "Velocidade": 10.0, "Data": "2026-07-03", "hora": "20:46:56", "Rota": "ROTA 300 (NOITE) - Centro - Seg a Sab", "Turno": "Noite", "Dias_da_semana": [ "seg", "ter", "qua", "qui", "sex", "sab" ], "Hit_Rate": 22.22, "Status": "Baixo hit rate", "Bloco": "Seg_a_Sab" }, "geometry": { "type": "MultiLineString", "coordinates": [ [ [ 673417.644554181722924, 7478832.691513271071017 ], [ 673423.930440216674469, 7478804.966635235585272 ], [ 673449.487580685643479, 7478743.764781282283366 ], [ 673452.076151508954354, 7478737.55562081374228 ] ] ] } },
{ "type": "Feature", "properties": { "id": "Sao_Bento.239", "id_trecho": 5636, "Name": "Avenida Governador Leonel de Moura Brizola", "description": null, "Extensao_m": 126.02288560044744, "Bairro_logradouros": "Sao Bento", "Bairro_rotas": "Centro", "Distrito": "2º", "Lote": "I", "Name_2": "Ponto 2448", "description_2": "Velocidade: 46km/h<br>03/07/2026 21:45:33", "layer": "TUS0I00", "path": "C:/KMLs/Estevao/03-07-2026/Coleta/Trajeto_TUS0I00.kml|layername=Trajeto|geometrytype=Point|uniqueGeometryType=yes", "Velocidade": 46.0, "Data": "2026-07-03", "hora": "21:45:33", "Rota": "ROTA 300 (NOITE) - Centro - Seg a Sab", "Turno": "Noite", "Dias_da_semana": [ "seg", "ter", "qua", "qui", "sex", "sab" ], "Hit_Rate": 22.22, "Status": "Baixo hit rate", "Bloco": "Seg_a_Sab" }, "geometry": { "type": "MultiLineString", "coordinates": [ [ [ 673874.565027794684283, 7483258.858488610014319 ], [ 673831.80038734676782, 7483333.507361535914242 ], [ 673820.92062967189122, 7483353.089558658190072 ], [ 673816.869422864401713, 7483360.810468446463346 ], [ 673813.315864636097103, 7483368.935445566661656 ] ] ] } },
{ "type": "Feature", "properties": { "id": "Centenario.2", "id_trecho": 683, "Name": "Avenida Governador Leonel de Moura Brizola", "description": null, "Extensao_m": 171.48503545522618, "Bairro_logradouros": "Centenario", "Bairro_rotas": "Centro", "Distrito": "1º", "Lote": "I", "Name_2": "Ponto 2745", "description_2": "Velocidade: 4km/h<br>03/07/2026 23:39:22", "layer": "TUS0I00", "path": "C:/KMLs/Estevao/03-07-2026/Coleta/Trajeto_TUS0I00.kml|layername=Trajeto|geometrytype=Point|uniqueGeometryType=yes", "Velocidade": 4.0, "Data": "2026-07-03", "hora": "23:39:22", "Rota": "ROTA 300 (NOITE) - Centro - Seg a Sab", "Turno": "Noite", "Dias_da_semana": [ "seg", "ter", "qua", "qui", "sex", "sab" ], "Hit_Rate": 77.78, "Status": "Validado", "Bloco": "Seg_a_Sab" }, "geometry": { "type": "MultiLineString", "coordinates": [ [ [ 674018.778976785135455, 7481648.687552694231272 ], [ 674010.799904879881069, 7481612.897492596879601 ], [ 673994.722299041692168, 7481544.330998670309782 ], [ 673979.606790829915553, 7481481.744789861142635 ] ] ] } },
{ "type": "Feature", "properties": { "id": "Centenario.2", "id_trecho": 678, "Name": "Avenida Governador Leonel de Moura Brizola", "description": null, "Extensao_m": 473.07050955231239, "Bairro_logradouros": "Centenario", "Bairro_rotas": "Centro", "Distrito": "1º", "Lote": "I", "Name_2": "Ponto 2758", "description_2": "Velocidade: 0km/h<br>03/07/2026 23:44:33", "layer": "TUS0I00", "path": "C:/KMLs/Estevao/03-07-2026/Coleta/Trajeto_TUS0I00.kml|layername=Trajeto|geometrytype=Point|uniqueGeometryType=yes", "Velocidade": 0.0, "Data": "2026-07-03", "hora": "23:44:33", "Rota": "ROTA 300 (NOITE) - Centro - Seg a Sab", "Turno": "Noite", "Dias_da_semana": [ "seg", "ter", "qua", "qui", "sex", "sab" ], "Hit_Rate": 66.67, "Status": "Validado", "Bloco": "Seg_a_Sab" }, "geometry": { "type": "MultiLineString", "coordinates": [ [ [ 673860.145341236959212, 7480915.587654916569591 ], [ 673855.373282055836171, 7480888.066725799813867 ], [ 673847.736690187011845, 7480840.865941303782165 ], [ 673842.728270292864181, 7480807.943351810798049 ], [ 673837.401784820016474, 7480776.840620464645326 ], [ 673833.278814144898206, 7480755.779774703085423 ], [ 673809.943551235948689, 7480640.683565892279148 ], [ 673773.519432780332863, 7480450.585420339368284 ] ] ] } },
{ "type": "Feature", "properties": { "id": "Centenario.2", "id_trecho": 679, "Name": "Avenida Governador Leonel de Moura Brizola", "description": null, "Extensao_m": 131.41640143050469, "Bairro_logradouros": "Centenario", "Bairro_rotas": "Centro", "Distrito": "1º", "Lote": "I", "Name_2": "Ponto 2760", "description_2": "Velocidade: 26km/h<br>03/07/2026 23:45:33", "layer": "TUS0I00", "path": "C:/KMLs/Estevao/03-07-2026/Coleta/Trajeto_TUS0I00.kml|layername=Trajeto|geometrytype=Point|uniqueGeometryType=yes", "Velocidade": 26.0, "Data": "2026-07-03", "hora": "23:45:33", "Rota": "ROTA 300 (NOITE) - Centro - Seg a Sab", "Turno": "Noite", "Dias_da_semana": [ "seg", "ter", "qua", "qui", "sex", "sab" ], "Hit_Rate": 33.33, "Status": "Baixo hit rate", "Bloco": "Seg_a_Sab" }, "geometry": { "type": "MultiLineString", "coordinates": [ [ [ 673773.519432780332863, 7480450.585420339368284 ], [ 673752.203044946072623, 7480347.625871199183166 ], [ 673746.374772165203467, 7480322.010741556063294 ] ] ] } },
{ "type": "Feature", "properties": { "id": "Centenario.2", "id_trecho": 669, "Name": "Avenida Governador Leonel de Moura Brizola", "description": null, "Extensao_m": 240.89267868257559, "Bairro_logradouros": "Centenario", "Bairro_rotas": "Centro", "Distrito": "1º", "Lote": "I", "Name_2": "Ponto 2765", "description_2": "Velocidade: 9km/h<br>03/07/2026 23:48:33", "layer": "TUS0I00", "path": "C:/KMLs/Estevao/03-07-2026/Coleta/Trajeto_TUS0I00.kml|layername=Trajeto|geometrytype=Point|uniqueGeometryType=yes", "Velocidade": 9.0, "Data": "2026-07-03", "hora": "23:48:33", "Rota": "ROTA 300 (NOITE) - Centro - Seg a Sab", "Turno": "Noite", "Dias_da_semana": [ "seg", "ter", "qua", "qui", "sex", "sab" ], "Hit_Rate": 72.22, "Status": "Validado", "Bloco": "Seg_a_Sab" }, "geometry": { "type": "MultiLineString", "coordinates": [ [ [ 673709.317255573347211, 7480145.563536287285388 ], [ 673700.747315888176672, 7480106.490993058308959 ], [ 673695.200624107266776, 7480079.444017540663481 ], [ 673685.609329961822368, 7480035.466064878739417 ], [ 673670.536138131748885, 7479962.015066955238581 ], [ 673663.562983790179715, 7479930.554589917883277 ], [ 673660.276316804694943, 7479915.242896180599928 ], [ 673659.219681362970732, 7479909.950286378152668 ] ] ] } },
{ "type": "Feature", "properties": { "id": "Centro.151", "id_trecho": 1274, "Name": "Rua Piratini", "description": null, "Extensao_m": 85.612592587874474, "Bairro_logradouros": "Centro", "Bairro_rotas": "Centro", "Distrito": "1º", "Lote": "I", "Name_2": "Ponto 1619", "description_2": "Velocidade: 25km/h<br>03/07/2026 21:57:50", "layer": "TTI9B27", "path": "C:/KMLs/Estevao/03-07-2026/Coleta/Trajeto_TTI9B27.kml|layername=Trajeto|geometrytype=Point|uniqueGeometryType=yes", "Velocidade": 25.0, "Data": "2026-07-03", "hora": "21:57:50", "Rota": "ROTA 300 (NOITE) - Centro - Seg a Sab", "Turno": "Noite", "Dias_da_semana": [ "seg", "ter", "qua", "qui", "sex", "sab" ], "Hit_Rate": 55.56, "Status": "Baixo hit rate", "Bloco": "Seg_a_Sab" }, "geometry": { "type": "MultiLineString", "coordinates": [ [ [ 673641.774294637143612, 7478610.920105954632163 ], [ 673633.929407859686762, 7478611.829366181977093 ], [ 673626.902981641120277, 7478610.680471839383245 ], [ 673620.670297333854251, 7478608.005284402519464 ], [ 673614.841463519027457, 7478603.830413768067956 ], [ 673607.599990866612643, 7478597.346047980710864 ], [ 673576.506082264822908, 7478562.207809832878411 ] ] ] } },
{ "type": "Feature", "properties": { "id": "Centro.151", "id_trecho": 1285, "Name": "Rua Piratini", "description": null, "Extensao_m": 6.3592420661773996, "Bairro_logradouros": "Centro", "Bairro_rotas": "Centro", "Distrito": "1º", "Lote": "I", "Name_2": "Ponto 997", "description_2": "Velocidade: 20km/h<br>03/07/2026 17:50:59", "layer": "TUA3H22", "path": "C:/KMLs/Estevao/03-07-2026/Coleta/Trajeto_TUA3H22.kml|layername=Trajeto|geometrytype=Point|uniqueGeometryType=yes", "Velocidade": 20.0, "Data": "2026-07-03", "hora": "17:50:59", "Rota": "ROTA 300 (NOITE) - Centro - Seg a Sab", "Turno": "Noite", "Dias_da_semana": [ "seg", "ter", "qua", "qui", "sex", "sab" ], "Hit_Rate": 22.22, "Status": "Baixo hit rate", "Bloco": "Seg_a_Sab" }, "geometry": { "type": "MultiLineString", "coordinates": [ [ [ 673351.69179703167174, 7478424.662382094189525 ], [ 673357.876922569237649, 7478423.185270485468209 ] ] ] } },
{ "type": "Feature", "properties": { "id": "Centro.132", "id_trecho": 942, "Name": "Avenida Governador Leonel de Moura Brizola", "description": null, "Extensao_m": 10.570388940724161, "Bairro_logradouros": "Centro", "Bairro_rotas": "Centro", "Distrito": "1º", "Lote": "I", "Name_2": "Ponto 945", "description_2": "Velocidade: 6km/h<br>04/07/2026 19:50:45", "layer": "TTA2J20", "path": "C:/KMLs/Estevao/04-07-2026/Coleta/Trajeto_TTA2J20.kml|layername=Trajeto|geometrytype=Point|uniqueGeometryType=yes", "Velocidade": 6.0, "Data": "2026-07-04", "hora": "19:50:45", "Rota": "ROTA 300 (NOITE) - Centro - Seg a Sab", "Turno": "Noite", "Dias_da_semana": [ "seg", "ter", "qua", "qui", "sex", "sab" ], "Hit_Rate": 11.11, "Status": "Baixo hit rate", "Bloco": "Seg_a_Sab" }, "geometry": { "type": "MultiLineString", "coordinates": [ [ [ 673664.316048938781023, 7479874.276370722800493 ], [ 673666.636752935242839, 7479884.588564220815897 ] ] ] } },
{ "type": "Feature", "properties": { "id": "Centenario.2", "id_trecho": 668, "Name": "Avenida Governador Leonel de Moura Brizola", "description": null, "Extensao_m": 180.30513984524814, "Bairro_logradouros": "Centenario", "Bairro_rotas": "Centro", "Distrito": "1º", "Lote": "I", "Name_2": "Ponto 1483", "description_2": "Velocidade: 0km/h<br>04/07/2026 23:34:59", "layer": "TTG4B66", "path": "C:/KMLs/Estevao/04-07-2026/Coleta/Trajeto_TTG4B66.kml|layername=Trajeto|geometrytype=Point|uniqueGeometryType=yes", "Velocidade": 0.0, "Data": "2026-07-04", "hora": "23:34:59", "Rota": "ROTA 300 (NOITE) - Centro - Seg a Sab", "Turno": "Noite", "Dias_da_semana": [ "seg", "ter", "qua", "qui", "sex", "sab" ], "Hit_Rate": 33.33, "Status": "Baixo hit rate", "Bloco": "Seg_a_Sab" }, "geometry": { "type": "MultiLineString", "coordinates": [ [ [ 673746.374772165203467, 7480322.010741556063294 ], [ 673719.546090382616967, 7480196.78799351491034 ], [ 673709.317255573347211, 7480145.563536287285388 ] ] ] } },
{ "type": "Feature", "properties": { "id": "Gramacho.230", "id_trecho": 1961, "Name": "Avenida Governador Leonel de Moura Brizola", "description": null, "Extensao_m": 17.121976664019467, "Bairro_logradouros": "Gramacho", "Bairro_rotas": "Centro", "Distrito": "1º", "Lote": "I", "Name_2": "Ponto 1676", "description_2": "Velocidade: 41km/h<br>04/07/2026 17:51:34", "layer": "TTS0J06", "path": "C:/KMLs/Estevao/04-07-2026/Coleta/Trajeto_TTS0J06.kml|layername=Trajeto|geometrytype=Point|uniqueGeometryType=yes", "Velocidade": 41.0, "Data": "2026-07-04", "hora": "17:51:34", "Rota": "ROTA 300 (NOITE) - Centro - Seg a Sab", "Turno": "Noite", "Dias_da_semana": [ "seg", "ter", "qua", "qui", "sex", "sab" ], "Hit_Rate": 27.78, "Status": "Baixo hit rate", "Bloco": "Seg_a_Sab" }, "geometry": { "type": "MultiLineString", "coordinates": [ [ [ 673933.924003107706085, 7483161.394103256985545 ], [ 673926.620227324543521, 7483167.612896088510752 ], [ 673921.813260606722906, 7483171.211702959612012 ], [ 673920.460499038570561, 7483171.913650138303638 ] ] ] } },
{ "type": "Feature", "properties": { "id": "Centro.132", "id_trecho": 919, "Name": "Avenida Governador Leonel de Moura Brizola", "description": null, "Extensao_m": 22.757942398713656, "Bairro_logradouros": "Centro", "Bairro_rotas": "Centro", "Distrito": "1º", "Lote": "I", "Name_2": "Ponto 1480", "description_2": "Velocidade: 25km/h<br>04/07/2026 19:59:29", "layer": "TUA3H22", "path": "C:/KMLs/Estevao/04-07-2026/Coleta/Trajeto_TUA3H22.kml|layername=Trajeto|geometrytype=Point|uniqueGeometryType=yes", "Velocidade": 25.0, "Data": "2026-07-04", "hora": "19:59:29", "Rota": "ROTA 300 (NOITE) - Centro - Seg a Sab", "Turno": "Noite", "Dias_da_semana": [ "seg", "ter", "qua", "qui", "sex", "sab" ], "Hit_Rate": 38.89, "Status": "Baixo hit rate", "Bloco": "Seg_a_Sab" }, "geometry": { "type": "MultiLineString", "coordinates": [ [ [ 673414.153458880609833, 7478855.179437042213976 ], [ 673417.644554181722924, 7478832.691513271071017 ] ] ] } },
{ "type": "Feature", "properties": { "id": "Centro.121", "id_trecho": 1034, "Name": "Rua Almirante Barroso", "description": null, "Extensao_m": 62.098846922671527, "Bairro_logradouros": "Centro", "Bairro_rotas": "Centro", "Distrito": "1º", "Lote": "I", "Name_2": "Ponto 1585", "description_2": "Velocidade: 31km/h<br>04/07/2026 20:42:06", "layer": "TUA3H22", "path": "C:/KMLs/Estevao/04-07-2026/Coleta/Trajeto_TUA3H22.kml|layername=Trajeto|geometrytype=Point|uniqueGeometryType=yes", "Velocidade": 31.0, "Data": "2026-07-04", "hora": "20:42:06", "Rota": "ROTA 300 (NOITE) - Centro - Seg a Sab", "Turno": "Noite", "Dias_da_semana": [ "seg", "ter", "qua", "qui", "sex", "sab" ], "Hit_Rate": 5.56, "Status": "Baixo hit rate", "Bloco": "Seg_a_Sab" }, "geometry": { "type": "MultiLineString", "coordinates": [ [ [ 673542.720493368688039, 7478371.580714979209006 ], [ 673566.218159895273857, 7478343.204848345369101 ], [ 673546.578419464640319, 7478327.327082486823201 ] ] ] } },
{ "type": "Feature", "properties": { "id": "Gramacho.230", "id_trecho": 1956, "Name": "Avenida Governador Leonel de Moura Brizola", "description": null, "Extensao_m": 9.7102465894916818, "Bairro_logradouros": "Gramacho", "Bairro_rotas": "Centro", "Distrito": "1º", "Lote": "I", "Name_2": "Ponto 1348", "description_2": "Velocidade: 41km/h<br>04/07/2026 22:01:28", "layer": "TTG4B66", "path": "C:/KMLs/Estevao/04-07-2026/Coleta/Trajeto_TTG4B66.kml|layername=Trajeto|geometrytype=Point|uniqueGeometryType=yes", "Velocidade": 41.0, "Data": "2026-07-04", "hora": "22:01:28", "Rota": "ROTA 300 (NOITE) - Centro - Seg a Sab", "Turno": "Noite", "Dias_da_semana": [ "seg", "ter", "qua", "qui", "sex", "sab" ], "Hit_Rate": 22.22, "Status": "Baixo hit rate", "Bloco": "Seg_a_Sab" }, "geometry": { "type": "MultiLineString", "coordinates": [ [ [ 673917.097278870758601, 7483186.360155982896686 ], [ 673916.41119355103001, 7483187.442226575687528 ], [ 673912.130654613720253, 7483194.703131411224604 ] ] ] } },
{ "type": "Feature", "properties": { "id": "Parque_Fluminense.175", "id_trecho": 4723, "Name": "Avenida Governador Leonel de Moura Brizola", "description": null, "Extensao_m": 47.540130577902602, "Bairro_logradouros": "Parque Fluminense", "Bairro_rotas": "Centro", "Distrito": "2º", "Lote": "I", "Name_2": "Ponto 1395", "description_2": "Velocidade: 34km/h<br>04/07/2026 22:32:33", "layer": "TTG4B66", "path": "C:/KMLs/Estevao/04-07-2026/Coleta/Trajeto_TTG4B66.kml|layername=Trajeto|geometrytype=Point|uniqueGeometryType=yes", "Velocidade": 34.0, "Data": "2026-07-04", "hora": "22:32:33", "Rota": "ROTA 300 (NOITE) - Centro - Seg a Sab", "Turno": "Noite", "Dias_da_semana": [ "seg", "ter", "qua", "qui", "sex", "sab" ], "Hit_Rate": 22.22, "Status": "Baixo hit rate", "Bloco": "Seg_a_Sab" }, "geometry": { "type": "MultiLineString", "coordinates": [ [ [ 673455.716621723142453, 7484888.034344985149801 ], [ 673460.555647968081757, 7484863.372753747738898 ], [ 673464.299890600843355, 7484841.280874498188496 ] ] ] } },
{ "type": "Feature", "properties": { "id": "Sao_Bento.239", "id_trecho": 5638, "Name": "Avenida Governador Leonel de Moura Brizola", "description": null, "Extensao_m": 130.19501072302111, "Bairro_logradouros": "Sao Bento", "Bairro_rotas": "Centro", "Distrito": "2º", "Lote": "I", "Name_2": "Ponto 1397", "description_2": "Velocidade: 54km/h<br>04/07/2026 22:34:33", "layer": "TTG4B66", "path": "C:/KMLs/Estevao/04-07-2026/Coleta/Trajeto_TTG4B66.kml|layername=Trajeto|geometrytype=Point|uniqueGeometryType=yes", "Velocidade": 54.0, "Data": "2026-07-04", "hora": "22:34:33", "Rota": "ROTA 300 (NOITE) - Centro - Seg a Sab", "Turno": "Noite", "Dias_da_semana": [ "seg", "ter", "qua", "qui", "sex", "sab" ], "Hit_Rate": 16.67, "Status": "Baixo hit rate", "Bloco": "Seg_a_Sab" }, "geometry": { "type": "MultiLineString", "coordinates": [ [ [ 673799.826523104216903, 7483363.701921479776502 ], [ 673809.822483924333937, 7483346.372357895597816 ], [ 673813.474628727766685, 7483340.582969265058637 ], [ 673816.312872941838577, 7483335.478423800319433 ], [ 673865.345022726338357, 7483251.20438295789063 ] ] ] } },
{ "type": "Feature", "properties": { "id": "Sao_Bento.239", "id_trecho": 5607, "Name": "Avenida Governador Leonel de Moura Brizola", "description": null, "Extensao_m": 29.261447607870455, "Bairro_logradouros": "Sao Bento", "Bairro_rotas": "Centro", "Distrito": "2º", "Lote": "I", "Name_2": "Ponto 1685", "description_2": "Velocidade: 4km/h<br>04/07/2026 17:58:16", "layer": "TTS0J06", "path": "C:/KMLs/Estevao/04-07-2026/Coleta/Trajeto_TTS0J06.kml|layername=Trajeto|geometrytype=Point|uniqueGeometryType=yes", "Velocidade": 4.0, "Data": "2026-07-04", "hora": "17:58:16", "Rota": "ROTA 300 (NOITE) - Centro - Seg a Sab", "Turno": "Noite", "Dias_da_semana": [ "seg", "ter", "qua", "qui", "sex", "sab" ], "Hit_Rate": 27.78, "Status": "Baixo hit rate", "Bloco": "Seg_a_Sab" }, "geometry": { "type": "MultiLineString", "coordinates": [ [ [ 672980.73811436467804, 7486152.932701973244548 ], [ 672955.583954792818986, 7486167.880897892639041 ] ] ] } },
{ "type": "Feature", "properties": { "id": "Parque_Fluminense.175", "id_trecho": 4717, "Name": "Avenida Governador Leonel de Moura Brizola", "description": null, "Extensao_m": 114.44261733924496, "Bairro_logradouros": "Parque Fluminense", "Bairro_rotas": "Centro", "Distrito": "2º", "Lote": "I", "Name_2": "Ponto 1690", "description_2": "Velocidade: 0km/h<br>04/07/2026 17:59:32", "layer": "TTS0J06", "path": "C:/KMLs/Estevao/04-07-2026/Coleta/Trajeto_TTS0J06.kml|layername=Trajeto|geometrytype=Point|uniqueGeometryType=yes", "Velocidade": 0.0, "Data": "2026-07-04", "hora": "17:59:32", "Rota": "ROTA 300 (NOITE) - Centro - Seg a Sab", "Turno": "Noite", "Dias_da_semana": [ "seg", "ter", "qua", "qui", "sex", "sab" ], "Hit_Rate": 27.78, "Status": "Baixo hit rate", "Bloco": "Seg_a_Sab" }, "geometry": { "type": "MultiLineString", "coordinates": [ [ [ 672721.918525279848836, 7486296.780775528401136 ], [ 672819.977212255005725, 7486237.78256425075233 ] ] ] } },
{ "type": "Feature", "properties": { "id": "Sao_Bento.239", "id_trecho": 5618, "Name": "Avenida Governador Leonel de Moura Brizola", "description": null, "Extensao_m": 71.206872471068124, "Bairro_logradouros": "Sao Bento", "Bairro_rotas": "Centro", "Distrito": "2º", "Lote": "I", "Name_2": "Ponto 1702", "description_2": "Velocidade: 27km/h<br>04/07/2026 18:02:34", "layer": "TTS0J06", "path": "C:/KMLs/Estevao/04-07-2026/Coleta/Trajeto_TTS0J06.kml|layername=Trajeto|geometrytype=Point|uniqueGeometryType=yes", "Velocidade": 27.0, "Data": "2026-07-04", "hora": "18:02:34", "Rota": "ROTA 300 (NOITE) - Centro - Seg a Sab", "Turno": "Noite", "Dias_da_semana": [ "seg", "ter", "qua", "qui", "sex", "sab" ], "Hit_Rate": 16.67, "Status": "Baixo hit rate", "Bloco": "Seg_a_Sab" }, "geometry": { "type": "MultiLineString", "coordinates": [ [ [ 672210.937265388434753, 7486612.106369568966329 ], [ 672193.127920964732766, 7486623.47065032273531 ], [ 672152.356126488186419, 7486652.547895140945911 ] ] ] } },
{ "type": "Feature", "properties": { "id": "Gramacho.230", "id_trecho": 1955, "Name": "Avenida Governador Leonel de Moura Brizola", "description": null, "Extensao_m": 81.841934645924127, "Bairro_logradouros": "Gramacho", "Bairro_rotas": "Centro", "Distrito": "1º", "Lote": "I", "Name_2": "Ponto 1750", "description_2": "Velocidade: 45km/h<br>04/07/2026 18:22:35", "layer": "TTS0J06", "path": "C:/KMLs/Estevao/04-07-2026/Coleta/Trajeto_TTS0J06.kml|layername=Trajeto|geometrytype=Point|uniqueGeometryType=yes", "Velocidade": 45.0, "Data": "2026-07-04", "hora": "18:22:35", "Rota": "ROTA 300 (NOITE) - Centro - Seg a Sab", "Turno": "Noite", "Dias_da_semana": [ "seg", "ter", "qua", "qui", "sex", "sab" ], "Hit_Rate": 33.33, "Status": "Baixo hit rate", "Bloco": "Seg_a_Sab" }, "geometry": { "type": "MultiLineString", "coordinates": [ [ [ 673865.345022726338357, 7483251.20438295789063 ], [ 673891.270522954873741, 7483206.644911782816052 ], [ 673900.734019258292392, 7483189.880684391595423 ], [ 673905.674735190114006, 7483180.012197367846966 ] ] ] } },
{ "type": "Feature", "properties": { "id": "Centro.151", "id_trecho": 1281, "Name": "Rua Piratini", "description": null, "Extensao_m": 6.2589599818409569, "Bairro_logradouros": "Centro", "Bairro_rotas": "Centro", "Distrito": "1º", "Lote": "I", "Name_2": "Ponto 1109", "description_2": "Velocidade: 24km/h<br>04/07/2026 17:24:06", "layer": "TUA3H22", "path": "C:/KMLs/Estevao/04-07-2026/Coleta/Trajeto_TUA3H22.kml|layername=Trajeto|geometrytype=Point|uniqueGeometryType=yes", "Velocidade": 24.0, "Data": "2026-07-04", "hora": "17:24:06", "Rota": "ROTA 300 (NOITE) - Centro - Seg a Sab", "Turno": "Noite", "Dias_da_semana": [ "seg", "ter", "qua", "qui", "sex", "sab" ], "Hit_Rate": 5.56, "Status": "Baixo hit rate", "Bloco": "Seg_a_Sab" }, "geometry": { "type": "MultiLineString", "coordinates": [ [ [ 673407.865895147086121, 7478454.032603319734335 ], [ 673402.248445890494622, 7478451.272782595828176 ] ] ] } },
{ "type": "Feature", "properties": { "id": "Centro.3", "id_trecho": 978, "Name": "Avenida Nilo Peçanha", "description": null, "Extensao_m": 17.099116245543641, "Bairro_logradouros": "Centro", "Bairro_rotas": "Centro", "Distrito": "1º", "Lote": "I", "Name_2": "Ponto 1236", "description_2": "Velocidade: 4km/h<br>04/07/2026 18:19:00", "layer": "TUA3H22", "path": "C:/KMLs/Estevao/04-07-2026/Coleta/Trajeto_TUA3H22.kml|layername=Trajeto|geometrytype=Point|uniqueGeometryType=yes", "Velocidade": 4.0, "Data": "2026-07-04", "hora": "18:19:00", "Rota": "ROTA 300 (NOITE) - Centro - Seg a Sab", "Turno": "Noite", "Dias_da_semana": [ "seg", "ter", "qua", "qui", "sex", "sab" ], "Hit_Rate": 22.22, "Status": "Baixo hit rate", "Bloco": "Seg_a_Sab" }, "geometry": { "type": "MultiLineString", "coordinates": [ [ [ 673388.365599198499694, 7479066.133372285403311 ], [ 673405.22495984507259, 7479063.28292584978044 ] ] ] } },
{ "type": "Feature", "properties": { "id": "Centro.132", "id_trecho": 949, "Name": "Avenida Governador Leonel de Moura Brizola", "description": null, "Extensao_m": 117.22168818774963, "Bairro_logradouros": "Centro", "Bairro_rotas": "Centro", "Distrito": "1º", "Lote": "I", "Name_2": "Ponto 1545", "description_2": "Velocidade: 46km/h<br>04/07/2026 20:26:06", "layer": "TUA3H22", "path": "C:/KMLs/Estevao/04-07-2026/Coleta/Trajeto_TUA3H22.kml|layername=Trajeto|geometrytype=Point|uniqueGeometryType=yes", "Velocidade": 46.0, "Data": "2026-07-04", "hora": "20:26:06", "Rota": "ROTA 300 (NOITE) - Centro - Seg a Sab", "Turno": "Noite", "Dias_da_semana": [ "seg", "ter", "qua", "qui", "sex", "sab" ], "Hit_Rate": 16.67, "Status": "Baixo hit rate", "Bloco": "Seg_a_Sab" }, "geometry": { "type": "MultiLineString", "coordinates": [ [ [ 673952.433224229491316, 7477937.263935443013906 ], [ 673958.562954293098301, 7477906.794003856368363 ], [ 673960.080919787636958, 7477895.004346489906311 ], [ 673962.210457461769693, 7477877.44890698697418 ], [ 673963.215132009470835, 7477820.890694474801421 ] ] ] } },
{ "type": "Feature", "properties": { "id": "Parque_Fluminense.175", "id_trecho": 4710, "Name": "Avenida Governador Leonel de Moura Brizola", "description": null, "Extensao_m": 146.03927970386439, "Bairro_logradouros": "Parque Fluminense", "Bairro_rotas": "Centro", "Distrito": "2º", "Lote": "I", "Name_2": "Ponto 1706", "description_2": "Velocidade: 43km/h<br>04/07/2026 18:04:35", "layer": "TTS0J06", "path": "C:/KMLs/Estevao/04-07-2026/Coleta/Trajeto_TTS0J06.kml|layername=Trajeto|geometrytype=Point|uniqueGeometryType=yes", "Velocidade": 43.0, "Data": "2026-07-04", "hora": "18:04:35", "Rota": "ROTA 300 (NOITE) - Centro - Seg a Sab", "Turno": "Noite", "Dias_da_semana": [ "seg", "ter", "qua", "qui", "sex", "sab" ], "Hit_Rate": 5.56, "Status": "Baixo hit rate", "Bloco": "Seg_a_Sab" }, "geometry": { "type": "MultiLineString", "coordinates": [ [ [ 672100.274685534881428, 7486690.784777730703354 ], [ 672114.397123974747956, 7486674.97021094430238 ], [ 672147.96475684386678, 7486645.277100555598736 ], [ 672177.887006732169539, 7486623.022773980163038 ], [ 672199.350710412953049, 7486608.660348862409592 ], [ 672214.302292823093012, 7486600.783565801568329 ] ] ] } },
{ "type": "Feature", "properties": { "id": "Gramacho.230", "id_trecho": 1973, "Name": "Avenida Governador Leonel de Moura Brizola", "description": null, "Extensao_m": 30.363448010382847, "Bairro_logradouros": "Gramacho", "Bairro_rotas": "Centro", "Distrito": "1º", "Lote": "I", "Name_2": "Ponto 1951", "description_2": "Velocidade: 37km/h<br>04/07/2026 19:56:35", "layer": "TTS0J06", "path": "C:/KMLs/Estevao/04-07-2026/Coleta/Trajeto_TTS0J06.kml|layername=Trajeto|geometrytype=Point|uniqueGeometryType=yes", "Velocidade": 37.0, "Data": "2026-07-04", "hora": "19:56:35", "Rota": "ROTA 300 (NOITE) - Centro - Seg a Sab", "Turno": "Noite", "Dias_da_semana": [ "seg", "ter", "qua", "qui", "sex", "sab" ], "Hit_Rate": 16.67, "Status": "Baixo hit rate", "Bloco": "Seg_a_Sab" }, "geometry": { "type": "MultiLineString", "coordinates": [ [ [ 673948.792147269239649, 7483134.922149140387774 ], [ 673946.516322250943631, 7483138.901770938187838 ], [ 673941.2897434218321, 7483148.020479032769799 ], [ 673933.924003107706085, 7483161.394103256985545 ] ] ] } },
{ "type": "Feature", "properties": { "id": "Centro.132", "id_trecho": 950, "Name": "Avenida Governador Leonel de Moura Brizola", "description": null, "Extensao_m": 117.02403720042579, "Bairro_logradouros": "Centro", "Bairro_rotas": "Centro", "Distrito": "1º", "Lote": "I", "Name_2": "Ponto 1546", "description_2": "Velocidade: 23km/h<br>04/07/2026 20:26:17", "layer": "TUA3H22", "path": "C:/KMLs/Estevao/04-07-2026/Coleta/Trajeto_TUA3H22.kml|layername=Trajeto|geometrytype=Point|uniqueGeometryType=yes", "Velocidade": 23.0, "Data": "2026-07-04", "hora": "20:26:17", "Rota": "ROTA 300 (NOITE) - Centro - Seg a Sab", "Turno": "Noite", "Dias_da_semana": [ "seg", "ter", "qua", "qui", "sex", "sab" ], "Hit_Rate": 33.33, "Status": "Baixo hit rate", "Bloco": "Seg_a_Sab" }, "geometry": { "type": "MultiLineString", "coordinates": [ [ [ 673963.215132009470835, 7477820.890694474801421 ], [ 673961.059954502037726, 7477788.743811452761292 ], [ 673952.863703715032898, 7477704.33889782615006 ] ] ] } },
{ "type": "Feature", "properties": { "id": "Gramacho.230", "id_trecho": 1984, "Name": "Avenida Governador Leonel de Moura Brizola", "description": null, "Extensao_m": 31.80956956284896, "Bairro_logradouros": "Gramacho", "Bairro_rotas": "Centro", "Distrito": "1º", "Lote": "I", "Name_2": "Ponto 1594", "description_2": "Velocidade: 15km/h<br>15/06/2026 17:18:44", "layer": "TTS0J06", "path": "C:/KMLs/Estevao/15-06-2026/Coleta/Trajeto_TTS0J06.kml|layername=Trajeto|geometrytype=Point|uniqueGeometryType=yes", "Velocidade": 15.0, "Data": "2026-06-15", "hora": "17:18:44", "Rota": "ROTA 300 (NOITE) - Centro - Seg a Sab", "Turno": "Noite", "Dias_da_semana": [ "seg", "ter", "qua", "qui", "sex", "sab" ], "Hit_Rate": 11.11, "Status": "Baixo hit rate", "Bloco": "Seg_a_Sab" }, "geometry": { "type": "MultiLineString", "coordinates": [ [ [ 674059.504005329450592, 7482901.257184309884906 ], [ 674062.263294589007273, 7482907.216904153116047 ], [ 674064.776476960862055, 7482915.90376693662256 ], [ 674065.201079013640992, 7482919.797129806131124 ], [ 674065.904617317486554, 7482923.831268332898617 ], [ 674066.480842995224521, 7482931.997651502490044 ] ] ] } },
{ "type": "Feature", "properties": { "id": "Bar_dos_Cavalheiros.164", "id_trecho": 93, "Name": "Avenida Nilo Peçanha", "description": null, "Extensao_m": 94.202297075726804, "Bairro_logradouros": "Bar dos Cavalheiros", "Bairro_rotas": "Centro", "Distrito": "1º", "Lote": "I", "Name_2": "Ponto 1221", "description_2": "Velocidade: 16km/h<br>15/06/2026 20:51:28", "layer": "TTH9F28", "path": "C:/KMLs/Estevao/15-06-2026/Coleta/Trajeto_TTH9F28.kml|layername=Trajeto|geometrytype=Point|uniqueGeometryType=yes", "Velocidade": 16.0, "Data": "2026-06-15", "hora": "20:51:28", "Rota": "ROTA 300 (NOITE) - Centro - Seg a Sab", "Turno": "Noite", "Dias_da_semana": [ "seg", "ter", "qua", "qui", "sex", "sab" ], "Hit_Rate": 27.78, "Status": "Baixo hit rate", "Bloco": "Seg_a_Sab" }, "geometry": { "type": "MultiLineString", "coordinates": [ [ [ 671580.255944577977061, 7478272.596216117031872 ], [ 671572.052627845900133, 7478260.861481011845171 ], [ 671567.710459058173001, 7478254.609226463362575 ], [ 671563.749156766105443, 7478251.165567783638835 ], [ 671556.194649003329687, 7478246.865500638261437 ], [ 671549.965792327304371, 7478244.477393493056297 ], [ 671540.784897365723737, 7478241.635378702543676 ], [ 671532.847645686473697, 7478239.809222446754575 ], [ 671521.04862937470898, 7478237.893816880881786 ], [ 671499.251522034755908, 7478235.327259112149477 ] ] ] } },
{ "type": "Feature", "properties": { "id": "Centro.20", "id_trecho": 1234, "Name": "Rua Nilo Vieira", "description": null, "Extensao_m": 49.241682589898232, "Bairro_logradouros": "Centro", "Bairro_rotas": "Centro", "Distrito": "1º", "Lote": "I", "Name_2": "Ponto 1438", "description_2": "Velocidade: 4km/h<br>15/06/2026 20:36:28", "layer": "TTI9B27", "path": "C:/KMLs/Estevao/15-06-2026/Coleta/Trajeto_TTI9B27.kml|layername=Trajeto|geometrytype=Point|uniqueGeometryType=yes", "Velocidade": 4.0, "Data": "2026-06-15", "hora": "20:36:28", "Rota": "ROTA 300 (NOITE) - Centro - Seg a Sab", "Turno": "Noite", "Dias_da_semana": [ "seg", "ter", "qua", "qui", "sex", "sab" ], "Hit_Rate": 11.11, "Status": "Baixo hit rate", "Bloco": "Seg_a_Sab" }, "geometry": { "type": "MultiLineString", "coordinates": [ [ [ 672945.939228121307679, 7479516.662103980779648 ], [ 672958.721427622251213, 7479564.214296832680702 ] ] ] } },
{ "type": "Feature", "properties": { "id": "Parque_Fluminense.175", "id_trecho": 4711, "Name": "Avenida Governador Leonel de Moura Brizola", "description": null, "Extensao_m": 95.165112361744335, "Bairro_logradouros": "Parque Fluminense", "Bairro_rotas": "Centro", "Distrito": "2º", "Lote": "I", "Name_2": "Ponto 2030", "description_2": "Velocidade: 38km/h<br>15/06/2026 20:10:59", "layer": "TTS0J06", "path": "C:/KMLs/Estevao/15-06-2026/Coleta/Trajeto_TTS0J06.kml|layername=Trajeto|geometrytype=Point|uniqueGeometryType=yes", "Velocidade": 38.0, "Data": "2026-06-15", "hora": "20:10:59", "Rota": "ROTA 300 (NOITE) - Centro - Seg a Sab", "Turno": "Noite", "Dias_da_semana": [ "seg", "ter", "qua", "qui", "sex", "sab" ], "Hit_Rate": 11.11, "Status": "Baixo hit rate", "Bloco": "Seg_a_Sab" }, "geometry": { "type": "MultiLineString", "coordinates": [ [ [ 672214.302292823093012, 7486600.783565801568329 ], [ 672295.980285165016539, 7486551.952233918011189 ] ] ] } },
{ "type": "Feature", "properties": { "id": "Centro.132", "id_trecho": 954, "Name": "Avenida Governador Leonel de Moura Brizola", "description": null, "Extensao_m": 43.594464742924551, "Bairro_logradouros": "Centro", "Bairro_rotas": "Centro", "Distrito": "1º", "Lote": "I", "Name_2": "Ponto 1487", "description_2": "Velocidade: 41km/h<br>15/06/2026 21:47:51", "layer": "TUA3H22", "path": "C:/KMLs/Estevao/15-06-2026/Coleta/Trajeto_TUA3H22.kml|layername=Trajeto|geometrytype=Point|uniqueGeometryType=yes", "Velocidade": 41.0, "Data": "2026-06-15", "hora": "21:47:51", "Rota": "ROTA 300 (NOITE) - Centro - Seg a Sab", "Turno": "Noite", "Dias_da_semana": [ "seg", "ter", "qua", "qui", "sex", "sab" ], "Hit_Rate": 5.56, "Status": "Baixo hit rate", "Bloco": "Seg_a_Sab" }, "geometry": { "type": "MultiLineString", "coordinates": [ [ [ 673946.531446804408915, 7477980.455912780016661 ], [ 673952.433224229491316, 7477937.263935443013906 ] ] ] } },
{ "type": "Feature", "properties": { "id": "Parque_Fluminense.175", "id_trecho": 4733, "Name": "Avenida Governador Leonel de Moura Brizola", "description": null, "Extensao_m": 49.606506958866106, "Bairro_logradouros": "Parque Fluminense", "Bairro_rotas": "Centro", "Distrito": "2º", "Lote": "I", "Name_2": "Ponto 2306", "description_2": "Velocidade: 58km/h<br>16/06/2026 23:15:09", "layer": "TUS0I00", "path": "C:/KMLs/Estevao/16-06-2026/Coleta/Trajeto_TUS0I00.kml|layername=Trajeto|geometrytype=Point|uniqueGeometryType=yes", "Velocidade": 58.0, "Data": "2026-06-16", "hora": "23:15:09", "Rota": "ROTA 300 (NOITE) - Centro - Seg a Sab", "Turno": "Noite", "Dias_da_semana": [ "seg", "ter", "qua", "qui", "sex", "sab" ], "Hit_Rate": 11.11, "Status": "Baixo hit rate", "Bloco": "Seg_a_Sab" }, "geometry": { "type": "MultiLineString", "coordinates": [ [ [ 673561.436071905074641, 7484415.147305575199425 ], [ 673559.521100088953972, 7484423.773993997834623 ], [ 673550.699180997675285, 7484463.576507220044732 ] ] ] } },
{ "type": "Feature", "properties": { "id": "Centro.85", "id_trecho": 1041, "Name": "Rua Almirante Tamandaré", "description": null, "Extensao_m": 105.09889208885657, "Bairro_logradouros": "Centro", "Bairro_rotas": "Centro", "Distrito": "1º", "Lote": "I", "Name_2": "Ponto 1100", "description_2": "Velocidade: 0km/h<br>16/06/2026 17:17:48", "layer": "TTW7E72", "path": "C:/KMLs/Estevao/16-06-2026/Coleta/Trajeto_TTW7E72.kml|layername=Trajeto|geometrytype=Point|uniqueGeometryType=yes", "Velocidade": 0.0, "Data": "2026-06-16", "hora": "17:17:48", "Rota": "ROTA 300 (NOITE) - Centro - Seg a Sab", "Turno": "Noite", "Dias_da_semana": [ "seg", "ter", "qua", "qui", "sex", "sab" ], "Hit_Rate": 5.56, "Status": "Baixo hit rate", "Bloco": "Seg_a_Sab" }, "geometry": { "type": "MultiLineString", "coordinates": [ [ [ 673729.189685164485127, 7478552.686605600640178 ], [ 673654.780370936729014, 7478600.704559637233615 ], [ 673641.774294637143612, 7478610.920105954632163 ] ] ] } },
{ "type": "Feature", "properties": { "id": "Bar_dos_Cavalheiros.141", "id_trecho": 27, "Name": "Avenida Doutor Manoel Teles", "description": null, "Extensao_m": 7.743357241425616, "Bairro_logradouros": "Bar dos Cavalheiros", "Bairro_rotas": "Centro", "Distrito": "1º", "Lote": "I", "Name_2": "Ponto 1453", "description_2": "Velocidade: 8km/h<br>16/06/2026 21:56:43", "layer": "TTX7B46", "path": "C:/KMLs/Estevao/16-06-2026/Coleta/Trajeto_TTX7B46.kml|layername=Trajeto|geometrytype=Point|uniqueGeometryType=yes", "Velocidade": 8.0, "Data": "2026-06-16", "hora": "21:56:43", "Rota": "ROTA 300 (NOITE) - Centro - Seg a Sab", "Turno": "Noite", "Dias_da_semana": [ "seg", "ter", "qua", "qui", "sex", "sab" ], "Hit_Rate": 16.67, "Status": "Baixo hit rate", "Bloco": "Seg_a_Sab" }, "geometry": { "type": "MultiLineString", "coordinates": [ [ [ 672469.811357175116427, 7477830.408937644213438 ], [ 672462.892449081642553, 7477826.932676350697875 ] ] ] } },
{ "type": "Feature", "properties": { "id": "Parque_Fluminense.175", "id_trecho": 4737, "Name": "Avenida Governador Leonel de Moura Brizola", "description": null, "Extensao_m": 110.99317054294136, "Bairro_logradouros": "Parque Fluminense", "Bairro_rotas": "Centro", "Distrito": "2º", "Lote": "I", "Name_2": "Ponto 2307", "description_2": "Velocidade: 0km/h<br>16/06/2026 23:16:06", "layer": "TUS0I00", "path": "C:/KMLs/Estevao/16-06-2026/Coleta/Trajeto_TUS0I00.kml|layername=Trajeto|geometrytype=Point|uniqueGeometryType=yes", "Velocidade": 0.0, "Data": "2026-06-16", "hora": "23:16:06", "Rota": "ROTA 300 (NOITE) - Centro - Seg a Sab", "Turno": "Noite", "Dias_da_semana": [ "seg", "ter", "qua", "qui", "sex", "sab" ], "Hit_Rate": 22.22, "Status": "Baixo hit rate", "Bloco": "Seg_a_Sab" }, "geometry": { "type": "MultiLineString", "coordinates": [ [ [ 673696.293081418611109, 7483630.79915114864707 ], [ 673699.837451399187557, 7483612.862339975312352 ], [ 673706.071189705980942, 7483592.967859052121639 ], [ 673733.546609414392151, 7483528.089923 ], [ 673734.101689520990476, 7483526.802196647971869 ] ] ] } },
{ "type": "Feature", "properties": { "id": "Bar_dos_Cavalheiros.164", "id_trecho": 96, "Name": "Avenida Nilo Peçanha", "description": null, "Extensao_m": 53.94821558493414, "Bairro_logradouros": "Bar dos Cavalheiros", "Bairro_rotas": "Centro", "Distrito": "1º", "Lote": "I", "Name_2": "Ponto 664", "description_2": "Velocidade: 16km/h<br>17/06/2026 19:34:20", "layer": "TTF7G57", "path": "C:/KMLs/Estevao/17-06-2026/Coleta/Trajeto_TTF7G57.kml|layername=Trajeto|geometrytype=Point|uniqueGeometryType=yes", "Velocidade": 16.0, "Data": "2026-06-17", "hora": "19:34:20", "Rota": "ROTA 300 (NOITE) - Centro - Seg a Sab", "Turno": "Noite", "Dias_da_semana": [ "seg", "ter", "qua", "qui", "sex", "sab" ], "Hit_Rate": 11.11, "Status": "Baixo hit rate", "Bloco": "Seg_a_Sab" }, "geometry": { "type": "MultiLineString", "coordinates": [ [ [ 671499.449254911858588, 7478229.200872192159295 ], [ 671523.856345578795299, 7478230.12106460146606 ], [ 671534.535921954433434, 7478230.199693120084703 ], [ 671538.448394642211497, 7478230.232989581301808 ], [ 671553.329911955399439, 7478231.426921365782619 ] ] ] } },
{ "type": "Feature", "properties": { "id": "Centro.132", "id_trecho": 960, "Name": "Avenida Governador Leonel de Moura Brizola", "description": null, "Extensao_m": 72.451552453133075, "Bairro_logradouros": "Centro", "Bairro_rotas": "Centro", "Distrito": "1º", "Lote": "I", "Name_2": "Ponto 1087", "description_2": "Velocidade: 16km/h<br>17/06/2026 22:48:48", "layer": "TTF7G57", "path": "C:/KMLs/Estevao/17-06-2026/Coleta/Trajeto_TTF7G57.kml|layername=Trajeto|geometrytype=Point|uniqueGeometryType=yes", "Velocidade": 16.0, "Data": "2026-06-17", "hora": "22:48:48", "Rota": "ROTA 300 (NOITE) - Centro - Seg a Sab", "Turno": "Noite", "Dias_da_semana": [ "seg", "ter", "qua", "qui", "sex", "sab" ], "Hit_Rate": 5.56, "Status": "Baixo hit rate", "Bloco": "Seg_a_Sab" }, "geometry": { "type": "MultiLineString", "coordinates": [ [ [ 673982.381717286887579, 7477912.822335889562964 ], [ 673983.804636391578242, 7477941.101516785100102 ], [ 673983.178831400116906, 7477964.431711241602898 ], [ 673981.907443255884573, 7477985.188935115933418 ] ] ] } },
{ "type": "Feature", "properties": { "id": "Centro.151", "id_trecho": 1279, "Name": "Rua Piratini", "description": null, "Extensao_m": 10.043160982355531, "Bairro_logradouros": "Centro", "Bairro_rotas": "Centro", "Distrito": "1º", "Lote": "I", "Name_2": "Ponto 1136", "description_2": "Velocidade: 25km/h<br>17/06/2026 19:18:10", "layer": "TTX7B46", "path": "C:/KMLs/Estevao/17-06-2026/Coleta/Trajeto_TTX7B46.kml|layername=Trajeto|geometrytype=Point|uniqueGeometryType=yes", "Velocidade": 25.0, "Data": "2026-06-17", "hora": "19:18:10", "Rota": "ROTA 300 (NOITE) - Centro - Seg a Sab", "Turno": "Noite", "Dias_da_semana": [ "seg", "ter", "qua", "qui", "sex", "sab" ], "Hit_Rate": 16.67, "Status": "Baixo hit rate", "Bloco": "Seg_a_Sab" }, "geometry": { "type": "MultiLineString", "coordinates": [ [ [ 673423.200165063608438, 7478461.554183992557228 ], [ 673414.185417433851399, 7478457.127710360102355 ] ] ] } },
{ "type": "Feature", "properties": { "id": "Sao_Bento.239", "id_trecho": 5622, "Name": "Avenida Governador Leonel de Moura Brizola", "description": null, "Extensao_m": 106.48636733013295, "Bairro_logradouros": "Sao Bento", "Bairro_rotas": "Centro", "Distrito": "2º", "Lote": "I", "Name_2": "Ponto 2050", "description_2": "Velocidade: 10km/h<br>17/06/2026 22:21:11", "layer": "TUS0I00", "path": "C:/KMLs/Estevao/17-06-2026/Coleta/Trajeto_TUS0I00.kml|layername=Trajeto|geometrytype=Point|uniqueGeometryType=yes", "Velocidade": 10.0, "Data": "2026-06-17", "hora": "22:21:11", "Rota": "ROTA 300 (NOITE) - Centro - Seg a Sab", "Turno": "Noite", "Dias_da_semana": [ "seg", "ter", "qua", "qui", "sex", "sab" ], "Hit_Rate": 5.56, "Status": "Baixo hit rate", "Bloco": "Seg_a_Sab" }, "geometry": { "type": "MultiLineString", "coordinates": [ [ [ 672462.559396707103588, 7487413.4237010050565 ], [ 672465.885824227938429, 7487415.933150918222964 ], [ 672472.818056472111493, 7487421.126076093874872 ], [ 672491.348603533348069, 7487437.095941767096519 ], [ 672543.775631599943154, 7487482.250517420470715 ] ] ] } },
{ "type": "Feature", "properties": { "id": "Vila_São_Jose.216", "id_trecho": 6348, "Name": "Avenida Governador Leonel de Moura Brizola", "description": null, "Extensao_m": 26.202321810651757, "Bairro_logradouros": "Vila São Jose", "Bairro_rotas": "Centro", "Distrito": "2º", "Lote": "I", "Name_2": "Ponto 2104", "description_2": "Velocidade: 42km/h<br>17/06/2026 22:42:11", "layer": "TUS0I00", "path": "C:/KMLs/Estevao/17-06-2026/Coleta/Trajeto_TUS0I00.kml|layername=Trajeto|geometrytype=Point|uniqueGeometryType=yes", "Velocidade": 42.0, "Data": "2026-06-17", "hora": "22:42:11", "Rota": "ROTA 300 (NOITE) - Centro - Seg a Sab", "Turno": "Noite", "Dias_da_semana": [ "seg", "ter", "qua", "qui", "sex", "sab" ], "Hit_Rate": 11.11, "Status": "Baixo hit rate", "Bloco": "Seg_a_Sab" }, "geometry": { "type": "MultiLineString", "coordinates": [ [ [ 673756.768709621625021, 7483466.284325785934925 ], [ 673765.520232645678334, 7483441.587454102933407 ] ] ] } },
{ "type": "Feature", "properties": { "id": "Centro.38", "id_trecho": 1160, "Name": "Rua Frei Fidélis", "description": null, "Extensao_m": 116.49945504210348, "Bairro_logradouros": "Centro", "Bairro_rotas": "Centro", "Distrito": "1º", "Lote": "I", "Name_2": "Ponto 1075", "description_2": "Velocidade: 23km/h<br>17/06/2026 22:42:52", "layer": "TTF7G57", "path": "C:/KMLs/Estevao/17-06-2026/Coleta/Trajeto_TTF7G57.kml|layername=Trajeto|geometrytype=Point|uniqueGeometryType=yes", "Velocidade": 23.0, "Data": "2026-06-17", "hora": "22:42:52", "Rota": "ROTA 300 (NOITE) - Centro - Seg a Sab", "Turno": "Noite", "Dias_da_semana": [ "seg", "ter", "qua", "qui", "sex", "sab" ], "Hit_Rate": 11.11, "Status": "Baixo hit rate", "Bloco": "Seg_a_Sab" }, "geometry": { "type": "MultiLineString", "coordinates": [ [ [ 673487.931840374134481, 7478329.570196393877268 ], [ 673472.410974412341602, 7478320.987666109576821 ], [ 673468.453988453606144, 7478264.065540762618184 ], [ 673466.05666701332666, 7478246.573044555261731 ], [ 673455.888640709221363, 7478224.783856390975416 ] ] ] } },
{ "type": "Feature", "properties": { "id": "Centro.137", "id_trecho": 1198, "Name": "Rua José de Alvarenga", "description": null, "Extensao_m": 196.02570362783442, "Bairro_logradouros": "Centro", "Bairro_rotas": "Centro", "Distrito": "1º", "Lote": "I", "Name_2": "Ponto 1372", "description_2": "Velocidade: 0km/h<br>17/06/2026 20:38:10", "layer": "TTX7B46", "path": "C:/KMLs/Estevao/17-06-2026/Coleta/Trajeto_TTX7B46.kml|layername=Trajeto|geometrytype=Point|uniqueGeometryType=yes", "Velocidade": 0.0, "Data": "2026-06-17", "hora": "20:38:10", "Rota": "ROTA 300 (NOITE) - Centro - Seg a Sab", "Turno": "Noite", "Dias_da_semana": [ "seg", "ter", "qua", "qui", "sex", "sab" ], "Hit_Rate": 11.11, "Status": "Baixo hit rate", "Bloco": "Seg_a_Sab" }, "geometry": { "type": "MultiLineString", "coordinates": [ [ [ 673322.183033459819853, 7478763.846265876665711 ], [ 673298.497191409929655, 7478958.430014945566654 ] ] ] } },
{ "type": "Feature", "properties": { "id": "Centenario.2", "id_trecho": 682, "Name": "Avenida Governador Leonel de Moura Brizola", "description": null, "Extensao_m": 43.505303846056464, "Bairro_logradouros": "Centenario", "Bairro_rotas": "Centro", "Distrito": "1º", "Lote": "I", "Name_2": "Ponto 2324", "description_2": "Velocidade: 44km/h<br>18/06/2026 00:52:11", "layer": "TUS0I00", "path": "C:/KMLs/Estevao/17-06-2026/Coleta/Trajeto_TUS0I00.kml|layername=Trajeto|geometrytype=Point|uniqueGeometryType=yes", "Velocidade": 44.0, "Data": "2026-06-18", "hora": "00:52:11", "Rota": "ROTA 300 (NOITE) - Centro - Seg a Sab", "Turno": "Noite", "Dias_da_semana": [ "seg", "ter", "qua", "qui", "sex", "sab" ], "Hit_Rate": 11.11, "Status": "Baixo hit rate", "Bloco": "Seg_a_Sab" }, "geometry": { "type": "MultiLineString", "coordinates": [ [ [ 674027.063241037307307, 7481691.395684998482466 ], [ 674018.778976785135455, 7481648.687552694231272 ] ] ] } },
{ "type": "Feature", "properties": { "id": "Gramacho.230", "id_trecho": 1978, "Name": "Avenida Governador Leonel de Moura Brizola", "description": null, "Extensao_m": 62.157840903088321, "Bairro_logradouros": "Gramacho", "Bairro_rotas": "Centro", "Distrito": "1º", "Lote": "I", "Name_2": "Ponto 1704", "description_2": "Velocidade: 24km/h<br>19/06/2026 00:55:46", "layer": "TTG4B66", "path": "C:/KMLs/Estevao/18-06-2026/Coleta/Trajeto_TTG4B66.kml|layername=Trajeto|geometrytype=Point|uniqueGeometryType=yes", "Velocidade": 24.0, "Data": "2026-06-19", "hora": "00:55:46", "Rota": "ROTA 300 (NOITE) - Centro - Seg a Sab", "Turno": "Noite", "Dias_da_semana": [ "seg", "ter", "qua", "qui", "sex", "sab" ], "Hit_Rate": 11.11, "Status": "Baixo hit rate", "Bloco": "Seg_a_Sab" }, "geometry": { "type": "MultiLineString", "coordinates": [ [ [ 674080.800798615440726, 7481885.315188109874725 ], [ 674062.813530176063068, 7481825.818488907068968 ] ] ] } },
{ "type": "Feature", "properties": { "id": "Gramacho.230", "id_trecho": 1968, "Name": "Avenida Governador Leonel de Moura Brizola", "description": null, "Extensao_m": 27.63103303371614, "Bairro_logradouros": "Gramacho", "Bairro_rotas": "Centro", "Distrito": "1º", "Lote": "I", "Name_2": "Ponto 1308", "description_2": "Velocidade: 44km/h<br>18/06/2026 17:59:36", "layer": "TUA3H22", "path": "C:/KMLs/Estevao/18-06-2026/Coleta/Trajeto_TUA3H22.kml|layername=Trajeto|geometrytype=Point|uniqueGeometryType=yes", "Velocidade": 44.0, "Data": "2026-06-18", "hora": "17:59:36", "Rota": "ROTA 300 (NOITE) - Centro - Seg a Sab", "Turno": "Noite", "Dias_da_semana": [ "seg", "ter", "qua", "qui", "sex", "sab" ], "Hit_Rate": 16.67, "Status": "Baixo hit rate", "Bloco": "Seg_a_Sab" }, "geometry": { "type": "MultiLineString", "coordinates": [ [ [ 673933.924003107706085, 7483161.394103256985545 ], [ 673920.609105060109869, 7483180.882424667477608 ], [ 673918.435268772067502, 7483184.273165721446276 ] ] ] } },
{ "type": "Feature", "properties": { "id": "Vila_São_Jose.216", "id_trecho": 6346, "Name": "Avenida Governador Leonel de Moura Brizola", "description": null, "Extensao_m": 13.613778876855164, "Bairro_logradouros": "Vila São Jose", "Bairro_rotas": "Centro", "Distrito": "2º", "Lote": "I", "Name_2": "Ponto 1441", "description_2": "Velocidade: 43km/h<br>19/06/2026 22:48:40", "layer": "TTG4B66", "path": "C:/KMLs/Estevao/19-06-2026/Coleta/Trajeto_TTG4B66.kml|layername=Trajeto|geometrytype=Point|uniqueGeometryType=yes", "Velocidade": 43.0, "Data": "2026-06-19", "hora": "22:48:40", "Rota": "ROTA 300 (NOITE) - Centro - Seg a Sab", "Turno": "Noite", "Dias_da_semana": [ "seg", "ter", "qua", "qui", "sex", "sab" ], "Hit_Rate": 5.56, "Status": "Baixo hit rate", "Bloco": "Seg_a_Sab" }, "geometry": { "type": "MultiLineString", "coordinates": [ [ [ 673734.101689520990476, 7483526.802196647971869 ], [ 673739.490486687165685, 7483514.300764638930559 ] ] ] } },
{ "type": "Feature", "properties": { "id": "Centro.151", "id_trecho": 1282, "Name": "Rua Piratini", "description": null, "Extensao_m": 6.3939045680551825, "Bairro_logradouros": "Centro", "Bairro_rotas": "Centro", "Distrito": "1º", "Lote": "I", "Name_2": "Ponto 1191", "description_2": "Velocidade: 4km/h<br>19/06/2026 18:39:03", "layer": "TTX7B46", "path": "C:/KMLs/Estevao/19-06-2026/Coleta/Trajeto_TTX7B46.kml|layername=Trajeto|geometrytype=Point|uniqueGeometryType=yes", "Velocidade": 4.0, "Data": "2026-06-19", "hora": "18:39:03", "Rota": "ROTA 300 (NOITE) - Centro - Seg a Sab", "Turno": "Noite", "Dias_da_semana": [ "seg", "ter", "qua", "qui", "sex", "sab" ], "Hit_Rate": 5.56, "Status": "Baixo hit rate", "Bloco": "Seg_a_Sab" }, "geometry": { "type": "MultiLineString", "coordinates": [ [ [ 673402.248445890494622, 7478451.272782595828176 ], [ 673396.507163607166149, 7478448.459002123214304 ] ] ] } },
{ "type": "Feature", "properties": { "id": "Centro.132", "id_trecho": 937, "Name": "Avenida Governador Leonel de Moura Brizola", "description": null, "Extensao_m": 48.086240851425799, "Bairro_logradouros": "Centro", "Bairro_rotas": "Centro", "Distrito": "1º", "Lote": "I", "Name_2": "Ponto 1295", "description_2": "Velocidade: 0km/h<br>19/06/2026 19:16:46", "layer": "TTX7B46", "path": "C:/KMLs/Estevao/19-06-2026/Coleta/Trajeto_TTX7B46.kml|layername=Trajeto|geometrytype=Point|uniqueGeometryType=yes", "Velocidade": 0.0, "Data": "2026-06-19", "hora": "19:16:46", "Rota": "ROTA 300 (NOITE) - Centro - Seg a Sab", "Turno": "Noite", "Dias_da_semana": [ "seg", "ter", "qua", "qui", "sex", "sab" ], "Hit_Rate": 5.56, "Status": "Baixo hit rate", "Bloco": "Seg_a_Sab" }, "geometry": { "type": "MultiLineString", "coordinates": [ [ [ 673441.960922020603903, 7478792.301797367632389 ], [ 673431.84916002699174, 7478817.700452154502273 ], [ 673427.856769222649746, 7478823.272249260917306 ], [ 673417.644554181722924, 7478832.691513271071017 ] ] ] } },
{ "type": "Feature", "properties": { "id": "Bar_dos_Cavalheiros.141", "id_trecho": 13, "Name": "Avenida Doutor Manoel Teles", "description": null, "Extensao_m": 57.976932707032859, "Bairro_logradouros": "Bar dos Cavalheiros", "Bairro_rotas": "Centro", "Distrito": "1º", "Lote": "I", "Name_2": "Ponto 1762", "description_2": "Velocidade: 16km/h<br>19/06/2026 20:44:18", "layer": "TUS0I00", "path": "C:/KMLs/Estevao/19-06-2026/Coleta/Trajeto_TUS0I00.kml|layername=Trajeto|geometrytype=Point|uniqueGeometryType=yes", "Velocidade": 16.0, "Data": "2026-06-19", "hora": "20:44:18", "Rota": "ROTA 300 (NOITE) - Centro - Seg a Sab", "Turno": "Noite", "Dias_da_semana": [ "seg", "ter", "qua", "qui", "sex", "sab" ], "Hit_Rate": 5.56, "Status": "Baixo hit rate", "Bloco": "Seg_a_Sab" }, "geometry": { "type": "MultiLineString", "coordinates": [ [ [ 672205.28479407785926, 7477930.049225118011236 ], [ 672205.059917133301497, 7477988.023771863430738 ] ] ] } },
{ "type": "Feature", "properties": { "id": "Gramacho.230", "id_trecho": 1960, "Name": "Avenida Governador Leonel de Moura Brizola", "description": null, "Extensao_m": 10.567571105493746, "Bairro_logradouros": "Gramacho", "Bairro_rotas": "Centro", "Distrito": "1º", "Lote": "I", "Name_2": "Ponto 1508", "description_2": "Velocidade: 51km/h<br>20/06/2026 22:27:59", "layer": "TTZ0H96", "path": "C:/KMLs/Estevao/20-06-2026/Coleta/Trajeto_TTZ0H96.kml|layername=Trajeto|geometrytype=Point|uniqueGeometryType=yes", "Velocidade": 51.0, "Data": "2026-06-20", "hora": "22:27:59", "Rota": "ROTA 300 (NOITE) - Centro - Seg a Sab", "Turno": "Noite", "Dias_da_semana": [ "seg", "ter", "qua", "qui", "sex", "sab" ], "Hit_Rate": 11.11, "Status": "Baixo hit rate", "Bloco": "Seg_a_Sab" }, "geometry": { "type": "MultiLineString", "coordinates": [ [ [ 673914.143422457855195, 7483176.949678536504507 ], [ 673915.331463640555739, 7483177.454313202761114 ], [ 673916.524161496898159, 7483179.356560461223125 ], [ 673916.910192378447391, 7483182.574821363203228 ], [ 673917.097278870758601, 7483186.360155982896686 ] ] ] } },
{ "type": "Feature", "properties": { "id": "Sao_Bento.239", "id_trecho": 5634, "Name": "Avenida Governador Leonel de Moura Brizola", "description": null, "Extensao_m": 27.366281913328471, "Bairro_logradouros": "Sao Bento", "Bairro_rotas": "Centro", "Distrito": "2º", "Lote": "I", "Name_2": "Ponto 1526", "description_2": "Velocidade: 37km/h<br>20/06/2026 22:39:52", "layer": "TTZ0H96", "path": "C:/KMLs/Estevao/20-06-2026/Coleta/Trajeto_TTZ0H96.kml|layername=Trajeto|geometrytype=Point|uniqueGeometryType=yes", "Velocidade": 37.0, "Data": "2026-06-20", "hora": "22:39:52", "Rota": "ROTA 300 (NOITE) - Centro - Seg a Sab", "Turno": "Noite", "Dias_da_semana": [ "seg", "ter", "qua", "qui", "sex", "sab" ], "Hit_Rate": 16.67, "Status": "Baixo hit rate", "Bloco": "Seg_a_Sab" }, "geometry": { "type": "MultiLineString", "coordinates": [ [ [ 673438.571098234737292, 7485016.516949268989265 ], [ 673433.123974541202188, 7485043.334848782047629 ] ] ] } },
{ "type": "Feature", "properties": { "id": "Gramacho.230", "id_trecho": 1980, "Name": "Avenida Governador Leonel de Moura Brizola", "description": null, "Extensao_m": 45.043911616224364, "Bairro_logradouros": "Gramacho", "Bairro_rotas": "Centro", "Distrito": "1º", "Lote": "I", "Name_2": "Ponto 904", "description_2": "Velocidade: 47km/h<br>20/06/2026 21:23:19", "layer": "TTB4H01", "path": "C:/KMLs/Estevao/20-06-2026/Coleta/Trajeto_TTB4H01.kml|layername=Trajeto|geometrytype=Point|uniqueGeometryType=yes", "Velocidade": 47.0, "Data": "2026-06-20", "hora": "21:23:19", "Rota": "ROTA 300 (NOITE) - Centro - Seg a Sab", "Turno": "Noite", "Dias_da_semana": [ "seg", "ter", "qua", "qui", "sex", "sab" ], "Hit_Rate": 16.67, "Status": "Baixo hit rate", "Bloco": "Seg_a_Sab" }, "geometry": { "type": "MultiLineString", "coordinates": [ [ [ 674043.601486003841273, 7481690.193107517436147 ], [ 674053.372920242720284, 7481734.163194904103875 ] ] ] } },
{ "type": "Feature", "properties": { "id": "Centro.147", "id_trecho": 881, "Name": "Avenida Doutor Manoel Teles", "description": null, "Extensao_m": 102.89748303626325, "Bairro_logradouros": "Centro", "Bairro_rotas": "Centro", "Distrito": "1º", "Lote": "I", "Name_2": "Ponto 634", "description_2": "Velocidade: 28km/h<br>20/06/2026 19:32:36", "layer": "TTF6F97", "path": "C:/KMLs/Estevao/20-06-2026/Coleta/Trajeto_TTF6F97.kml|layername=Trajeto|geometrytype=Point|uniqueGeometryType=yes", "Velocidade": 28.0, "Data": "2026-06-20", "hora": "19:32:36", "Rota": "ROTA 300 (NOITE) - Centro - Seg a Sab", "Turno": "Noite", "Dias_da_semana": [ "seg", "ter", "qua", "qui", "sex", "sab" ], "Hit_Rate": 5.56, "Status": "Baixo hit rate", "Bloco": "Seg_a_Sab" }, "geometry": { "type": "MultiLineString", "coordinates": [ [ [ 673231.655462052556686, 7478681.876252624206245 ], [ 673210.786467228434049, 7478661.759471710771322 ], [ 673153.520772145013325, 7478615.036132233217359 ] ] ] } },
{ "type": "Feature", "properties": { "id": "Gramacho.230", "id_trecho": 1971, "Name": "Avenida Governador Leonel de Moura Brizola", "description": null, "Extensao_m": 0.4970405503314726, "Bairro_logradouros": "Gramacho", "Bairro_rotas": "Centro", "Distrito": "1º", "Lote": "I", "Name_2": "Ponto 1334", "description_2": "Velocidade: 18km/h<br>20/06/2026 17:54:10", "layer": "TUA3H22", "path": "C:/KMLs/Estevao/20-06-2026/Coleta/Trajeto_TUA3H22.kml|layername=Trajeto|geometrytype=Point|uniqueGeometryType=yes", "Velocidade": 18.0, "Data": "2026-06-20", "hora": "17:54:10", "Rota": "ROTA 300 (NOITE) - Centro - Seg a Sab", "Turno": "Noite", "Dias_da_semana": [ "seg", "ter", "qua", "qui", "sex", "sab" ], "Hit_Rate": 5.56, "Status": "Baixo hit rate", "Bloco": "Seg_a_Sab" }, "geometry": { "type": "MultiLineString", "coordinates": [ [ [ 673994.455712737049907, 7483050.375112390145659 ], [ 673994.236598699819297, 7483050.821235144510865 ] ] ] } },
{ "type": "Feature", "properties": { "id": "Parque_Fluminense.175", "id_trecho": 4735, "Name": "Avenida Governador Leonel de Moura Brizola", "description": null, "Extensao_m": 36.274236423448393, "Bairro_logradouros": "Parque Fluminense", "Bairro_rotas": "Centro", "Distrito": "2º", "Lote": "I", "Name_2": "Ponto 1417", "description_2": "Velocidade: 7km/h<br>22/06/2026 22:32:01", "layer": "TTG4B66", "path": "C:/KMLs/Estevao/22-06-2026/Coleta/Trajeto_TTG4B66.kml|layername=Trajeto|geometrytype=Point|uniqueGeometryType=yes", "Velocidade": 7.0, "Data": "2026-06-22", "hora": "22:32:01", "Rota": "ROTA 300 (NOITE) - Centro - Seg a Sab", "Turno": "Noite", "Dias_da_semana": [ "seg", "ter", "qua", "qui", "sex", "sab" ], "Hit_Rate": 5.56, "Status": "Baixo hit rate", "Bloco": "Seg_a_Sab" }, "geometry": { "type": "MultiLineString", "coordinates": [ [ [ 673725.619455116800964, 7483632.645931095816195 ], [ 673718.996647734427825, 7483638.258798839524388 ], [ 673714.685296099400148, 7483640.301437768153846 ], [ 673710.285486003616825, 7483640.894330234266818 ], [ 673705.802908665500581, 7483640.535762311890721 ], [ 673702.0607436504215, 7483638.452196039259434 ], [ 673699.76127019978594, 7483635.87595328502357 ], [ 673696.293081418611109, 7483630.79915114864707 ] ] ] } },
{ "type": "Feature", "properties": { "id": "Centenario.2", "id_trecho": 670, "Name": "Avenida Governador Leonel de Moura Brizola", "description": null, "Extensao_m": 11.984067076505299, "Bairro_logradouros": "Centenario", "Bairro_rotas": "Centro", "Distrito": "1º", "Lote": "I", "Name_2": "Ponto 1554", "description_2": "Velocidade: 35km/h<br>23/06/2026 21:44:30", "layer": "TTB4H01", "path": "C:/KMLs/Estevao/23-06-2026/Coleta/Trajeto_TTB4H01.kml|layername=Trajeto|geometrytype=Point|uniqueGeometryType=yes", "Velocidade": 35.0, "Data": "2026-06-23", "hora": "21:44:30", "Rota": "ROTA 300 (NOITE) - Centro - Seg a Sab", "Turno": "Noite", "Dias_da_semana": [ "seg", "ter", "qua", "qui", "sex", "sab" ], "Hit_Rate": 5.56, "Status": "Baixo hit rate", "Bloco": "Seg_a_Sab" }, "geometry": { "type": "MultiLineString", "coordinates": [ [ [ 673659.219681362970732, 7479909.950286378152668 ], [ 673656.877796230954118, 7479898.197603220120072 ] ] ] } },
{ "type": "Feature", "properties": { "id": "Centro.134", "id_trecho": 1120, "Name": "Rua das Pedras", "description": null, "Extensao_m": 122.6894655666633, "Bairro_logradouros": "Centro", "Bairro_rotas": "Centro", "Distrito": "1º", "Lote": "I", "Name_2": "Ponto 1120", "description_2": "Velocidade: 0km/h<br>23/06/2026 21:04:23", "layer": "TTF6F97", "path": "C:/KMLs/Estevao/23-06-2026/Coleta/Trajeto_TTF6F97.kml|layername=Trajeto|geometrytype=Point|uniqueGeometryType=yes", "Velocidade": 0.0, "Data": "2026-06-23", "hora": "21:04:23", "Rota": "ROTA 300 (NOITE) - Centro - Seg a Sab", "Turno": "Noite", "Dias_da_semana": [ "seg", "ter", "qua", "qui", "sex", "sab" ], "Hit_Rate": 11.11, "Status": "Baixo hit rate", "Bloco": "Seg_a_Sab" }, "geometry": { "type": "MultiLineString", "coordinates": [ [ [ 673038.361931979423389, 7478515.095302017405629 ], [ 673022.081208618823439, 7478538.027925375849009 ], [ 673017.084700292674825, 7478547.398534949868917 ], [ 673008.444997330312617, 7478574.06473474483937 ], [ 673008.907172617153265, 7478578.577860690653324 ], [ 673010.5944844892947, 7478581.570890233851969 ], [ 673014.48978192883078, 7478585.491157537326217 ], [ 673049.611451974138618, 7478609.266392238438129 ] ] ] } },
{ "type": "Feature", "properties": { "id": "Gramacho.230", "id_trecho": 1979, "Name": "Avenida Governador Leonel de Moura Brizola", "description": null, "Extensao_m": 135.72420826769212, "Bairro_logradouros": "Gramacho", "Bairro_rotas": "Centro", "Distrito": "1º", "Lote": "I", "Name_2": "Ponto 1651", "description_2": "Velocidade: 25km/h<br>24/06/2026 00:37:15", "layer": "TTG4B66", "path": "C:/KMLs/Estevao/23-06-2026/Coleta/Trajeto_TTG4B66.kml|layername=Trajeto|geometrytype=Point|uniqueGeometryType=yes", "Velocidade": 25.0, "Data": "2026-06-24", "hora": "00:37:15", "Rota": "ROTA 300 (NOITE) - Centro - Seg a Sab", "Turno": "Noite", "Dias_da_semana": [ "seg", "ter", "qua", "qui", "sex", "sab" ], "Hit_Rate": 11.11, "Status": "Baixo hit rate", "Bloco": "Seg_a_Sab" }, "geometry": { "type": "MultiLineString", "coordinates": [ [ [ 674062.813530176063068, 7481825.818488907068968 ], [ 674049.760672893375158, 7481779.266747653484344 ], [ 674038.420682250638492, 7481739.683402170427144 ], [ 674027.843398177879862, 7481694.712629971094429 ] ] ] } },
{ "type": "Feature", "properties": { "id": "Centenario.2", "id_trecho": 676, "Name": "Avenida Governador Leonel de Moura Brizola", "description": null, "Extensao_m": 123.42048306099642, "Bairro_logradouros": "Centenario", "Bairro_rotas": "Centro", "Distrito": "1º", "Lote": "I", "Name_2": "Ponto 1662", "description_2": "Velocidade: 34km/h<br>24/06/2026 00:44:15", "layer": "TTG4B66", "path": "C:/KMLs/Estevao/23-06-2026/Coleta/Trajeto_TTG4B66.kml|layername=Trajeto|geometrytype=Point|uniqueGeometryType=yes", "Velocidade": 34.0, "Data": "2026-06-24", "hora": "00:44:15", "Rota": "ROTA 300 (NOITE) - Centro - Seg a Sab", "Turno": "Noite", "Dias_da_semana": [ "seg", "ter", "qua", "qui", "sex", "sab" ], "Hit_Rate": 11.11, "Status": "Baixo hit rate", "Bloco": "Seg_a_Sab" }, "geometry": { "type": "MultiLineString", "coordinates": [ [ [ 673918.054663063492626, 7481223.106446267105639 ], [ 673905.659486277378164, 7481163.955374987795949 ], [ 673894.074992964160629, 7481102.04854038823396 ] ] ] } },
{ "type": "Feature", "properties": { "id": "Centro.132", "id_trecho": 943, "Name": "Avenida Governador Leonel de Moura Brizola", "description": null, "Extensao_m": 3.4095771315379797, "Bairro_logradouros": "Centro", "Bairro_rotas": "Centro", "Distrito": "1º", "Lote": "I", "Name_2": "Ponto 1612", "description_2": "Velocidade: 7km/h<br>26/06/2026 21:55:59", "layer": "TTH9F46", "path": "C:/KMLs/Estevao/26-06-2026/Coleta/Trajeto_TTH9F46.kml|layername=Trajeto|geometrytype=Point|uniqueGeometryType=yes", "Velocidade": 7.0, "Data": "2026-06-26", "hora": "21:55:59", "Rota": "ROTA 300 (NOITE) - Centro - Seg a Sab", "Turno": "Noite", "Dias_da_semana": [ "seg", "ter", "qua", "qui", "sex", "sab" ], "Hit_Rate": 5.56, "Status": "Baixo hit rate", "Bloco": "Seg_a_Sab" }, "geometry": { "type": "MultiLineString", "coordinates": [ [ [ 673666.636752935242839, 7479884.588564220815897 ], [ 673667.385318101500161, 7479887.914857916533947 ] ] ] } },
{ "type": "Feature", "properties": { "id": "Sao_Bento.239", "id_trecho": 5617, "Name": "Avenida Governador Leonel de Moura Brizola", "description": null, "Extensao_m": 71.627722522523669, "Bairro_logradouros": "Sao Bento", "Bairro_rotas": "Centro", "Distrito": "2º", "Lote": "I", "Name_2": "Ponto 1153", "description_2": "Velocidade: 0km/h<br>26/06/2026 17:13:44", "layer": "TUA3H22", "path": "C:/KMLs/Estevao/26-06-2026/Coleta/Trajeto_TUA3H22.kml|layername=Trajeto|geometrytype=Point|uniqueGeometryType=yes", "Velocidade": 0.0, "Data": "2026-06-26", "hora": "17:13:44", "Rota": "ROTA 300 (NOITE) - Centro - Seg a Sab", "Turno": "Noite", "Dias_da_semana": [ "seg", "ter", "qua", "qui", "sex", "sab" ], "Hit_Rate": 5.56, "Status": "Baixo hit rate", "Bloco": "Seg_a_Sab" }, "geometry": { "type": "MultiLineString", "coordinates": [ [ [ 672272.420538041507825, 7486575.364110780879855 ], [ 672248.949957561679184, 7486589.406038332730532 ], [ 672210.937265388434753, 7486612.106369568966329 ] ] ] } },
{ "type": "Feature", "properties": { "id": "Centro.147", "id_trecho": 884, "Name": "Avenida Doutor Manoel Teles", "description": null, "Extensao_m": 14.479802410281097, "Bairro_logradouros": "Centro", "Bairro_rotas": "Centro", "Distrito": "1º", "Lote": "I", "Name_2": "Ponto 634", "description_2": "Velocidade: 19km/h<br>26/06/2026 18:34:36", "layer": "TTH9F28", "path": "C:/KMLs/Estevao/26-06-2026/Coleta/Trajeto_TTH9F28.kml|layername=Trajeto|geometrytype=Point|uniqueGeometryType=yes", "Velocidade": 19.0, "Data": "2026-06-26", "hora": "18:34:36", "Rota": "ROTA 300 (NOITE) - Centro - Seg a Sab", "Turno": "Noite", "Dias_da_semana": [ "seg", "ter", "qua", "qui", "sex", "sab" ], "Hit_Rate": 5.56, "Status": "Baixo hit rate", "Bloco": "Seg_a_Sab" }, "geometry": { "type": "MultiLineString", "coordinates": [ [ [ 673038.361931979423389, 7478515.095302017405629 ], [ 673034.316554126562551, 7478511.520061860792339 ], [ 673027.417252102750354, 7478505.616192191839218 ] ] ] } },
{ "type": "Feature", "properties": { "id": "Parque_Fluminense.175", "id_trecho": 4738, "Name": "Avenida Governador Leonel de Moura Brizola", "description": null, "Extensao_m": 27.187307277257887, "Bairro_logradouros": "Parque Fluminense", "Bairro_rotas": "Centro", "Distrito": "2º", "Lote": "I", "Name_2": "Ponto 1230", "description_2": "Velocidade: 13km/h<br>26/06/2026 17:51:37", "layer": "TUA3H22", "path": "C:/KMLs/Estevao/26-06-2026/Coleta/Trajeto_TUA3H22.kml|layername=Trajeto|geometrytype=Point|uniqueGeometryType=yes", "Velocidade": 13.0, "Data": "2026-06-26", "hora": "17:51:37", "Rota": "ROTA 300 (NOITE) - Centro - Seg a Sab", "Turno": "Noite", "Dias_da_semana": [ "seg", "ter", "qua", "qui", "sex", "sab" ], "Hit_Rate": 5.56, "Status": "Baixo hit rate", "Bloco": "Seg_a_Sab" }, "geometry": { "type": "MultiLineString", "coordinates": [ [ [ 673696.390760327107273, 7483664.541936696507037 ], [ 673699.977151387138292, 7483661.078975487500429 ], [ 673704.223853684961796, 7483658.771292379125953 ], [ 673709.16635769919958, 7483658.028236906975508 ], [ 673713.797404801123776, 7483658.794864095747471 ], [ 673716.572639114805497, 7483660.756576361134648 ], [ 673719.087643646053039, 7483664.216313129290938 ] ] ] } },
{ "type": "Feature", "properties": { "id": "Centro.132", "id_trecho": 915, "Name": "Avenida Governador Leonel de Moura Brizola", "description": null, "Extensao_m": 15.695041837644524, "Bairro_logradouros": "Centro", "Bairro_rotas": "Centro", "Distrito": "1º", "Lote": "I", "Name_2": "Ponto 1202", "description_2": "Velocidade: 17km/h<br>27/06/2026 19:38:55", "layer": "TTS0J06", "path": "C:/KMLs/Estevao/27-06-2026/Coleta/Trajeto_TTS0J06.kml|layername=Trajeto|geometrytype=Point|uniqueGeometryType=yes", "Velocidade": 17.0, "Data": "2026-06-27", "hora": "19:38:55", "Rota": "ROTA 300 (NOITE) - Centro - Seg a Sab", "Turno": "Noite", "Dias_da_semana": [ "seg", "ter", "qua", "qui", "sex", "sab" ], "Hit_Rate": 11.11, "Status": "Baixo hit rate", "Bloco": "Seg_a_Sab" }, "geometry": { "type": "MultiLineString", "coordinates": [ [ [ 673441.714905666536652, 7479246.226774735376239 ], [ 673438.839521355461329, 7479240.822037655860186 ], [ 673433.909201677888632, 7479232.616774411872029 ] ] ] } },
{ "type": "Feature", "properties": { "id": "Centro.98", "id_trecho": 1221, "Name": "Rua Manuel Vieira", "description": null, "Extensao_m": 2.1789878597909302, "Bairro_logradouros": "Centro", "Bairro_rotas": "Centro", "Distrito": "1º", "Lote": "I", "Name_2": "Ponto 1974", "description_2": "Velocidade: 13km/h<br>29/06/2026 19:02:41", "layer": "TUS0I00", "path": "C:/KMLs/Estevao/29-06-2026/Coleta/Trajeto_TUS0I00.kml|layername=Trajeto|geometrytype=Point|uniqueGeometryType=yes", "Velocidade": 13.0, "Data": "2026-06-29", "hora": "19:02:41", "Rota": "ROTA 300 (NOITE) - Centro - Seg a Sab", "Turno": "Noite", "Dias_da_semana": [ "seg", "ter", "qua", "qui", "sex", "sab" ], "Hit_Rate": 5.56, "Status": "Baixo hit rate", "Bloco": "Seg_a_Sab" }, "geometry": { "type": "MultiLineString", "coordinates": [ [ [ 673219.130536351469345, 7479908.885266412049532 ], [ 673219.45336591033265, 7479911.040142493322492 ] ] ] } },
{ "type": "Feature", "properties": { "id": "Centro.137", "id_trecho": 1200, "Name": "Rua José de Alvarenga", "description": null, "Extensao_m": 272.43228818168063, "Bairro_logradouros": "Centro", "Bairro_rotas": "Centro", "Distrito": "1º", "Lote": "I", "Name_2": "Ponto 1495", "description_2": "Velocidade: 8km/h<br>29/06/2026 19:36:55", "layer": "TTI9B27", "path": "C:/KMLs/Estevao/29-06-2026/Coleta/Trajeto_TTI9B27.kml|layername=Trajeto|geometrytype=Point|uniqueGeometryType=yes", "Velocidade": 8.0, "Data": "2026-06-29", "hora": "19:36:55", "Rota": "ROTA 300 (NOITE) - Centro - Seg a Sab", "Turno": "Noite", "Dias_da_semana": [ "seg", "ter", "qua", "qui", "sex", "sab" ], "Hit_Rate": 5.56, "Status": "Baixo hit rate", "Bloco": "Seg_a_Sab" }, "geometry": { "type": "MultiLineString", "coordinates": [ [ [ 673284.370914625236765, 7479085.560470192693174 ], [ 673275.403950313571841, 7479184.31449072714895 ], [ 673273.095137878553942, 7479211.451222207397223 ], [ 673269.608843446942046, 7479231.690901143476367 ], [ 673260.334921855130233, 7479275.673908513039351 ], [ 673256.836243523401208, 7479286.732961533591151 ], [ 673242.257044206256978, 7479332.847419621422887 ], [ 673236.145381673937663, 7479352.496866452507675 ] ] ] } },
{ "type": "Feature", "properties": { "id": "Centro.132", "id_trecho": 935, "Name": "Avenida Governador Leonel de Moura Brizola", "description": null, "Extensao_m": 2.0406159928040317, "Bairro_logradouros": "Centro", "Bairro_rotas": "Centro", "Distrito": "1º", "Lote": "I", "Name_2": "Ponto 1756", "description_2": "Velocidade: 17km/h<br>29/06/2026 21:35:06", "layer": "TTI9B27", "path": "C:/KMLs/Estevao/29-06-2026/Coleta/Trajeto_TTI9B27.kml|layername=Trajeto|geometrytype=Point|uniqueGeometryType=yes", "Velocidade": 17.0, "Data": "2026-06-29", "hora": "21:35:06", "Rota": "ROTA 300 (NOITE) - Centro - Seg a Sab", "Turno": "Noite", "Dias_da_semana": [ "seg", "ter", "qua", "qui", "sex", "sab" ], "Hit_Rate": 5.56, "Status": "Baixo hit rate", "Bloco": "Seg_a_Sab" }, "geometry": { "type": "MultiLineString", "coordinates": [ [ [ 673526.48989207460545, 7478603.589341224171221 ], [ 673525.648605472757481, 7478605.448404803872108 ] ] ] } },
{ "type": "Feature", "properties": { "id": "Bar_dos_Cavalheiros.164", "id_trecho": 95, "Name": "Avenida Nilo Peçanha", "description": null, "Extensao_m": 13.772492244803928, "Bairro_logradouros": "Bar dos Cavalheiros", "Bairro_rotas": "Centro", "Distrito": "1º", "Lote": "I", "Name_2": "Ponto 1433", "description_2": "Velocidade: 0km/h<br>29/06/2026 22:19:39", "layer": "TUA3H22", "path": "C:/KMLs/Estevao/29-06-2026/Coleta/Trajeto_TUA3H22.kml|layername=Trajeto|geometrytype=Point|uniqueGeometryType=yes", "Velocidade": 0.0, "Data": "2026-06-29", "hora": "22:19:39", "Rota": "ROTA 300 (NOITE) - Centro - Seg a Sab", "Turno": "Noite", "Dias_da_semana": [ "seg", "ter", "qua", "qui", "sex", "sab" ], "Hit_Rate": 5.56, "Status": "Baixo hit rate", "Bloco": "Seg_a_Sab" }, "geometry": { "type": "MultiLineString", "coordinates": [ [ [ 671485.735249725519679, 7478230.463289860635996 ], [ 671499.449254911858588, 7478229.200872192159295 ] ] ] } }
]
}
