<?xml version='1.0' encoding='UTF-8'?>
<kml xmlns="http://www.opengis.net/kml/2.2">
  <Document id="root_doc">
    <Schema name="Ruas_Nenhuma_Rota_Proxima" id="Ruas_Nenhuma_Rota_Proxima">
      <SimpleField name="fid" type="int"/>
      <SimpleField name="id" type="string"/>
      <SimpleField name="Name" type="string"/>
      <SimpleField name="Distrito" type="string"/>
      <SimpleField name="id_trecho" type="int"/>
      <SimpleField name="Extensao_m" type="float"/>
      <SimpleField name="Bairro_logradouros" type="string"/>
      <SimpleField name="Bairro_rotas" type="string"/>
      <SimpleField name="Lote" type="string"/>
      <SimpleField name="Rota" type="string"/>
      <SimpleField name="Turno" type="string"/>
      <SimpleField name="Dias_da_semana" type="string"/>
      <SimpleField name="Hit_Rate" type="float"/>
      <SimpleField name="Status" type="string"/>
      <SimpleField name="Bloco" type="string"/>
    </Schema>
    <Folder>
      <name>Ruas_Nenhuma_Rota_Proxima</name>
      <Placemark id="Ruas_Nenhuma_Rota_Proxima.1">
        <name>Rua Tenente Enéas Galvão (Canal Cabloco)</name>
        <Style>
          <LineStyle>
            <color>ff0000ff</color>
          </LineStyle>
          <PolyStyle>
            <fill>0</fill>
          </PolyStyle>
        </Style>
        <ExtendedData>
          <SchemaData schemaUrl="#Ruas_Nenhuma_Rota_Proxima">
            <SimpleData name="fid">1</SimpleData>
            <SimpleData name="id">Bar_dos_Cavalheiros.144</SimpleData>
            <SimpleData name="Name">Rua Tenente Enéas Galvão (Canal Cabloco)</SimpleData>
            <SimpleData name="Distrito">1º</SimpleData>
            <SimpleData name="id_trecho">613</SimpleData>
            <SimpleData name="Extensao_m">62.4732444022607</SimpleData>
            <SimpleData name="Bairro_logradouros">Bar dos Cavalheiros</SimpleData>
            <SimpleData name="Bairro_rotas"></SimpleData>
            <SimpleData name="Lote">I</SimpleData>
            <SimpleData name="Rota"></SimpleData>
            <SimpleData name="Turno">Manhã</SimpleData>
            <SimpleData name="Dias_da_semana">dom</SimpleData>
            <SimpleData name="Hit_Rate">83.33</SimpleData>
            <SimpleData name="Status">Validado (Rua sem rota)</SimpleData>
            <SimpleData name="Bloco">Domingo</SimpleData>
          </SchemaData>
        </ExtendedData>
        <MultiGeometry>
          <LineString>
            <coordinates>-43.3109984,-22.797867,0 -43.3109312,-22.798143,0 -43.3108547,-22.7984151,0</coordinates>
          </LineString>
        </MultiGeometry>
      </Placemark>
      <Placemark id="Ruas_Nenhuma_Rota_Proxima.2">
        <name>Rua Mogi</name>
        <Style>
          <LineStyle>
            <color>ff0000ff</color>
          </LineStyle>
          <PolyStyle>
            <fill>0</fill>
          </PolyStyle>
        </Style>
        <ExtendedData>
          <SchemaData schemaUrl="#Ruas_Nenhuma_Rota_Proxima">
            <SimpleData name="fid">2</SimpleData>
            <SimpleData name="id">Doutor_Laureano.65</SimpleData>
            <SimpleData name="Name">Rua Mogi</SimpleData>
            <SimpleData name="Distrito">1º</SimpleData>
            <SimpleData name="id_trecho">1768</SimpleData>
            <SimpleData name="Extensao_m">90.0971765201747</SimpleData>
            <SimpleData name="Bairro_logradouros">Doutor Laureano</SimpleData>
            <SimpleData name="Bairro_rotas"></SimpleData>
            <SimpleData name="Lote">I</SimpleData>
            <SimpleData name="Rota"></SimpleData>
            <SimpleData name="Turno">Manhã</SimpleData>
            <SimpleData name="Dias_da_semana">dom</SimpleData>
            <SimpleData name="Hit_Rate">83.33</SimpleData>
            <SimpleData name="Status">Validado (Rua sem rota)</SimpleData>
            <SimpleData name="Bloco">Domingo</SimpleData>
          </SchemaData>
        </ExtendedData>
        <MultiGeometry>
          <LineString>
            <coordinates>-43.2886581,-22.7608674,0 -43.28933,-22.7603443,0</coordinates>
          </LineString>
        </MultiGeometry>
      </Placemark>
      <Placemark id="Ruas_Nenhuma_Rota_Proxima.3">
        <name>Rua Máximo Gorki (próxima a Rua Marechal Dantas Barreto)</name>
        <Style>
          <LineStyle>
            <color>ff0000ff</color>
          </LineStyle>
          <PolyStyle>
            <fill>0</fill>
          </PolyStyle>
        </Style>
        <ExtendedData>
          <SchemaData schemaUrl="#Ruas_Nenhuma_Rota_Proxima">
            <SimpleData name="fid">3</SimpleData>
            <SimpleData name="id">Vila_São_Jose.187</SimpleData>
            <SimpleData name="Name">Rua Máximo Gorki (próxima a Rua Marechal Dantas Barreto)</SimpleData>
            <SimpleData name="Distrito">2º</SimpleData>
            <SimpleData name="id_trecho">6777</SimpleData>
            <SimpleData name="Extensao_m">56.1969460776387</SimpleData>
            <SimpleData name="Bairro_logradouros">Vila São Jose</SimpleData>
            <SimpleData name="Bairro_rotas"></SimpleData>
            <SimpleData name="Lote">I</SimpleData>
            <SimpleData name="Rota"></SimpleData>
            <SimpleData name="Turno">Manhã</SimpleData>
            <SimpleData name="Dias_da_semana">dom</SimpleData>
            <SimpleData name="Hit_Rate">66.67</SimpleData>
            <SimpleData name="Status">Validado (Rua sem rota)</SimpleData>
            <SimpleData name="Bloco">Domingo</SimpleData>
          </SchemaData>
        </ExtendedData>
        <MultiGeometry>
          <LineString>
            <coordinates>-43.3223066,-22.7438223,0 -43.3223057582842,-22.7438214200381,0 -43.3219435,-22.7434427,0</coordinates>
          </LineString>
        </MultiGeometry>
      </Placemark>
      <Placemark id="Ruas_Nenhuma_Rota_Proxima.4">
        <name>Rua Mogi</name>
        <Style>
          <LineStyle>
            <color>ff0000ff</color>
          </LineStyle>
          <PolyStyle>
            <fill>0</fill>
          </PolyStyle>
        </Style>
        <ExtendedData>
          <SchemaData schemaUrl="#Ruas_Nenhuma_Rota_Proxima">
            <SimpleData name="fid">4</SimpleData>
            <SimpleData name="id">Doutor_Laureano.65</SimpleData>
            <SimpleData name="Name">Rua Mogi</SimpleData>
            <SimpleData name="Distrito">1º</SimpleData>
            <SimpleData name="id_trecho">1768</SimpleData>
            <SimpleData name="Extensao_m">90.0971765201747</SimpleData>
            <SimpleData name="Bairro_logradouros">Doutor Laureano</SimpleData>
            <SimpleData name="Bairro_rotas"></SimpleData>
            <SimpleData name="Lote">I</SimpleData>
            <SimpleData name="Rota"></SimpleData>
            <SimpleData name="Turno">Noite</SimpleData>
            <SimpleData name="Dias_da_semana">dom</SimpleData>
            <SimpleData name="Hit_Rate">100</SimpleData>
            <SimpleData name="Status">Validado (Rua sem rota)</SimpleData>
            <SimpleData name="Bloco">Domingo</SimpleData>
          </SchemaData>
        </ExtendedData>
        <MultiGeometry>
          <LineString>
            <coordinates>-43.2886581,-22.7608674,0 -43.28933,-22.7603443,0</coordinates>
          </LineString>
        </MultiGeometry>
      </Placemark>
      <Placemark id="Ruas_Nenhuma_Rota_Proxima.5">
        <name>Viaduto Vila São Luiz</name>
        <Style>
          <LineStyle>
            <color>ff0000ff</color>
          </LineStyle>
          <PolyStyle>
            <fill>0</fill>
          </PolyStyle>
        </Style>
        <ExtendedData>
          <SchemaData schemaUrl="#Ruas_Nenhuma_Rota_Proxima">
            <SimpleData name="fid">5</SimpleData>
            <SimpleData name="id">Doutor_Laureano.97</SimpleData>
            <SimpleData name="Name">Viaduto Vila São Luiz</SimpleData>
            <SimpleData name="Distrito">1º</SimpleData>
            <SimpleData name="id_trecho">1911</SimpleData>
            <SimpleData name="Extensao_m">176.945770237848</SimpleData>
            <SimpleData name="Bairro_logradouros">Doutor Laureano</SimpleData>
            <SimpleData name="Bairro_rotas"></SimpleData>
            <SimpleData name="Lote">I</SimpleData>
            <SimpleData name="Rota"></SimpleData>
            <SimpleData name="Turno">Noite</SimpleData>
            <SimpleData name="Dias_da_semana">dom</SimpleData>
            <SimpleData name="Hit_Rate">83.33</SimpleData>
            <SimpleData name="Status">Validado (Rua sem rota)</SimpleData>
            <SimpleData name="Bloco">Domingo</SimpleData>
          </SchemaData>
        </ExtendedData>
        <MultiGeometry>
          <LineString>
            <coordinates>-43.2869777,-22.7642188,0 -43.2869939,-22.7643424,0 -43.2870207,-22.7644327,0 -43.287093,-22.764502,0 -43.287203,-22.7645267,0 -43.2873291,-22.7644896,0 -43.2874337,-22.7643969,0 -43.2874753,-22.7642905,0 -43.2874699,-22.7641656,0 -43.2874109,-22.7639937,0 -43.2873184,-22.7638602,0 -43.2871963,-22.7637674,0 -43.2870287,-22.7636932,0 -43.2870027314584,-22.7636847553427,0</coordinates>
          </LineString>
        </MultiGeometry>
      </Placemark>
      <Placemark id="Ruas_Nenhuma_Rota_Proxima.6">
        <name>Viaduto Vila São Luiz</name>
        <Style>
          <LineStyle>
            <color>ff0000ff</color>
          </LineStyle>
          <PolyStyle>
            <fill>0</fill>
          </PolyStyle>
        </Style>
        <ExtendedData>
          <SchemaData schemaUrl="#Ruas_Nenhuma_Rota_Proxima">
            <SimpleData name="fid">6</SimpleData>
            <SimpleData name="id">Doutor_Laureano.97</SimpleData>
            <SimpleData name="Name">Viaduto Vila São Luiz</SimpleData>
            <SimpleData name="Distrito">1º</SimpleData>
            <SimpleData name="id_trecho">1916</SimpleData>
            <SimpleData name="Extensao_m">86.4424581870465</SimpleData>
            <SimpleData name="Bairro_logradouros">Doutor Laureano</SimpleData>
            <SimpleData name="Bairro_rotas"></SimpleData>
            <SimpleData name="Lote">I</SimpleData>
            <SimpleData name="Rota"></SimpleData>
            <SimpleData name="Turno">Noite</SimpleData>
            <SimpleData name="Dias_da_semana">dom</SimpleData>
            <SimpleData name="Hit_Rate">100</SimpleData>
            <SimpleData name="Status">Validado (Rua sem rota)</SimpleData>
            <SimpleData name="Bloco">Domingo</SimpleData>
          </SchemaData>
        </ExtendedData>
        <MultiGeometry>
          <LineString>
            <coordinates>-43.2870050548975,-22.7636351849103,0 -43.2872191,-22.7637241,0 -43.2874176,-22.7638837,0 -43.2875048,-22.7640333,0 -43.2875262,-22.7640889,0 -43.2875423,-22.764178,0</coordinates>
          </LineString>
        </MultiGeometry>
      </Placemark>
      <Placemark id="Ruas_Nenhuma_Rota_Proxima.7">
        <name>Viaduto Vila São Luiz</name>
        <Style>
          <LineStyle>
            <color>ff0000ff</color>
          </LineStyle>
          <PolyStyle>
            <fill>0</fill>
          </PolyStyle>
        </Style>
        <ExtendedData>
          <SchemaData schemaUrl="#Ruas_Nenhuma_Rota_Proxima">
            <SimpleData name="fid">7</SimpleData>
            <SimpleData name="id">Doutor_Laureano.97</SimpleData>
            <SimpleData name="Name">Viaduto Vila São Luiz</SimpleData>
            <SimpleData name="Distrito">1º</SimpleData>
            <SimpleData name="id_trecho">1917</SimpleData>
            <SimpleData name="Extensao_m">143.213417662852</SimpleData>
            <SimpleData name="Bairro_logradouros">Doutor Laureano</SimpleData>
            <SimpleData name="Bairro_rotas"></SimpleData>
            <SimpleData name="Lote">I</SimpleData>
            <SimpleData name="Rota"></SimpleData>
            <SimpleData name="Turno">Noite</SimpleData>
            <SimpleData name="Dias_da_semana">dom</SimpleData>
            <SimpleData name="Hit_Rate">83.33</SimpleData>
            <SimpleData name="Status">Validado (Rua sem rota)</SimpleData>
            <SimpleData name="Bloco">Domingo</SimpleData>
          </SchemaData>
        </ExtendedData>
        <MultiGeometry>
          <LineString>
            <coordinates>-43.2875423,-22.764178,0 -43.2875209,-22.7643227,0 -43.2874632,-22.764476,0 -43.2873666,-22.7646293,0 -43.2872728,-22.7647097,0 -43.2871266,-22.7648099,0 -43.2870622,-22.7648754,0 -43.2870045,-22.7649583,0 -43.2869155,-22.7652808,0</coordinates>
          </LineString>
        </MultiGeometry>
      </Placemark>
      <Placemark id="Ruas_Nenhuma_Rota_Proxima.8">
        <name>Rodovia Washington Luiz - Auxiliar</name>
        <Style>
          <LineStyle>
            <color>ff0000ff</color>
          </LineStyle>
          <PolyStyle>
            <fill>0</fill>
          </PolyStyle>
        </Style>
        <ExtendedData>
          <SchemaData schemaUrl="#Ruas_Nenhuma_Rota_Proxima">
            <SimpleData name="fid">8</SimpleData>
            <SimpleData name="id">Gramacho.41</SimpleData>
            <SimpleData name="Name">Rodovia Washington Luiz - Auxiliar</SimpleData>
            <SimpleData name="Distrito">1º</SimpleData>
            <SimpleData name="id_trecho">2163</SimpleData>
            <SimpleData name="Extensao_m">122.016909287153</SimpleData>
            <SimpleData name="Bairro_logradouros">Gramacho</SimpleData>
            <SimpleData name="Bairro_rotas"></SimpleData>
            <SimpleData name="Lote">I</SimpleData>
            <SimpleData name="Rota"></SimpleData>
            <SimpleData name="Turno">Noite</SimpleData>
            <SimpleData name="Dias_da_semana">dom</SimpleData>
            <SimpleData name="Hit_Rate">66.67</SimpleData>
            <SimpleData name="Status">Validado (Rua sem rota)</SimpleData>
            <SimpleData name="Bloco">Domingo</SimpleData>
          </SchemaData>
        </ExtendedData>
        <MultiGeometry>
          <LineString>
            <coordinates>-43.286422,-22.7652308,0 -43.2864922,-22.7641309,0</coordinates>
          </LineString>
        </MultiGeometry>
      </Placemark>
      <Placemark id="Ruas_Nenhuma_Rota_Proxima.9">
        <name>Rodovia Washington Luiz - Auxiliar</name>
        <Style>
          <LineStyle>
            <color>ff0000ff</color>
          </LineStyle>
          <PolyStyle>
            <fill>0</fill>
          </PolyStyle>
        </Style>
        <ExtendedData>
          <SchemaData schemaUrl="#Ruas_Nenhuma_Rota_Proxima">
            <SimpleData name="fid">9</SimpleData>
            <SimpleData name="id">Gramacho.41</SimpleData>
            <SimpleData name="Name">Rodovia Washington Luiz - Auxiliar</SimpleData>
            <SimpleData name="Distrito">1º</SimpleData>
            <SimpleData name="id_trecho">2170</SimpleData>
            <SimpleData name="Extensao_m">330.535185797318</SimpleData>
            <SimpleData name="Bairro_logradouros">Gramacho</SimpleData>
            <SimpleData name="Bairro_rotas"></SimpleData>
            <SimpleData name="Lote">I</SimpleData>
            <SimpleData name="Rota"></SimpleData>
            <SimpleData name="Turno">Noite</SimpleData>
            <SimpleData name="Dias_da_semana">dom</SimpleData>
            <SimpleData name="Hit_Rate">83.33</SimpleData>
            <SimpleData name="Status">Validado (Rua sem rota)</SimpleData>
            <SimpleData name="Bloco">Domingo</SimpleData>
          </SchemaData>
        </ExtendedData>
        <MultiGeometry>
          <LineString>
            <coordinates>-43.2868798,-22.757427,0 -43.2869388,-22.7565613,0 -43.2869831,-22.7558576,0 -43.2870689,-22.7544474,0</coordinates>
          </LineString>
        </MultiGeometry>
      </Placemark>
      <Placemark id="Ruas_Nenhuma_Rota_Proxima.10">
        <name>Rua Ponta Grossa</name>
        <Style>
          <LineStyle>
            <color>ff0000ff</color>
          </LineStyle>
          <PolyStyle>
            <fill>0</fill>
          </PolyStyle>
        </Style>
        <ExtendedData>
          <SchemaData schemaUrl="#Ruas_Nenhuma_Rota_Proxima">
            <SimpleData name="fid">10</SimpleData>
            <SimpleData name="id">Gramacho.166</SimpleData>
            <SimpleData name="Name">Rua Ponta Grossa</SimpleData>
            <SimpleData name="Distrito">1º</SimpleData>
            <SimpleData name="id_trecho">2678</SimpleData>
            <SimpleData name="Extensao_m">244.825856860283</SimpleData>
            <SimpleData name="Bairro_logradouros">Gramacho</SimpleData>
            <SimpleData name="Bairro_rotas"></SimpleData>
            <SimpleData name="Lote">I</SimpleData>
            <SimpleData name="Rota"></SimpleData>
            <SimpleData name="Turno">Noite</SimpleData>
            <SimpleData name="Dias_da_semana">dom</SimpleData>
            <SimpleData name="Hit_Rate">100</SimpleData>
            <SimpleData name="Status">Validado (Rua sem rota)</SimpleData>
            <SimpleData name="Bloco">Domingo</SimpleData>
          </SchemaData>
        </ExtendedData>
        <MultiGeometry>
          <LineString>
            <coordinates>-43.286318,-22.7521781,0 -43.2861728,-22.7543848,0</coordinates>
          </LineString>
        </MultiGeometry>
      </Placemark>
      <Placemark id="Ruas_Nenhuma_Rota_Proxima.11">
        <name>Viaduto Vila São Luiz</name>
        <Style>
          <LineStyle>
            <color>ff0000ff</color>
          </LineStyle>
          <PolyStyle>
            <fill>0</fill>
          </PolyStyle>
        </Style>
        <ExtendedData>
          <SchemaData schemaUrl="#Ruas_Nenhuma_Rota_Proxima">
            <SimpleData name="fid">11</SimpleData>
            <SimpleData name="id">Gramacho.202</SimpleData>
            <SimpleData name="Name">Viaduto Vila São Luiz</SimpleData>
            <SimpleData name="Distrito">1º</SimpleData>
            <SimpleData name="id_trecho">2860</SimpleData>
            <SimpleData name="Extensao_m">234.562652577976</SimpleData>
            <SimpleData name="Bairro_logradouros">Gramacho</SimpleData>
            <SimpleData name="Bairro_rotas"></SimpleData>
            <SimpleData name="Lote">I</SimpleData>
            <SimpleData name="Rota"></SimpleData>
            <SimpleData name="Turno">Noite</SimpleData>
            <SimpleData name="Dias_da_semana">dom</SimpleData>
            <SimpleData name="Hit_Rate">100</SimpleData>
            <SimpleData name="Status">Validado (Rua sem rota)</SimpleData>
            <SimpleData name="Bloco">Domingo</SimpleData>
          </SchemaData>
        </ExtendedData>
        <MultiGeometry>
          <LineString>
            <coordinates>-43.286422,-22.7652308,0 -43.2863447,-22.7649768,0 -43.2862817,-22.7648767,0 -43.2862066,-22.7648,0 -43.2860483,-22.7646541,0 -43.2859437,-22.7645403,0 -43.2858861,-22.7644241,0 -43.2858565,-22.764314,0 -43.2858418,-22.7641842,0 -43.2858633,-22.7640704,0 -43.2859337,-22.7639294,0 -43.2860195,-22.7638286,0 -43.2861181,-22.7637501,0 -43.2862327,-22.7636895,0 -43.2863648,-22.76364,0 -43.286503707751,-22.7636112604653,0</coordinates>
          </LineString>
        </MultiGeometry>
      </Placemark>
      <Placemark id="Ruas_Nenhuma_Rota_Proxima.12">
        <name>Viaduto Vila São Luiz</name>
        <Style>
          <LineStyle>
            <color>ff0000ff</color>
          </LineStyle>
          <PolyStyle>
            <fill>0</fill>
          </PolyStyle>
        </Style>
        <ExtendedData>
          <SchemaData schemaUrl="#Ruas_Nenhuma_Rota_Proxima">
            <SimpleData name="fid">12</SimpleData>
            <SimpleData name="id">Gramacho.202</SimpleData>
            <SimpleData name="Name">Viaduto Vila São Luiz</SimpleData>
            <SimpleData name="Distrito">1º</SimpleData>
            <SimpleData name="id_trecho">2865</SimpleData>
            <SimpleData name="Extensao_m">193.219491600638</SimpleData>
            <SimpleData name="Bairro_logradouros">Gramacho</SimpleData>
            <SimpleData name="Bairro_rotas"></SimpleData>
            <SimpleData name="Lote">I</SimpleData>
            <SimpleData name="Rota"></SimpleData>
            <SimpleData name="Turno">Noite</SimpleData>
            <SimpleData name="Dias_da_semana">dom</SimpleData>
            <SimpleData name="Hit_Rate">83.33</SimpleData>
            <SimpleData name="Status">Validado (Rua sem rota)</SimpleData>
            <SimpleData name="Bloco">Domingo</SimpleData>
          </SchemaData>
        </ExtendedData>
        <MultiGeometry>
          <LineString>
            <coordinates>-43.2865005387472,-22.7636563670416,0 -43.286256,-22.7637179,0 -43.2861496,-22.7637847,0 -43.2860812,-22.7638354,0 -43.2859846,-22.7639418,0 -43.2859343,-22.7640419,0 -43.2858968,-22.7641687,0 -43.2858981,-22.7642602,0 -43.2859196,-22.7643363,0 -43.2859826,-22.7644123,0 -43.2860591,-22.76445,0 -43.2861623,-22.7644673,0 -43.2862696,-22.7644414,0 -43.2863528,-22.7643795,0 -43.2864212,-22.7642992,0 -43.2864922,-22.7641309,0</coordinates>
          </LineString>
        </MultiGeometry>
      </Placemark>
      <Placemark id="Ruas_Nenhuma_Rota_Proxima.13">
        <name>Rodovia Washington Luiz - Auxiliar</name>
        <Style>
          <LineStyle>
            <color>ff0000ff</color>
          </LineStyle>
          <PolyStyle>
            <fill>0</fill>
          </PolyStyle>
        </Style>
        <ExtendedData>
          <SchemaData schemaUrl="#Ruas_Nenhuma_Rota_Proxima">
            <SimpleData name="fid">13</SimpleData>
            <SimpleData name="id">Parque_Duque.174</SimpleData>
            <SimpleData name="Name">Rodovia Washington Luiz - Auxiliar</SimpleData>
            <SimpleData name="Distrito">1º</SimpleData>
            <SimpleData name="id_trecho">3981</SimpleData>
            <SimpleData name="Extensao_m">101.485474851792</SimpleData>
            <SimpleData name="Bairro_logradouros">Parque Duque</SimpleData>
            <SimpleData name="Bairro_rotas"></SimpleData>
            <SimpleData name="Lote">I</SimpleData>
            <SimpleData name="Rota"></SimpleData>
            <SimpleData name="Turno">Noite</SimpleData>
            <SimpleData name="Dias_da_semana">dom</SimpleData>
            <SimpleData name="Hit_Rate">66.67</SimpleData>
            <SimpleData name="Status">Validado (Rua sem rota)</SimpleData>
            <SimpleData name="Bloco">Domingo</SimpleData>
          </SchemaData>
        </ExtendedData>
        <MultiGeometry>
          <LineString>
            <coordinates>-43.2900455,-22.7996427,0 -43.2899885,-22.799409,0 -43.2899456,-22.7992409,0 -43.2898718,-22.7990109,0 -43.2897753,-22.7987624,0</coordinates>
          </LineString>
        </MultiGeometry>
      </Placemark>
      <Placemark id="Ruas_Nenhuma_Rota_Proxima.14">
        <name>Rodovia Washington Luiz - Auxiliar</name>
        <Style>
          <LineStyle>
            <color>ff0000ff</color>
          </LineStyle>
          <PolyStyle>
            <fill>0</fill>
          </PolyStyle>
        </Style>
        <ExtendedData>
          <SchemaData schemaUrl="#Ruas_Nenhuma_Rota_Proxima">
            <SimpleData name="fid">14</SimpleData>
            <SimpleData name="id">Parque_Duque.174</SimpleData>
            <SimpleData name="Name">Rodovia Washington Luiz - Auxiliar</SimpleData>
            <SimpleData name="Distrito">1º</SimpleData>
            <SimpleData name="id_trecho">3982</SimpleData>
            <SimpleData name="Extensao_m">489.984227791776</SimpleData>
            <SimpleData name="Bairro_logradouros">Parque Duque</SimpleData>
            <SimpleData name="Bairro_rotas"></SimpleData>
            <SimpleData name="Lote">I</SimpleData>
            <SimpleData name="Rota"></SimpleData>
            <SimpleData name="Turno">Noite</SimpleData>
            <SimpleData name="Dias_da_semana">dom</SimpleData>
            <SimpleData name="Hit_Rate">83.33</SimpleData>
            <SimpleData name="Status">Validado (Rua sem rota)</SimpleData>
            <SimpleData name="Bloco">Domingo</SimpleData>
          </SchemaData>
        </ExtendedData>
        <MultiGeometry>
          <LineString>
            <coordinates>-43.2897753,-22.7987624,0 -43.289625,-22.7983964,0 -43.2894561,-22.7980502,0 -43.2891658,-22.7974736,0 -43.2890174,-22.797185,0 -43.2888874,-22.7969165,0 -43.288752,-22.7966507,0 -43.2884677,-22.7961031,0 -43.2881244,-22.795449,0 -43.287769,-22.7947492,0</coordinates>
          </LineString>
        </MultiGeometry>
      </Placemark>
      <Placemark id="Ruas_Nenhuma_Rota_Proxima.15">
        <name>Viaduto Acesso Duque de Caxias-Washington Luiz</name>
        <Style>
          <LineStyle>
            <color>ff0000ff</color>
          </LineStyle>
          <PolyStyle>
            <fill>0</fill>
          </PolyStyle>
        </Style>
        <ExtendedData>
          <SchemaData schemaUrl="#Ruas_Nenhuma_Rota_Proxima">
            <SimpleData name="fid">15</SimpleData>
            <SimpleData name="id">Parque_Duque.173</SimpleData>
            <SimpleData name="Name">Viaduto Acesso Duque de Caxias-Washington Luiz</SimpleData>
            <SimpleData name="Distrito">1º</SimpleData>
            <SimpleData name="id_trecho">4669</SimpleData>
            <SimpleData name="Extensao_m">113.736203059303</SimpleData>
            <SimpleData name="Bairro_logradouros">Parque Duque</SimpleData>
            <SimpleData name="Bairro_rotas"></SimpleData>
            <SimpleData name="Lote">I</SimpleData>
            <SimpleData name="Rota"></SimpleData>
            <SimpleData name="Turno">Noite</SimpleData>
            <SimpleData name="Dias_da_semana">dom</SimpleData>
            <SimpleData name="Hit_Rate">100</SimpleData>
            <SimpleData name="Status">Validado (Rua sem rota)</SimpleData>
            <SimpleData name="Bloco">Domingo</SimpleData>
          </SchemaData>
        </ExtendedData>
        <MultiGeometry>
          <LineString>
            <coordinates>-43.2901587351283,-22.8002012793988,0 -43.2899415,-22.8002012,0 -43.2898356,-22.8001891,0 -43.2897484,-22.8001594,0 -43.2896478,-22.8000976,0 -43.2895674,-22.800016,0 -43.2895084,-22.7999245,0 -43.2894816,-22.7998269,0 -43.2894762,-22.7997168,0 -43.2894963,-22.7996179,0</coordinates>
          </LineString>
        </MultiGeometry>
      </Placemark>
      <Placemark id="Ruas_Nenhuma_Rota_Proxima.16">
        <name>Viaduto Acesso Duque de Caxias-Washington Luiz</name>
        <Style>
          <LineStyle>
            <color>ff0000ff</color>
          </LineStyle>
          <PolyStyle>
            <fill>0</fill>
          </PolyStyle>
        </Style>
        <ExtendedData>
          <SchemaData schemaUrl="#Ruas_Nenhuma_Rota_Proxima">
            <SimpleData name="fid">16</SimpleData>
            <SimpleData name="id">Parque_Duque.173</SimpleData>
            <SimpleData name="Name">Viaduto Acesso Duque de Caxias-Washington Luiz</SimpleData>
            <SimpleData name="Distrito">1º</SimpleData>
            <SimpleData name="id_trecho">4671</SimpleData>
            <SimpleData name="Extensao_m">101.931884248703</SimpleData>
            <SimpleData name="Bairro_logradouros">Parque Duque</SimpleData>
            <SimpleData name="Bairro_rotas"></SimpleData>
            <SimpleData name="Lote">I</SimpleData>
            <SimpleData name="Rota"></SimpleData>
            <SimpleData name="Turno">Noite</SimpleData>
            <SimpleData name="Dias_da_semana">dom</SimpleData>
            <SimpleData name="Hit_Rate">66.67</SimpleData>
            <SimpleData name="Status">Validado (Rua sem rota)</SimpleData>
            <SimpleData name="Bloco">Domingo</SimpleData>
          </SchemaData>
        </ExtendedData>
        <MultiGeometry>
          <LineString>
            <coordinates>-43.2894963,-22.7996179,0 -43.2895164,-22.7995357,0 -43.2895506,-22.7994683,0 -43.2895942,-22.7994016,0 -43.2897102,-22.799231,0 -43.2897605,-22.7991314,0 -43.2897779,-22.7990566,0 -43.28979,-22.7989781,0 -43.289788,-22.7989015,0 -43.2897753,-22.7987624,0</coordinates>
          </LineString>
        </MultiGeometry>
      </Placemark>
      <Placemark id="Ruas_Nenhuma_Rota_Proxima.17">
        <name>Rodovia Washington Luiz - Auxiliar</name>
        <Style>
          <LineStyle>
            <color>ff0000ff</color>
          </LineStyle>
          <PolyStyle>
            <fill>0</fill>
          </PolyStyle>
        </Style>
        <ExtendedData>
          <SchemaData schemaUrl="#Ruas_Nenhuma_Rota_Proxima">
            <SimpleData name="fid">17</SimpleData>
            <SimpleData name="id">Parque_Sarapui.2</SimpleData>
            <SimpleData name="Name">Rodovia Washington Luiz - Auxiliar</SimpleData>
            <SimpleData name="Distrito">1º</SimpleData>
            <SimpleData name="id_trecho">5340</SimpleData>
            <SimpleData name="Extensao_m">373.768701336434</SimpleData>
            <SimpleData name="Bairro_logradouros">Parque Sarapui</SimpleData>
            <SimpleData name="Bairro_rotas"></SimpleData>
            <SimpleData name="Lote">I</SimpleData>
            <SimpleData name="Rota"></SimpleData>
            <SimpleData name="Turno">Noite</SimpleData>
            <SimpleData name="Dias_da_semana">dom</SimpleData>
            <SimpleData name="Hit_Rate">83.33</SimpleData>
            <SimpleData name="Status">Validado (Rua sem rota)</SimpleData>
            <SimpleData name="Bloco">Domingo</SimpleData>
          </SchemaData>
        </ExtendedData>
        <MultiGeometry>
          <LineString>
            <coordinates>-43.2860119,-22.7718294,0 -43.2860296,-22.7713653,0 -43.2860484,-22.7710856,0 -43.2860681,-22.7708678,0 -43.2861006,-22.7704328,0 -43.2861328,-22.7700358,0 -43.2861555,-22.7696547,0 -43.2862267,-22.7684604,0</coordinates>
          </LineString>
        </MultiGeometry>
      </Placemark>
      <Placemark id="Ruas_Nenhuma_Rota_Proxima.18">
        <name>Rua José Freire de Lima</name>
        <Style>
          <LineStyle>
            <color>ff0000ff</color>
          </LineStyle>
          <PolyStyle>
            <fill>0</fill>
          </PolyStyle>
        </Style>
        <ExtendedData>
          <SchemaData schemaUrl="#Ruas_Nenhuma_Rota_Proxima">
            <SimpleData name="fid">18</SimpleData>
            <SimpleData name="id">Periquito.48</SimpleData>
            <SimpleData name="Name">Rua José Freire de Lima</SimpleData>
            <SimpleData name="Distrito">1º</SimpleData>
            <SimpleData name="id_trecho">5538</SimpleData>
            <SimpleData name="Extensao_m">54.8504343870757</SimpleData>
            <SimpleData name="Bairro_logradouros">Periquito</SimpleData>
            <SimpleData name="Bairro_rotas"></SimpleData>
            <SimpleData name="Lote">I</SimpleData>
            <SimpleData name="Rota"></SimpleData>
            <SimpleData name="Turno">Noite</SimpleData>
            <SimpleData name="Dias_da_semana">dom</SimpleData>
            <SimpleData name="Hit_Rate">66.67</SimpleData>
            <SimpleData name="Status">Validado (Rua sem rota)</SimpleData>
            <SimpleData name="Bloco">Domingo</SimpleData>
          </SchemaData>
        </ExtendedData>
        <MultiGeometry>
          <LineString>
            <coordinates>-43.3192306896816,-22.7786954961186,0 -43.3187597536082,-22.7789292154375,0 -43.3184268333226,-22.7790837974549,0</coordinates>
          </LineString>
        </MultiGeometry>
      </Placemark>
      <Placemark id="Ruas_Nenhuma_Rota_Proxima.19">
        <name>Rua Jair de Oliveira</name>
        <Style>
          <LineStyle>
            <color>ff0000ff</color>
          </LineStyle>
          <PolyStyle>
            <fill>0</fill>
          </PolyStyle>
        </Style>
        <ExtendedData>
          <SchemaData schemaUrl="#Ruas_Nenhuma_Rota_Proxima">
            <SimpleData name="fid">19</SimpleData>
            <SimpleData name="id">Vinte_e_Cinco_de_Agosto.27</SimpleData>
            <SimpleData name="Name">Rua Jair de Oliveira</SimpleData>
            <SimpleData name="Distrito">1º</SimpleData>
            <SimpleData name="id_trecho">7452</SimpleData>
            <SimpleData name="Extensao_m">281.293749730395</SimpleData>
            <SimpleData name="Bairro_logradouros">Vinte e Cinco de Agosto</SimpleData>
            <SimpleData name="Bairro_rotas"></SimpleData>
            <SimpleData name="Lote">I</SimpleData>
            <SimpleData name="Rota"></SimpleData>
            <SimpleData name="Turno">Noite</SimpleData>
            <SimpleData name="Dias_da_semana">dom</SimpleData>
            <SimpleData name="Hit_Rate">66.67</SimpleData>
            <SimpleData name="Status">Validado (Rua sem rota)</SimpleData>
            <SimpleData name="Bloco">Domingo</SimpleData>
          </SchemaData>
        </ExtendedData>
        <MultiGeometry>
          <LineString>
            <coordinates>-43.303891344904,-22.7834134978426,0 -43.3028618,-22.7841866,0 -43.3021905,-22.7846978,0 -43.3017661,-22.7850162,0</coordinates>
          </LineString>
        </MultiGeometry>
      </Placemark>
      <Placemark id="Ruas_Nenhuma_Rota_Proxima.20">
        <name>Rua é Arapogi</name>
        <Style>
          <LineStyle>
            <color>ff0000ff</color>
          </LineStyle>
          <PolyStyle>
            <fill>0</fill>
          </PolyStyle>
        </Style>
        <ExtendedData>
          <SchemaData schemaUrl="#Ruas_Nenhuma_Rota_Proxima">
            <SimpleData name="fid">20</SimpleData>
            <SimpleData name="id">Sao_Bento.27</SimpleData>
            <SimpleData name="Name">Rua é Arapogi</SimpleData>
            <SimpleData name="Distrito">2º</SimpleData>
            <SimpleData name="id_trecho">6244</SimpleData>
            <SimpleData name="Extensao_m">116.460642223203</SimpleData>
            <SimpleData name="Bairro_logradouros">Sao Bento</SimpleData>
            <SimpleData name="Bairro_rotas"></SimpleData>
            <SimpleData name="Lote">I</SimpleData>
            <SimpleData name="Rota"></SimpleData>
            <SimpleData name="Turno">Noite</SimpleData>
            <SimpleData name="Dias_da_semana">dom</SimpleData>
            <SimpleData name="Hit_Rate">66.67</SimpleData>
            <SimpleData name="Status">Validado (Rua sem rota)</SimpleData>
            <SimpleData name="Bloco">Domingo</SimpleData>
          </SchemaData>
        </ExtendedData>
        <MultiGeometry>
          <LineString>
            <coordinates>-43.3047641,-22.7256593,0 -43.3044416,-22.7249474,0 -43.3043792,-22.7248088,0 -43.3043256,-22.7246895,0</coordinates>
          </LineString>
        </MultiGeometry>
      </Placemark>
      <Placemark id="Ruas_Nenhuma_Rota_Proxima.21">
        <name>SN</name>
        <Style>
          <LineStyle>
            <color>ff0000ff</color>
          </LineStyle>
          <PolyStyle>
            <fill>0</fill>
          </PolyStyle>
        </Style>
        <ExtendedData>
          <SchemaData schemaUrl="#Ruas_Nenhuma_Rota_Proxima">
            <SimpleData name="fid">21</SimpleData>
            <SimpleData name="id">Sao_Bento.169</SimpleData>
            <SimpleData name="Name">SN</SimpleData>
            <SimpleData name="Distrito">2º</SimpleData>
            <SimpleData name="id_trecho">6272</SimpleData>
            <SimpleData name="Extensao_m">62.2142177592374</SimpleData>
            <SimpleData name="Bairro_logradouros">Sao Bento</SimpleData>
            <SimpleData name="Bairro_rotas"></SimpleData>
            <SimpleData name="Lote">I</SimpleData>
            <SimpleData name="Rota"></SimpleData>
            <SimpleData name="Turno">Noite</SimpleData>
            <SimpleData name="Dias_da_semana">dom</SimpleData>
            <SimpleData name="Hit_Rate">66.67</SimpleData>
            <SimpleData name="Status">Validado (Rua sem rota)</SimpleData>
            <SimpleData name="Bloco">Domingo</SimpleData>
          </SchemaData>
        </ExtendedData>
        <MultiGeometry>
          <LineString>
            <coordinates>-43.3039789,-22.7240209,0 -43.3039092,-22.7238873,0 -43.3038927,-22.7238696,0 -43.303877,-22.7238619,0 -43.3038555,-22.7238613,0 -43.303822,-22.7238712,0 -43.3035094,-22.7240087,0</coordinates>
          </LineString>
        </MultiGeometry>
      </Placemark>
      <Placemark id="Ruas_Nenhuma_Rota_Proxima.22">
        <name>Rua Doutor Lauro Neiva</name>
        <Style>
          <LineStyle>
            <color>ff0000ff</color>
          </LineStyle>
          <PolyStyle>
            <fill>0</fill>
          </PolyStyle>
        </Style>
        <ExtendedData>
          <SchemaData schemaUrl="#Ruas_Nenhuma_Rota_Proxima">
            <SimpleData name="fid">22</SimpleData>
            <SimpleData name="id">Centro.88</SimpleData>
            <SimpleData name="Name">Rua Doutor Lauro Neiva</SimpleData>
            <SimpleData name="Distrito">1º</SimpleData>
            <SimpleData name="id_trecho">1135</SimpleData>
            <SimpleData name="Extensao_m">103.131579462735</SimpleData>
            <SimpleData name="Bairro_logradouros">Centro</SimpleData>
            <SimpleData name="Bairro_rotas"></SimpleData>
            <SimpleData name="Lote">I</SimpleData>
            <SimpleData name="Rota"></SimpleData>
            <SimpleData name="Turno">Tarde</SimpleData>
            <SimpleData name="Dias_da_semana">dom</SimpleData>
            <SimpleData name="Hit_Rate">100</SimpleData>
            <SimpleData name="Status">Validado (Rua sem rota)</SimpleData>
            <SimpleData name="Bloco">Domingo</SimpleData>
          </SchemaData>
        </ExtendedData>
        <MultiGeometry>
          <LineString>
            <coordinates>-43.3084452,-22.7929941,0 -43.3083653,-22.792874,0 -43.3079182,-22.7922013,0</coordinates>
          </LineString>
        </MultiGeometry>
      </Placemark>
      <Placemark id="Ruas_Nenhuma_Rota_Proxima.23">
        <name>Rodovia Washington Luiz - Auxiliar</name>
        <Style>
          <LineStyle>
            <color>ff0000ff</color>
          </LineStyle>
          <PolyStyle>
            <fill>0</fill>
          </PolyStyle>
        </Style>
        <ExtendedData>
          <SchemaData schemaUrl="#Ruas_Nenhuma_Rota_Proxima">
            <SimpleData name="fid">23</SimpleData>
            <SimpleData name="id">Doutor_Laureano.57</SimpleData>
            <SimpleData name="Name">Rodovia Washington Luiz - Auxiliar</SimpleData>
            <SimpleData name="Distrito">1º</SimpleData>
            <SimpleData name="id_trecho">1537</SimpleData>
            <SimpleData name="Extensao_m">239.58488413982</SimpleData>
            <SimpleData name="Bairro_logradouros">Doutor Laureano</SimpleData>
            <SimpleData name="Bairro_rotas"></SimpleData>
            <SimpleData name="Lote">I</SimpleData>
            <SimpleData name="Rota"></SimpleData>
            <SimpleData name="Turno">Tarde</SimpleData>
            <SimpleData name="Dias_da_semana">dom</SimpleData>
            <SimpleData name="Hit_Rate">66.67</SimpleData>
            <SimpleData name="Status">Validado (Rua sem rota)</SimpleData>
            <SimpleData name="Bloco">Domingo</SimpleData>
          </SchemaData>
        </ExtendedData>
        <MultiGeometry>
          <LineString>
            <coordinates>-43.2871467,-22.7614759,0 -43.2871118,-22.7619693,0 -43.2870676,-22.7624676,0 -43.2870192,-22.7633334,0 -43.2870050548975,-22.7636351849103,0</coordinates>
          </LineString>
        </MultiGeometry>
      </Placemark>
      <Placemark id="Ruas_Nenhuma_Rota_Proxima.24">
        <name>Rua Mogi</name>
        <Style>
          <LineStyle>
            <color>ff0000ff</color>
          </LineStyle>
          <PolyStyle>
            <fill>0</fill>
          </PolyStyle>
        </Style>
        <ExtendedData>
          <SchemaData schemaUrl="#Ruas_Nenhuma_Rota_Proxima">
            <SimpleData name="fid">24</SimpleData>
            <SimpleData name="id">Doutor_Laureano.65</SimpleData>
            <SimpleData name="Name">Rua Mogi</SimpleData>
            <SimpleData name="Distrito">1º</SimpleData>
            <SimpleData name="id_trecho">1768</SimpleData>
            <SimpleData name="Extensao_m">90.0971765201747</SimpleData>
            <SimpleData name="Bairro_logradouros">Doutor Laureano</SimpleData>
            <SimpleData name="Bairro_rotas"></SimpleData>
            <SimpleData name="Lote">I</SimpleData>
            <SimpleData name="Rota"></SimpleData>
            <SimpleData name="Turno">Tarde</SimpleData>
            <SimpleData name="Dias_da_semana">dom</SimpleData>
            <SimpleData name="Hit_Rate">100</SimpleData>
            <SimpleData name="Status">Validado (Rua sem rota)</SimpleData>
            <SimpleData name="Bloco">Domingo</SimpleData>
          </SchemaData>
        </ExtendedData>
        <MultiGeometry>
          <LineString>
            <coordinates>-43.2886581,-22.7608674,0 -43.28933,-22.7603443,0</coordinates>
          </LineString>
        </MultiGeometry>
      </Placemark>
      <Placemark id="Ruas_Nenhuma_Rota_Proxima.25">
        <name>Viaduto Vila São Luiz</name>
        <Style>
          <LineStyle>
            <color>ff0000ff</color>
          </LineStyle>
          <PolyStyle>
            <fill>0</fill>
          </PolyStyle>
        </Style>
        <ExtendedData>
          <SchemaData schemaUrl="#Ruas_Nenhuma_Rota_Proxima">
            <SimpleData name="fid">25</SimpleData>
            <SimpleData name="id">Doutor_Laureano.97</SimpleData>
            <SimpleData name="Name">Viaduto Vila São Luiz</SimpleData>
            <SimpleData name="Distrito">1º</SimpleData>
            <SimpleData name="id_trecho">1911</SimpleData>
            <SimpleData name="Extensao_m">176.945770237848</SimpleData>
            <SimpleData name="Bairro_logradouros">Doutor Laureano</SimpleData>
            <SimpleData name="Bairro_rotas"></SimpleData>
            <SimpleData name="Lote">I</SimpleData>
            <SimpleData name="Rota"></SimpleData>
            <SimpleData name="Turno">Tarde</SimpleData>
            <SimpleData name="Dias_da_semana">dom</SimpleData>
            <SimpleData name="Hit_Rate">100</SimpleData>
            <SimpleData name="Status">Validado (Rua sem rota)</SimpleData>
            <SimpleData name="Bloco">Domingo</SimpleData>
          </SchemaData>
        </ExtendedData>
        <MultiGeometry>
          <LineString>
            <coordinates>-43.2869777,-22.7642188,0 -43.2869939,-22.7643424,0 -43.2870207,-22.7644327,0 -43.287093,-22.764502,0 -43.287203,-22.7645267,0 -43.2873291,-22.7644896,0 -43.2874337,-22.7643969,0 -43.2874753,-22.7642905,0 -43.2874699,-22.7641656,0 -43.2874109,-22.7639937,0 -43.2873184,-22.7638602,0 -43.2871963,-22.7637674,0 -43.2870287,-22.7636932,0 -43.2870027314584,-22.7636847553427,0</coordinates>
          </LineString>
        </MultiGeometry>
      </Placemark>
      <Placemark id="Ruas_Nenhuma_Rota_Proxima.26">
        <name>Viaduto Vila São Luiz</name>
        <Style>
          <LineStyle>
            <color>ff0000ff</color>
          </LineStyle>
          <PolyStyle>
            <fill>0</fill>
          </PolyStyle>
        </Style>
        <ExtendedData>
          <SchemaData schemaUrl="#Ruas_Nenhuma_Rota_Proxima">
            <SimpleData name="fid">26</SimpleData>
            <SimpleData name="id">Doutor_Laureano.97</SimpleData>
            <SimpleData name="Name">Viaduto Vila São Luiz</SimpleData>
            <SimpleData name="Distrito">1º</SimpleData>
            <SimpleData name="id_trecho">1916</SimpleData>
            <SimpleData name="Extensao_m">86.4424581870465</SimpleData>
            <SimpleData name="Bairro_logradouros">Doutor Laureano</SimpleData>
            <SimpleData name="Bairro_rotas"></SimpleData>
            <SimpleData name="Lote">I</SimpleData>
            <SimpleData name="Rota"></SimpleData>
            <SimpleData name="Turno">Tarde</SimpleData>
            <SimpleData name="Dias_da_semana">dom</SimpleData>
            <SimpleData name="Hit_Rate">100</SimpleData>
            <SimpleData name="Status">Validado (Rua sem rota)</SimpleData>
            <SimpleData name="Bloco">Domingo</SimpleData>
          </SchemaData>
        </ExtendedData>
        <MultiGeometry>
          <LineString>
            <coordinates>-43.2870050548975,-22.7636351849103,0 -43.2872191,-22.7637241,0 -43.2874176,-22.7638837,0 -43.2875048,-22.7640333,0 -43.2875262,-22.7640889,0 -43.2875423,-22.764178,0</coordinates>
          </LineString>
        </MultiGeometry>
      </Placemark>
      <Placemark id="Ruas_Nenhuma_Rota_Proxima.27">
        <name>Viaduto Vila São Luiz</name>
        <Style>
          <LineStyle>
            <color>ff0000ff</color>
          </LineStyle>
          <PolyStyle>
            <fill>0</fill>
          </PolyStyle>
        </Style>
        <ExtendedData>
          <SchemaData schemaUrl="#Ruas_Nenhuma_Rota_Proxima">
            <SimpleData name="fid">27</SimpleData>
            <SimpleData name="id">Doutor_Laureano.97</SimpleData>
            <SimpleData name="Name">Viaduto Vila São Luiz</SimpleData>
            <SimpleData name="Distrito">1º</SimpleData>
            <SimpleData name="id_trecho">1917</SimpleData>
            <SimpleData name="Extensao_m">143.213417662852</SimpleData>
            <SimpleData name="Bairro_logradouros">Doutor Laureano</SimpleData>
            <SimpleData name="Bairro_rotas"></SimpleData>
            <SimpleData name="Lote">I</SimpleData>
            <SimpleData name="Rota"></SimpleData>
            <SimpleData name="Turno">Tarde</SimpleData>
            <SimpleData name="Dias_da_semana">dom</SimpleData>
            <SimpleData name="Hit_Rate">100</SimpleData>
            <SimpleData name="Status">Validado (Rua sem rota)</SimpleData>
            <SimpleData name="Bloco">Domingo</SimpleData>
          </SchemaData>
        </ExtendedData>
        <MultiGeometry>
          <LineString>
            <coordinates>-43.2875423,-22.764178,0 -43.2875209,-22.7643227,0 -43.2874632,-22.764476,0 -43.2873666,-22.7646293,0 -43.2872728,-22.7647097,0 -43.2871266,-22.7648099,0 -43.2870622,-22.7648754,0 -43.2870045,-22.7649583,0 -43.2869155,-22.7652808,0</coordinates>
          </LineString>
        </MultiGeometry>
      </Placemark>
      <Placemark id="Ruas_Nenhuma_Rota_Proxima.28">
        <name>Rodovia Washington Luiz - Auxiliar</name>
        <Style>
          <LineStyle>
            <color>ff0000ff</color>
          </LineStyle>
          <PolyStyle>
            <fill>0</fill>
          </PolyStyle>
        </Style>
        <ExtendedData>
          <SchemaData schemaUrl="#Ruas_Nenhuma_Rota_Proxima">
            <SimpleData name="fid">28</SimpleData>
            <SimpleData name="id">Gramacho.41</SimpleData>
            <SimpleData name="Name">Rodovia Washington Luiz - Auxiliar</SimpleData>
            <SimpleData name="Distrito">1º</SimpleData>
            <SimpleData name="id_trecho">2163</SimpleData>
            <SimpleData name="Extensao_m">122.016909287153</SimpleData>
            <SimpleData name="Bairro_logradouros">Gramacho</SimpleData>
            <SimpleData name="Bairro_rotas"></SimpleData>
            <SimpleData name="Lote">I</SimpleData>
            <SimpleData name="Rota"></SimpleData>
            <SimpleData name="Turno">Tarde</SimpleData>
            <SimpleData name="Dias_da_semana">dom</SimpleData>
            <SimpleData name="Hit_Rate">66.67</SimpleData>
            <SimpleData name="Status">Validado (Rua sem rota)</SimpleData>
            <SimpleData name="Bloco">Domingo</SimpleData>
          </SchemaData>
        </ExtendedData>
        <MultiGeometry>
          <LineString>
            <coordinates>-43.286422,-22.7652308,0 -43.2864922,-22.7641309,0</coordinates>
          </LineString>
        </MultiGeometry>
      </Placemark>
      <Placemark id="Ruas_Nenhuma_Rota_Proxima.29">
        <name>Rodovia Washington Luiz - Auxiliar</name>
        <Style>
          <LineStyle>
            <color>ff0000ff</color>
          </LineStyle>
          <PolyStyle>
            <fill>0</fill>
          </PolyStyle>
        </Style>
        <ExtendedData>
          <SchemaData schemaUrl="#Ruas_Nenhuma_Rota_Proxima">
            <SimpleData name="fid">29</SimpleData>
            <SimpleData name="id">Gramacho.41</SimpleData>
            <SimpleData name="Name">Rodovia Washington Luiz - Auxiliar</SimpleData>
            <SimpleData name="Distrito">1º</SimpleData>
            <SimpleData name="id_trecho">2164</SimpleData>
            <SimpleData name="Extensao_m">52.5662218902471</SimpleData>
            <SimpleData name="Bairro_logradouros">Gramacho</SimpleData>
            <SimpleData name="Bairro_rotas"></SimpleData>
            <SimpleData name="Lote">I</SimpleData>
            <SimpleData name="Rota"></SimpleData>
            <SimpleData name="Turno">Tarde</SimpleData>
            <SimpleData name="Dias_da_semana">dom</SimpleData>
            <SimpleData name="Hit_Rate">66.67</SimpleData>
            <SimpleData name="Status">Validado (Rua sem rota)</SimpleData>
            <SimpleData name="Bloco">Domingo</SimpleData>
          </SchemaData>
        </ExtendedData>
        <MultiGeometry>
          <LineString>
            <coordinates>-43.2864922,-22.7641309,0 -43.2864963,-22.7637167,0 -43.2865005387472,-22.7636563670416,0</coordinates>
          </LineString>
        </MultiGeometry>
      </Placemark>
      <Placemark id="Ruas_Nenhuma_Rota_Proxima.30">
        <name>Rodovia Washington Luiz - Auxiliar</name>
        <Style>
          <LineStyle>
            <color>ff0000ff</color>
          </LineStyle>
          <PolyStyle>
            <fill>0</fill>
          </PolyStyle>
        </Style>
        <ExtendedData>
          <SchemaData schemaUrl="#Ruas_Nenhuma_Rota_Proxima">
            <SimpleData name="fid">30</SimpleData>
            <SimpleData name="id">Gramacho.41</SimpleData>
            <SimpleData name="Name">Rodovia Washington Luiz - Auxiliar</SimpleData>
            <SimpleData name="Distrito">1º</SimpleData>
            <SimpleData name="id_trecho">2170</SimpleData>
            <SimpleData name="Extensao_m">330.535185797318</SimpleData>
            <SimpleData name="Bairro_logradouros">Gramacho</SimpleData>
            <SimpleData name="Bairro_rotas"></SimpleData>
            <SimpleData name="Lote">I</SimpleData>
            <SimpleData name="Rota"></SimpleData>
            <SimpleData name="Turno">Tarde</SimpleData>
            <SimpleData name="Dias_da_semana">dom</SimpleData>
            <SimpleData name="Hit_Rate">100</SimpleData>
            <SimpleData name="Status">Validado (Rua sem rota)</SimpleData>
            <SimpleData name="Bloco">Domingo</SimpleData>
          </SchemaData>
        </ExtendedData>
        <MultiGeometry>
          <LineString>
            <coordinates>-43.2868798,-22.757427,0 -43.2869388,-22.7565613,0 -43.2869831,-22.7558576,0 -43.2870689,-22.7544474,0</coordinates>
          </LineString>
        </MultiGeometry>
      </Placemark>
      <Placemark id="Ruas_Nenhuma_Rota_Proxima.31">
        <name>Rua Ponta Grossa</name>
        <Style>
          <LineStyle>
            <color>ff0000ff</color>
          </LineStyle>
          <PolyStyle>
            <fill>0</fill>
          </PolyStyle>
        </Style>
        <ExtendedData>
          <SchemaData schemaUrl="#Ruas_Nenhuma_Rota_Proxima">
            <SimpleData name="fid">31</SimpleData>
            <SimpleData name="id">Gramacho.166</SimpleData>
            <SimpleData name="Name">Rua Ponta Grossa</SimpleData>
            <SimpleData name="Distrito">1º</SimpleData>
            <SimpleData name="id_trecho">2678</SimpleData>
            <SimpleData name="Extensao_m">244.825856860283</SimpleData>
            <SimpleData name="Bairro_logradouros">Gramacho</SimpleData>
            <SimpleData name="Bairro_rotas"></SimpleData>
            <SimpleData name="Lote">I</SimpleData>
            <SimpleData name="Rota"></SimpleData>
            <SimpleData name="Turno">Tarde</SimpleData>
            <SimpleData name="Dias_da_semana">dom</SimpleData>
            <SimpleData name="Hit_Rate">100</SimpleData>
            <SimpleData name="Status">Validado (Rua sem rota)</SimpleData>
            <SimpleData name="Bloco">Domingo</SimpleData>
          </SchemaData>
        </ExtendedData>
        <MultiGeometry>
          <LineString>
            <coordinates>-43.286318,-22.7521781,0 -43.2861728,-22.7543848,0</coordinates>
          </LineString>
        </MultiGeometry>
      </Placemark>
      <Placemark id="Ruas_Nenhuma_Rota_Proxima.32">
        <name>Viaduto do Gramacho</name>
        <Style>
          <LineStyle>
            <color>ff0000ff</color>
          </LineStyle>
          <PolyStyle>
            <fill>0</fill>
          </PolyStyle>
        </Style>
        <ExtendedData>
          <SchemaData schemaUrl="#Ruas_Nenhuma_Rota_Proxima">
            <SimpleData name="fid">32</SimpleData>
            <SimpleData name="id">Gramacho.225</SimpleData>
            <SimpleData name="Name">Viaduto do Gramacho</SimpleData>
            <SimpleData name="Distrito">1º</SimpleData>
            <SimpleData name="id_trecho">2851</SimpleData>
            <SimpleData name="Extensao_m">143.299316149007</SimpleData>
            <SimpleData name="Bairro_logradouros">Gramacho</SimpleData>
            <SimpleData name="Bairro_rotas"></SimpleData>
            <SimpleData name="Lote">I</SimpleData>
            <SimpleData name="Rota"></SimpleData>
            <SimpleData name="Turno">Tarde</SimpleData>
            <SimpleData name="Dias_da_semana">dom</SimpleData>
            <SimpleData name="Hit_Rate">66.67</SimpleData>
            <SimpleData name="Status">Validado (Rua sem rota)</SimpleData>
            <SimpleData name="Bloco">Domingo</SimpleData>
          </SchemaData>
        </ExtendedData>
        <MultiGeometry>
          <LineString>
            <coordinates>-43.3054581991253,-22.7509804483954,0 -43.3055661,-22.7509045,0 -43.3056285,-22.7508562,0 -43.3056705,-22.7508022,0 -43.3057777,-22.7506224,0 -43.3060697,-22.7501327,0 -43.306185,-22.7499088,0 -43.3061881482685,-22.7498959012689,0</coordinates>
          </LineString>
        </MultiGeometry>
      </Placemark>
      <Placemark id="Ruas_Nenhuma_Rota_Proxima.33">
        <name>Viaduto do Gramacho</name>
        <Style>
          <LineStyle>
            <color>ff0000ff</color>
          </LineStyle>
          <PolyStyle>
            <fill>0</fill>
          </PolyStyle>
        </Style>
        <ExtendedData>
          <SchemaData schemaUrl="#Ruas_Nenhuma_Rota_Proxima">
            <SimpleData name="fid">33</SimpleData>
            <SimpleData name="id">Gramacho.225</SimpleData>
            <SimpleData name="Name">Viaduto do Gramacho</SimpleData>
            <SimpleData name="Distrito">1º</SimpleData>
            <SimpleData name="id_trecho">2853</SimpleData>
            <SimpleData name="Extensao_m">210.412434465289</SimpleData>
            <SimpleData name="Bairro_logradouros">Gramacho</SimpleData>
            <SimpleData name="Bairro_rotas"></SimpleData>
            <SimpleData name="Lote">I</SimpleData>
            <SimpleData name="Rota"></SimpleData>
            <SimpleData name="Turno">Tarde</SimpleData>
            <SimpleData name="Dias_da_semana">dom</SimpleData>
            <SimpleData name="Hit_Rate">83.33</SimpleData>
            <SimpleData name="Status">Validado (Rua sem rota)</SimpleData>
            <SimpleData name="Bloco">Domingo</SimpleData>
          </SchemaData>
        </ExtendedData>
        <MultiGeometry>
          <LineString>
            <coordinates>-43.3062092413604,-22.7497845068737,0 -43.3062146,-22.7497258,0 -43.3062125,-22.749643,0 -43.3062017,-22.7495704,0 -43.306161,-22.749424,0 -43.3061153,-22.7493338,0 -43.3060531,-22.7492495,0 -43.3059922,-22.7491774,0 -43.3058952,-22.7490805,0 -43.3058147,-22.7490157,0 -43.3053356,-22.7487166,0 -43.3049063,-22.74846,0</coordinates>
          </LineString>
        </MultiGeometry>
      </Placemark>
      <Placemark id="Ruas_Nenhuma_Rota_Proxima.34">
        <name>Viaduto do Gramacho</name>
        <Style>
          <LineStyle>
            <color>ff0000ff</color>
          </LineStyle>
          <PolyStyle>
            <fill>0</fill>
          </PolyStyle>
        </Style>
        <ExtendedData>
          <SchemaData schemaUrl="#Ruas_Nenhuma_Rota_Proxima">
            <SimpleData name="fid">34</SimpleData>
            <SimpleData name="id">Gramacho.225</SimpleData>
            <SimpleData name="Name">Viaduto do Gramacho</SimpleData>
            <SimpleData name="Distrito">1º</SimpleData>
            <SimpleData name="id_trecho">2857</SimpleData>
            <SimpleData name="Extensao_m">145.67329717471</SimpleData>
            <SimpleData name="Bairro_logradouros">Gramacho</SimpleData>
            <SimpleData name="Bairro_rotas"></SimpleData>
            <SimpleData name="Lote">I</SimpleData>
            <SimpleData name="Rota"></SimpleData>
            <SimpleData name="Turno">Tarde</SimpleData>
            <SimpleData name="Dias_da_semana">dom</SimpleData>
            <SimpleData name="Hit_Rate">66.67</SimpleData>
            <SimpleData name="Status">Validado (Rua sem rota)</SimpleData>
            <SimpleData name="Bloco">Domingo</SimpleData>
          </SchemaData>
        </ExtendedData>
        <MultiGeometry>
          <LineString>
            <coordinates>-43.3062396797003,-22.7498983062932,0 -43.3062387,-22.7499027,0 -43.306063,-22.7502341,0 -43.3059396,-22.7504506,0 -43.3058381,-22.7506348,0 -43.3057518,-22.750834,0 -43.3057465,-22.7509113,0 -43.3057353,-22.7511088,0</coordinates>
          </LineString>
        </MultiGeometry>
      </Placemark>
      <Placemark id="Ruas_Nenhuma_Rota_Proxima.35">
        <name>Viaduto do Gramacho</name>
        <Style>
          <LineStyle>
            <color>ff0000ff</color>
          </LineStyle>
          <PolyStyle>
            <fill>0</fill>
          </PolyStyle>
        </Style>
        <ExtendedData>
          <SchemaData schemaUrl="#Ruas_Nenhuma_Rota_Proxima">
            <SimpleData name="fid">35</SimpleData>
            <SimpleData name="id">Gramacho.225</SimpleData>
            <SimpleData name="Name">Viaduto do Gramacho</SimpleData>
            <SimpleData name="Distrito">1º</SimpleData>
            <SimpleData name="id_trecho">2858</SimpleData>
            <SimpleData name="Extensao_m">55.2071720404171</SimpleData>
            <SimpleData name="Bairro_logradouros">Gramacho</SimpleData>
            <SimpleData name="Bairro_rotas"></SimpleData>
            <SimpleData name="Lote">I</SimpleData>
            <SimpleData name="Rota"></SimpleData>
            <SimpleData name="Turno">Tarde</SimpleData>
            <SimpleData name="Dias_da_semana">dom</SimpleData>
            <SimpleData name="Hit_Rate">83.33</SimpleData>
            <SimpleData name="Status">Validado (Rua sem rota)</SimpleData>
            <SimpleData name="Bloco">Domingo</SimpleData>
          </SchemaData>
        </ExtendedData>
        <MultiGeometry>
          <LineString>
            <coordinates>-43.3057353,-22.7511088,0 -43.3056372,-22.7511957,0 -43.3056019,-22.7512035,0 -43.3055584,-22.7512106,0 -43.3055155,-22.7512075,0 -43.3054823,-22.7511973,0 -43.3054558,-22.7511729,0 -43.305441,-22.7511444,0 -43.3054336,-22.7511228,0 -43.3054293,-22.7510866,0 -43.3054534678918,-22.750988742901,0</coordinates>
          </LineString>
        </MultiGeometry>
      </Placemark>
      <Placemark id="Ruas_Nenhuma_Rota_Proxima.36">
        <name>Viaduto Vila São Luiz</name>
        <Style>
          <LineStyle>
            <color>ff0000ff</color>
          </LineStyle>
          <PolyStyle>
            <fill>0</fill>
          </PolyStyle>
        </Style>
        <ExtendedData>
          <SchemaData schemaUrl="#Ruas_Nenhuma_Rota_Proxima">
            <SimpleData name="fid">36</SimpleData>
            <SimpleData name="id">Gramacho.202</SimpleData>
            <SimpleData name="Name">Viaduto Vila São Luiz</SimpleData>
            <SimpleData name="Distrito">1º</SimpleData>
            <SimpleData name="id_trecho">2860</SimpleData>
            <SimpleData name="Extensao_m">234.562652577976</SimpleData>
            <SimpleData name="Bairro_logradouros">Gramacho</SimpleData>
            <SimpleData name="Bairro_rotas"></SimpleData>
            <SimpleData name="Lote">I</SimpleData>
            <SimpleData name="Rota"></SimpleData>
            <SimpleData name="Turno">Tarde</SimpleData>
            <SimpleData name="Dias_da_semana">dom</SimpleData>
            <SimpleData name="Hit_Rate">100</SimpleData>
            <SimpleData name="Status">Validado (Rua sem rota)</SimpleData>
            <SimpleData name="Bloco">Domingo</SimpleData>
          </SchemaData>
        </ExtendedData>
        <MultiGeometry>
          <LineString>
            <coordinates>-43.286422,-22.7652308,0 -43.2863447,-22.7649768,0 -43.2862817,-22.7648767,0 -43.2862066,-22.7648,0 -43.2860483,-22.7646541,0 -43.2859437,-22.7645403,0 -43.2858861,-22.7644241,0 -43.2858565,-22.764314,0 -43.2858418,-22.7641842,0 -43.2858633,-22.7640704,0 -43.2859337,-22.7639294,0 -43.2860195,-22.7638286,0 -43.2861181,-22.7637501,0 -43.2862327,-22.7636895,0 -43.2863648,-22.76364,0 -43.286503707751,-22.7636112604653,0</coordinates>
          </LineString>
        </MultiGeometry>
      </Placemark>
      <Placemark id="Ruas_Nenhuma_Rota_Proxima.37">
        <name>Viaduto Vila São Luiz</name>
        <Style>
          <LineStyle>
            <color>ff0000ff</color>
          </LineStyle>
          <PolyStyle>
            <fill>0</fill>
          </PolyStyle>
        </Style>
        <ExtendedData>
          <SchemaData schemaUrl="#Ruas_Nenhuma_Rota_Proxima">
            <SimpleData name="fid">37</SimpleData>
            <SimpleData name="id">Gramacho.202</SimpleData>
            <SimpleData name="Name">Viaduto Vila São Luiz</SimpleData>
            <SimpleData name="Distrito">1º</SimpleData>
            <SimpleData name="id_trecho">2865</SimpleData>
            <SimpleData name="Extensao_m">193.219491600638</SimpleData>
            <SimpleData name="Bairro_logradouros">Gramacho</SimpleData>
            <SimpleData name="Bairro_rotas"></SimpleData>
            <SimpleData name="Lote">I</SimpleData>
            <SimpleData name="Rota"></SimpleData>
            <SimpleData name="Turno">Tarde</SimpleData>
            <SimpleData name="Dias_da_semana">dom</SimpleData>
            <SimpleData name="Hit_Rate">83.33</SimpleData>
            <SimpleData name="Status">Validado (Rua sem rota)</SimpleData>
            <SimpleData name="Bloco">Domingo</SimpleData>
          </SchemaData>
        </ExtendedData>
        <MultiGeometry>
          <LineString>
            <coordinates>-43.2865005387472,-22.7636563670416,0 -43.286256,-22.7637179,0 -43.2861496,-22.7637847,0 -43.2860812,-22.7638354,0 -43.2859846,-22.7639418,0 -43.2859343,-22.7640419,0 -43.2858968,-22.7641687,0 -43.2858981,-22.7642602,0 -43.2859196,-22.7643363,0 -43.2859826,-22.7644123,0 -43.2860591,-22.76445,0 -43.2861623,-22.7644673,0 -43.2862696,-22.7644414,0 -43.2863528,-22.7643795,0 -43.2864212,-22.7642992,0 -43.2864922,-22.7641309,0</coordinates>
          </LineString>
        </MultiGeometry>
      </Placemark>
      <Placemark id="Ruas_Nenhuma_Rota_Proxima.38">
        <name>Rodovia Washington Luiz - Auxiliar</name>
        <Style>
          <LineStyle>
            <color>ff0000ff</color>
          </LineStyle>
          <PolyStyle>
            <fill>0</fill>
          </PolyStyle>
        </Style>
        <ExtendedData>
          <SchemaData schemaUrl="#Ruas_Nenhuma_Rota_Proxima">
            <SimpleData name="fid">38</SimpleData>
            <SimpleData name="id">Parque_Duque.174</SimpleData>
            <SimpleData name="Name">Rodovia Washington Luiz - Auxiliar</SimpleData>
            <SimpleData name="Distrito">1º</SimpleData>
            <SimpleData name="id_trecho">3959</SimpleData>
            <SimpleData name="Extensao_m">88.1065250956482</SimpleData>
            <SimpleData name="Bairro_logradouros">Parque Duque</SimpleData>
            <SimpleData name="Bairro_rotas"></SimpleData>
            <SimpleData name="Lote">I</SimpleData>
            <SimpleData name="Rota"></SimpleData>
            <SimpleData name="Turno">Tarde</SimpleData>
            <SimpleData name="Dias_da_semana">dom</SimpleData>
            <SimpleData name="Hit_Rate">66.67</SimpleData>
            <SimpleData name="Status">Validado (Rua sem rota)</SimpleData>
            <SimpleData name="Bloco">Domingo</SimpleData>
          </SchemaData>
        </ExtendedData>
        <MultiGeometry>
          <LineString>
            <coordinates>-43.2857448,-22.7842865,0 -43.2857038,-22.7850812,0</coordinates>
          </LineString>
        </MultiGeometry>
      </Placemark>
      <Placemark id="Ruas_Nenhuma_Rota_Proxima.39">
        <name>Rodovia Washington Luiz - Auxiliar</name>
        <Style>
          <LineStyle>
            <color>ff0000ff</color>
          </LineStyle>
          <PolyStyle>
            <fill>0</fill>
          </PolyStyle>
        </Style>
        <ExtendedData>
          <SchemaData schemaUrl="#Ruas_Nenhuma_Rota_Proxima">
            <SimpleData name="fid">39</SimpleData>
            <SimpleData name="id">Parque_Duque.174</SimpleData>
            <SimpleData name="Name">Rodovia Washington Luiz - Auxiliar</SimpleData>
            <SimpleData name="Distrito">1º</SimpleData>
            <SimpleData name="id_trecho">3982</SimpleData>
            <SimpleData name="Extensao_m">489.984227791776</SimpleData>
            <SimpleData name="Bairro_logradouros">Parque Duque</SimpleData>
            <SimpleData name="Bairro_rotas"></SimpleData>
            <SimpleData name="Lote">I</SimpleData>
            <SimpleData name="Rota"></SimpleData>
            <SimpleData name="Turno">Tarde</SimpleData>
            <SimpleData name="Dias_da_semana">dom</SimpleData>
            <SimpleData name="Hit_Rate">83.33</SimpleData>
            <SimpleData name="Status">Validado (Rua sem rota)</SimpleData>
            <SimpleData name="Bloco">Domingo</SimpleData>
          </SchemaData>
        </ExtendedData>
        <MultiGeometry>
          <LineString>
            <coordinates>-43.2897753,-22.7987624,0 -43.289625,-22.7983964,0 -43.2894561,-22.7980502,0 -43.2891658,-22.7974736,0 -43.2890174,-22.797185,0 -43.2888874,-22.7969165,0 -43.288752,-22.7966507,0 -43.2884677,-22.7961031,0 -43.2881244,-22.795449,0 -43.287769,-22.7947492,0</coordinates>
          </LineString>
        </MultiGeometry>
      </Placemark>
      <Placemark id="Ruas_Nenhuma_Rota_Proxima.40">
        <name>Rua Almeida Braga</name>
        <Style>
          <LineStyle>
            <color>ff0000ff</color>
          </LineStyle>
          <PolyStyle>
            <fill>0</fill>
          </PolyStyle>
        </Style>
        <ExtendedData>
          <SchemaData schemaUrl="#Ruas_Nenhuma_Rota_Proxima">
            <SimpleData name="fid">40</SimpleData>
            <SimpleData name="id">Parque_Duque.157</SimpleData>
            <SimpleData name="Name">Rua Almeida Braga</SimpleData>
            <SimpleData name="Distrito">1º</SimpleData>
            <SimpleData name="id_trecho">4040</SimpleData>
            <SimpleData name="Extensao_m">67.1496488166049</SimpleData>
            <SimpleData name="Bairro_logradouros">Parque Duque</SimpleData>
            <SimpleData name="Bairro_rotas"></SimpleData>
            <SimpleData name="Lote">I</SimpleData>
            <SimpleData name="Rota"></SimpleData>
            <SimpleData name="Turno">Tarde</SimpleData>
            <SimpleData name="Dias_da_semana">dom</SimpleData>
            <SimpleData name="Hit_Rate">66.67</SimpleData>
            <SimpleData name="Status">Validado (Rua sem rota)</SimpleData>
            <SimpleData name="Bloco">Domingo</SimpleData>
          </SchemaData>
        </ExtendedData>
        <MultiGeometry>
          <LineString>
            <coordinates>-43.2926134133689,-22.8015023542616,0 -43.2925738,-22.8015359,0 -43.2924325,-22.8016036,0 -43.2922107,-22.8016492,0 -43.2919975,-22.8016677,0</coordinates>
          </LineString>
        </MultiGeometry>
      </Placemark>
      <Placemark id="Ruas_Nenhuma_Rota_Proxima.41">
        <name>Rua Almeida Braga</name>
        <Style>
          <LineStyle>
            <color>ff0000ff</color>
          </LineStyle>
          <PolyStyle>
            <fill>0</fill>
          </PolyStyle>
        </Style>
        <ExtendedData>
          <SchemaData schemaUrl="#Ruas_Nenhuma_Rota_Proxima">
            <SimpleData name="fid">41</SimpleData>
            <SimpleData name="id">Parque_Duque.157</SimpleData>
            <SimpleData name="Name">Rua Almeida Braga</SimpleData>
            <SimpleData name="Distrito">1º</SimpleData>
            <SimpleData name="id_trecho">4041</SimpleData>
            <SimpleData name="Extensao_m">68.3429028014055</SimpleData>
            <SimpleData name="Bairro_logradouros">Parque Duque</SimpleData>
            <SimpleData name="Bairro_rotas"></SimpleData>
            <SimpleData name="Lote">I</SimpleData>
            <SimpleData name="Rota"></SimpleData>
            <SimpleData name="Turno">Tarde</SimpleData>
            <SimpleData name="Dias_da_semana">dom</SimpleData>
            <SimpleData name="Hit_Rate">66.67</SimpleData>
            <SimpleData name="Status">Validado (Rua sem rota)</SimpleData>
            <SimpleData name="Bloco">Domingo</SimpleData>
          </SchemaData>
        </ExtendedData>
        <MultiGeometry>
          <LineString>
            <coordinates>-43.2912805,-22.8013684,0 -43.291474,-22.8014551,0 -43.2915749,-22.8014661,0 -43.2916367,-22.8014599,0 -43.2917434,-22.8014165,0 -43.291866,-22.8013067,0</coordinates>
          </LineString>
        </MultiGeometry>
      </Placemark>
      <Placemark id="Ruas_Nenhuma_Rota_Proxima.42">
        <name>Rua Almeida Braga</name>
        <Style>
          <LineStyle>
            <color>ff0000ff</color>
          </LineStyle>
          <PolyStyle>
            <fill>0</fill>
          </PolyStyle>
        </Style>
        <ExtendedData>
          <SchemaData schemaUrl="#Ruas_Nenhuma_Rota_Proxima">
            <SimpleData name="fid">42</SimpleData>
            <SimpleData name="id">Parque_Duque.157</SimpleData>
            <SimpleData name="Name">Rua Almeida Braga</SimpleData>
            <SimpleData name="Distrito">1º</SimpleData>
            <SimpleData name="id_trecho">4042</SimpleData>
            <SimpleData name="Extensao_m">51.2583789584928</SimpleData>
            <SimpleData name="Bairro_logradouros">Parque Duque</SimpleData>
            <SimpleData name="Bairro_rotas"></SimpleData>
            <SimpleData name="Lote">I</SimpleData>
            <SimpleData name="Rota"></SimpleData>
            <SimpleData name="Turno">Tarde</SimpleData>
            <SimpleData name="Dias_da_semana">dom</SimpleData>
            <SimpleData name="Hit_Rate">83.33</SimpleData>
            <SimpleData name="Status">Validado (Rua sem rota)</SimpleData>
            <SimpleData name="Bloco">Domingo</SimpleData>
          </SchemaData>
        </ExtendedData>
        <MultiGeometry>
          <LineString>
            <coordinates>-43.291866,-22.8013067,0 -43.2918237,-22.8014012,0 -43.2918071,-22.8014682,0 -43.2918154,-22.8015295,0 -43.2918438,-22.8015876,0 -43.2918861,-22.8016259,0 -43.2919975,-22.8016677,0</coordinates>
          </LineString>
        </MultiGeometry>
      </Placemark>
      <Placemark id="Ruas_Nenhuma_Rota_Proxima.43">
        <name>Rua Almeida Braga</name>
        <Style>
          <LineStyle>
            <color>ff0000ff</color>
          </LineStyle>
          <PolyStyle>
            <fill>0</fill>
          </PolyStyle>
        </Style>
        <ExtendedData>
          <SchemaData schemaUrl="#Ruas_Nenhuma_Rota_Proxima">
            <SimpleData name="fid">43</SimpleData>
            <SimpleData name="id">Parque_Duque.157</SimpleData>
            <SimpleData name="Name">Rua Almeida Braga</SimpleData>
            <SimpleData name="Distrito">1º</SimpleData>
            <SimpleData name="id_trecho">4046</SimpleData>
            <SimpleData name="Extensao_m">42.9444518053144</SimpleData>
            <SimpleData name="Bairro_logradouros">Parque Duque</SimpleData>
            <SimpleData name="Bairro_rotas"></SimpleData>
            <SimpleData name="Lote">I</SimpleData>
            <SimpleData name="Rota"></SimpleData>
            <SimpleData name="Turno">Tarde</SimpleData>
            <SimpleData name="Dias_da_semana">dom</SimpleData>
            <SimpleData name="Hit_Rate">66.67</SimpleData>
            <SimpleData name="Status">Validado (Rua sem rota)</SimpleData>
            <SimpleData name="Bloco">Domingo</SimpleData>
          </SchemaData>
        </ExtendedData>
        <MultiGeometry>
          <LineString>
            <coordinates>-43.2906556,-22.8008778,0 -43.2907116,-22.8010042,0 -43.2907897,-22.8010928,0 -43.2909099,-22.801172,0</coordinates>
          </LineString>
        </MultiGeometry>
      </Placemark>
      <Placemark id="Ruas_Nenhuma_Rota_Proxima.44">
        <name>Viaduto Acesso Duque de Caxias-Washington Luiz</name>
        <Style>
          <LineStyle>
            <color>ff0000ff</color>
          </LineStyle>
          <PolyStyle>
            <fill>0</fill>
          </PolyStyle>
        </Style>
        <ExtendedData>
          <SchemaData schemaUrl="#Ruas_Nenhuma_Rota_Proxima">
            <SimpleData name="fid">44</SimpleData>
            <SimpleData name="id">Parque_Duque.173</SimpleData>
            <SimpleData name="Name">Viaduto Acesso Duque de Caxias-Washington Luiz</SimpleData>
            <SimpleData name="Distrito">1º</SimpleData>
            <SimpleData name="id_trecho">4664</SimpleData>
            <SimpleData name="Extensao_m">52.210496002397</SimpleData>
            <SimpleData name="Bairro_logradouros">Parque Duque</SimpleData>
            <SimpleData name="Bairro_rotas"></SimpleData>
            <SimpleData name="Lote">I</SimpleData>
            <SimpleData name="Rota"></SimpleData>
            <SimpleData name="Turno">Tarde</SimpleData>
            <SimpleData name="Dias_da_semana">dom</SimpleData>
            <SimpleData name="Hit_Rate">100</SimpleData>
            <SimpleData name="Status">Validado (Rua sem rota)</SimpleData>
            <SimpleData name="Bloco">Domingo</SimpleData>
          </SchemaData>
        </ExtendedData>
        <MultiGeometry>
          <LineString>
            <coordinates>-43.2923515,-22.8005853,0 -43.2923341,-22.8004796,0 -43.2923187,-22.8004197,0 -43.2922959,-22.8003603,0 -43.2922563,-22.8003029,0 -43.29221,-22.800259,0 -43.2921591,-22.800225,0 -43.2921115,-22.8001971,0</coordinates>
          </LineString>
        </MultiGeometry>
      </Placemark>
      <Placemark id="Ruas_Nenhuma_Rota_Proxima.45">
        <name>Viaduto Acesso Duque de Caxias-Washington Luiz</name>
        <Style>
          <LineStyle>
            <color>ff0000ff</color>
          </LineStyle>
          <PolyStyle>
            <fill>0</fill>
          </PolyStyle>
        </Style>
        <ExtendedData>
          <SchemaData schemaUrl="#Ruas_Nenhuma_Rota_Proxima">
            <SimpleData name="fid">45</SimpleData>
            <SimpleData name="id">Parque_Duque.173</SimpleData>
            <SimpleData name="Name">Viaduto Acesso Duque de Caxias-Washington Luiz</SimpleData>
            <SimpleData name="Distrito">1º</SimpleData>
            <SimpleData name="id_trecho">4669</SimpleData>
            <SimpleData name="Extensao_m">113.736203059303</SimpleData>
            <SimpleData name="Bairro_logradouros">Parque Duque</SimpleData>
            <SimpleData name="Bairro_rotas"></SimpleData>
            <SimpleData name="Lote">I</SimpleData>
            <SimpleData name="Rota"></SimpleData>
            <SimpleData name="Turno">Tarde</SimpleData>
            <SimpleData name="Dias_da_semana">dom</SimpleData>
            <SimpleData name="Hit_Rate">83.33</SimpleData>
            <SimpleData name="Status">Validado (Rua sem rota)</SimpleData>
            <SimpleData name="Bloco">Domingo</SimpleData>
          </SchemaData>
        </ExtendedData>
        <MultiGeometry>
          <LineString>
            <coordinates>-43.2901587351283,-22.8002012793988,0 -43.2899415,-22.8002012,0 -43.2898356,-22.8001891,0 -43.2897484,-22.8001594,0 -43.2896478,-22.8000976,0 -43.2895674,-22.800016,0 -43.2895084,-22.7999245,0 -43.2894816,-22.7998269,0 -43.2894762,-22.7997168,0 -43.2894963,-22.7996179,0</coordinates>
          </LineString>
        </MultiGeometry>
      </Placemark>
      <Placemark id="Ruas_Nenhuma_Rota_Proxima.46">
        <name>Viaduto Acesso Duque de Caxias-Washington Luiz</name>
        <Style>
          <LineStyle>
            <color>ff0000ff</color>
          </LineStyle>
          <PolyStyle>
            <fill>0</fill>
          </PolyStyle>
        </Style>
        <ExtendedData>
          <SchemaData schemaUrl="#Ruas_Nenhuma_Rota_Proxima">
            <SimpleData name="fid">46</SimpleData>
            <SimpleData name="id">Parque_Duque.173</SimpleData>
            <SimpleData name="Name">Viaduto Acesso Duque de Caxias-Washington Luiz</SimpleData>
            <SimpleData name="Distrito">1º</SimpleData>
            <SimpleData name="id_trecho">4671</SimpleData>
            <SimpleData name="Extensao_m">101.931884248703</SimpleData>
            <SimpleData name="Bairro_logradouros">Parque Duque</SimpleData>
            <SimpleData name="Bairro_rotas"></SimpleData>
            <SimpleData name="Lote">I</SimpleData>
            <SimpleData name="Rota"></SimpleData>
            <SimpleData name="Turno">Tarde</SimpleData>
            <SimpleData name="Dias_da_semana">dom</SimpleData>
            <SimpleData name="Hit_Rate">66.67</SimpleData>
            <SimpleData name="Status">Validado (Rua sem rota)</SimpleData>
            <SimpleData name="Bloco">Domingo</SimpleData>
          </SchemaData>
        </ExtendedData>
        <MultiGeometry>
          <LineString>
            <coordinates>-43.2894963,-22.7996179,0 -43.2895164,-22.7995357,0 -43.2895506,-22.7994683,0 -43.2895942,-22.7994016,0 -43.2897102,-22.799231,0 -43.2897605,-22.7991314,0 -43.2897779,-22.7990566,0 -43.28979,-22.7989781,0 -43.289788,-22.7989015,0 -43.2897753,-22.7987624,0</coordinates>
          </LineString>
        </MultiGeometry>
      </Placemark>
      <Placemark id="Ruas_Nenhuma_Rota_Proxima.47">
        <name>Viaduto Irineu Marinho</name>
        <Style>
          <LineStyle>
            <color>ff0000ff</color>
          </LineStyle>
          <PolyStyle>
            <fill>0</fill>
          </PolyStyle>
        </Style>
        <ExtendedData>
          <SchemaData schemaUrl="#Ruas_Nenhuma_Rota_Proxima">
            <SimpleData name="fid">47</SimpleData>
            <SimpleData name="id">Parque_Duque.141</SimpleData>
            <SimpleData name="Name">Viaduto Irineu Marinho</SimpleData>
            <SimpleData name="Distrito">1º</SimpleData>
            <SimpleData name="id_trecho">4672</SimpleData>
            <SimpleData name="Extensao_m">210.470369955973</SimpleData>
            <SimpleData name="Bairro_logradouros">Parque Duque</SimpleData>
            <SimpleData name="Bairro_rotas"></SimpleData>
            <SimpleData name="Lote">I</SimpleData>
            <SimpleData name="Rota"></SimpleData>
            <SimpleData name="Turno">Tarde</SimpleData>
            <SimpleData name="Dias_da_semana">dom</SimpleData>
            <SimpleData name="Hit_Rate">100</SimpleData>
            <SimpleData name="Status">Validado (Rua sem rota)</SimpleData>
            <SimpleData name="Bloco">Domingo</SimpleData>
          </SchemaData>
        </ExtendedData>
        <MultiGeometry>
          <LineString>
            <coordinates>-43.2857448,-22.7842865,0 -43.2857733,-22.7844499,0 -43.2858499,-22.7845674,0 -43.2859699,-22.7847053,0 -43.2860906,-22.7848314,0 -43.2861489,-22.7849247,0 -43.2861784,-22.784994,0 -43.2861898,-22.7850737,0 -43.2861851,-22.7851621,0 -43.2861623,-22.7852573,0 -43.2861348,-22.7853229,0 -43.2860785,-22.7854218,0 -43.285943,-22.7855831,0 -43.2856525826846,-22.7859008567401,0</coordinates>
          </LineString>
        </MultiGeometry>
      </Placemark>
      <Placemark id="Ruas_Nenhuma_Rota_Proxima.48">
        <name>Viaduto Irineu Marinho</name>
        <Style>
          <LineStyle>
            <color>ff0000ff</color>
          </LineStyle>
          <PolyStyle>
            <fill>0</fill>
          </PolyStyle>
        </Style>
        <ExtendedData>
          <SchemaData schemaUrl="#Ruas_Nenhuma_Rota_Proxima">
            <SimpleData name="fid">48</SimpleData>
            <SimpleData name="id">Parque_Duque.141</SimpleData>
            <SimpleData name="Name">Viaduto Irineu Marinho</SimpleData>
            <SimpleData name="Distrito">1º</SimpleData>
            <SimpleData name="id_trecho">4677</SimpleData>
            <SimpleData name="Extensao_m">176.681141555377</SimpleData>
            <SimpleData name="Bairro_logradouros">Parque Duque</SimpleData>
            <SimpleData name="Bairro_rotas"></SimpleData>
            <SimpleData name="Lote">I</SimpleData>
            <SimpleData name="Rota"></SimpleData>
            <SimpleData name="Turno">Tarde</SimpleData>
            <SimpleData name="Dias_da_semana">dom</SimpleData>
            <SimpleData name="Hit_Rate">66.67</SimpleData>
            <SimpleData name="Status">Validado (Rua sem rota)</SimpleData>
            <SimpleData name="Bloco">Domingo</SimpleData>
          </SchemaData>
        </ExtendedData>
        <MultiGeometry>
          <LineString>
            <coordinates>-43.285656010156,-22.7858282628964,0 -43.2859223,-22.7855423,0 -43.2860295,-22.7854057,0 -43.2860832,-22.7853216,0 -43.2861154,-22.7852351,0 -43.2861315,-22.7851325,0 -43.2861194,-22.7850261,0 -43.2860899,-22.7849507,0 -43.286047,-22.7848951,0 -43.285988,-22.7848555,0 -43.2859075,-22.7848357,0 -43.2858203,-22.7848444,0 -43.2857801,-22.7848629,0 -43.2857479,-22.7849049,0 -43.2857038,-22.7850812,0</coordinates>
          </LineString>
        </MultiGeometry>
      </Placemark>
      <Placemark id="Ruas_Nenhuma_Rota_Proxima.49">
        <name>Rodovia Washington Luiz - Auxiliar</name>
        <Style>
          <LineStyle>
            <color>ff0000ff</color>
          </LineStyle>
          <PolyStyle>
            <fill>0</fill>
          </PolyStyle>
        </Style>
        <ExtendedData>
          <SchemaData schemaUrl="#Ruas_Nenhuma_Rota_Proxima">
            <SimpleData name="fid">49</SimpleData>
            <SimpleData name="id">Parque_Sarapui.2</SimpleData>
            <SimpleData name="Name">Rodovia Washington Luiz - Auxiliar</SimpleData>
            <SimpleData name="Distrito">1º</SimpleData>
            <SimpleData name="id_trecho">5338</SimpleData>
            <SimpleData name="Extensao_m">1470.70557696239</SimpleData>
            <SimpleData name="Bairro_logradouros">Parque Sarapui</SimpleData>
            <SimpleData name="Bairro_rotas"></SimpleData>
            <SimpleData name="Lote">I</SimpleData>
            <SimpleData name="Rota"></SimpleData>
            <SimpleData name="Turno">Tarde</SimpleData>
            <SimpleData name="Dias_da_semana">dom</SimpleData>
            <SimpleData name="Hit_Rate">100</SimpleData>
            <SimpleData name="Status">Validado (Rua sem rota)</SimpleData>
            <SimpleData name="Bloco">Domingo</SimpleData>
          </SchemaData>
        </ExtendedData>
        <MultiGeometry>
          <LineString>
            <coordinates>-43.2851594485746,-22.7863615062832,0 -43.2851671,-22.7861873,0 -43.2852371,-22.7845812,0 -43.2852611,-22.7842237,0 -43.2852894,-22.7838418,0 -43.2852897,-22.7838207,0 -43.2852992,-22.7836198,0 -43.2853571,-22.7829174,0 -43.2853752,-22.7826634,0 -43.2854428,-22.7814807,0 -43.2854455,-22.7814334,0 -43.2854837,-22.7807801,0 -43.2855198,-22.7801272,0 -43.2855602,-22.7794819,0 -43.2855816,-22.779075,0 -43.2856063,-22.7786696,0 -43.2856389,-22.7780763,0 -43.285665,-22.7777192,0 -43.2856763,-22.7775654,0 -43.2857111,-22.777086,0 -43.2857802,-22.7761223,0 -43.2857922,-22.7758675,0 -43.2858086,-22.7756026,0 -43.2858144,-22.77553,0 -43.2858199,-22.7754001,0 -43.2858633,-22.774616,0 -43.2858834,-22.7742142,0 -43.285907,-22.7738152,0 -43.2859474,-22.7731017,0</coordinates>
          </LineString>
        </MultiGeometry>
      </Placemark>
      <Placemark id="Ruas_Nenhuma_Rota_Proxima.50">
        <name>Rodovia Washington Luiz - Auxiliar</name>
        <Style>
          <LineStyle>
            <color>ff0000ff</color>
          </LineStyle>
          <PolyStyle>
            <fill>0</fill>
          </PolyStyle>
        </Style>
        <ExtendedData>
          <SchemaData schemaUrl="#Ruas_Nenhuma_Rota_Proxima">
            <SimpleData name="fid">50</SimpleData>
            <SimpleData name="id">Parque_Sarapui.2</SimpleData>
            <SimpleData name="Name">Rodovia Washington Luiz - Auxiliar</SimpleData>
            <SimpleData name="Distrito">1º</SimpleData>
            <SimpleData name="id_trecho">5340</SimpleData>
            <SimpleData name="Extensao_m">373.768701336434</SimpleData>
            <SimpleData name="Bairro_logradouros">Parque Sarapui</SimpleData>
            <SimpleData name="Bairro_rotas"></SimpleData>
            <SimpleData name="Lote">I</SimpleData>
            <SimpleData name="Rota"></SimpleData>
            <SimpleData name="Turno">Tarde</SimpleData>
            <SimpleData name="Dias_da_semana">dom</SimpleData>
            <SimpleData name="Hit_Rate">83.33</SimpleData>
            <SimpleData name="Status">Validado (Rua sem rota)</SimpleData>
            <SimpleData name="Bloco">Domingo</SimpleData>
          </SchemaData>
        </ExtendedData>
        <MultiGeometry>
          <LineString>
            <coordinates>-43.2860119,-22.7718294,0 -43.2860296,-22.7713653,0 -43.2860484,-22.7710856,0 -43.2860681,-22.7708678,0 -43.2861006,-22.7704328,0 -43.2861328,-22.7700358,0 -43.2861555,-22.7696547,0 -43.2862267,-22.7684604,0</coordinates>
          </LineString>
        </MultiGeometry>
      </Placemark>
      <Placemark id="Ruas_Nenhuma_Rota_Proxima.51">
        <name>Avenida Litorânea</name>
        <Style>
          <LineStyle>
            <color>ff0000ff</color>
          </LineStyle>
          <PolyStyle>
            <fill>0</fill>
          </PolyStyle>
        </Style>
        <ExtendedData>
          <SchemaData schemaUrl="#Ruas_Nenhuma_Rota_Proxima">
            <SimpleData name="fid">51</SimpleData>
            <SimpleData name="id">Parque_Sarapui.10</SimpleData>
            <SimpleData name="Name">Avenida Litorânea</SimpleData>
            <SimpleData name="Distrito">1º</SimpleData>
            <SimpleData name="id_trecho">5364</SimpleData>
            <SimpleData name="Extensao_m">116.978564936516</SimpleData>
            <SimpleData name="Bairro_logradouros">Parque Sarapui</SimpleData>
            <SimpleData name="Bairro_rotas"></SimpleData>
            <SimpleData name="Lote">I</SimpleData>
            <SimpleData name="Rota"></SimpleData>
            <SimpleData name="Turno">Tarde</SimpleData>
            <SimpleData name="Dias_da_semana">dom</SimpleData>
            <SimpleData name="Hit_Rate">100</SimpleData>
            <SimpleData name="Status">Validado (Rua sem rota)</SimpleData>
            <SimpleData name="Bloco">Domingo</SimpleData>
          </SchemaData>
        </ExtendedData>
        <MultiGeometry>
          <LineString>
            <coordinates>-43.281351,-22.7911208,0 -43.2813469,-22.7909521,0 -43.2813551,-22.7908059,0 -43.2813605,-22.7907298,0 -43.2813307,-22.790596,0 -43.2813266,-22.7905173,0 -43.281351,-22.7904236,0 -43.2813806,-22.7903289,0 -43.2814107,-22.7902439,0 -43.2814544,-22.7900839,0</coordinates>
          </LineString>
        </MultiGeometry>
      </Placemark>
      <Placemark id="Ruas_Nenhuma_Rota_Proxima.52">
        <name>Rua Almirante Grenfall</name>
        <Style>
          <LineStyle>
            <color>ff0000ff</color>
          </LineStyle>
          <PolyStyle>
            <fill>0</fill>
          </PolyStyle>
        </Style>
        <ExtendedData>
          <SchemaData schemaUrl="#Ruas_Nenhuma_Rota_Proxima">
            <SimpleData name="fid">52</SimpleData>
            <SimpleData name="id">Parque_Sarapui.11</SimpleData>
            <SimpleData name="Name">Rua Almirante Grenfall</SimpleData>
            <SimpleData name="Distrito">1º</SimpleData>
            <SimpleData name="id_trecho">5365</SimpleData>
            <SimpleData name="Extensao_m">44.7315492768211</SimpleData>
            <SimpleData name="Bairro_logradouros">Parque Sarapui</SimpleData>
            <SimpleData name="Bairro_rotas"></SimpleData>
            <SimpleData name="Lote">I</SimpleData>
            <SimpleData name="Rota"></SimpleData>
            <SimpleData name="Turno">Tarde</SimpleData>
            <SimpleData name="Dias_da_semana">dom</SimpleData>
            <SimpleData name="Hit_Rate">83.33</SimpleData>
            <SimpleData name="Status">Validado (Rua sem rota)</SimpleData>
            <SimpleData name="Bloco">Domingo</SimpleData>
          </SchemaData>
        </ExtendedData>
        <MultiGeometry>
          <LineString>
            <coordinates>-43.2851936,-22.7882552,0 -43.2851423,-22.7881915,0 -43.2851167,-22.7881688,0 -43.2850888,-22.788147,0 -43.2850433,-22.7881243,0 -43.2850056,-22.7881153,0 -43.2849725,-22.7881139,0 -43.2849405,-22.7881187,0 -43.2849126,-22.7881253,0 -43.2848762,-22.7881392,0 -43.2848309,-22.7881659,0</coordinates>
          </LineString>
        </MultiGeometry>
      </Placemark>
      <Placemark id="Ruas_Nenhuma_Rota_Proxima.53">
        <name>Rua Almirante Grenfall</name>
        <Style>
          <LineStyle>
            <color>ff0000ff</color>
          </LineStyle>
          <PolyStyle>
            <fill>0</fill>
          </PolyStyle>
        </Style>
        <ExtendedData>
          <SchemaData schemaUrl="#Ruas_Nenhuma_Rota_Proxima">
            <SimpleData name="fid">53</SimpleData>
            <SimpleData name="id">Parque_Sarapui.11</SimpleData>
            <SimpleData name="Name">Rua Almirante Grenfall</SimpleData>
            <SimpleData name="Distrito">1º</SimpleData>
            <SimpleData name="id_trecho">5366</SimpleData>
            <SimpleData name="Extensao_m">32.5518194552321</SimpleData>
            <SimpleData name="Bairro_logradouros">Parque Sarapui</SimpleData>
            <SimpleData name="Bairro_rotas"></SimpleData>
            <SimpleData name="Lote">I</SimpleData>
            <SimpleData name="Rota"></SimpleData>
            <SimpleData name="Turno">Tarde</SimpleData>
            <SimpleData name="Dias_da_semana">dom</SimpleData>
            <SimpleData name="Hit_Rate">66.67</SimpleData>
            <SimpleData name="Status">Validado (Rua sem rota)</SimpleData>
            <SimpleData name="Bloco">Domingo</SimpleData>
          </SchemaData>
        </ExtendedData>
        <MultiGeometry>
          <LineString>
            <coordinates>-43.2846948,-22.7879921,0 -43.2847386,-22.7879889,0 -43.2847806,-22.7879941,0 -43.2848153,-22.7880042,0 -43.2848411,-22.7880243,0 -43.284857,-22.7880568,0 -43.2848567,-22.7880926,0 -43.2848483,-22.7881284,0 -43.2848309,-22.7881659,0</coordinates>
          </LineString>
        </MultiGeometry>
      </Placemark>
      <Placemark id="Ruas_Nenhuma_Rota_Proxima.54">
        <name>Rua Almirante Grenfall</name>
        <Style>
          <LineStyle>
            <color>ff0000ff</color>
          </LineStyle>
          <PolyStyle>
            <fill>0</fill>
          </PolyStyle>
        </Style>
        <ExtendedData>
          <SchemaData schemaUrl="#Ruas_Nenhuma_Rota_Proxima">
            <SimpleData name="fid">54</SimpleData>
            <SimpleData name="id">Parque_Sarapui.11</SimpleData>
            <SimpleData name="Name">Rua Almirante Grenfall</SimpleData>
            <SimpleData name="Distrito">1º</SimpleData>
            <SimpleData name="id_trecho">5367</SimpleData>
            <SimpleData name="Extensao_m">48.0875709769316</SimpleData>
            <SimpleData name="Bairro_logradouros">Parque Sarapui</SimpleData>
            <SimpleData name="Bairro_rotas"></SimpleData>
            <SimpleData name="Lote">I</SimpleData>
            <SimpleData name="Rota"></SimpleData>
            <SimpleData name="Turno">Tarde</SimpleData>
            <SimpleData name="Dias_da_semana">dom</SimpleData>
            <SimpleData name="Hit_Rate">83.33</SimpleData>
            <SimpleData name="Status">Validado (Rua sem rota)</SimpleData>
            <SimpleData name="Bloco">Domingo</SimpleData>
          </SchemaData>
        </ExtendedData>
        <MultiGeometry>
          <LineString>
            <coordinates>-43.2848309,-22.7881659,0 -43.2845642,-22.7883584,0 -43.2845058,-22.7884008,0 -43.2844559,-22.7884247,0</coordinates>
          </LineString>
        </MultiGeometry>
      </Placemark>
      <Placemark id="Ruas_Nenhuma_Rota_Proxima.55">
        <name>Rua Almirante Grenfall</name>
        <Style>
          <LineStyle>
            <color>ff0000ff</color>
          </LineStyle>
          <PolyStyle>
            <fill>0</fill>
          </PolyStyle>
        </Style>
        <ExtendedData>
          <SchemaData schemaUrl="#Ruas_Nenhuma_Rota_Proxima">
            <SimpleData name="fid">55</SimpleData>
            <SimpleData name="id">Parque_Sarapui.11</SimpleData>
            <SimpleData name="Name">Rua Almirante Grenfall</SimpleData>
            <SimpleData name="Distrito">1º</SimpleData>
            <SimpleData name="id_trecho">5369</SimpleData>
            <SimpleData name="Extensao_m">29.614322104689</SimpleData>
            <SimpleData name="Bairro_logradouros">Parque Sarapui</SimpleData>
            <SimpleData name="Bairro_rotas"></SimpleData>
            <SimpleData name="Lote">I</SimpleData>
            <SimpleData name="Rota"></SimpleData>
            <SimpleData name="Turno">Tarde</SimpleData>
            <SimpleData name="Dias_da_semana">dom</SimpleData>
            <SimpleData name="Hit_Rate">66.67</SimpleData>
            <SimpleData name="Status">Validado (Rua sem rota)</SimpleData>
            <SimpleData name="Bloco">Domingo</SimpleData>
          </SchemaData>
        </ExtendedData>
        <MultiGeometry>
          <LineString>
            <coordinates>-43.2844559,-22.7884247,0 -43.2843553,-22.7885282,0 -43.2843075,-22.7885705,0 -43.2842518,-22.7886129,0</coordinates>
          </LineString>
        </MultiGeometry>
      </Placemark>
      <Placemark id="Ruas_Nenhuma_Rota_Proxima.56">
        <name>Rua Almirante Grenfall</name>
        <Style>
          <LineStyle>
            <color>ff0000ff</color>
          </LineStyle>
          <PolyStyle>
            <fill>0</fill>
          </PolyStyle>
        </Style>
        <ExtendedData>
          <SchemaData schemaUrl="#Ruas_Nenhuma_Rota_Proxima">
            <SimpleData name="fid">56</SimpleData>
            <SimpleData name="id">Parque_Sarapui.11</SimpleData>
            <SimpleData name="Name">Rua Almirante Grenfall</SimpleData>
            <SimpleData name="Distrito">1º</SimpleData>
            <SimpleData name="id_trecho">5373</SimpleData>
            <SimpleData name="Extensao_m">309.542011079888</SimpleData>
            <SimpleData name="Bairro_logradouros">Parque Sarapui</SimpleData>
            <SimpleData name="Bairro_rotas"></SimpleData>
            <SimpleData name="Lote">I</SimpleData>
            <SimpleData name="Rota"></SimpleData>
            <SimpleData name="Turno">Tarde</SimpleData>
            <SimpleData name="Dias_da_semana">dom</SimpleData>
            <SimpleData name="Hit_Rate">100</SimpleData>
            <SimpleData name="Status">Validado (Rua sem rota)</SimpleData>
            <SimpleData name="Bloco">Domingo</SimpleData>
          </SchemaData>
        </ExtendedData>
        <MultiGeometry>
          <LineString>
            <coordinates>-43.2842518,-22.7886129,0 -43.2841679,-22.7886788,0 -43.284086,-22.7887432,0 -43.2838153,-22.7889562,0 -43.2836021,-22.7891161,0 -43.2818909,-22.7903504,0</coordinates>
          </LineString>
        </MultiGeometry>
      </Placemark>
      <Placemark id="Ruas_Nenhuma_Rota_Proxima.57">
        <name>Viaduto Irineu Marinho</name>
        <Style>
          <LineStyle>
            <color>ff0000ff</color>
          </LineStyle>
          <PolyStyle>
            <fill>0</fill>
          </PolyStyle>
        </Style>
        <ExtendedData>
          <SchemaData schemaUrl="#Ruas_Nenhuma_Rota_Proxima">
            <SimpleData name="fid">57</SimpleData>
            <SimpleData name="id">Parque_Sarapui.12</SimpleData>
            <SimpleData name="Name">Viaduto Irineu Marinho</SimpleData>
            <SimpleData name="Distrito">1º</SimpleData>
            <SimpleData name="id_trecho">5376</SimpleData>
            <SimpleData name="Extensao_m">268.079102058181</SimpleData>
            <SimpleData name="Bairro_logradouros">Parque Sarapui</SimpleData>
            <SimpleData name="Bairro_rotas"></SimpleData>
            <SimpleData name="Lote">I</SimpleData>
            <SimpleData name="Rota"></SimpleData>
            <SimpleData name="Turno">Tarde</SimpleData>
            <SimpleData name="Dias_da_semana">dom</SimpleData>
            <SimpleData name="Hit_Rate">100</SimpleData>
            <SimpleData name="Status">Validado (Rua sem rota)</SimpleData>
            <SimpleData name="Bloco">Domingo</SimpleData>
          </SchemaData>
        </ExtendedData>
        <MultiGeometry>
          <LineString>
            <coordinates>-43.2840613644185,-22.7882604429216,0 -43.2840612,-22.7882603,0 -43.2839597,-22.7881694,0 -43.283912,-22.7881213,0 -43.283881,-22.7880852,0 -43.2838556,-22.7880498,0 -43.2838383,-22.7880118,0 -43.2838317,-22.7879886,0 -43.2838252,-22.7879603,0 -43.2838256,-22.7879197,0 -43.2838305,-22.7878829,0 -43.2838399,-22.7878478,0 -43.2838567,-22.7878088,0 -43.2838861,-22.7877664,0 -43.2839911,-22.7876437,0 -43.2846376,-22.7869219,0 -43.2851594485746,-22.7863615062832,0</coordinates>
          </LineString>
        </MultiGeometry>
      </Placemark>
      <Placemark id="Ruas_Nenhuma_Rota_Proxima.58">
        <name>Viaduto Irineu Marinho</name>
        <Style>
          <LineStyle>
            <color>ff0000ff</color>
          </LineStyle>
          <PolyStyle>
            <fill>0</fill>
          </PolyStyle>
        </Style>
        <ExtendedData>
          <SchemaData schemaUrl="#Ruas_Nenhuma_Rota_Proxima">
            <SimpleData name="fid">58</SimpleData>
            <SimpleData name="id">Parque_Sarapui.12</SimpleData>
            <SimpleData name="Name">Viaduto Irineu Marinho</SimpleData>
            <SimpleData name="Distrito">1º</SimpleData>
            <SimpleData name="id_trecho">5381</SimpleData>
            <SimpleData name="Extensao_m">292.45364028349</SimpleData>
            <SimpleData name="Bairro_logradouros">Parque Sarapui</SimpleData>
            <SimpleData name="Bairro_rotas"></SimpleData>
            <SimpleData name="Lote">I</SimpleData>
            <SimpleData name="Rota"></SimpleData>
            <SimpleData name="Turno">Tarde</SimpleData>
            <SimpleData name="Dias_da_semana">dom</SimpleData>
            <SimpleData name="Hit_Rate">100</SimpleData>
            <SimpleData name="Status">Validado (Rua sem rota)</SimpleData>
            <SimpleData name="Bloco">Domingo</SimpleData>
          </SchemaData>
        </ExtendedData>
        <MultiGeometry>
          <LineString>
            <coordinates>-43.2851558080284,-22.7864443935847,0 -43.2846671,-22.7869791,0 -43.2840254,-22.7876915,0 -43.2839393,-22.7877968,0 -43.2839049,-22.7878465,0 -43.2838877,-22.7878855,0 -43.2838838,-22.7879305,0 -43.2838854,-22.7879672,0 -43.2838954,-22.7880007,0 -43.2839153,-22.7880392,0 -43.2839496,-22.7880845,0 -43.2840502,-22.7881822,0 -43.284085,-22.7882078,0 -43.2841227,-22.7882254,0 -43.2841657,-22.7882353,0 -43.2841982,-22.788238,0 -43.2842334,-22.7882358,0 -43.2842677,-22.7882313,0 -43.2843022,-22.7882208,0 -43.2843663,-22.7881914,0 -43.2844745,-22.7881411,0</coordinates>
          </LineString>
        </MultiGeometry>
      </Placemark>
      <Placemark id="Ruas_Nenhuma_Rota_Proxima.59">
        <name>Rua Dezesseis</name>
        <Style>
          <LineStyle>
            <color>ff0000ff</color>
          </LineStyle>
          <PolyStyle>
            <fill>0</fill>
          </PolyStyle>
        </Style>
        <ExtendedData>
          <SchemaData schemaUrl="#Ruas_Nenhuma_Rota_Proxima">
            <SimpleData name="fid">59</SimpleData>
            <SimpleData name="id">Vila_São_Jose.155</SimpleData>
            <SimpleData name="Name">Rua Dezesseis</SimpleData>
            <SimpleData name="Distrito">2º</SimpleData>
            <SimpleData name="id_trecho">6518</SimpleData>
            <SimpleData name="Extensao_m">117.785289431008</SimpleData>
            <SimpleData name="Bairro_logradouros">Vila São Jose</SimpleData>
            <SimpleData name="Bairro_rotas"></SimpleData>
            <SimpleData name="Lote">I</SimpleData>
            <SimpleData name="Rota"></SimpleData>
            <SimpleData name="Turno">Tarde</SimpleData>
            <SimpleData name="Dias_da_semana">dom</SimpleData>
            <SimpleData name="Hit_Rate">66.67</SimpleData>
            <SimpleData name="Status">Validado (Rua sem rota)</SimpleData>
            <SimpleData name="Bloco">Domingo</SimpleData>
          </SchemaData>
        </ExtendedData>
        <MultiGeometry>
          <LineString>
            <coordinates>-43.3153367,-22.7436606,0 -43.3162259,-22.742989,0</coordinates>
          </LineString>
        </MultiGeometry>
      </Placemark>
      <Placemark id="Ruas_Nenhuma_Rota_Proxima.60">
        <name>Rua Enrico Ferri (próxima a Rua Italo Ferreira Franco)</name>
        <Style>
          <LineStyle>
            <color>ff0000ff</color>
          </LineStyle>
          <PolyStyle>
            <fill>0</fill>
          </PolyStyle>
        </Style>
        <ExtendedData>
          <SchemaData schemaUrl="#Ruas_Nenhuma_Rota_Proxima">
            <SimpleData name="fid">60</SimpleData>
            <SimpleData name="id">Vila_São_Jose.158</SimpleData>
            <SimpleData name="Name">Rua Enrico Ferri (próxima a Rua Italo Ferreira Franco)</SimpleData>
            <SimpleData name="Distrito">2º</SimpleData>
            <SimpleData name="id_trecho">6560</SimpleData>
            <SimpleData name="Extensao_m">62.0553283109676</SimpleData>
            <SimpleData name="Bairro_logradouros">Vila São Jose</SimpleData>
            <SimpleData name="Bairro_rotas"></SimpleData>
            <SimpleData name="Lote">I</SimpleData>
            <SimpleData name="Rota"></SimpleData>
            <SimpleData name="Turno">Tarde</SimpleData>
            <SimpleData name="Dias_da_semana">dom</SimpleData>
            <SimpleData name="Hit_Rate">66.67</SimpleData>
            <SimpleData name="Status">Validado (Rua sem rota)</SimpleData>
            <SimpleData name="Bloco">Domingo</SimpleData>
          </SchemaData>
        </ExtendedData>
        <MultiGeometry>
          <LineString>
            <coordinates>-43.3166255,-22.7434318,0 -43.3170986,-22.7430833,0</coordinates>
          </LineString>
        </MultiGeometry>
      </Placemark>
      <Placemark id="Ruas_Nenhuma_Rota_Proxima.61">
        <name>Rua Matias Barbosa</name>
        <Style>
          <LineStyle>
            <color>ff0000ff</color>
          </LineStyle>
          <PolyStyle>
            <fill>0</fill>
          </PolyStyle>
        </Style>
        <ExtendedData>
          <SchemaData schemaUrl="#Ruas_Nenhuma_Rota_Proxima">
            <SimpleData name="fid">61</SimpleData>
            <SimpleData name="id">Vila_Sao_Luis.27</SimpleData>
            <SimpleData name="Name">Rua Matias Barbosa</SimpleData>
            <SimpleData name="Distrito">1º</SimpleData>
            <SimpleData name="id_trecho">7206</SimpleData>
            <SimpleData name="Extensao_m">205.603736867695</SimpleData>
            <SimpleData name="Bairro_logradouros">Vila Sao Luis</SimpleData>
            <SimpleData name="Bairro_rotas"></SimpleData>
            <SimpleData name="Lote">I</SimpleData>
            <SimpleData name="Rota"></SimpleData>
            <SimpleData name="Turno">Tarde</SimpleData>
            <SimpleData name="Dias_da_semana">dom</SimpleData>
            <SimpleData name="Hit_Rate">66.67</SimpleData>
            <SimpleData name="Status">Validado (Rua sem rota)</SimpleData>
            <SimpleData name="Bloco">Domingo</SimpleData>
          </SchemaData>
        </ExtendedData>
        <MultiGeometry>
          <LineString>
            <coordinates>-43.2966908377375,-22.782976202686,0 -43.2967909,-22.7831108,0 -43.2968362,-22.7831955,0 -43.2970568,-22.7836793,0 -43.2972962,-22.7842336,0 -43.2973693,-22.7843844,0 -43.2975107,-22.7846663,0</coordinates>
          </LineString>
        </MultiGeometry>
      </Placemark>
      <Placemark id="Ruas_Nenhuma_Rota_Proxima.62">
        <name>Rua Almirante Grenfall</name>
        <Style>
          <LineStyle>
            <color>ff0000ff</color>
          </LineStyle>
          <PolyStyle>
            <fill>0</fill>
          </PolyStyle>
        </Style>
        <ExtendedData>
          <SchemaData schemaUrl="#Ruas_Nenhuma_Rota_Proxima">
            <SimpleData name="fid">62</SimpleData>
            <SimpleData name="id">Parque_Sarapui.11</SimpleData>
            <SimpleData name="Name">Rua Almirante Grenfall</SimpleData>
            <SimpleData name="Distrito">1º</SimpleData>
            <SimpleData name="id_trecho">5370</SimpleData>
            <SimpleData name="Extensao_m">15.5799021325272</SimpleData>
            <SimpleData name="Bairro_logradouros">Parque Sarapui</SimpleData>
            <SimpleData name="Bairro_rotas"></SimpleData>
            <SimpleData name="Lote">I</SimpleData>
            <SimpleData name="Rota"></SimpleData>
            <SimpleData name="Turno">Tarde</SimpleData>
            <SimpleData name="Dias_da_semana">dom</SimpleData>
            <SimpleData name="Hit_Rate">83.33</SimpleData>
            <SimpleData name="Status">Validado (Rua sem rota)</SimpleData>
            <SimpleData name="Bloco">Domingo</SimpleData>
          </SchemaData>
        </ExtendedData>
        <MultiGeometry>
          <LineString>
            <coordinates>-43.2844559,-22.7884247,0 -43.2844144,-22.7884358,0 -43.284372,-22.7884402,0 -43.2843336,-22.7884369,0 -43.2843078,-22.7884286,0</coordinates>
          </LineString>
        </MultiGeometry>
      </Placemark>
      <Placemark id="Ruas_Nenhuma_Rota_Proxima.63">
        <name>Rua Seis</name>
        <Style>
          <LineStyle>
            <color>ff0000ff</color>
          </LineStyle>
          <PolyStyle>
            <fill>0</fill>
          </PolyStyle>
        </Style>
        <ExtendedData>
          <SchemaData schemaUrl="#Ruas_Nenhuma_Rota_Proxima">
            <SimpleData name="fid">63</SimpleData>
            <SimpleData name="id">Vila_São_Jose.157</SimpleData>
            <SimpleData name="Name">Rua Seis</SimpleData>
            <SimpleData name="Distrito">2º</SimpleData>
            <SimpleData name="id_trecho">6840</SimpleData>
            <SimpleData name="Extensao_m">62.1110413442759</SimpleData>
            <SimpleData name="Bairro_logradouros">Vila São Jose</SimpleData>
            <SimpleData name="Bairro_rotas"></SimpleData>
            <SimpleData name="Lote">I</SimpleData>
            <SimpleData name="Rota"></SimpleData>
            <SimpleData name="Turno">Tarde</SimpleData>
            <SimpleData name="Dias_da_semana">dom</SimpleData>
            <SimpleData name="Hit_Rate">66.67</SimpleData>
            <SimpleData name="Status">Validado (Rua sem rota)</SimpleData>
            <SimpleData name="Bloco">Domingo</SimpleData>
          </SchemaData>
        </ExtendedData>
        <MultiGeometry>
          <LineString>
            <coordinates>-43.3164807,-22.7432685,0 -43.3169556,-22.7429213,0</coordinates>
          </LineString>
        </MultiGeometry>
      </Placemark>
      <Placemark id="Ruas_Nenhuma_Rota_Proxima.64">
        <name>Rodovia Washington Luiz - Auxiliar</name>
        <Style>
          <LineStyle>
            <color>ff0000ff</color>
          </LineStyle>
          <PolyStyle>
            <fill>0</fill>
          </PolyStyle>
        </Style>
        <ExtendedData>
          <SchemaData schemaUrl="#Ruas_Nenhuma_Rota_Proxima">
            <SimpleData name="fid">64</SimpleData>
            <SimpleData name="id">Doutor_Laureano.57</SimpleData>
            <SimpleData name="Name">Rodovia Washington Luiz - Auxiliar</SimpleData>
            <SimpleData name="Distrito">1º</SimpleData>
            <SimpleData name="id_trecho">1537</SimpleData>
            <SimpleData name="Extensao_m">239.58488413982</SimpleData>
            <SimpleData name="Bairro_logradouros">Doutor Laureano</SimpleData>
            <SimpleData name="Bairro_rotas"></SimpleData>
            <SimpleData name="Lote">I</SimpleData>
            <SimpleData name="Rota"></SimpleData>
            <SimpleData name="Turno">Madrugada</SimpleData>
            <SimpleData name="Dias_da_semana">seg,ter,qua,qui,sex,sab</SimpleData>
            <SimpleData name="Hit_Rate">83.33</SimpleData>
            <SimpleData name="Status">Validado (Rua sem rota)</SimpleData>
            <SimpleData name="Bloco">Seg_a_Sab</SimpleData>
          </SchemaData>
        </ExtendedData>
        <MultiGeometry>
          <LineString>
            <coordinates>-43.2871467,-22.7614759,0 -43.2871118,-22.7619693,0 -43.2870676,-22.7624676,0 -43.2870192,-22.7633334,0 -43.2870050548975,-22.7636351849103,0</coordinates>
          </LineString>
        </MultiGeometry>
      </Placemark>
      <Placemark id="Ruas_Nenhuma_Rota_Proxima.65">
        <name>Rua Mogi</name>
        <Style>
          <LineStyle>
            <color>ff0000ff</color>
          </LineStyle>
          <PolyStyle>
            <fill>0</fill>
          </PolyStyle>
        </Style>
        <ExtendedData>
          <SchemaData schemaUrl="#Ruas_Nenhuma_Rota_Proxima">
            <SimpleData name="fid">65</SimpleData>
            <SimpleData name="id">Doutor_Laureano.65</SimpleData>
            <SimpleData name="Name">Rua Mogi</SimpleData>
            <SimpleData name="Distrito">1º</SimpleData>
            <SimpleData name="id_trecho">1767</SimpleData>
            <SimpleData name="Extensao_m">95.2886568415214</SimpleData>
            <SimpleData name="Bairro_logradouros">Doutor Laureano</SimpleData>
            <SimpleData name="Bairro_rotas"></SimpleData>
            <SimpleData name="Lote">I</SimpleData>
            <SimpleData name="Rota"></SimpleData>
            <SimpleData name="Turno">Madrugada</SimpleData>
            <SimpleData name="Dias_da_semana">seg,ter,qua,qui,sex,sab</SimpleData>
            <SimpleData name="Hit_Rate">77.78</SimpleData>
            <SimpleData name="Status">Validado (Rua sem rota)</SimpleData>
            <SimpleData name="Bloco">Seg_a_Sab</SimpleData>
          </SchemaData>
        </ExtendedData>
        <MultiGeometry>
          <LineString>
            <coordinates>-43.2880171,-22.7614895,0 -43.2886581,-22.7608674,0</coordinates>
          </LineString>
        </MultiGeometry>
      </Placemark>
      <Placemark id="Ruas_Nenhuma_Rota_Proxima.66">
        <name>Rua Mogi</name>
        <Style>
          <LineStyle>
            <color>ff0000ff</color>
          </LineStyle>
          <PolyStyle>
            <fill>0</fill>
          </PolyStyle>
        </Style>
        <ExtendedData>
          <SchemaData schemaUrl="#Ruas_Nenhuma_Rota_Proxima">
            <SimpleData name="fid">66</SimpleData>
            <SimpleData name="id">Doutor_Laureano.65</SimpleData>
            <SimpleData name="Name">Rua Mogi</SimpleData>
            <SimpleData name="Distrito">1º</SimpleData>
            <SimpleData name="id_trecho">1768</SimpleData>
            <SimpleData name="Extensao_m">90.0971765201747</SimpleData>
            <SimpleData name="Bairro_logradouros">Doutor Laureano</SimpleData>
            <SimpleData name="Bairro_rotas"></SimpleData>
            <SimpleData name="Lote">I</SimpleData>
            <SimpleData name="Rota"></SimpleData>
            <SimpleData name="Turno">Madrugada</SimpleData>
            <SimpleData name="Dias_da_semana">seg,ter,qua,qui,sex,sab</SimpleData>
            <SimpleData name="Hit_Rate">94.44</SimpleData>
            <SimpleData name="Status">Validado (Rua sem rota)</SimpleData>
            <SimpleData name="Bloco">Seg_a_Sab</SimpleData>
          </SchemaData>
        </ExtendedData>
        <MultiGeometry>
          <LineString>
            <coordinates>-43.2886581,-22.7608674,0 -43.28933,-22.7603443,0</coordinates>
          </LineString>
        </MultiGeometry>
      </Placemark>
      <Placemark id="Ruas_Nenhuma_Rota_Proxima.67">
        <name>Viaduto Vila São Luiz</name>
        <Style>
          <LineStyle>
            <color>ff0000ff</color>
          </LineStyle>
          <PolyStyle>
            <fill>0</fill>
          </PolyStyle>
        </Style>
        <ExtendedData>
          <SchemaData schemaUrl="#Ruas_Nenhuma_Rota_Proxima">
            <SimpleData name="fid">67</SimpleData>
            <SimpleData name="id">Doutor_Laureano.97</SimpleData>
            <SimpleData name="Name">Viaduto Vila São Luiz</SimpleData>
            <SimpleData name="Distrito">1º</SimpleData>
            <SimpleData name="id_trecho">1911</SimpleData>
            <SimpleData name="Extensao_m">176.945770237848</SimpleData>
            <SimpleData name="Bairro_logradouros">Doutor Laureano</SimpleData>
            <SimpleData name="Bairro_rotas"></SimpleData>
            <SimpleData name="Lote">I</SimpleData>
            <SimpleData name="Rota"></SimpleData>
            <SimpleData name="Turno">Madrugada</SimpleData>
            <SimpleData name="Dias_da_semana">seg,ter,qua,qui,sex,sab</SimpleData>
            <SimpleData name="Hit_Rate">100</SimpleData>
            <SimpleData name="Status">Validado (Rua sem rota)</SimpleData>
            <SimpleData name="Bloco">Seg_a_Sab</SimpleData>
          </SchemaData>
        </ExtendedData>
        <MultiGeometry>
          <LineString>
            <coordinates>-43.2869777,-22.7642188,0 -43.2869939,-22.7643424,0 -43.2870207,-22.7644327,0 -43.287093,-22.764502,0 -43.287203,-22.7645267,0 -43.2873291,-22.7644896,0 -43.2874337,-22.7643969,0 -43.2874753,-22.7642905,0 -43.2874699,-22.7641656,0 -43.2874109,-22.7639937,0 -43.2873184,-22.7638602,0 -43.2871963,-22.7637674,0 -43.2870287,-22.7636932,0 -43.2870027314584,-22.7636847553427,0</coordinates>
          </LineString>
        </MultiGeometry>
      </Placemark>
      <Placemark id="Ruas_Nenhuma_Rota_Proxima.68">
        <name>Viaduto Vila São Luiz</name>
        <Style>
          <LineStyle>
            <color>ff0000ff</color>
          </LineStyle>
          <PolyStyle>
            <fill>0</fill>
          </PolyStyle>
        </Style>
        <ExtendedData>
          <SchemaData schemaUrl="#Ruas_Nenhuma_Rota_Proxima">
            <SimpleData name="fid">68</SimpleData>
            <SimpleData name="id">Doutor_Laureano.97</SimpleData>
            <SimpleData name="Name">Viaduto Vila São Luiz</SimpleData>
            <SimpleData name="Distrito">1º</SimpleData>
            <SimpleData name="id_trecho">1916</SimpleData>
            <SimpleData name="Extensao_m">86.4424581870465</SimpleData>
            <SimpleData name="Bairro_logradouros">Doutor Laureano</SimpleData>
            <SimpleData name="Bairro_rotas"></SimpleData>
            <SimpleData name="Lote">I</SimpleData>
            <SimpleData name="Rota"></SimpleData>
            <SimpleData name="Turno">Madrugada</SimpleData>
            <SimpleData name="Dias_da_semana">seg,ter,qua,qui,sex,sab</SimpleData>
            <SimpleData name="Hit_Rate">94.44</SimpleData>
            <SimpleData name="Status">Validado (Rua sem rota)</SimpleData>
            <SimpleData name="Bloco">Seg_a_Sab</SimpleData>
          </SchemaData>
        </ExtendedData>
        <MultiGeometry>
          <LineString>
            <coordinates>-43.2870050548975,-22.7636351849103,0 -43.2872191,-22.7637241,0 -43.2874176,-22.7638837,0 -43.2875048,-22.7640333,0 -43.2875262,-22.7640889,0 -43.2875423,-22.764178,0</coordinates>
          </LineString>
        </MultiGeometry>
      </Placemark>
      <Placemark id="Ruas_Nenhuma_Rota_Proxima.69">
        <name>Viaduto Vila São Luiz</name>
        <Style>
          <LineStyle>
            <color>ff0000ff</color>
          </LineStyle>
          <PolyStyle>
            <fill>0</fill>
          </PolyStyle>
        </Style>
        <ExtendedData>
          <SchemaData schemaUrl="#Ruas_Nenhuma_Rota_Proxima">
            <SimpleData name="fid">69</SimpleData>
            <SimpleData name="id">Doutor_Laureano.97</SimpleData>
            <SimpleData name="Name">Viaduto Vila São Luiz</SimpleData>
            <SimpleData name="Distrito">1º</SimpleData>
            <SimpleData name="id_trecho">1917</SimpleData>
            <SimpleData name="Extensao_m">143.213417662852</SimpleData>
            <SimpleData name="Bairro_logradouros">Doutor Laureano</SimpleData>
            <SimpleData name="Bairro_rotas"></SimpleData>
            <SimpleData name="Lote">I</SimpleData>
            <SimpleData name="Rota"></SimpleData>
            <SimpleData name="Turno">Madrugada</SimpleData>
            <SimpleData name="Dias_da_semana">seg,ter,qua,qui,sex,sab</SimpleData>
            <SimpleData name="Hit_Rate">88.89</SimpleData>
            <SimpleData name="Status">Validado (Rua sem rota)</SimpleData>
            <SimpleData name="Bloco">Seg_a_Sab</SimpleData>
          </SchemaData>
        </ExtendedData>
        <MultiGeometry>
          <LineString>
            <coordinates>-43.2875423,-22.764178,0 -43.2875209,-22.7643227,0 -43.2874632,-22.764476,0 -43.2873666,-22.7646293,0 -43.2872728,-22.7647097,0 -43.2871266,-22.7648099,0 -43.2870622,-22.7648754,0 -43.2870045,-22.7649583,0 -43.2869155,-22.7652808,0</coordinates>
          </LineString>
        </MultiGeometry>
      </Placemark>
      <Placemark id="Ruas_Nenhuma_Rota_Proxima.70">
        <name>Rodovia Washington Luiz - Auxiliar</name>
        <Style>
          <LineStyle>
            <color>ff0000ff</color>
          </LineStyle>
          <PolyStyle>
            <fill>0</fill>
          </PolyStyle>
        </Style>
        <ExtendedData>
          <SchemaData schemaUrl="#Ruas_Nenhuma_Rota_Proxima">
            <SimpleData name="fid">70</SimpleData>
            <SimpleData name="id">Gramacho.41</SimpleData>
            <SimpleData name="Name">Rodovia Washington Luiz - Auxiliar</SimpleData>
            <SimpleData name="Distrito">1º</SimpleData>
            <SimpleData name="id_trecho">2163</SimpleData>
            <SimpleData name="Extensao_m">122.016909287153</SimpleData>
            <SimpleData name="Bairro_logradouros">Gramacho</SimpleData>
            <SimpleData name="Bairro_rotas"></SimpleData>
            <SimpleData name="Lote">I</SimpleData>
            <SimpleData name="Rota"></SimpleData>
            <SimpleData name="Turno">Madrugada</SimpleData>
            <SimpleData name="Dias_da_semana">seg,ter,qua,qui,sex,sab</SimpleData>
            <SimpleData name="Hit_Rate">88.89</SimpleData>
            <SimpleData name="Status">Validado (Rua sem rota)</SimpleData>
            <SimpleData name="Bloco">Seg_a_Sab</SimpleData>
          </SchemaData>
        </ExtendedData>
        <MultiGeometry>
          <LineString>
            <coordinates>-43.286422,-22.7652308,0 -43.2864922,-22.7641309,0</coordinates>
          </LineString>
        </MultiGeometry>
      </Placemark>
      <Placemark id="Ruas_Nenhuma_Rota_Proxima.71">
        <name>Rodovia Washington Luiz - Auxiliar</name>
        <Style>
          <LineStyle>
            <color>ff0000ff</color>
          </LineStyle>
          <PolyStyle>
            <fill>0</fill>
          </PolyStyle>
        </Style>
        <ExtendedData>
          <SchemaData schemaUrl="#Ruas_Nenhuma_Rota_Proxima">
            <SimpleData name="fid">71</SimpleData>
            <SimpleData name="id">Gramacho.41</SimpleData>
            <SimpleData name="Name">Rodovia Washington Luiz - Auxiliar</SimpleData>
            <SimpleData name="Distrito">1º</SimpleData>
            <SimpleData name="id_trecho">2170</SimpleData>
            <SimpleData name="Extensao_m">330.535185797318</SimpleData>
            <SimpleData name="Bairro_logradouros">Gramacho</SimpleData>
            <SimpleData name="Bairro_rotas"></SimpleData>
            <SimpleData name="Lote">I</SimpleData>
            <SimpleData name="Rota"></SimpleData>
            <SimpleData name="Turno">Madrugada</SimpleData>
            <SimpleData name="Dias_da_semana">seg,ter,qua,qui,sex,sab</SimpleData>
            <SimpleData name="Hit_Rate">88.89</SimpleData>
            <SimpleData name="Status">Validado (Rua sem rota)</SimpleData>
            <SimpleData name="Bloco">Seg_a_Sab</SimpleData>
          </SchemaData>
        </ExtendedData>
        <MultiGeometry>
          <LineString>
            <coordinates>-43.2868798,-22.757427,0 -43.2869388,-22.7565613,0 -43.2869831,-22.7558576,0 -43.2870689,-22.7544474,0</coordinates>
          </LineString>
        </MultiGeometry>
      </Placemark>
      <Placemark id="Ruas_Nenhuma_Rota_Proxima.72">
        <name>Rodovia Washington Luiz - Auxiliar</name>
        <Style>
          <LineStyle>
            <color>ff0000ff</color>
          </LineStyle>
          <PolyStyle>
            <fill>0</fill>
          </PolyStyle>
        </Style>
        <ExtendedData>
          <SchemaData schemaUrl="#Ruas_Nenhuma_Rota_Proxima">
            <SimpleData name="fid">72</SimpleData>
            <SimpleData name="id">Gramacho.41</SimpleData>
            <SimpleData name="Name">Rodovia Washington Luiz - Auxiliar</SimpleData>
            <SimpleData name="Distrito">1º</SimpleData>
            <SimpleData name="id_trecho">2171</SimpleData>
            <SimpleData name="Extensao_m">247.030079822209</SimpleData>
            <SimpleData name="Bairro_logradouros">Gramacho</SimpleData>
            <SimpleData name="Bairro_rotas"></SimpleData>
            <SimpleData name="Lote">I</SimpleData>
            <SimpleData name="Rota"></SimpleData>
            <SimpleData name="Turno">Madrugada</SimpleData>
            <SimpleData name="Dias_da_semana">seg,ter,qua,qui,sex,sab</SimpleData>
            <SimpleData name="Hit_Rate">66.67</SimpleData>
            <SimpleData name="Status">Validado (Rua sem rota)</SimpleData>
            <SimpleData name="Bloco">Seg_a_Sab</SimpleData>
          </SchemaData>
        </ExtendedData>
        <MultiGeometry>
          <LineString>
            <coordinates>-43.2870689,-22.7544474,0 -43.2870944,-22.7538925,0 -43.2871346,-22.7533334,0 -43.2872022,-22.7522202,0</coordinates>
          </LineString>
        </MultiGeometry>
      </Placemark>
      <Placemark id="Ruas_Nenhuma_Rota_Proxima.73">
        <name>Rua Ponta Grossa</name>
        <Style>
          <LineStyle>
            <color>ff0000ff</color>
          </LineStyle>
          <PolyStyle>
            <fill>0</fill>
          </PolyStyle>
        </Style>
        <ExtendedData>
          <SchemaData schemaUrl="#Ruas_Nenhuma_Rota_Proxima">
            <SimpleData name="fid">73</SimpleData>
            <SimpleData name="id">Gramacho.166</SimpleData>
            <SimpleData name="Name">Rua Ponta Grossa</SimpleData>
            <SimpleData name="Distrito">1º</SimpleData>
            <SimpleData name="id_trecho">2678</SimpleData>
            <SimpleData name="Extensao_m">244.825856860283</SimpleData>
            <SimpleData name="Bairro_logradouros">Gramacho</SimpleData>
            <SimpleData name="Bairro_rotas"></SimpleData>
            <SimpleData name="Lote">I</SimpleData>
            <SimpleData name="Rota"></SimpleData>
            <SimpleData name="Turno">Madrugada</SimpleData>
            <SimpleData name="Dias_da_semana">seg,ter,qua,qui,sex,sab</SimpleData>
            <SimpleData name="Hit_Rate">100</SimpleData>
            <SimpleData name="Status">Validado (Rua sem rota)</SimpleData>
            <SimpleData name="Bloco">Seg_a_Sab</SimpleData>
          </SchemaData>
        </ExtendedData>
        <MultiGeometry>
          <LineString>
            <coordinates>-43.286318,-22.7521781,0 -43.2861728,-22.7543848,0</coordinates>
          </LineString>
        </MultiGeometry>
      </Placemark>
      <Placemark id="Ruas_Nenhuma_Rota_Proxima.74">
        <name>Viaduto Vila São Luiz</name>
        <Style>
          <LineStyle>
            <color>ff0000ff</color>
          </LineStyle>
          <PolyStyle>
            <fill>0</fill>
          </PolyStyle>
        </Style>
        <ExtendedData>
          <SchemaData schemaUrl="#Ruas_Nenhuma_Rota_Proxima">
            <SimpleData name="fid">74</SimpleData>
            <SimpleData name="id">Gramacho.202</SimpleData>
            <SimpleData name="Name">Viaduto Vila São Luiz</SimpleData>
            <SimpleData name="Distrito">1º</SimpleData>
            <SimpleData name="id_trecho">2860</SimpleData>
            <SimpleData name="Extensao_m">234.562652577976</SimpleData>
            <SimpleData name="Bairro_logradouros">Gramacho</SimpleData>
            <SimpleData name="Bairro_rotas"></SimpleData>
            <SimpleData name="Lote">I</SimpleData>
            <SimpleData name="Rota"></SimpleData>
            <SimpleData name="Turno">Madrugada</SimpleData>
            <SimpleData name="Dias_da_semana">seg,ter,qua,qui,sex,sab</SimpleData>
            <SimpleData name="Hit_Rate">100</SimpleData>
            <SimpleData name="Status">Validado (Rua sem rota)</SimpleData>
            <SimpleData name="Bloco">Seg_a_Sab</SimpleData>
          </SchemaData>
        </ExtendedData>
        <MultiGeometry>
          <LineString>
            <coordinates>-43.286422,-22.7652308,0 -43.2863447,-22.7649768,0 -43.2862817,-22.7648767,0 -43.2862066,-22.7648,0 -43.2860483,-22.7646541,0 -43.2859437,-22.7645403,0 -43.2858861,-22.7644241,0 -43.2858565,-22.764314,0 -43.2858418,-22.7641842,0 -43.2858633,-22.7640704,0 -43.2859337,-22.7639294,0 -43.2860195,-22.7638286,0 -43.2861181,-22.7637501,0 -43.2862327,-22.7636895,0 -43.2863648,-22.76364,0 -43.286503707751,-22.7636112604653,0</coordinates>
          </LineString>
        </MultiGeometry>
      </Placemark>
      <Placemark id="Ruas_Nenhuma_Rota_Proxima.75">
        <name>Viaduto Vila São Luiz</name>
        <Style>
          <LineStyle>
            <color>ff0000ff</color>
          </LineStyle>
          <PolyStyle>
            <fill>0</fill>
          </PolyStyle>
        </Style>
        <ExtendedData>
          <SchemaData schemaUrl="#Ruas_Nenhuma_Rota_Proxima">
            <SimpleData name="fid">75</SimpleData>
            <SimpleData name="id">Gramacho.202</SimpleData>
            <SimpleData name="Name">Viaduto Vila São Luiz</SimpleData>
            <SimpleData name="Distrito">1º</SimpleData>
            <SimpleData name="id_trecho">2865</SimpleData>
            <SimpleData name="Extensao_m">193.219491600638</SimpleData>
            <SimpleData name="Bairro_logradouros">Gramacho</SimpleData>
            <SimpleData name="Bairro_rotas"></SimpleData>
            <SimpleData name="Lote">I</SimpleData>
            <SimpleData name="Rota"></SimpleData>
            <SimpleData name="Turno">Madrugada</SimpleData>
            <SimpleData name="Dias_da_semana">seg,ter,qua,qui,sex,sab</SimpleData>
            <SimpleData name="Hit_Rate">100</SimpleData>
            <SimpleData name="Status">Validado (Rua sem rota)</SimpleData>
            <SimpleData name="Bloco">Seg_a_Sab</SimpleData>
          </SchemaData>
        </ExtendedData>
        <MultiGeometry>
          <LineString>
            <coordinates>-43.2865005387472,-22.7636563670416,0 -43.286256,-22.7637179,0 -43.2861496,-22.7637847,0 -43.2860812,-22.7638354,0 -43.2859846,-22.7639418,0 -43.2859343,-22.7640419,0 -43.2858968,-22.7641687,0 -43.2858981,-22.7642602,0 -43.2859196,-22.7643363,0 -43.2859826,-22.7644123,0 -43.2860591,-22.76445,0 -43.2861623,-22.7644673,0 -43.2862696,-22.7644414,0 -43.2863528,-22.7643795,0 -43.2864212,-22.7642992,0 -43.2864922,-22.7641309,0</coordinates>
          </LineString>
        </MultiGeometry>
      </Placemark>
      <Placemark id="Ruas_Nenhuma_Rota_Proxima.76">
        <name>Rodovia Washington Luiz - Auxiliar</name>
        <Style>
          <LineStyle>
            <color>ff0000ff</color>
          </LineStyle>
          <PolyStyle>
            <fill>0</fill>
          </PolyStyle>
        </Style>
        <ExtendedData>
          <SchemaData schemaUrl="#Ruas_Nenhuma_Rota_Proxima">
            <SimpleData name="fid">76</SimpleData>
            <SimpleData name="id">Parque_Duque.174</SimpleData>
            <SimpleData name="Name">Rodovia Washington Luiz - Auxiliar</SimpleData>
            <SimpleData name="Distrito">1º</SimpleData>
            <SimpleData name="id_trecho">3962</SimpleData>
            <SimpleData name="Extensao_m">428.23847683298</SimpleData>
            <SimpleData name="Bairro_logradouros">Parque Duque</SimpleData>
            <SimpleData name="Bairro_rotas"></SimpleData>
            <SimpleData name="Lote">I</SimpleData>
            <SimpleData name="Rota"></SimpleData>
            <SimpleData name="Turno">Madrugada</SimpleData>
            <SimpleData name="Dias_da_semana">seg,ter,qua,qui,sex,sab</SimpleData>
            <SimpleData name="Hit_Rate">72.22</SimpleData>
            <SimpleData name="Status">Validado (Rua sem rota)</SimpleData>
            <SimpleData name="Bloco">Seg_a_Sab</SimpleData>
          </SchemaData>
        </ExtendedData>
        <MultiGeometry>
          <LineString>
            <coordinates>-43.2856525826846,-22.7859008567401,0 -43.2856281,-22.7864194,0 -43.2856034,-22.7868211,0 -43.2855894,-22.7872636,0 -43.2856076,-22.7876649,0 -43.2856426,-22.7880604,0 -43.2856783,-22.7884673,0 -43.2857006,-22.7886088,0 -43.2857679,-22.7890172,0 -43.2858604,-22.7894487,0 -43.2858989,-22.7896306,0 -43.2859103,-22.7896884,0 -43.2859255,-22.7897426,0</coordinates>
          </LineString>
        </MultiGeometry>
      </Placemark>
      <Placemark id="Ruas_Nenhuma_Rota_Proxima.77">
        <name>Rodovia Washington Luiz - Auxiliar</name>
        <Style>
          <LineStyle>
            <color>ff0000ff</color>
          </LineStyle>
          <PolyStyle>
            <fill>0</fill>
          </PolyStyle>
        </Style>
        <ExtendedData>
          <SchemaData schemaUrl="#Ruas_Nenhuma_Rota_Proxima">
            <SimpleData name="fid">77</SimpleData>
            <SimpleData name="id">Parque_Duque.174</SimpleData>
            <SimpleData name="Name">Rodovia Washington Luiz - Auxiliar</SimpleData>
            <SimpleData name="Distrito">1º</SimpleData>
            <SimpleData name="id_trecho">3982</SimpleData>
            <SimpleData name="Extensao_m">489.984227791776</SimpleData>
            <SimpleData name="Bairro_logradouros">Parque Duque</SimpleData>
            <SimpleData name="Bairro_rotas"></SimpleData>
            <SimpleData name="Lote">I</SimpleData>
            <SimpleData name="Rota"></SimpleData>
            <SimpleData name="Turno">Madrugada</SimpleData>
            <SimpleData name="Dias_da_semana">seg,ter,qua,qui,sex,sab</SimpleData>
            <SimpleData name="Hit_Rate">83.33</SimpleData>
            <SimpleData name="Status">Validado (Rua sem rota)</SimpleData>
            <SimpleData name="Bloco">Seg_a_Sab</SimpleData>
          </SchemaData>
        </ExtendedData>
        <MultiGeometry>
          <LineString>
            <coordinates>-43.2897753,-22.7987624,0 -43.289625,-22.7983964,0 -43.2894561,-22.7980502,0 -43.2891658,-22.7974736,0 -43.2890174,-22.797185,0 -43.2888874,-22.7969165,0 -43.288752,-22.7966507,0 -43.2884677,-22.7961031,0 -43.2881244,-22.795449,0 -43.287769,-22.7947492,0</coordinates>
          </LineString>
        </MultiGeometry>
      </Placemark>
      <Placemark id="Ruas_Nenhuma_Rota_Proxima.78">
        <name>Viaduto Acesso Duque de Caxias-Washington Luiz</name>
        <Style>
          <LineStyle>
            <color>ff0000ff</color>
          </LineStyle>
          <PolyStyle>
            <fill>0</fill>
          </PolyStyle>
        </Style>
        <ExtendedData>
          <SchemaData schemaUrl="#Ruas_Nenhuma_Rota_Proxima">
            <SimpleData name="fid">78</SimpleData>
            <SimpleData name="id">Parque_Duque.173</SimpleData>
            <SimpleData name="Name">Viaduto Acesso Duque de Caxias-Washington Luiz</SimpleData>
            <SimpleData name="Distrito">1º</SimpleData>
            <SimpleData name="id_trecho">4669</SimpleData>
            <SimpleData name="Extensao_m">113.736203059303</SimpleData>
            <SimpleData name="Bairro_logradouros">Parque Duque</SimpleData>
            <SimpleData name="Bairro_rotas"></SimpleData>
            <SimpleData name="Lote">I</SimpleData>
            <SimpleData name="Rota"></SimpleData>
            <SimpleData name="Turno">Madrugada</SimpleData>
            <SimpleData name="Dias_da_semana">seg,ter,qua,qui,sex,sab</SimpleData>
            <SimpleData name="Hit_Rate">83.33</SimpleData>
            <SimpleData name="Status">Validado (Rua sem rota)</SimpleData>
            <SimpleData name="Bloco">Seg_a_Sab</SimpleData>
          </SchemaData>
        </ExtendedData>
        <MultiGeometry>
          <LineString>
            <coordinates>-43.2901587351283,-22.8002012793988,0 -43.2899415,-22.8002012,0 -43.2898356,-22.8001891,0 -43.2897484,-22.8001594,0 -43.2896478,-22.8000976,0 -43.2895674,-22.800016,0 -43.2895084,-22.7999245,0 -43.2894816,-22.7998269,0 -43.2894762,-22.7997168,0 -43.2894963,-22.7996179,0</coordinates>
          </LineString>
        </MultiGeometry>
      </Placemark>
      <Placemark id="Ruas_Nenhuma_Rota_Proxima.79">
        <name>Viaduto Acesso Duque de Caxias-Washington Luiz</name>
        <Style>
          <LineStyle>
            <color>ff0000ff</color>
          </LineStyle>
          <PolyStyle>
            <fill>0</fill>
          </PolyStyle>
        </Style>
        <ExtendedData>
          <SchemaData schemaUrl="#Ruas_Nenhuma_Rota_Proxima">
            <SimpleData name="fid">79</SimpleData>
            <SimpleData name="id">Parque_Duque.173</SimpleData>
            <SimpleData name="Name">Viaduto Acesso Duque de Caxias-Washington Luiz</SimpleData>
            <SimpleData name="Distrito">1º</SimpleData>
            <SimpleData name="id_trecho">4671</SimpleData>
            <SimpleData name="Extensao_m">101.931884248703</SimpleData>
            <SimpleData name="Bairro_logradouros">Parque Duque</SimpleData>
            <SimpleData name="Bairro_rotas"></SimpleData>
            <SimpleData name="Lote">I</SimpleData>
            <SimpleData name="Rota"></SimpleData>
            <SimpleData name="Turno">Madrugada</SimpleData>
            <SimpleData name="Dias_da_semana">seg,ter,qua,qui,sex,sab</SimpleData>
            <SimpleData name="Hit_Rate">66.67</SimpleData>
            <SimpleData name="Status">Validado (Rua sem rota)</SimpleData>
            <SimpleData name="Bloco">Seg_a_Sab</SimpleData>
          </SchemaData>
        </ExtendedData>
        <MultiGeometry>
          <LineString>
            <coordinates>-43.2894963,-22.7996179,0 -43.2895164,-22.7995357,0 -43.2895506,-22.7994683,0 -43.2895942,-22.7994016,0 -43.2897102,-22.799231,0 -43.2897605,-22.7991314,0 -43.2897779,-22.7990566,0 -43.28979,-22.7989781,0 -43.289788,-22.7989015,0 -43.2897753,-22.7987624,0</coordinates>
          </LineString>
        </MultiGeometry>
      </Placemark>
      <Placemark id="Ruas_Nenhuma_Rota_Proxima.80">
        <name>Rodovia Washington Luiz - Auxiliar</name>
        <Style>
          <LineStyle>
            <color>ff0000ff</color>
          </LineStyle>
          <PolyStyle>
            <fill>0</fill>
          </PolyStyle>
        </Style>
        <ExtendedData>
          <SchemaData schemaUrl="#Ruas_Nenhuma_Rota_Proxima">
            <SimpleData name="fid">80</SimpleData>
            <SimpleData name="id">Parque_Sarapui.2</SimpleData>
            <SimpleData name="Name">Rodovia Washington Luiz - Auxiliar</SimpleData>
            <SimpleData name="Distrito">1º</SimpleData>
            <SimpleData name="id_trecho">5338</SimpleData>
            <SimpleData name="Extensao_m">1470.70557696239</SimpleData>
            <SimpleData name="Bairro_logradouros">Parque Sarapui</SimpleData>
            <SimpleData name="Bairro_rotas"></SimpleData>
            <SimpleData name="Lote">I</SimpleData>
            <SimpleData name="Rota"></SimpleData>
            <SimpleData name="Turno">Madrugada</SimpleData>
            <SimpleData name="Dias_da_semana">seg,ter,qua,qui,sex,sab</SimpleData>
            <SimpleData name="Hit_Rate">94.44</SimpleData>
            <SimpleData name="Status">Validado (Rua sem rota)</SimpleData>
            <SimpleData name="Bloco">Seg_a_Sab</SimpleData>
          </SchemaData>
        </ExtendedData>
        <MultiGeometry>
          <LineString>
            <coordinates>-43.2851594485746,-22.7863615062832,0 -43.2851671,-22.7861873,0 -43.2852371,-22.7845812,0 -43.2852611,-22.7842237,0 -43.2852894,-22.7838418,0 -43.2852897,-22.7838207,0 -43.2852992,-22.7836198,0 -43.2853571,-22.7829174,0 -43.2853752,-22.7826634,0 -43.2854428,-22.7814807,0 -43.2854455,-22.7814334,0 -43.2854837,-22.7807801,0 -43.2855198,-22.7801272,0 -43.2855602,-22.7794819,0 -43.2855816,-22.779075,0 -43.2856063,-22.7786696,0 -43.2856389,-22.7780763,0 -43.285665,-22.7777192,0 -43.2856763,-22.7775654,0 -43.2857111,-22.777086,0 -43.2857802,-22.7761223,0 -43.2857922,-22.7758675,0 -43.2858086,-22.7756026,0 -43.2858144,-22.77553,0 -43.2858199,-22.7754001,0 -43.2858633,-22.774616,0 -43.2858834,-22.7742142,0 -43.285907,-22.7738152,0 -43.2859474,-22.7731017,0</coordinates>
          </LineString>
        </MultiGeometry>
      </Placemark>
      <Placemark id="Ruas_Nenhuma_Rota_Proxima.81">
        <name>Rodovia Washington Luiz - Auxiliar</name>
        <Style>
          <LineStyle>
            <color>ff0000ff</color>
          </LineStyle>
          <PolyStyle>
            <fill>0</fill>
          </PolyStyle>
        </Style>
        <ExtendedData>
          <SchemaData schemaUrl="#Ruas_Nenhuma_Rota_Proxima">
            <SimpleData name="fid">81</SimpleData>
            <SimpleData name="id">Parque_Sarapui.2</SimpleData>
            <SimpleData name="Name">Rodovia Washington Luiz - Auxiliar</SimpleData>
            <SimpleData name="Distrito">1º</SimpleData>
            <SimpleData name="id_trecho">5340</SimpleData>
            <SimpleData name="Extensao_m">373.768701336434</SimpleData>
            <SimpleData name="Bairro_logradouros">Parque Sarapui</SimpleData>
            <SimpleData name="Bairro_rotas"></SimpleData>
            <SimpleData name="Lote">I</SimpleData>
            <SimpleData name="Rota"></SimpleData>
            <SimpleData name="Turno">Madrugada</SimpleData>
            <SimpleData name="Dias_da_semana">seg,ter,qua,qui,sex,sab</SimpleData>
            <SimpleData name="Hit_Rate">72.22</SimpleData>
            <SimpleData name="Status">Validado (Rua sem rota)</SimpleData>
            <SimpleData name="Bloco">Seg_a_Sab</SimpleData>
          </SchemaData>
        </ExtendedData>
        <MultiGeometry>
          <LineString>
            <coordinates>-43.2860119,-22.7718294,0 -43.2860296,-22.7713653,0 -43.2860484,-22.7710856,0 -43.2860681,-22.7708678,0 -43.2861006,-22.7704328,0 -43.2861328,-22.7700358,0 -43.2861555,-22.7696547,0 -43.2862267,-22.7684604,0</coordinates>
          </LineString>
        </MultiGeometry>
      </Placemark>
      <Placemark id="Ruas_Nenhuma_Rota_Proxima.82">
        <name>Viaduto Irineu Marinho</name>
        <Style>
          <LineStyle>
            <color>ff0000ff</color>
          </LineStyle>
          <PolyStyle>
            <fill>0</fill>
          </PolyStyle>
        </Style>
        <ExtendedData>
          <SchemaData schemaUrl="#Ruas_Nenhuma_Rota_Proxima">
            <SimpleData name="fid">82</SimpleData>
            <SimpleData name="id">Parque_Sarapui.12</SimpleData>
            <SimpleData name="Name">Viaduto Irineu Marinho</SimpleData>
            <SimpleData name="Distrito">1º</SimpleData>
            <SimpleData name="id_trecho">5376</SimpleData>
            <SimpleData name="Extensao_m">268.079102058181</SimpleData>
            <SimpleData name="Bairro_logradouros">Parque Sarapui</SimpleData>
            <SimpleData name="Bairro_rotas"></SimpleData>
            <SimpleData name="Lote">I</SimpleData>
            <SimpleData name="Rota"></SimpleData>
            <SimpleData name="Turno">Madrugada</SimpleData>
            <SimpleData name="Dias_da_semana">seg,ter,qua,qui,sex,sab</SimpleData>
            <SimpleData name="Hit_Rate">66.67</SimpleData>
            <SimpleData name="Status">Validado (Rua sem rota)</SimpleData>
            <SimpleData name="Bloco">Seg_a_Sab</SimpleData>
          </SchemaData>
        </ExtendedData>
        <MultiGeometry>
          <LineString>
            <coordinates>-43.2840613644185,-22.7882604429216,0 -43.2840612,-22.7882603,0 -43.2839597,-22.7881694,0 -43.283912,-22.7881213,0 -43.283881,-22.7880852,0 -43.2838556,-22.7880498,0 -43.2838383,-22.7880118,0 -43.2838317,-22.7879886,0 -43.2838252,-22.7879603,0 -43.2838256,-22.7879197,0 -43.2838305,-22.7878829,0 -43.2838399,-22.7878478,0 -43.2838567,-22.7878088,0 -43.2838861,-22.7877664,0 -43.2839911,-22.7876437,0 -43.2846376,-22.7869219,0 -43.2851594485746,-22.7863615062832,0</coordinates>
          </LineString>
        </MultiGeometry>
      </Placemark>
      <Placemark id="Ruas_Nenhuma_Rota_Proxima.83">
        <name>Viaduto Irineu Marinho</name>
        <Style>
          <LineStyle>
            <color>ff0000ff</color>
          </LineStyle>
          <PolyStyle>
            <fill>0</fill>
          </PolyStyle>
        </Style>
        <ExtendedData>
          <SchemaData schemaUrl="#Ruas_Nenhuma_Rota_Proxima">
            <SimpleData name="fid">83</SimpleData>
            <SimpleData name="id">Parque_Sarapui.12</SimpleData>
            <SimpleData name="Name">Viaduto Irineu Marinho</SimpleData>
            <SimpleData name="Distrito">1º</SimpleData>
            <SimpleData name="id_trecho">5381</SimpleData>
            <SimpleData name="Extensao_m">292.45364028349</SimpleData>
            <SimpleData name="Bairro_logradouros">Parque Sarapui</SimpleData>
            <SimpleData name="Bairro_rotas"></SimpleData>
            <SimpleData name="Lote">I</SimpleData>
            <SimpleData name="Rota"></SimpleData>
            <SimpleData name="Turno">Madrugada</SimpleData>
            <SimpleData name="Dias_da_semana">seg,ter,qua,qui,sex,sab</SimpleData>
            <SimpleData name="Hit_Rate">66.67</SimpleData>
            <SimpleData name="Status">Validado (Rua sem rota)</SimpleData>
            <SimpleData name="Bloco">Seg_a_Sab</SimpleData>
          </SchemaData>
        </ExtendedData>
        <MultiGeometry>
          <LineString>
            <coordinates>-43.2851558080284,-22.7864443935847,0 -43.2846671,-22.7869791,0 -43.2840254,-22.7876915,0 -43.2839393,-22.7877968,0 -43.2839049,-22.7878465,0 -43.2838877,-22.7878855,0 -43.2838838,-22.7879305,0 -43.2838854,-22.7879672,0 -43.2838954,-22.7880007,0 -43.2839153,-22.7880392,0 -43.2839496,-22.7880845,0 -43.2840502,-22.7881822,0 -43.284085,-22.7882078,0 -43.2841227,-22.7882254,0 -43.2841657,-22.7882353,0 -43.2841982,-22.788238,0 -43.2842334,-22.7882358,0 -43.2842677,-22.7882313,0 -43.2843022,-22.7882208,0 -43.2843663,-22.7881914,0 -43.2844745,-22.7881411,0</coordinates>
          </LineString>
        </MultiGeometry>
      </Placemark>
      <Placemark id="Ruas_Nenhuma_Rota_Proxima.84">
        <name>Rua Jair de Oliveira</name>
        <Style>
          <LineStyle>
            <color>ff0000ff</color>
          </LineStyle>
          <PolyStyle>
            <fill>0</fill>
          </PolyStyle>
        </Style>
        <ExtendedData>
          <SchemaData schemaUrl="#Ruas_Nenhuma_Rota_Proxima">
            <SimpleData name="fid">84</SimpleData>
            <SimpleData name="id">Vinte_e_Cinco_de_Agosto.27</SimpleData>
            <SimpleData name="Name">Rua Jair de Oliveira</SimpleData>
            <SimpleData name="Distrito">1º</SimpleData>
            <SimpleData name="id_trecho">7452</SimpleData>
            <SimpleData name="Extensao_m">281.293749730395</SimpleData>
            <SimpleData name="Bairro_logradouros">Vinte e Cinco de Agosto</SimpleData>
            <SimpleData name="Bairro_rotas"></SimpleData>
            <SimpleData name="Lote">I</SimpleData>
            <SimpleData name="Rota"></SimpleData>
            <SimpleData name="Turno">Madrugada</SimpleData>
            <SimpleData name="Dias_da_semana">seg,ter,qua,qui,sex,sab</SimpleData>
            <SimpleData name="Hit_Rate">77.78</SimpleData>
            <SimpleData name="Status">Validado (Rua sem rota)</SimpleData>
            <SimpleData name="Bloco">Seg_a_Sab</SimpleData>
          </SchemaData>
        </ExtendedData>
        <MultiGeometry>
          <LineString>
            <coordinates>-43.303891344904,-22.7834134978426,0 -43.3028618,-22.7841866,0 -43.3021905,-22.7846978,0 -43.3017661,-22.7850162,0</coordinates>
          </LineString>
        </MultiGeometry>
      </Placemark>
      <Placemark id="Ruas_Nenhuma_Rota_Proxima.85">
        <name>Rua Tenente Enéas Galvão (Canal Cabloco)</name>
        <Style>
          <LineStyle>
            <color>ff0000ff</color>
          </LineStyle>
          <PolyStyle>
            <fill>0</fill>
          </PolyStyle>
        </Style>
        <ExtendedData>
          <SchemaData schemaUrl="#Ruas_Nenhuma_Rota_Proxima">
            <SimpleData name="fid">85</SimpleData>
            <SimpleData name="id">Bar_dos_Cavalheiros.144</SimpleData>
            <SimpleData name="Name">Rua Tenente Enéas Galvão (Canal Cabloco)</SimpleData>
            <SimpleData name="Distrito">1º</SimpleData>
            <SimpleData name="id_trecho">613</SimpleData>
            <SimpleData name="Extensao_m">62.4732444022607</SimpleData>
            <SimpleData name="Bairro_logradouros">Bar dos Cavalheiros</SimpleData>
            <SimpleData name="Bairro_rotas"></SimpleData>
            <SimpleData name="Lote">I</SimpleData>
            <SimpleData name="Rota"></SimpleData>
            <SimpleData name="Turno">Manhã</SimpleData>
            <SimpleData name="Dias_da_semana">seg,ter,qua,qui,sex,sab</SimpleData>
            <SimpleData name="Hit_Rate">100</SimpleData>
            <SimpleData name="Status">Validado (Rua sem rota)</SimpleData>
            <SimpleData name="Bloco">Seg_a_Sab</SimpleData>
          </SchemaData>
        </ExtendedData>
        <MultiGeometry>
          <LineString>
            <coordinates>-43.3109984,-22.797867,0 -43.3109312,-22.798143,0 -43.3108547,-22.7984151,0</coordinates>
          </LineString>
        </MultiGeometry>
      </Placemark>
      <Placemark id="Ruas_Nenhuma_Rota_Proxima.86">
        <name>Rodovia Washington Luiz - Auxiliar</name>
        <Style>
          <LineStyle>
            <color>ff0000ff</color>
          </LineStyle>
          <PolyStyle>
            <fill>0</fill>
          </PolyStyle>
        </Style>
        <ExtendedData>
          <SchemaData schemaUrl="#Ruas_Nenhuma_Rota_Proxima">
            <SimpleData name="fid">86</SimpleData>
            <SimpleData name="id">Doutor_Laureano.57</SimpleData>
            <SimpleData name="Name">Rodovia Washington Luiz - Auxiliar</SimpleData>
            <SimpleData name="Distrito">1º</SimpleData>
            <SimpleData name="id_trecho">1537</SimpleData>
            <SimpleData name="Extensao_m">239.58488413982</SimpleData>
            <SimpleData name="Bairro_logradouros">Doutor Laureano</SimpleData>
            <SimpleData name="Bairro_rotas"></SimpleData>
            <SimpleData name="Lote">I</SimpleData>
            <SimpleData name="Rota"></SimpleData>
            <SimpleData name="Turno">Manhã</SimpleData>
            <SimpleData name="Dias_da_semana">seg,ter,qua,qui,sex,sab</SimpleData>
            <SimpleData name="Hit_Rate">100</SimpleData>
            <SimpleData name="Status">Validado (Rua sem rota)</SimpleData>
            <SimpleData name="Bloco">Seg_a_Sab</SimpleData>
          </SchemaData>
        </ExtendedData>
        <MultiGeometry>
          <LineString>
            <coordinates>-43.2871467,-22.7614759,0 -43.2871118,-22.7619693,0 -43.2870676,-22.7624676,0 -43.2870192,-22.7633334,0 -43.2870050548975,-22.7636351849103,0</coordinates>
          </LineString>
        </MultiGeometry>
      </Placemark>
      <Placemark id="Ruas_Nenhuma_Rota_Proxima.87">
        <name>Rodovia Washington Luiz - Auxiliar</name>
        <Style>
          <LineStyle>
            <color>ff0000ff</color>
          </LineStyle>
          <PolyStyle>
            <fill>0</fill>
          </PolyStyle>
        </Style>
        <ExtendedData>
          <SchemaData schemaUrl="#Ruas_Nenhuma_Rota_Proxima">
            <SimpleData name="fid">87</SimpleData>
            <SimpleData name="id">Doutor_Laureano.57</SimpleData>
            <SimpleData name="Name">Rodovia Washington Luiz - Auxiliar</SimpleData>
            <SimpleData name="Distrito">1º</SimpleData>
            <SimpleData name="id_trecho">1539</SimpleData>
            <SimpleData name="Extensao_m">59.1963377244957</SimpleData>
            <SimpleData name="Bairro_logradouros">Doutor Laureano</SimpleData>
            <SimpleData name="Bairro_rotas"></SimpleData>
            <SimpleData name="Lote">I</SimpleData>
            <SimpleData name="Rota"></SimpleData>
            <SimpleData name="Turno">Manhã</SimpleData>
            <SimpleData name="Dias_da_semana">seg,ter,qua,qui,sex,sab</SimpleData>
            <SimpleData name="Hit_Rate">100</SimpleData>
            <SimpleData name="Status">Validado (Rua sem rota)</SimpleData>
            <SimpleData name="Bloco">Seg_a_Sab</SimpleData>
          </SchemaData>
        </ExtendedData>
        <MultiGeometry>
          <LineString>
            <coordinates>-43.2870027314584,-22.7636847553427,0 -43.2869777,-22.7642188,0</coordinates>
          </LineString>
        </MultiGeometry>
      </Placemark>
      <Placemark id="Ruas_Nenhuma_Rota_Proxima.88">
        <name>Rodovia Washington Luiz - Auxiliar</name>
        <Style>
          <LineStyle>
            <color>ff0000ff</color>
          </LineStyle>
          <PolyStyle>
            <fill>0</fill>
          </PolyStyle>
        </Style>
        <ExtendedData>
          <SchemaData schemaUrl="#Ruas_Nenhuma_Rota_Proxima">
            <SimpleData name="fid">88</SimpleData>
            <SimpleData name="id">Doutor_Laureano.57</SimpleData>
            <SimpleData name="Name">Rodovia Washington Luiz - Auxiliar</SimpleData>
            <SimpleData name="Distrito">1º</SimpleData>
            <SimpleData name="id_trecho">1540</SimpleData>
            <SimpleData name="Extensao_m">117.783727137068</SimpleData>
            <SimpleData name="Bairro_logradouros">Doutor Laureano</SimpleData>
            <SimpleData name="Bairro_rotas"></SimpleData>
            <SimpleData name="Lote">I</SimpleData>
            <SimpleData name="Rota"></SimpleData>
            <SimpleData name="Turno">Manhã</SimpleData>
            <SimpleData name="Dias_da_semana">seg,ter,qua,qui,sex,sab</SimpleData>
            <SimpleData name="Hit_Rate">100</SimpleData>
            <SimpleData name="Status">Validado (Rua sem rota)</SimpleData>
            <SimpleData name="Bloco">Seg_a_Sab</SimpleData>
          </SchemaData>
        </ExtendedData>
        <MultiGeometry>
          <LineString>
            <coordinates>-43.2869777,-22.7642188,0 -43.2869522,-22.764732,0 -43.2869155,-22.7652808,0</coordinates>
          </LineString>
        </MultiGeometry>
      </Placemark>
      <Placemark id="Ruas_Nenhuma_Rota_Proxima.89">
        <name>Rua Mogi</name>
        <Style>
          <LineStyle>
            <color>ff0000ff</color>
          </LineStyle>
          <PolyStyle>
            <fill>0</fill>
          </PolyStyle>
        </Style>
        <ExtendedData>
          <SchemaData schemaUrl="#Ruas_Nenhuma_Rota_Proxima">
            <SimpleData name="fid">89</SimpleData>
            <SimpleData name="id">Doutor_Laureano.65</SimpleData>
            <SimpleData name="Name">Rua Mogi</SimpleData>
            <SimpleData name="Distrito">1º</SimpleData>
            <SimpleData name="id_trecho">1767</SimpleData>
            <SimpleData name="Extensao_m">95.2886568415214</SimpleData>
            <SimpleData name="Bairro_logradouros">Doutor Laureano</SimpleData>
            <SimpleData name="Bairro_rotas"></SimpleData>
            <SimpleData name="Lote">I</SimpleData>
            <SimpleData name="Rota"></SimpleData>
            <SimpleData name="Turno">Manhã</SimpleData>
            <SimpleData name="Dias_da_semana">seg,ter,qua,qui,sex,sab</SimpleData>
            <SimpleData name="Hit_Rate">100</SimpleData>
            <SimpleData name="Status">Validado (Rua sem rota)</SimpleData>
            <SimpleData name="Bloco">Seg_a_Sab</SimpleData>
          </SchemaData>
        </ExtendedData>
        <MultiGeometry>
          <LineString>
            <coordinates>-43.2880171,-22.7614895,0 -43.2886581,-22.7608674,0</coordinates>
          </LineString>
        </MultiGeometry>
      </Placemark>
      <Placemark id="Ruas_Nenhuma_Rota_Proxima.90">
        <name>Rua Mogi</name>
        <Style>
          <LineStyle>
            <color>ff0000ff</color>
          </LineStyle>
          <PolyStyle>
            <fill>0</fill>
          </PolyStyle>
        </Style>
        <ExtendedData>
          <SchemaData schemaUrl="#Ruas_Nenhuma_Rota_Proxima">
            <SimpleData name="fid">90</SimpleData>
            <SimpleData name="id">Doutor_Laureano.65</SimpleData>
            <SimpleData name="Name">Rua Mogi</SimpleData>
            <SimpleData name="Distrito">1º</SimpleData>
            <SimpleData name="id_trecho">1768</SimpleData>
            <SimpleData name="Extensao_m">90.0971765201747</SimpleData>
            <SimpleData name="Bairro_logradouros">Doutor Laureano</SimpleData>
            <SimpleData name="Bairro_rotas"></SimpleData>
            <SimpleData name="Lote">I</SimpleData>
            <SimpleData name="Rota"></SimpleData>
            <SimpleData name="Turno">Manhã</SimpleData>
            <SimpleData name="Dias_da_semana">seg,ter,qua,qui,sex,sab</SimpleData>
            <SimpleData name="Hit_Rate">100</SimpleData>
            <SimpleData name="Status">Validado (Rua sem rota)</SimpleData>
            <SimpleData name="Bloco">Seg_a_Sab</SimpleData>
          </SchemaData>
        </ExtendedData>
        <MultiGeometry>
          <LineString>
            <coordinates>-43.2886581,-22.7608674,0 -43.28933,-22.7603443,0</coordinates>
          </LineString>
        </MultiGeometry>
      </Placemark>
      <Placemark id="Ruas_Nenhuma_Rota_Proxima.91">
        <name>Viaduto Vila São Luiz</name>
        <Style>
          <LineStyle>
            <color>ff0000ff</color>
          </LineStyle>
          <PolyStyle>
            <fill>0</fill>
          </PolyStyle>
        </Style>
        <ExtendedData>
          <SchemaData schemaUrl="#Ruas_Nenhuma_Rota_Proxima">
            <SimpleData name="fid">91</SimpleData>
            <SimpleData name="id">Doutor_Laureano.97</SimpleData>
            <SimpleData name="Name">Viaduto Vila São Luiz</SimpleData>
            <SimpleData name="Distrito">1º</SimpleData>
            <SimpleData name="id_trecho">1911</SimpleData>
            <SimpleData name="Extensao_m">176.945770237848</SimpleData>
            <SimpleData name="Bairro_logradouros">Doutor Laureano</SimpleData>
            <SimpleData name="Bairro_rotas"></SimpleData>
            <SimpleData name="Lote">I</SimpleData>
            <SimpleData name="Rota"></SimpleData>
            <SimpleData name="Turno">Manhã</SimpleData>
            <SimpleData name="Dias_da_semana">seg,ter,qua,qui,sex,sab</SimpleData>
            <SimpleData name="Hit_Rate">100</SimpleData>
            <SimpleData name="Status">Validado (Rua sem rota)</SimpleData>
            <SimpleData name="Bloco">Seg_a_Sab</SimpleData>
          </SchemaData>
        </ExtendedData>
        <MultiGeometry>
          <LineString>
            <coordinates>-43.2869777,-22.7642188,0 -43.2869939,-22.7643424,0 -43.2870207,-22.7644327,0 -43.287093,-22.764502,0 -43.287203,-22.7645267,0 -43.2873291,-22.7644896,0 -43.2874337,-22.7643969,0 -43.2874753,-22.7642905,0 -43.2874699,-22.7641656,0 -43.2874109,-22.7639937,0 -43.2873184,-22.7638602,0 -43.2871963,-22.7637674,0 -43.2870287,-22.7636932,0 -43.2870027314584,-22.7636847553427,0</coordinates>
          </LineString>
        </MultiGeometry>
      </Placemark>
      <Placemark id="Ruas_Nenhuma_Rota_Proxima.92">
        <name>Viaduto Vila São Luiz</name>
        <Style>
          <LineStyle>
            <color>ff0000ff</color>
          </LineStyle>
          <PolyStyle>
            <fill>0</fill>
          </PolyStyle>
        </Style>
        <ExtendedData>
          <SchemaData schemaUrl="#Ruas_Nenhuma_Rota_Proxima">
            <SimpleData name="fid">92</SimpleData>
            <SimpleData name="id">Doutor_Laureano.97</SimpleData>
            <SimpleData name="Name">Viaduto Vila São Luiz</SimpleData>
            <SimpleData name="Distrito">1º</SimpleData>
            <SimpleData name="id_trecho">1912</SimpleData>
            <SimpleData name="Extensao_m">13.212642227118</SimpleData>
            <SimpleData name="Bairro_logradouros">Doutor Laureano</SimpleData>
            <SimpleData name="Bairro_rotas"></SimpleData>
            <SimpleData name="Lote">I</SimpleData>
            <SimpleData name="Rota"></SimpleData>
            <SimpleData name="Turno">Manhã</SimpleData>
            <SimpleData name="Dias_da_semana">seg,ter,qua,qui,sex,sab</SimpleData>
            <SimpleData name="Hit_Rate">88.89</SimpleData>
            <SimpleData name="Status">Validado (Rua sem rota)</SimpleData>
            <SimpleData name="Bloco">Seg_a_Sab</SimpleData>
          </SchemaData>
        </ExtendedData>
        <MultiGeometry>
          <LineString>
            <coordinates>-43.2870027314584,-22.7636847553427,0 -43.2868813261505,-22.7636452757971,0</coordinates>
          </LineString>
        </MultiGeometry>
      </Placemark>
      <Placemark id="Ruas_Nenhuma_Rota_Proxima.93">
        <name>Viaduto Vila São Luiz</name>
        <Style>
          <LineStyle>
            <color>ff0000ff</color>
          </LineStyle>
          <PolyStyle>
            <fill>0</fill>
          </PolyStyle>
        </Style>
        <ExtendedData>
          <SchemaData schemaUrl="#Ruas_Nenhuma_Rota_Proxima">
            <SimpleData name="fid">93</SimpleData>
            <SimpleData name="id">Doutor_Laureano.97</SimpleData>
            <SimpleData name="Name">Viaduto Vila São Luiz</SimpleData>
            <SimpleData name="Distrito">1º</SimpleData>
            <SimpleData name="id_trecho">1913</SimpleData>
            <SimpleData name="Extensao_m">15.449096246996</SimpleData>
            <SimpleData name="Bairro_logradouros">Doutor Laureano</SimpleData>
            <SimpleData name="Bairro_rotas"></SimpleData>
            <SimpleData name="Lote">I</SimpleData>
            <SimpleData name="Rota"></SimpleData>
            <SimpleData name="Turno">Manhã</SimpleData>
            <SimpleData name="Dias_da_semana">seg,ter,qua,qui,sex,sab</SimpleData>
            <SimpleData name="Hit_Rate">77.78</SimpleData>
            <SimpleData name="Status">Validado (Rua sem rota)</SimpleData>
            <SimpleData name="Bloco">Seg_a_Sab</SimpleData>
          </SchemaData>
        </ExtendedData>
        <MultiGeometry>
          <LineString>
            <coordinates>-43.2868813261505,-22.7636452757971,0 -43.2868691,-22.7636413,0 -43.286731732174,-22.7636363108835,0</coordinates>
          </LineString>
        </MultiGeometry>
      </Placemark>
      <Placemark id="Ruas_Nenhuma_Rota_Proxima.94">
        <name>Viaduto Vila São Luiz</name>
        <Style>
          <LineStyle>
            <color>ff0000ff</color>
          </LineStyle>
          <PolyStyle>
            <fill>0</fill>
          </PolyStyle>
        </Style>
        <ExtendedData>
          <SchemaData schemaUrl="#Ruas_Nenhuma_Rota_Proxima">
            <SimpleData name="fid">94</SimpleData>
            <SimpleData name="id">Doutor_Laureano.97</SimpleData>
            <SimpleData name="Name">Viaduto Vila São Luiz</SimpleData>
            <SimpleData name="Distrito">1º</SimpleData>
            <SimpleData name="id_trecho">1914</SimpleData>
            <SimpleData name="Extensao_m">15.2624651663807</SimpleData>
            <SimpleData name="Bairro_logradouros">Doutor Laureano</SimpleData>
            <SimpleData name="Bairro_rotas"></SimpleData>
            <SimpleData name="Lote">I</SimpleData>
            <SimpleData name="Rota"></SimpleData>
            <SimpleData name="Turno">Manhã</SimpleData>
            <SimpleData name="Dias_da_semana">seg,ter,qua,qui,sex,sab</SimpleData>
            <SimpleData name="Hit_Rate">72.22</SimpleData>
            <SimpleData name="Status">Validado (Rua sem rota)</SimpleData>
            <SimpleData name="Bloco">Seg_a_Sab</SimpleData>
          </SchemaData>
        </ExtendedData>
        <MultiGeometry>
          <LineString>
            <coordinates>-43.2867342037375,-22.7635952258963,0 -43.2868704,-22.7636029,0 -43.2868823186787,-22.763605156117,0</coordinates>
          </LineString>
        </MultiGeometry>
      </Placemark>
      <Placemark id="Ruas_Nenhuma_Rota_Proxima.95">
        <name>Viaduto Vila São Luiz</name>
        <Style>
          <LineStyle>
            <color>ff0000ff</color>
          </LineStyle>
          <PolyStyle>
            <fill>0</fill>
          </PolyStyle>
        </Style>
        <ExtendedData>
          <SchemaData schemaUrl="#Ruas_Nenhuma_Rota_Proxima">
            <SimpleData name="fid">95</SimpleData>
            <SimpleData name="id">Doutor_Laureano.97</SimpleData>
            <SimpleData name="Name">Viaduto Vila São Luiz</SimpleData>
            <SimpleData name="Distrito">1º</SimpleData>
            <SimpleData name="id_trecho">1915</SimpleData>
            <SimpleData name="Extensao_m">13.0967899079858</SimpleData>
            <SimpleData name="Bairro_logradouros">Doutor Laureano</SimpleData>
            <SimpleData name="Bairro_rotas"></SimpleData>
            <SimpleData name="Lote">I</SimpleData>
            <SimpleData name="Rota"></SimpleData>
            <SimpleData name="Turno">Manhã</SimpleData>
            <SimpleData name="Dias_da_semana">seg,ter,qua,qui,sex,sab</SimpleData>
            <SimpleData name="Hit_Rate">88.89</SimpleData>
            <SimpleData name="Status">Validado (Rua sem rota)</SimpleData>
            <SimpleData name="Bloco">Seg_a_Sab</SimpleData>
          </SchemaData>
        </ExtendedData>
        <MultiGeometry>
          <LineString>
            <coordinates>-43.2868823186787,-22.763605156117,0 -43.286975,-22.7636227,0 -43.2870050548975,-22.7636351849103,0</coordinates>
          </LineString>
        </MultiGeometry>
      </Placemark>
      <Placemark id="Ruas_Nenhuma_Rota_Proxima.96">
        <name>Viaduto Vila São Luiz</name>
        <Style>
          <LineStyle>
            <color>ff0000ff</color>
          </LineStyle>
          <PolyStyle>
            <fill>0</fill>
          </PolyStyle>
        </Style>
        <ExtendedData>
          <SchemaData schemaUrl="#Ruas_Nenhuma_Rota_Proxima">
            <SimpleData name="fid">96</SimpleData>
            <SimpleData name="id">Doutor_Laureano.97</SimpleData>
            <SimpleData name="Name">Viaduto Vila São Luiz</SimpleData>
            <SimpleData name="Distrito">1º</SimpleData>
            <SimpleData name="id_trecho">1916</SimpleData>
            <SimpleData name="Extensao_m">86.4424581870465</SimpleData>
            <SimpleData name="Bairro_logradouros">Doutor Laureano</SimpleData>
            <SimpleData name="Bairro_rotas"></SimpleData>
            <SimpleData name="Lote">I</SimpleData>
            <SimpleData name="Rota"></SimpleData>
            <SimpleData name="Turno">Manhã</SimpleData>
            <SimpleData name="Dias_da_semana">seg,ter,qua,qui,sex,sab</SimpleData>
            <SimpleData name="Hit_Rate">100</SimpleData>
            <SimpleData name="Status">Validado (Rua sem rota)</SimpleData>
            <SimpleData name="Bloco">Seg_a_Sab</SimpleData>
          </SchemaData>
        </ExtendedData>
        <MultiGeometry>
          <LineString>
            <coordinates>-43.2870050548975,-22.7636351849103,0 -43.2872191,-22.7637241,0 -43.2874176,-22.7638837,0 -43.2875048,-22.7640333,0 -43.2875262,-22.7640889,0 -43.2875423,-22.764178,0</coordinates>
          </LineString>
        </MultiGeometry>
      </Placemark>
      <Placemark id="Ruas_Nenhuma_Rota_Proxima.97">
        <name>Viaduto Vila São Luiz</name>
        <Style>
          <LineStyle>
            <color>ff0000ff</color>
          </LineStyle>
          <PolyStyle>
            <fill>0</fill>
          </PolyStyle>
        </Style>
        <ExtendedData>
          <SchemaData schemaUrl="#Ruas_Nenhuma_Rota_Proxima">
            <SimpleData name="fid">97</SimpleData>
            <SimpleData name="id">Doutor_Laureano.97</SimpleData>
            <SimpleData name="Name">Viaduto Vila São Luiz</SimpleData>
            <SimpleData name="Distrito">1º</SimpleData>
            <SimpleData name="id_trecho">1917</SimpleData>
            <SimpleData name="Extensao_m">143.213417662852</SimpleData>
            <SimpleData name="Bairro_logradouros">Doutor Laureano</SimpleData>
            <SimpleData name="Bairro_rotas"></SimpleData>
            <SimpleData name="Lote">I</SimpleData>
            <SimpleData name="Rota"></SimpleData>
            <SimpleData name="Turno">Manhã</SimpleData>
            <SimpleData name="Dias_da_semana">seg,ter,qua,qui,sex,sab</SimpleData>
            <SimpleData name="Hit_Rate">100</SimpleData>
            <SimpleData name="Status">Validado (Rua sem rota)</SimpleData>
            <SimpleData name="Bloco">Seg_a_Sab</SimpleData>
          </SchemaData>
        </ExtendedData>
        <MultiGeometry>
          <LineString>
            <coordinates>-43.2875423,-22.764178,0 -43.2875209,-22.7643227,0 -43.2874632,-22.764476,0 -43.2873666,-22.7646293,0 -43.2872728,-22.7647097,0 -43.2871266,-22.7648099,0 -43.2870622,-22.7648754,0 -43.2870045,-22.7649583,0 -43.2869155,-22.7652808,0</coordinates>
          </LineString>
        </MultiGeometry>
      </Placemark>
      <Placemark id="Ruas_Nenhuma_Rota_Proxima.98">
        <name>Rodovia Washington Luiz - Auxiliar</name>
        <Style>
          <LineStyle>
            <color>ff0000ff</color>
          </LineStyle>
          <PolyStyle>
            <fill>0</fill>
          </PolyStyle>
        </Style>
        <ExtendedData>
          <SchemaData schemaUrl="#Ruas_Nenhuma_Rota_Proxima">
            <SimpleData name="fid">98</SimpleData>
            <SimpleData name="id">Gramacho.41</SimpleData>
            <SimpleData name="Name">Rodovia Washington Luiz - Auxiliar</SimpleData>
            <SimpleData name="Distrito">1º</SimpleData>
            <SimpleData name="id_trecho">2163</SimpleData>
            <SimpleData name="Extensao_m">122.016909287153</SimpleData>
            <SimpleData name="Bairro_logradouros">Gramacho</SimpleData>
            <SimpleData name="Bairro_rotas"></SimpleData>
            <SimpleData name="Lote">I</SimpleData>
            <SimpleData name="Rota"></SimpleData>
            <SimpleData name="Turno">Manhã</SimpleData>
            <SimpleData name="Dias_da_semana">seg,ter,qua,qui,sex,sab</SimpleData>
            <SimpleData name="Hit_Rate">100</SimpleData>
            <SimpleData name="Status">Validado (Rua sem rota)</SimpleData>
            <SimpleData name="Bloco">Seg_a_Sab</SimpleData>
          </SchemaData>
        </ExtendedData>
        <MultiGeometry>
          <LineString>
            <coordinates>-43.286422,-22.7652308,0 -43.2864922,-22.7641309,0</coordinates>
          </LineString>
        </MultiGeometry>
      </Placemark>
      <Placemark id="Ruas_Nenhuma_Rota_Proxima.99">
        <name>Rodovia Washington Luiz - Auxiliar</name>
        <Style>
          <LineStyle>
            <color>ff0000ff</color>
          </LineStyle>
          <PolyStyle>
            <fill>0</fill>
          </PolyStyle>
        </Style>
        <ExtendedData>
          <SchemaData schemaUrl="#Ruas_Nenhuma_Rota_Proxima">
            <SimpleData name="fid">99</SimpleData>
            <SimpleData name="id">Gramacho.41</SimpleData>
            <SimpleData name="Name">Rodovia Washington Luiz - Auxiliar</SimpleData>
            <SimpleData name="Distrito">1º</SimpleData>
            <SimpleData name="id_trecho">2164</SimpleData>
            <SimpleData name="Extensao_m">52.5662218902471</SimpleData>
            <SimpleData name="Bairro_logradouros">Gramacho</SimpleData>
            <SimpleData name="Bairro_rotas"></SimpleData>
            <SimpleData name="Lote">I</SimpleData>
            <SimpleData name="Rota"></SimpleData>
            <SimpleData name="Turno">Manhã</SimpleData>
            <SimpleData name="Dias_da_semana">seg,ter,qua,qui,sex,sab</SimpleData>
            <SimpleData name="Hit_Rate">100</SimpleData>
            <SimpleData name="Status">Validado (Rua sem rota)</SimpleData>
            <SimpleData name="Bloco">Seg_a_Sab</SimpleData>
          </SchemaData>
        </ExtendedData>
        <MultiGeometry>
          <LineString>
            <coordinates>-43.2864922,-22.7641309,0 -43.2864963,-22.7637167,0 -43.2865005387472,-22.7636563670416,0</coordinates>
          </LineString>
        </MultiGeometry>
      </Placemark>
      <Placemark id="Ruas_Nenhuma_Rota_Proxima.100">
        <name>Rodovia Washington Luiz - Auxiliar</name>
        <Style>
          <LineStyle>
            <color>ff0000ff</color>
          </LineStyle>
          <PolyStyle>
            <fill>0</fill>
          </PolyStyle>
        </Style>
        <ExtendedData>
          <SchemaData schemaUrl="#Ruas_Nenhuma_Rota_Proxima">
            <SimpleData name="fid">100</SimpleData>
            <SimpleData name="id">Gramacho.41</SimpleData>
            <SimpleData name="Name">Rodovia Washington Luiz - Auxiliar</SimpleData>
            <SimpleData name="Distrito">1º</SimpleData>
            <SimpleData name="id_trecho">2170</SimpleData>
            <SimpleData name="Extensao_m">330.535185797318</SimpleData>
            <SimpleData name="Bairro_logradouros">Gramacho</SimpleData>
            <SimpleData name="Bairro_rotas"></SimpleData>
            <SimpleData name="Lote">I</SimpleData>
            <SimpleData name="Rota"></SimpleData>
            <SimpleData name="Turno">Manhã</SimpleData>
            <SimpleData name="Dias_da_semana">seg,ter,qua,qui,sex,sab</SimpleData>
            <SimpleData name="Hit_Rate">100</SimpleData>
            <SimpleData name="Status">Validado (Rua sem rota)</SimpleData>
            <SimpleData name="Bloco">Seg_a_Sab</SimpleData>
          </SchemaData>
        </ExtendedData>
        <MultiGeometry>
          <LineString>
            <coordinates>-43.2868798,-22.757427,0 -43.2869388,-22.7565613,0 -43.2869831,-22.7558576,0 -43.2870689,-22.7544474,0</coordinates>
          </LineString>
        </MultiGeometry>
      </Placemark>
      <Placemark id="Ruas_Nenhuma_Rota_Proxima.101">
        <name>Rodovia Washington Luiz - Auxiliar</name>
        <Style>
          <LineStyle>
            <color>ff0000ff</color>
          </LineStyle>
          <PolyStyle>
            <fill>0</fill>
          </PolyStyle>
        </Style>
        <ExtendedData>
          <SchemaData schemaUrl="#Ruas_Nenhuma_Rota_Proxima">
            <SimpleData name="fid">101</SimpleData>
            <SimpleData name="id">Gramacho.41</SimpleData>
            <SimpleData name="Name">Rodovia Washington Luiz - Auxiliar</SimpleData>
            <SimpleData name="Distrito">1º</SimpleData>
            <SimpleData name="id_trecho">2171</SimpleData>
            <SimpleData name="Extensao_m">247.030079822209</SimpleData>
            <SimpleData name="Bairro_logradouros">Gramacho</SimpleData>
            <SimpleData name="Bairro_rotas"></SimpleData>
            <SimpleData name="Lote">I</SimpleData>
            <SimpleData name="Rota"></SimpleData>
            <SimpleData name="Turno">Manhã</SimpleData>
            <SimpleData name="Dias_da_semana">seg,ter,qua,qui,sex,sab</SimpleData>
            <SimpleData name="Hit_Rate">100</SimpleData>
            <SimpleData name="Status">Validado (Rua sem rota)</SimpleData>
            <SimpleData name="Bloco">Seg_a_Sab</SimpleData>
          </SchemaData>
        </ExtendedData>
        <MultiGeometry>
          <LineString>
            <coordinates>-43.2870689,-22.7544474,0 -43.2870944,-22.7538925,0 -43.2871346,-22.7533334,0 -43.2872022,-22.7522202,0</coordinates>
          </LineString>
        </MultiGeometry>
      </Placemark>
      <Placemark id="Ruas_Nenhuma_Rota_Proxima.102">
        <name>Rua Ponta Grossa</name>
        <Style>
          <LineStyle>
            <color>ff0000ff</color>
          </LineStyle>
          <PolyStyle>
            <fill>0</fill>
          </PolyStyle>
        </Style>
        <ExtendedData>
          <SchemaData schemaUrl="#Ruas_Nenhuma_Rota_Proxima">
            <SimpleData name="fid">102</SimpleData>
            <SimpleData name="id">Gramacho.166</SimpleData>
            <SimpleData name="Name">Rua Ponta Grossa</SimpleData>
            <SimpleData name="Distrito">1º</SimpleData>
            <SimpleData name="id_trecho">2678</SimpleData>
            <SimpleData name="Extensao_m">244.825856860283</SimpleData>
            <SimpleData name="Bairro_logradouros">Gramacho</SimpleData>
            <SimpleData name="Bairro_rotas"></SimpleData>
            <SimpleData name="Lote">I</SimpleData>
            <SimpleData name="Rota"></SimpleData>
            <SimpleData name="Turno">Manhã</SimpleData>
            <SimpleData name="Dias_da_semana">seg,ter,qua,qui,sex,sab</SimpleData>
            <SimpleData name="Hit_Rate">100</SimpleData>
            <SimpleData name="Status">Validado (Rua sem rota)</SimpleData>
            <SimpleData name="Bloco">Seg_a_Sab</SimpleData>
          </SchemaData>
        </ExtendedData>
        <MultiGeometry>
          <LineString>
            <coordinates>-43.286318,-22.7521781,0 -43.2861728,-22.7543848,0</coordinates>
          </LineString>
        </MultiGeometry>
      </Placemark>
      <Placemark id="Ruas_Nenhuma_Rota_Proxima.103">
        <name>Viaduto Vila São Luiz</name>
        <Style>
          <LineStyle>
            <color>ff0000ff</color>
          </LineStyle>
          <PolyStyle>
            <fill>0</fill>
          </PolyStyle>
        </Style>
        <ExtendedData>
          <SchemaData schemaUrl="#Ruas_Nenhuma_Rota_Proxima">
            <SimpleData name="fid">103</SimpleData>
            <SimpleData name="id">Gramacho.202</SimpleData>
            <SimpleData name="Name">Viaduto Vila São Luiz</SimpleData>
            <SimpleData name="Distrito">1º</SimpleData>
            <SimpleData name="id_trecho">2860</SimpleData>
            <SimpleData name="Extensao_m">234.562652577976</SimpleData>
            <SimpleData name="Bairro_logradouros">Gramacho</SimpleData>
            <SimpleData name="Bairro_rotas"></SimpleData>
            <SimpleData name="Lote">I</SimpleData>
            <SimpleData name="Rota"></SimpleData>
            <SimpleData name="Turno">Manhã</SimpleData>
            <SimpleData name="Dias_da_semana">seg,ter,qua,qui,sex,sab</SimpleData>
            <SimpleData name="Hit_Rate">100</SimpleData>
            <SimpleData name="Status">Validado (Rua sem rota)</SimpleData>
            <SimpleData name="Bloco">Seg_a_Sab</SimpleData>
          </SchemaData>
        </ExtendedData>
        <MultiGeometry>
          <LineString>
            <coordinates>-43.286422,-22.7652308,0 -43.2863447,-22.7649768,0 -43.2862817,-22.7648767,0 -43.2862066,-22.7648,0 -43.2860483,-22.7646541,0 -43.2859437,-22.7645403,0 -43.2858861,-22.7644241,0 -43.2858565,-22.764314,0 -43.2858418,-22.7641842,0 -43.2858633,-22.7640704,0 -43.2859337,-22.7639294,0 -43.2860195,-22.7638286,0 -43.2861181,-22.7637501,0 -43.2862327,-22.7636895,0 -43.2863648,-22.76364,0 -43.286503707751,-22.7636112604653,0</coordinates>
          </LineString>
        </MultiGeometry>
      </Placemark>
      <Placemark id="Ruas_Nenhuma_Rota_Proxima.104">
        <name>Viaduto Vila São Luiz</name>
        <Style>
          <LineStyle>
            <color>ff0000ff</color>
          </LineStyle>
          <PolyStyle>
            <fill>0</fill>
          </PolyStyle>
        </Style>
        <ExtendedData>
          <SchemaData schemaUrl="#Ruas_Nenhuma_Rota_Proxima">
            <SimpleData name="fid">104</SimpleData>
            <SimpleData name="id">Gramacho.202</SimpleData>
            <SimpleData name="Name">Viaduto Vila São Luiz</SimpleData>
            <SimpleData name="Distrito">1º</SimpleData>
            <SimpleData name="id_trecho">2861</SimpleData>
            <SimpleData name="Extensao_m">16.4062967027857</SimpleData>
            <SimpleData name="Bairro_logradouros">Gramacho</SimpleData>
            <SimpleData name="Bairro_rotas"></SimpleData>
            <SimpleData name="Lote">I</SimpleData>
            <SimpleData name="Rota"></SimpleData>
            <SimpleData name="Turno">Manhã</SimpleData>
            <SimpleData name="Dias_da_semana">seg,ter,qua,qui,sex,sab</SimpleData>
            <SimpleData name="Hit_Rate">88.89</SimpleData>
            <SimpleData name="Status">Validado (Rua sem rota)</SimpleData>
            <SimpleData name="Bloco">Seg_a_Sab</SimpleData>
          </SchemaData>
        </ExtendedData>
        <MultiGeometry>
          <LineString>
            <coordinates>-43.286503707751,-22.7636112604653,0 -43.286562,-22.7635992,0 -43.2866618974436,-22.7635945325987,0</coordinates>
          </LineString>
        </MultiGeometry>
      </Placemark>
      <Placemark id="Ruas_Nenhuma_Rota_Proxima.105">
        <name>Viaduto Vila São Luiz</name>
        <Style>
          <LineStyle>
            <color>ff0000ff</color>
          </LineStyle>
          <PolyStyle>
            <fill>0</fill>
          </PolyStyle>
        </Style>
        <ExtendedData>
          <SchemaData schemaUrl="#Ruas_Nenhuma_Rota_Proxima">
            <SimpleData name="fid">105</SimpleData>
            <SimpleData name="id">Gramacho.202</SimpleData>
            <SimpleData name="Name">Viaduto Vila São Luiz</SimpleData>
            <SimpleData name="Distrito">1º</SimpleData>
            <SimpleData name="id_trecho">2864</SimpleData>
            <SimpleData name="Extensao_m">16.5066497771269</SimpleData>
            <SimpleData name="Bairro_logradouros">Gramacho</SimpleData>
            <SimpleData name="Bairro_rotas"></SimpleData>
            <SimpleData name="Lote">I</SimpleData>
            <SimpleData name="Rota"></SimpleData>
            <SimpleData name="Turno">Manhã</SimpleData>
            <SimpleData name="Dias_da_semana">seg,ter,qua,qui,sex,sab</SimpleData>
            <SimpleData name="Hit_Rate">88.89</SimpleData>
            <SimpleData name="Status">Validado (Rua sem rota)</SimpleData>
            <SimpleData name="Bloco">Seg_a_Sab</SimpleData>
          </SchemaData>
        </ExtendedData>
        <MultiGeometry>
          <LineString>
            <coordinates>-43.2866594758755,-22.7636342327204,0 -43.2865016,-22.7636561,0 -43.2865005387472,-22.7636563670416,0</coordinates>
          </LineString>
        </MultiGeometry>
      </Placemark>
      <Placemark id="Ruas_Nenhuma_Rota_Proxima.106">
        <name>Viaduto Vila São Luiz</name>
        <Style>
          <LineStyle>
            <color>ff0000ff</color>
          </LineStyle>
          <PolyStyle>
            <fill>0</fill>
          </PolyStyle>
        </Style>
        <ExtendedData>
          <SchemaData schemaUrl="#Ruas_Nenhuma_Rota_Proxima">
            <SimpleData name="fid">106</SimpleData>
            <SimpleData name="id">Gramacho.202</SimpleData>
            <SimpleData name="Name">Viaduto Vila São Luiz</SimpleData>
            <SimpleData name="Distrito">1º</SimpleData>
            <SimpleData name="id_trecho">2865</SimpleData>
            <SimpleData name="Extensao_m">193.219491600638</SimpleData>
            <SimpleData name="Bairro_logradouros">Gramacho</SimpleData>
            <SimpleData name="Bairro_rotas"></SimpleData>
            <SimpleData name="Lote">I</SimpleData>
            <SimpleData name="Rota"></SimpleData>
            <SimpleData name="Turno">Manhã</SimpleData>
            <SimpleData name="Dias_da_semana">seg,ter,qua,qui,sex,sab</SimpleData>
            <SimpleData name="Hit_Rate">100</SimpleData>
            <SimpleData name="Status">Validado (Rua sem rota)</SimpleData>
            <SimpleData name="Bloco">Seg_a_Sab</SimpleData>
          </SchemaData>
        </ExtendedData>
        <MultiGeometry>
          <LineString>
            <coordinates>-43.2865005387472,-22.7636563670416,0 -43.286256,-22.7637179,0 -43.2861496,-22.7637847,0 -43.2860812,-22.7638354,0 -43.2859846,-22.7639418,0 -43.2859343,-22.7640419,0 -43.2858968,-22.7641687,0 -43.2858981,-22.7642602,0 -43.2859196,-22.7643363,0 -43.2859826,-22.7644123,0 -43.2860591,-22.76445,0 -43.2861623,-22.7644673,0 -43.2862696,-22.7644414,0 -43.2863528,-22.7643795,0 -43.2864212,-22.7642992,0 -43.2864922,-22.7641309,0</coordinates>
          </LineString>
        </MultiGeometry>
      </Placemark>
      <Placemark id="Ruas_Nenhuma_Rota_Proxima.107">
        <name>Avenida Kennedy</name>
        <Style>
          <LineStyle>
            <color>ff0000ff</color>
          </LineStyle>
          <PolyStyle>
            <fill>0</fill>
          </PolyStyle>
        </Style>
        <ExtendedData>
          <SchemaData schemaUrl="#Ruas_Nenhuma_Rota_Proxima">
            <SimpleData name="fid">107</SimpleData>
            <SimpleData name="id">Parque_Duque.172</SimpleData>
            <SimpleData name="Name">Avenida Kennedy</SimpleData>
            <SimpleData name="Distrito">1º</SimpleData>
            <SimpleData name="id_trecho">3759</SimpleData>
            <SimpleData name="Extensao_m">87.2773701424677</SimpleData>
            <SimpleData name="Bairro_logradouros">Parque Duque</SimpleData>
            <SimpleData name="Bairro_rotas"></SimpleData>
            <SimpleData name="Lote">I</SimpleData>
            <SimpleData name="Rota"></SimpleData>
            <SimpleData name="Turno">Manhã</SimpleData>
            <SimpleData name="Dias_da_semana">seg,ter,qua,qui,sex,sab</SimpleData>
            <SimpleData name="Hit_Rate">72.22</SimpleData>
            <SimpleData name="Status">Validado (Rua sem rota)</SimpleData>
            <SimpleData name="Bloco">Seg_a_Sab</SimpleData>
          </SchemaData>
        </ExtendedData>
        <MultiGeometry>
          <LineString>
            <coordinates>-43.286169,-22.7934634,0 -43.2863481,-22.7933503,0 -43.2864963,-22.7932545,0 -43.2866424,-22.7931549,0 -43.286861,-22.7930059,0</coordinates>
          </LineString>
        </MultiGeometry>
      </Placemark>
      <Placemark id="Ruas_Nenhuma_Rota_Proxima.108">
        <name>Rodovia Washington Luiz - Auxiliar</name>
        <Style>
          <LineStyle>
            <color>ff0000ff</color>
          </LineStyle>
          <PolyStyle>
            <fill>0</fill>
          </PolyStyle>
        </Style>
        <ExtendedData>
          <SchemaData schemaUrl="#Ruas_Nenhuma_Rota_Proxima">
            <SimpleData name="fid">108</SimpleData>
            <SimpleData name="id">Parque_Duque.174</SimpleData>
            <SimpleData name="Name">Rodovia Washington Luiz - Auxiliar</SimpleData>
            <SimpleData name="Distrito">1º</SimpleData>
            <SimpleData name="id_trecho">3972</SimpleData>
            <SimpleData name="Extensao_m">51.2231704022048</SimpleData>
            <SimpleData name="Bairro_logradouros">Parque Duque</SimpleData>
            <SimpleData name="Bairro_rotas"></SimpleData>
            <SimpleData name="Lote">I</SimpleData>
            <SimpleData name="Rota"></SimpleData>
            <SimpleData name="Turno">Manhã</SimpleData>
            <SimpleData name="Dias_da_semana">seg,ter,qua,qui,sex,sab</SimpleData>
            <SimpleData name="Hit_Rate">94.44</SimpleData>
            <SimpleData name="Status">Validado (Rua sem rota)</SimpleData>
            <SimpleData name="Bloco">Seg_a_Sab</SimpleData>
          </SchemaData>
        </ExtendedData>
        <MultiGeometry>
          <LineString>
            <coordinates>-43.2899818,-22.7980181,0 -43.2901615,-22.7984496,0</coordinates>
          </LineString>
        </MultiGeometry>
      </Placemark>
      <Placemark id="Ruas_Nenhuma_Rota_Proxima.109">
        <name>Rodovia Washington Luiz - Auxiliar</name>
        <Style>
          <LineStyle>
            <color>ff0000ff</color>
          </LineStyle>
          <PolyStyle>
            <fill>0</fill>
          </PolyStyle>
        </Style>
        <ExtendedData>
          <SchemaData schemaUrl="#Ruas_Nenhuma_Rota_Proxima">
            <SimpleData name="fid">109</SimpleData>
            <SimpleData name="id">Parque_Duque.174</SimpleData>
            <SimpleData name="Name">Rodovia Washington Luiz - Auxiliar</SimpleData>
            <SimpleData name="Distrito">1º</SimpleData>
            <SimpleData name="id_trecho">3973</SimpleData>
            <SimpleData name="Extensao_m">64.8208053854473</SimpleData>
            <SimpleData name="Bairro_logradouros">Parque Duque</SimpleData>
            <SimpleData name="Bairro_rotas"></SimpleData>
            <SimpleData name="Lote">I</SimpleData>
            <SimpleData name="Rota"></SimpleData>
            <SimpleData name="Turno">Manhã</SimpleData>
            <SimpleData name="Dias_da_semana">seg,ter,qua,qui,sex,sab</SimpleData>
            <SimpleData name="Hit_Rate">66.67</SimpleData>
            <SimpleData name="Status">Validado (Rua sem rota)</SimpleData>
            <SimpleData name="Bloco">Seg_a_Sab</SimpleData>
          </SchemaData>
        </ExtendedData>
        <MultiGeometry>
          <LineString>
            <coordinates>-43.2901615,-22.7984496,0 -43.2902191,-22.7985992,0 -43.2903613,-22.7990048,0</coordinates>
          </LineString>
        </MultiGeometry>
      </Placemark>
      <Placemark id="Ruas_Nenhuma_Rota_Proxima.110">
        <name>Rodovia Washington Luiz - Auxiliar</name>
        <Style>
          <LineStyle>
            <color>ff0000ff</color>
          </LineStyle>
          <PolyStyle>
            <fill>0</fill>
          </PolyStyle>
        </Style>
        <ExtendedData>
          <SchemaData schemaUrl="#Ruas_Nenhuma_Rota_Proxima">
            <SimpleData name="fid">110</SimpleData>
            <SimpleData name="id">Parque_Duque.174</SimpleData>
            <SimpleData name="Name">Rodovia Washington Luiz - Auxiliar</SimpleData>
            <SimpleData name="Distrito">1º</SimpleData>
            <SimpleData name="id_trecho">3974</SimpleData>
            <SimpleData name="Extensao_m">128.844572987576</SimpleData>
            <SimpleData name="Bairro_logradouros">Parque Duque</SimpleData>
            <SimpleData name="Bairro_rotas"></SimpleData>
            <SimpleData name="Lote">I</SimpleData>
            <SimpleData name="Rota"></SimpleData>
            <SimpleData name="Turno">Manhã</SimpleData>
            <SimpleData name="Dias_da_semana">seg,ter,qua,qui,sex,sab</SimpleData>
            <SimpleData name="Hit_Rate">66.67</SimpleData>
            <SimpleData name="Status">Validado (Rua sem rota)</SimpleData>
            <SimpleData name="Bloco">Seg_a_Sab</SimpleData>
          </SchemaData>
        </ExtendedData>
        <MultiGeometry>
          <LineString>
            <coordinates>-43.2903613,-22.7990048,0 -43.2904552,-22.7993015,0 -43.2905176,-22.7995555,0 -43.2906208,-22.8001415,0</coordinates>
          </LineString>
        </MultiGeometry>
      </Placemark>
      <Placemark id="Ruas_Nenhuma_Rota_Proxima.111">
        <name>Rodovia Washington Luiz - Auxiliar</name>
        <Style>
          <LineStyle>
            <color>ff0000ff</color>
          </LineStyle>
          <PolyStyle>
            <fill>0</fill>
          </PolyStyle>
        </Style>
        <ExtendedData>
          <SchemaData schemaUrl="#Ruas_Nenhuma_Rota_Proxima">
            <SimpleData name="fid">111</SimpleData>
            <SimpleData name="id">Parque_Duque.174</SimpleData>
            <SimpleData name="Name">Rodovia Washington Luiz - Auxiliar</SimpleData>
            <SimpleData name="Distrito">1º</SimpleData>
            <SimpleData name="id_trecho">3977</SimpleData>
            <SimpleData name="Extensao_m">64.8983468481849</SimpleData>
            <SimpleData name="Bairro_logradouros">Parque Duque</SimpleData>
            <SimpleData name="Bairro_rotas"></SimpleData>
            <SimpleData name="Lote">I</SimpleData>
            <SimpleData name="Rota"></SimpleData>
            <SimpleData name="Turno">Manhã</SimpleData>
            <SimpleData name="Dias_da_semana">seg,ter,qua,qui,sex,sab</SimpleData>
            <SimpleData name="Hit_Rate">83.33</SimpleData>
            <SimpleData name="Status">Validado (Rua sem rota)</SimpleData>
            <SimpleData name="Bloco">Seg_a_Sab</SimpleData>
          </SchemaData>
        </ExtendedData>
        <MultiGeometry>
          <LineString>
            <coordinates>-43.2906556,-22.8008778,0 -43.2906416,-22.8011263,0 -43.2906041,-22.8014617,0</coordinates>
          </LineString>
        </MultiGeometry>
      </Placemark>
      <Placemark id="Ruas_Nenhuma_Rota_Proxima.112">
        <name>Rodovia Washington Luiz - Auxiliar</name>
        <Style>
          <LineStyle>
            <color>ff0000ff</color>
          </LineStyle>
          <PolyStyle>
            <fill>0</fill>
          </PolyStyle>
        </Style>
        <ExtendedData>
          <SchemaData schemaUrl="#Ruas_Nenhuma_Rota_Proxima">
            <SimpleData name="fid">112</SimpleData>
            <SimpleData name="id">Parque_Duque.174</SimpleData>
            <SimpleData name="Name">Rodovia Washington Luiz - Auxiliar</SimpleData>
            <SimpleData name="Distrito">1º</SimpleData>
            <SimpleData name="id_trecho">3981</SimpleData>
            <SimpleData name="Extensao_m">101.485474851792</SimpleData>
            <SimpleData name="Bairro_logradouros">Parque Duque</SimpleData>
            <SimpleData name="Bairro_rotas"></SimpleData>
            <SimpleData name="Lote">I</SimpleData>
            <SimpleData name="Rota"></SimpleData>
            <SimpleData name="Turno">Manhã</SimpleData>
            <SimpleData name="Dias_da_semana">seg,ter,qua,qui,sex,sab</SimpleData>
            <SimpleData name="Hit_Rate">77.78</SimpleData>
            <SimpleData name="Status">Validado (Rua sem rota)</SimpleData>
            <SimpleData name="Bloco">Seg_a_Sab</SimpleData>
          </SchemaData>
        </ExtendedData>
        <MultiGeometry>
          <LineString>
            <coordinates>-43.2900455,-22.7996427,0 -43.2899885,-22.799409,0 -43.2899456,-22.7992409,0 -43.2898718,-22.7990109,0 -43.2897753,-22.7987624,0</coordinates>
          </LineString>
        </MultiGeometry>
      </Placemark>
      <Placemark id="Ruas_Nenhuma_Rota_Proxima.113">
        <name>Rodovia Washington Luiz - Auxiliar</name>
        <Style>
          <LineStyle>
            <color>ff0000ff</color>
          </LineStyle>
          <PolyStyle>
            <fill>0</fill>
          </PolyStyle>
        </Style>
        <ExtendedData>
          <SchemaData schemaUrl="#Ruas_Nenhuma_Rota_Proxima">
            <SimpleData name="fid">113</SimpleData>
            <SimpleData name="id">Parque_Duque.174</SimpleData>
            <SimpleData name="Name">Rodovia Washington Luiz - Auxiliar</SimpleData>
            <SimpleData name="Distrito">1º</SimpleData>
            <SimpleData name="id_trecho">3982</SimpleData>
            <SimpleData name="Extensao_m">489.984227791776</SimpleData>
            <SimpleData name="Bairro_logradouros">Parque Duque</SimpleData>
            <SimpleData name="Bairro_rotas"></SimpleData>
            <SimpleData name="Lote">I</SimpleData>
            <SimpleData name="Rota"></SimpleData>
            <SimpleData name="Turno">Manhã</SimpleData>
            <SimpleData name="Dias_da_semana">seg,ter,qua,qui,sex,sab</SimpleData>
            <SimpleData name="Hit_Rate">100</SimpleData>
            <SimpleData name="Status">Validado (Rua sem rota)</SimpleData>
            <SimpleData name="Bloco">Seg_a_Sab</SimpleData>
          </SchemaData>
        </ExtendedData>
        <MultiGeometry>
          <LineString>
            <coordinates>-43.2897753,-22.7987624,0 -43.289625,-22.7983964,0 -43.2894561,-22.7980502,0 -43.2891658,-22.7974736,0 -43.2890174,-22.797185,0 -43.2888874,-22.7969165,0 -43.288752,-22.7966507,0 -43.2884677,-22.7961031,0 -43.2881244,-22.795449,0 -43.287769,-22.7947492,0</coordinates>
          </LineString>
        </MultiGeometry>
      </Placemark>
      <Placemark id="Ruas_Nenhuma_Rota_Proxima.114">
        <name>Rodovia Washington Luiz - Auxiliar</name>
        <Style>
          <LineStyle>
            <color>ff0000ff</color>
          </LineStyle>
          <PolyStyle>
            <fill>0</fill>
          </PolyStyle>
        </Style>
        <ExtendedData>
          <SchemaData schemaUrl="#Ruas_Nenhuma_Rota_Proxima">
            <SimpleData name="fid">114</SimpleData>
            <SimpleData name="id">Parque_Duque.174</SimpleData>
            <SimpleData name="Name">Rodovia Washington Luiz - Auxiliar</SimpleData>
            <SimpleData name="Distrito">1º</SimpleData>
            <SimpleData name="id_trecho">3992</SimpleData>
            <SimpleData name="Extensao_m">234.139387589289</SimpleData>
            <SimpleData name="Bairro_logradouros">Parque Duque</SimpleData>
            <SimpleData name="Bairro_rotas"></SimpleData>
            <SimpleData name="Lote">I</SimpleData>
            <SimpleData name="Rota"></SimpleData>
            <SimpleData name="Turno">Manhã</SimpleData>
            <SimpleData name="Dias_da_semana">seg,ter,qua,qui,sex,sab</SimpleData>
            <SimpleData name="Hit_Rate">77.78</SimpleData>
            <SimpleData name="Status">Validado (Rua sem rota)</SimpleData>
            <SimpleData name="Bloco">Seg_a_Sab</SimpleData>
          </SchemaData>
        </ExtendedData>
        <MultiGeometry>
          <LineString>
            <coordinates>-43.286861,-22.7930059,0 -43.2867283,-22.7927562,0 -43.2864507,-22.7922196,0 -43.2861985,-22.7917189,0 -43.2860698,-22.7914345,0 -43.285984,-22.7912455,0 -43.2859128120777,-22.7910837539643,0</coordinates>
          </LineString>
        </MultiGeometry>
      </Placemark>
      <Placemark id="Ruas_Nenhuma_Rota_Proxima.115">
        <name>Viaduto Acesso Duque de Caxias-Washington Luiz</name>
        <Style>
          <LineStyle>
            <color>ff0000ff</color>
          </LineStyle>
          <PolyStyle>
            <fill>0</fill>
          </PolyStyle>
        </Style>
        <ExtendedData>
          <SchemaData schemaUrl="#Ruas_Nenhuma_Rota_Proxima">
            <SimpleData name="fid">115</SimpleData>
            <SimpleData name="id">Parque_Duque.173</SimpleData>
            <SimpleData name="Name">Viaduto Acesso Duque de Caxias-Washington Luiz</SimpleData>
            <SimpleData name="Distrito">1º</SimpleData>
            <SimpleData name="id_trecho">4669</SimpleData>
            <SimpleData name="Extensao_m">113.736203059303</SimpleData>
            <SimpleData name="Bairro_logradouros">Parque Duque</SimpleData>
            <SimpleData name="Bairro_rotas"></SimpleData>
            <SimpleData name="Lote">I</SimpleData>
            <SimpleData name="Rota"></SimpleData>
            <SimpleData name="Turno">Manhã</SimpleData>
            <SimpleData name="Dias_da_semana">seg,ter,qua,qui,sex,sab</SimpleData>
            <SimpleData name="Hit_Rate">100</SimpleData>
            <SimpleData name="Status">Validado (Rua sem rota)</SimpleData>
            <SimpleData name="Bloco">Seg_a_Sab</SimpleData>
          </SchemaData>
        </ExtendedData>
        <MultiGeometry>
          <LineString>
            <coordinates>-43.2901587351283,-22.8002012793988,0 -43.2899415,-22.8002012,0 -43.2898356,-22.8001891,0 -43.2897484,-22.8001594,0 -43.2896478,-22.8000976,0 -43.2895674,-22.800016,0 -43.2895084,-22.7999245,0 -43.2894816,-22.7998269,0 -43.2894762,-22.7997168,0 -43.2894963,-22.7996179,0</coordinates>
          </LineString>
        </MultiGeometry>
      </Placemark>
      <Placemark id="Ruas_Nenhuma_Rota_Proxima.116">
        <name>Viaduto Acesso Duque de Caxias-Washington Luiz</name>
        <Style>
          <LineStyle>
            <color>ff0000ff</color>
          </LineStyle>
          <PolyStyle>
            <fill>0</fill>
          </PolyStyle>
        </Style>
        <ExtendedData>
          <SchemaData schemaUrl="#Ruas_Nenhuma_Rota_Proxima">
            <SimpleData name="fid">116</SimpleData>
            <SimpleData name="id">Parque_Duque.173</SimpleData>
            <SimpleData name="Name">Viaduto Acesso Duque de Caxias-Washington Luiz</SimpleData>
            <SimpleData name="Distrito">1º</SimpleData>
            <SimpleData name="id_trecho">4671</SimpleData>
            <SimpleData name="Extensao_m">101.931884248703</SimpleData>
            <SimpleData name="Bairro_logradouros">Parque Duque</SimpleData>
            <SimpleData name="Bairro_rotas"></SimpleData>
            <SimpleData name="Lote">I</SimpleData>
            <SimpleData name="Rota"></SimpleData>
            <SimpleData name="Turno">Manhã</SimpleData>
            <SimpleData name="Dias_da_semana">seg,ter,qua,qui,sex,sab</SimpleData>
            <SimpleData name="Hit_Rate">100</SimpleData>
            <SimpleData name="Status">Validado (Rua sem rota)</SimpleData>
            <SimpleData name="Bloco">Seg_a_Sab</SimpleData>
          </SchemaData>
        </ExtendedData>
        <MultiGeometry>
          <LineString>
            <coordinates>-43.2894963,-22.7996179,0 -43.2895164,-22.7995357,0 -43.2895506,-22.7994683,0 -43.2895942,-22.7994016,0 -43.2897102,-22.799231,0 -43.2897605,-22.7991314,0 -43.2897779,-22.7990566,0 -43.28979,-22.7989781,0 -43.289788,-22.7989015,0 -43.2897753,-22.7987624,0</coordinates>
          </LineString>
        </MultiGeometry>
      </Placemark>
      <Placemark id="Ruas_Nenhuma_Rota_Proxima.117">
        <name>Rua Almeida Junior</name>
        <Style>
          <LineStyle>
            <color>ff0000ff</color>
          </LineStyle>
          <PolyStyle>
            <fill>0</fill>
          </PolyStyle>
        </Style>
        <ExtendedData>
          <SchemaData schemaUrl="#Ruas_Nenhuma_Rota_Proxima">
            <SimpleData name="fid">117</SimpleData>
            <SimpleData name="id">Parque_Fluminense.166</SimpleData>
            <SimpleData name="Name">Rua Almeida Junior</SimpleData>
            <SimpleData name="Distrito">2º</SimpleData>
            <SimpleData name="id_trecho">4756</SimpleData>
            <SimpleData name="Extensao_m">86.6065382528847</SimpleData>
            <SimpleData name="Bairro_logradouros">Parque Fluminense</SimpleData>
            <SimpleData name="Bairro_rotas"></SimpleData>
            <SimpleData name="Lote">I</SimpleData>
            <SimpleData name="Rota"></SimpleData>
            <SimpleData name="Turno">Manhã</SimpleData>
            <SimpleData name="Dias_da_semana">seg,ter,qua,qui,sex,sab</SimpleData>
            <SimpleData name="Hit_Rate">88.89</SimpleData>
            <SimpleData name="Status">Validado (Rua sem rota)</SimpleData>
            <SimpleData name="Bloco">Seg_a_Sab</SimpleData>
          </SchemaData>
        </ExtendedData>
        <MultiGeometry>
          <LineString>
            <coordinates>-43.3198183397574,-22.7376327649848,0 -43.3196497,-22.7368665,0</coordinates>
          </LineString>
        </MultiGeometry>
      </Placemark>
      <Placemark id="Ruas_Nenhuma_Rota_Proxima.118">
        <name>Rua Almeida Junior</name>
        <Style>
          <LineStyle>
            <color>ff0000ff</color>
          </LineStyle>
          <PolyStyle>
            <fill>0</fill>
          </PolyStyle>
        </Style>
        <ExtendedData>
          <SchemaData schemaUrl="#Ruas_Nenhuma_Rota_Proxima">
            <SimpleData name="fid">118</SimpleData>
            <SimpleData name="id">Parque_Fluminense.166</SimpleData>
            <SimpleData name="Name">Rua Almeida Junior</SimpleData>
            <SimpleData name="Distrito">2º</SimpleData>
            <SimpleData name="id_trecho">4757</SimpleData>
            <SimpleData name="Extensao_m">116.523044672434</SimpleData>
            <SimpleData name="Bairro_logradouros">Parque Fluminense</SimpleData>
            <SimpleData name="Bairro_rotas"></SimpleData>
            <SimpleData name="Lote">I</SimpleData>
            <SimpleData name="Rota"></SimpleData>
            <SimpleData name="Turno">Manhã</SimpleData>
            <SimpleData name="Dias_da_semana">seg,ter,qua,qui,sex,sab</SimpleData>
            <SimpleData name="Hit_Rate">77.78</SimpleData>
            <SimpleData name="Status">Validado (Rua sem rota)</SimpleData>
            <SimpleData name="Bloco">Seg_a_Sab</SimpleData>
          </SchemaData>
        </ExtendedData>
        <MultiGeometry>
          <LineString>
            <coordinates>-43.3196497,-22.7368665,0 -43.3194257,-22.735835,0</coordinates>
          </LineString>
        </MultiGeometry>
      </Placemark>
      <Placemark id="Ruas_Nenhuma_Rota_Proxima.119">
        <name>Rua Campo Grande</name>
        <Style>
          <LineStyle>
            <color>ff0000ff</color>
          </LineStyle>
          <PolyStyle>
            <fill>0</fill>
          </PolyStyle>
        </Style>
        <ExtendedData>
          <SchemaData schemaUrl="#Ruas_Nenhuma_Rota_Proxima">
            <SimpleData name="fid">119</SimpleData>
            <SimpleData name="id">Parque_Fluminense.7</SimpleData>
            <SimpleData name="Name">Rua Campo Grande</SimpleData>
            <SimpleData name="Distrito">2º</SimpleData>
            <SimpleData name="id_trecho">4804</SimpleData>
            <SimpleData name="Extensao_m">68.3556698740188</SimpleData>
            <SimpleData name="Bairro_logradouros">Parque Fluminense</SimpleData>
            <SimpleData name="Bairro_rotas"></SimpleData>
            <SimpleData name="Lote">I</SimpleData>
            <SimpleData name="Rota"></SimpleData>
            <SimpleData name="Turno">Manhã</SimpleData>
            <SimpleData name="Dias_da_semana">seg,ter,qua,qui,sex,sab</SimpleData>
            <SimpleData name="Hit_Rate">100</SimpleData>
            <SimpleData name="Status">Validado (Rua sem rota)</SimpleData>
            <SimpleData name="Bloco">Seg_a_Sab</SimpleData>
          </SchemaData>
        </ExtendedData>
        <MultiGeometry>
          <LineString>
            <coordinates>-43.3200410290207,-22.7254436486469,0 -43.3198678,-22.7251978,0 -43.3196872,-22.724921,0</coordinates>
          </LineString>
        </MultiGeometry>
      </Placemark>
      <Placemark id="Ruas_Nenhuma_Rota_Proxima.120">
        <name>Rodovia Washington Luiz - Auxiliar</name>
        <Style>
          <LineStyle>
            <color>ff0000ff</color>
          </LineStyle>
          <PolyStyle>
            <fill>0</fill>
          </PolyStyle>
        </Style>
        <ExtendedData>
          <SchemaData schemaUrl="#Ruas_Nenhuma_Rota_Proxima">
            <SimpleData name="fid">120</SimpleData>
            <SimpleData name="id">Parque_Sarapui.2</SimpleData>
            <SimpleData name="Name">Rodovia Washington Luiz - Auxiliar</SimpleData>
            <SimpleData name="Distrito">1º</SimpleData>
            <SimpleData name="id_trecho">5334</SimpleData>
            <SimpleData name="Extensao_m">323.458113290723</SimpleData>
            <SimpleData name="Bairro_logradouros">Parque Sarapui</SimpleData>
            <SimpleData name="Bairro_rotas"></SimpleData>
            <SimpleData name="Lote">I</SimpleData>
            <SimpleData name="Rota"></SimpleData>
            <SimpleData name="Turno">Manhã</SimpleData>
            <SimpleData name="Dias_da_semana">seg,ter,qua,qui,sex,sab</SimpleData>
            <SimpleData name="Hit_Rate">88.89</SimpleData>
            <SimpleData name="Status">Validado (Rua sem rota)</SimpleData>
            <SimpleData name="Bloco">Seg_a_Sab</SimpleData>
          </SchemaData>
        </ExtendedData>
        <MultiGeometry>
          <LineString>
            <coordinates>-43.2859128120777,-22.7910837539643,0 -43.2859116,-22.791081,0 -43.2857961,-22.7908104,0 -43.2857684,-22.7907454,0 -43.2856541,-22.7904777,0 -43.2854731,-22.7898817,0 -43.2853819,-22.7895306,0 -43.2853457,-22.7893482,0 -43.2853108,-22.7892116,0 -43.2852918,-22.7889596,0 -43.2852309,-22.7885394,0 -43.2851936,-22.7882552,0</coordinates>
          </LineString>
        </MultiGeometry>
      </Placemark>
      <Placemark id="Ruas_Nenhuma_Rota_Proxima.121">
        <name>Rodovia Washington Luiz - Auxiliar</name>
        <Style>
          <LineStyle>
            <color>ff0000ff</color>
          </LineStyle>
          <PolyStyle>
            <fill>0</fill>
          </PolyStyle>
        </Style>
        <ExtendedData>
          <SchemaData schemaUrl="#Ruas_Nenhuma_Rota_Proxima">
            <SimpleData name="fid">121</SimpleData>
            <SimpleData name="id">Parque_Sarapui.2</SimpleData>
            <SimpleData name="Name">Rodovia Washington Luiz - Auxiliar</SimpleData>
            <SimpleData name="Distrito">1º</SimpleData>
            <SimpleData name="id_trecho">5339</SimpleData>
            <SimpleData name="Extensao_m">141.059062574256</SimpleData>
            <SimpleData name="Bairro_logradouros">Parque Sarapui</SimpleData>
            <SimpleData name="Bairro_rotas"></SimpleData>
            <SimpleData name="Lote">I</SimpleData>
            <SimpleData name="Rota"></SimpleData>
            <SimpleData name="Turno">Manhã</SimpleData>
            <SimpleData name="Dias_da_semana">seg,ter,qua,qui,sex,sab</SimpleData>
            <SimpleData name="Hit_Rate">88.89</SimpleData>
            <SimpleData name="Status">Validado (Rua sem rota)</SimpleData>
            <SimpleData name="Bloco">Seg_a_Sab</SimpleData>
          </SchemaData>
        </ExtendedData>
        <MultiGeometry>
          <LineString>
            <coordinates>-43.2859474,-22.7731017,0 -43.2859588,-22.7728064,0 -43.2859766,-22.7724719,0 -43.2859934,-22.7720912,0 -43.2860119,-22.7718294,0</coordinates>
          </LineString>
        </MultiGeometry>
      </Placemark>
      <Placemark id="Ruas_Nenhuma_Rota_Proxima.122">
        <name>Rodovia Washington Luiz - Auxiliar</name>
        <Style>
          <LineStyle>
            <color>ff0000ff</color>
          </LineStyle>
          <PolyStyle>
            <fill>0</fill>
          </PolyStyle>
        </Style>
        <ExtendedData>
          <SchemaData schemaUrl="#Ruas_Nenhuma_Rota_Proxima">
            <SimpleData name="fid">122</SimpleData>
            <SimpleData name="id">Parque_Sarapui.2</SimpleData>
            <SimpleData name="Name">Rodovia Washington Luiz - Auxiliar</SimpleData>
            <SimpleData name="Distrito">1º</SimpleData>
            <SimpleData name="id_trecho">5340</SimpleData>
            <SimpleData name="Extensao_m">373.768701336434</SimpleData>
            <SimpleData name="Bairro_logradouros">Parque Sarapui</SimpleData>
            <SimpleData name="Bairro_rotas"></SimpleData>
            <SimpleData name="Lote">I</SimpleData>
            <SimpleData name="Rota"></SimpleData>
            <SimpleData name="Turno">Manhã</SimpleData>
            <SimpleData name="Dias_da_semana">seg,ter,qua,qui,sex,sab</SimpleData>
            <SimpleData name="Hit_Rate">100</SimpleData>
            <SimpleData name="Status">Validado (Rua sem rota)</SimpleData>
            <SimpleData name="Bloco">Seg_a_Sab</SimpleData>
          </SchemaData>
        </ExtendedData>
        <MultiGeometry>
          <LineString>
            <coordinates>-43.2860119,-22.7718294,0 -43.2860296,-22.7713653,0 -43.2860484,-22.7710856,0 -43.2860681,-22.7708678,0 -43.2861006,-22.7704328,0 -43.2861328,-22.7700358,0 -43.2861555,-22.7696547,0 -43.2862267,-22.7684604,0</coordinates>
          </LineString>
        </MultiGeometry>
      </Placemark>
      <Placemark id="Ruas_Nenhuma_Rota_Proxima.123">
        <name>Viaduto Irineu Marinho</name>
        <Style>
          <LineStyle>
            <color>ff0000ff</color>
          </LineStyle>
          <PolyStyle>
            <fill>0</fill>
          </PolyStyle>
        </Style>
        <ExtendedData>
          <SchemaData schemaUrl="#Ruas_Nenhuma_Rota_Proxima">
            <SimpleData name="fid">123</SimpleData>
            <SimpleData name="id">Parque_Sarapui.12</SimpleData>
            <SimpleData name="Name">Viaduto Irineu Marinho</SimpleData>
            <SimpleData name="Distrito">1º</SimpleData>
            <SimpleData name="id_trecho">5376</SimpleData>
            <SimpleData name="Extensao_m">268.079102058181</SimpleData>
            <SimpleData name="Bairro_logradouros">Parque Sarapui</SimpleData>
            <SimpleData name="Bairro_rotas"></SimpleData>
            <SimpleData name="Lote">I</SimpleData>
            <SimpleData name="Rota"></SimpleData>
            <SimpleData name="Turno">Manhã</SimpleData>
            <SimpleData name="Dias_da_semana">seg,ter,qua,qui,sex,sab</SimpleData>
            <SimpleData name="Hit_Rate">100</SimpleData>
            <SimpleData name="Status">Validado (Rua sem rota)</SimpleData>
            <SimpleData name="Bloco">Seg_a_Sab</SimpleData>
          </SchemaData>
        </ExtendedData>
        <MultiGeometry>
          <LineString>
            <coordinates>-43.2840613644185,-22.7882604429216,0 -43.2840612,-22.7882603,0 -43.2839597,-22.7881694,0 -43.283912,-22.7881213,0 -43.283881,-22.7880852,0 -43.2838556,-22.7880498,0 -43.2838383,-22.7880118,0 -43.2838317,-22.7879886,0 -43.2838252,-22.7879603,0 -43.2838256,-22.7879197,0 -43.2838305,-22.7878829,0 -43.2838399,-22.7878478,0 -43.2838567,-22.7878088,0 -43.2838861,-22.7877664,0 -43.2839911,-22.7876437,0 -43.2846376,-22.7869219,0 -43.2851594485746,-22.7863615062832,0</coordinates>
          </LineString>
        </MultiGeometry>
      </Placemark>
      <Placemark id="Ruas_Nenhuma_Rota_Proxima.124">
        <name>Viaduto Irineu Marinho</name>
        <Style>
          <LineStyle>
            <color>ff0000ff</color>
          </LineStyle>
          <PolyStyle>
            <fill>0</fill>
          </PolyStyle>
        </Style>
        <ExtendedData>
          <SchemaData schemaUrl="#Ruas_Nenhuma_Rota_Proxima">
            <SimpleData name="fid">124</SimpleData>
            <SimpleData name="id">Parque_Sarapui.12</SimpleData>
            <SimpleData name="Name">Viaduto Irineu Marinho</SimpleData>
            <SimpleData name="Distrito">1º</SimpleData>
            <SimpleData name="id_trecho">5381</SimpleData>
            <SimpleData name="Extensao_m">292.45364028349</SimpleData>
            <SimpleData name="Bairro_logradouros">Parque Sarapui</SimpleData>
            <SimpleData name="Bairro_rotas"></SimpleData>
            <SimpleData name="Lote">I</SimpleData>
            <SimpleData name="Rota"></SimpleData>
            <SimpleData name="Turno">Manhã</SimpleData>
            <SimpleData name="Dias_da_semana">seg,ter,qua,qui,sex,sab</SimpleData>
            <SimpleData name="Hit_Rate">94.44</SimpleData>
            <SimpleData name="Status">Validado (Rua sem rota)</SimpleData>
            <SimpleData name="Bloco">Seg_a_Sab</SimpleData>
          </SchemaData>
        </ExtendedData>
        <MultiGeometry>
          <LineString>
            <coordinates>-43.2851558080284,-22.7864443935847,0 -43.2846671,-22.7869791,0 -43.2840254,-22.7876915,0 -43.2839393,-22.7877968,0 -43.2839049,-22.7878465,0 -43.2838877,-22.7878855,0 -43.2838838,-22.7879305,0 -43.2838854,-22.7879672,0 -43.2838954,-22.7880007,0 -43.2839153,-22.7880392,0 -43.2839496,-22.7880845,0 -43.2840502,-22.7881822,0 -43.284085,-22.7882078,0 -43.2841227,-22.7882254,0 -43.2841657,-22.7882353,0 -43.2841982,-22.788238,0 -43.2842334,-22.7882358,0 -43.2842677,-22.7882313,0 -43.2843022,-22.7882208,0 -43.2843663,-22.7881914,0 -43.2844745,-22.7881411,0</coordinates>
          </LineString>
        </MultiGeometry>
      </Placemark>
      <Placemark id="Ruas_Nenhuma_Rota_Proxima.125">
        <name>Rua Goitacases</name>
        <Style>
          <LineStyle>
            <color>ff0000ff</color>
          </LineStyle>
          <PolyStyle>
            <fill>0</fill>
          </PolyStyle>
        </Style>
        <ExtendedData>
          <SchemaData schemaUrl="#Ruas_Nenhuma_Rota_Proxima">
            <SimpleData name="fid">125</SimpleData>
            <SimpleData name="id">Parque_Sarapui.16</SimpleData>
            <SimpleData name="Name">Rua Goitacases</SimpleData>
            <SimpleData name="Distrito">1º</SimpleData>
            <SimpleData name="id_trecho">5392</SimpleData>
            <SimpleData name="Extensao_m">124.969725695818</SimpleData>
            <SimpleData name="Bairro_logradouros">Parque Sarapui</SimpleData>
            <SimpleData name="Bairro_rotas"></SimpleData>
            <SimpleData name="Lote">I</SimpleData>
            <SimpleData name="Rota"></SimpleData>
            <SimpleData name="Turno">Manhã</SimpleData>
            <SimpleData name="Dias_da_semana">seg,ter,qua,qui,sex,sab</SimpleData>
            <SimpleData name="Hit_Rate">72.22</SimpleData>
            <SimpleData name="Status">Validado (Rua sem rota)</SimpleData>
            <SimpleData name="Bloco">Seg_a_Sab</SimpleData>
          </SchemaData>
        </ExtendedData>
        <MultiGeometry>
          <LineString>
            <coordinates>-43.285854,-22.7684436,0 -43.2855374,-22.7681178,0 -43.2855012,-22.7680931,0 -43.2854503,-22.7680751,0 -43.2853819,-22.7680899,0 -43.2853134,-22.768132,0 -43.2849192,-22.7684052,0</coordinates>
          </LineString>
        </MultiGeometry>
      </Placemark>
      <Placemark id="Ruas_Nenhuma_Rota_Proxima.126">
        <name>Rua Palmira Ferreira</name>
        <Style>
          <LineStyle>
            <color>ff0000ff</color>
          </LineStyle>
          <PolyStyle>
            <fill>0</fill>
          </PolyStyle>
        </Style>
        <ExtendedData>
          <SchemaData schemaUrl="#Ruas_Nenhuma_Rota_Proxima">
            <SimpleData name="fid">126</SimpleData>
            <SimpleData name="id">Sao_Bento.165</SimpleData>
            <SimpleData name="Name">Rua Palmira Ferreira</SimpleData>
            <SimpleData name="Distrito">2º</SimpleData>
            <SimpleData name="id_trecho">6112</SimpleData>
            <SimpleData name="Extensao_m">27.1286337297899</SimpleData>
            <SimpleData name="Bairro_logradouros">Sao Bento</SimpleData>
            <SimpleData name="Bairro_rotas"></SimpleData>
            <SimpleData name="Lote">I</SimpleData>
            <SimpleData name="Rota"></SimpleData>
            <SimpleData name="Turno">Manhã</SimpleData>
            <SimpleData name="Dias_da_semana">seg,ter,qua,qui,sex,sab</SimpleData>
            <SimpleData name="Hit_Rate">88.89</SimpleData>
            <SimpleData name="Status">Validado (Rua sem rota)</SimpleData>
            <SimpleData name="Bloco">Seg_a_Sab</SimpleData>
          </SchemaData>
        </ExtendedData>
        <MultiGeometry>
          <LineString>
            <coordinates>-43.3229384,-22.7161567,0 -43.3230315,-22.7161183,0 -43.3231117,-22.7160852,0 -43.3231796702076,-22.7160571368775,0</coordinates>
          </LineString>
        </MultiGeometry>
      </Placemark>
      <Placemark id="Ruas_Nenhuma_Rota_Proxima.127">
        <name>Rua Cláudia Trigo (próxima a Travessa Manoel de Freitas)</name>
        <Style>
          <LineStyle>
            <color>ff0000ff</color>
          </LineStyle>
          <PolyStyle>
            <fill>0</fill>
          </PolyStyle>
        </Style>
        <ExtendedData>
          <SchemaData schemaUrl="#Ruas_Nenhuma_Rota_Proxima">
            <SimpleData name="fid">127</SimpleData>
            <SimpleData name="id">Vila_São_Jose.130</SimpleData>
            <SimpleData name="Name">Rua Cláudia Trigo (próxima a Travessa Manoel de Freitas)</SimpleData>
            <SimpleData name="Distrito">2º</SimpleData>
            <SimpleData name="id_trecho">6468</SimpleData>
            <SimpleData name="Extensao_m">63.3286177228944</SimpleData>
            <SimpleData name="Bairro_logradouros">Vila São Jose</SimpleData>
            <SimpleData name="Bairro_rotas"></SimpleData>
            <SimpleData name="Lote">I</SimpleData>
            <SimpleData name="Rota"></SimpleData>
            <SimpleData name="Turno">Manhã</SimpleData>
            <SimpleData name="Dias_da_semana">seg,ter,qua,qui,sex,sab</SimpleData>
            <SimpleData name="Hit_Rate">100</SimpleData>
            <SimpleData name="Status">Validado (Rua sem rota)</SimpleData>
            <SimpleData name="Bloco">Seg_a_Sab</SimpleData>
          </SchemaData>
        </ExtendedData>
        <MultiGeometry>
          <LineString>
            <coordinates>-43.3264987,-22.7386303,0 -43.326919,-22.7386267,0 -43.3271152,-22.7386253,0</coordinates>
          </LineString>
        </MultiGeometry>
      </Placemark>
      <Placemark id="Ruas_Nenhuma_Rota_Proxima.128">
        <name>Rua Dezesseis</name>
        <Style>
          <LineStyle>
            <color>ff0000ff</color>
          </LineStyle>
          <PolyStyle>
            <fill>0</fill>
          </PolyStyle>
        </Style>
        <ExtendedData>
          <SchemaData schemaUrl="#Ruas_Nenhuma_Rota_Proxima">
            <SimpleData name="fid">128</SimpleData>
            <SimpleData name="id">Vila_São_Jose.155</SimpleData>
            <SimpleData name="Name">Rua Dezesseis</SimpleData>
            <SimpleData name="Distrito">2º</SimpleData>
            <SimpleData name="id_trecho">6518</SimpleData>
            <SimpleData name="Extensao_m">117.785289431008</SimpleData>
            <SimpleData name="Bairro_logradouros">Vila São Jose</SimpleData>
            <SimpleData name="Bairro_rotas"></SimpleData>
            <SimpleData name="Lote">I</SimpleData>
            <SimpleData name="Rota"></SimpleData>
            <SimpleData name="Turno">Manhã</SimpleData>
            <SimpleData name="Dias_da_semana">seg,ter,qua,qui,sex,sab</SimpleData>
            <SimpleData name="Hit_Rate">72.22</SimpleData>
            <SimpleData name="Status">Validado (Rua sem rota)</SimpleData>
            <SimpleData name="Bloco">Seg_a_Sab</SimpleData>
          </SchemaData>
        </ExtendedData>
        <MultiGeometry>
          <LineString>
            <coordinates>-43.3153367,-22.7436606,0 -43.3162259,-22.742989,0</coordinates>
          </LineString>
        </MultiGeometry>
      </Placemark>
      <Placemark id="Ruas_Nenhuma_Rota_Proxima.129">
        <name>Rua General Roça</name>
        <Style>
          <LineStyle>
            <color>ff0000ff</color>
          </LineStyle>
          <PolyStyle>
            <fill>0</fill>
          </PolyStyle>
        </Style>
        <ExtendedData>
          <SchemaData schemaUrl="#Ruas_Nenhuma_Rota_Proxima">
            <SimpleData name="fid">129</SimpleData>
            <SimpleData name="id">Vila_São_Jose.15</SimpleData>
            <SimpleData name="Name">Rua General Roça</SimpleData>
            <SimpleData name="Distrito">2º</SimpleData>
            <SimpleData name="id_trecho">6618</SimpleData>
            <SimpleData name="Extensao_m">209.833993056324</SimpleData>
            <SimpleData name="Bairro_logradouros">Vila São Jose</SimpleData>
            <SimpleData name="Bairro_rotas"></SimpleData>
            <SimpleData name="Lote">I</SimpleData>
            <SimpleData name="Rota"></SimpleData>
            <SimpleData name="Turno">Manhã</SimpleData>
            <SimpleData name="Dias_da_semana">seg,ter,qua,qui,sex,sab</SimpleData>
            <SimpleData name="Hit_Rate">77.78</SimpleData>
            <SimpleData name="Status">Validado (Rua sem rota)</SimpleData>
            <SimpleData name="Bloco">Seg_a_Sab</SimpleData>
          </SchemaData>
        </ExtendedData>
        <MultiGeometry>
          <LineString>
            <coordinates>-43.3218859,-22.7417065,0 -43.3217432,-22.7415332,0 -43.3213381,-22.7411078,0 -43.3205214,-22.7402976,0</coordinates>
          </LineString>
        </MultiGeometry>
      </Placemark>
      <Placemark id="Ruas_Nenhuma_Rota_Proxima.130">
        <name>Rua General Roça</name>
        <Style>
          <LineStyle>
            <color>ff0000ff</color>
          </LineStyle>
          <PolyStyle>
            <fill>0</fill>
          </PolyStyle>
        </Style>
        <ExtendedData>
          <SchemaData schemaUrl="#Ruas_Nenhuma_Rota_Proxima">
            <SimpleData name="fid">130</SimpleData>
            <SimpleData name="id">Vila_São_Jose.15</SimpleData>
            <SimpleData name="Name">Rua General Roça</SimpleData>
            <SimpleData name="Distrito">2º</SimpleData>
            <SimpleData name="id_trecho">6619</SimpleData>
            <SimpleData name="Extensao_m">202.961420005802</SimpleData>
            <SimpleData name="Bairro_logradouros">Vila São Jose</SimpleData>
            <SimpleData name="Bairro_rotas"></SimpleData>
            <SimpleData name="Lote">I</SimpleData>
            <SimpleData name="Rota"></SimpleData>
            <SimpleData name="Turno">Manhã</SimpleData>
            <SimpleData name="Dias_da_semana">seg,ter,qua,qui,sex,sab</SimpleData>
            <SimpleData name="Hit_Rate">66.67</SimpleData>
            <SimpleData name="Status">Validado (Rua sem rota)</SimpleData>
            <SimpleData name="Bloco">Seg_a_Sab</SimpleData>
          </SchemaData>
        </ExtendedData>
        <MultiGeometry>
          <LineString>
            <coordinates>-43.3205214,-22.7402976,0 -43.3194888,-22.7392203,0 -43.3191964,-22.7389383,0</coordinates>
          </LineString>
        </MultiGeometry>
      </Placemark>
      <Placemark id="Ruas_Nenhuma_Rota_Proxima.131">
        <name>Rua José Adamian (próxima a Rua Maria José de Oliveira Freitas)</name>
        <Style>
          <LineStyle>
            <color>ff0000ff</color>
          </LineStyle>
          <PolyStyle>
            <fill>0</fill>
          </PolyStyle>
        </Style>
        <ExtendedData>
          <SchemaData schemaUrl="#Ruas_Nenhuma_Rota_Proxima">
            <SimpleData name="fid">131</SimpleData>
            <SimpleData name="id">Vila_São_Jose.210</SimpleData>
            <SimpleData name="Name">Rua José Adamian (próxima a Rua Maria José de Oliveira Freitas)</SimpleData>
            <SimpleData name="Distrito">2º</SimpleData>
            <SimpleData name="id_trecho">6655</SimpleData>
            <SimpleData name="Extensao_m">54.4740712813404</SimpleData>
            <SimpleData name="Bairro_logradouros">Vila São Jose</SimpleData>
            <SimpleData name="Bairro_rotas"></SimpleData>
            <SimpleData name="Lote">I</SimpleData>
            <SimpleData name="Rota"></SimpleData>
            <SimpleData name="Turno">Manhã</SimpleData>
            <SimpleData name="Dias_da_semana">seg,ter,qua,qui,sex,sab</SimpleData>
            <SimpleData name="Hit_Rate">94.44</SimpleData>
            <SimpleData name="Status">Validado (Rua sem rota)</SimpleData>
            <SimpleData name="Bloco">Seg_a_Sab</SimpleData>
          </SchemaData>
        </ExtendedData>
        <MultiGeometry>
          <LineString>
            <coordinates>-43.3264987,-22.7386303,0 -43.3264893,-22.738827,0 -43.3264947,-22.7389197,0 -43.3265229,-22.7390063,0 -43.3265703,-22.739109,0</coordinates>
          </LineString>
        </MultiGeometry>
      </Placemark>
      <Placemark id="Ruas_Nenhuma_Rota_Proxima.132">
        <name>Rua Maria José de Oliveira Freitas (próxima a Rua Júlio Freitas)</name>
        <Style>
          <LineStyle>
            <color>ff0000ff</color>
          </LineStyle>
          <PolyStyle>
            <fill>0</fill>
          </PolyStyle>
        </Style>
        <ExtendedData>
          <SchemaData schemaUrl="#Ruas_Nenhuma_Rota_Proxima">
            <SimpleData name="fid">132</SimpleData>
            <SimpleData name="id">Vila_São_Jose.128</SimpleData>
            <SimpleData name="Name">Rua Maria José de Oliveira Freitas (próxima a Rua Júlio Freitas)</SimpleData>
            <SimpleData name="Distrito">2º</SimpleData>
            <SimpleData name="id_trecho">6728</SimpleData>
            <SimpleData name="Extensao_m">170.635107088931</SimpleData>
            <SimpleData name="Bairro_logradouros">Vila São Jose</SimpleData>
            <SimpleData name="Bairro_rotas"></SimpleData>
            <SimpleData name="Lote">I</SimpleData>
            <SimpleData name="Rota"></SimpleData>
            <SimpleData name="Turno">Manhã</SimpleData>
            <SimpleData name="Dias_da_semana">seg,ter,qua,qui,sex,sab</SimpleData>
            <SimpleData name="Hit_Rate">100</SimpleData>
            <SimpleData name="Status">Validado (Rua sem rota)</SimpleData>
            <SimpleData name="Bloco">Seg_a_Sab</SimpleData>
          </SchemaData>
        </ExtendedData>
        <MultiGeometry>
          <LineString>
            <coordinates>-43.3246445,-22.7404275,0 -43.3248197,-22.7402716,0 -43.3248934,-22.7402147,0 -43.3250061,-22.7401356,0 -43.3251804,-22.7400206,0 -43.325332,-22.739929,0 -43.3254567,-22.7398424,0 -43.3255707,-22.7397472,0 -43.3257879,-22.739527,0 -43.3258943,-22.7394219,0</coordinates>
          </LineString>
        </MultiGeometry>
      </Placemark>
      <Placemark id="Ruas_Nenhuma_Rota_Proxima.133">
        <name>Rua Maria José de Oliveira Freitas (próxima a Rua Júlio Freitas)</name>
        <Style>
          <LineStyle>
            <color>ff0000ff</color>
          </LineStyle>
          <PolyStyle>
            <fill>0</fill>
          </PolyStyle>
        </Style>
        <ExtendedData>
          <SchemaData schemaUrl="#Ruas_Nenhuma_Rota_Proxima">
            <SimpleData name="fid">133</SimpleData>
            <SimpleData name="id">Vila_São_Jose.128</SimpleData>
            <SimpleData name="Name">Rua Maria José de Oliveira Freitas (próxima a Rua Júlio Freitas)</SimpleData>
            <SimpleData name="Distrito">2º</SimpleData>
            <SimpleData name="id_trecho">6729</SimpleData>
            <SimpleData name="Extensao_m">77.7426348531031</SimpleData>
            <SimpleData name="Bairro_logradouros">Vila São Jose</SimpleData>
            <SimpleData name="Bairro_rotas"></SimpleData>
            <SimpleData name="Lote">I</SimpleData>
            <SimpleData name="Rota"></SimpleData>
            <SimpleData name="Turno">Manhã</SimpleData>
            <SimpleData name="Dias_da_semana">seg,ter,qua,qui,sex,sab</SimpleData>
            <SimpleData name="Hit_Rate">100</SimpleData>
            <SimpleData name="Status">Validado (Rua sem rota)</SimpleData>
            <SimpleData name="Bloco">Seg_a_Sab</SimpleData>
          </SchemaData>
        </ExtendedData>
        <MultiGeometry>
          <LineString>
            <coordinates>-43.3258943,-22.7394219,0 -43.326028,-22.7393428,0 -43.3261648,-22.739276,0 -43.3265703,-22.739109,0</coordinates>
          </LineString>
        </MultiGeometry>
      </Placemark>
      <Placemark id="Ruas_Nenhuma_Rota_Proxima.134">
        <name>Rua Maria José de Oliveira Freitas (próxima a Rua Nossa Senhora do Líbano)</name>
        <Style>
          <LineStyle>
            <color>ff0000ff</color>
          </LineStyle>
          <PolyStyle>
            <fill>0</fill>
          </PolyStyle>
        </Style>
        <ExtendedData>
          <SchemaData schemaUrl="#Ruas_Nenhuma_Rota_Proxima">
            <SimpleData name="fid">134</SimpleData>
            <SimpleData name="id">Vila_São_Jose.211</SimpleData>
            <SimpleData name="Name">Rua Maria José de Oliveira Freitas (próxima a Rua Nossa Senhora do Líbano)</SimpleData>
            <SimpleData name="Distrito">2º</SimpleData>
            <SimpleData name="id_trecho">6731</SimpleData>
            <SimpleData name="Extensao_m">81.6384400215788</SimpleData>
            <SimpleData name="Bairro_logradouros">Vila São Jose</SimpleData>
            <SimpleData name="Bairro_rotas"></SimpleData>
            <SimpleData name="Lote">I</SimpleData>
            <SimpleData name="Rota"></SimpleData>
            <SimpleData name="Turno">Manhã</SimpleData>
            <SimpleData name="Dias_da_semana">seg,ter,qua,qui,sex,sab</SimpleData>
            <SimpleData name="Hit_Rate">94.44</SimpleData>
            <SimpleData name="Status">Validado (Rua sem rota)</SimpleData>
            <SimpleData name="Bloco">Seg_a_Sab</SimpleData>
          </SchemaData>
        </ExtendedData>
        <MultiGeometry>
          <LineString>
            <coordinates>-43.3260977,-22.7380836,0 -43.3263269,-22.7381751,0 -43.3263955,-22.7382209,0 -43.3264571,-22.7383199,0 -43.3264799,-22.7384398,0 -43.3264987,-22.7386303,0</coordinates>
          </LineString>
        </MultiGeometry>
      </Placemark>
      <Placemark id="Ruas_Nenhuma_Rota_Proxima.135">
        <name>Rua Maria José Oliveira Freitas (próxima a Rua Eça de Queiroz)</name>
        <Style>
          <LineStyle>
            <color>ff0000ff</color>
          </LineStyle>
          <PolyStyle>
            <fill>0</fill>
          </PolyStyle>
        </Style>
        <ExtendedData>
          <SchemaData schemaUrl="#Ruas_Nenhuma_Rota_Proxima">
            <SimpleData name="fid">135</SimpleData>
            <SimpleData name="id">Vila_São_Jose.183</SimpleData>
            <SimpleData name="Name">Rua Maria José Oliveira Freitas (próxima a Rua Eça de Queiroz)</SimpleData>
            <SimpleData name="Distrito">2º</SimpleData>
            <SimpleData name="id_trecho">6732</SimpleData>
            <SimpleData name="Extensao_m">63.8237688334335</SimpleData>
            <SimpleData name="Bairro_logradouros">Vila São Jose</SimpleData>
            <SimpleData name="Bairro_rotas"></SimpleData>
            <SimpleData name="Lote">I</SimpleData>
            <SimpleData name="Rota"></SimpleData>
            <SimpleData name="Turno">Manhã</SimpleData>
            <SimpleData name="Dias_da_semana">seg,ter,qua,qui,sex,sab</SimpleData>
            <SimpleData name="Hit_Rate">100</SimpleData>
            <SimpleData name="Status">Validado (Rua sem rota)</SimpleData>
            <SimpleData name="Bloco">Seg_a_Sab</SimpleData>
          </SchemaData>
        </ExtendedData>
        <MultiGeometry>
          <LineString>
            <coordinates>-43.3226702,-22.7411058,0 -43.3231484,-22.7407378,0</coordinates>
          </LineString>
        </MultiGeometry>
      </Placemark>
      <Placemark id="Ruas_Nenhuma_Rota_Proxima.136">
        <name>Rua Maria José Oliveira Freitas (próxima a Rua Eça de Queiroz)</name>
        <Style>
          <LineStyle>
            <color>ff0000ff</color>
          </LineStyle>
          <PolyStyle>
            <fill>0</fill>
          </PolyStyle>
        </Style>
        <ExtendedData>
          <SchemaData schemaUrl="#Ruas_Nenhuma_Rota_Proxima">
            <SimpleData name="fid">136</SimpleData>
            <SimpleData name="id">Vila_São_Jose.183</SimpleData>
            <SimpleData name="Name">Rua Maria José Oliveira Freitas (próxima a Rua Eça de Queiroz)</SimpleData>
            <SimpleData name="Distrito">2º</SimpleData>
            <SimpleData name="id_trecho">6733</SimpleData>
            <SimpleData name="Extensao_m">61.4826245083963</SimpleData>
            <SimpleData name="Bairro_logradouros">Vila São Jose</SimpleData>
            <SimpleData name="Bairro_rotas"></SimpleData>
            <SimpleData name="Lote">I</SimpleData>
            <SimpleData name="Rota"></SimpleData>
            <SimpleData name="Turno">Manhã</SimpleData>
            <SimpleData name="Dias_da_semana">seg,ter,qua,qui,sex,sab</SimpleData>
            <SimpleData name="Hit_Rate">88.89</SimpleData>
            <SimpleData name="Status">Validado (Rua sem rota)</SimpleData>
            <SimpleData name="Bloco">Seg_a_Sab</SimpleData>
          </SchemaData>
        </ExtendedData>
        <MultiGeometry>
          <LineString>
            <coordinates>-43.3231484,-22.7407378,0 -43.3235415,-22.7404292,0 -43.3236086,-22.740383,0</coordinates>
          </LineString>
        </MultiGeometry>
      </Placemark>
      <Placemark id="Ruas_Nenhuma_Rota_Proxima.137">
        <name>Rua Maria José Oliveira Freitas (próxima a Rua Eça de Queiroz)</name>
        <Style>
          <LineStyle>
            <color>ff0000ff</color>
          </LineStyle>
          <PolyStyle>
            <fill>0</fill>
          </PolyStyle>
        </Style>
        <ExtendedData>
          <SchemaData schemaUrl="#Ruas_Nenhuma_Rota_Proxima">
            <SimpleData name="fid">137</SimpleData>
            <SimpleData name="id">Vila_São_Jose.183</SimpleData>
            <SimpleData name="Name">Rua Maria José Oliveira Freitas (próxima a Rua Eça de Queiroz)</SimpleData>
            <SimpleData name="Distrito">2º</SimpleData>
            <SimpleData name="id_trecho">6734</SimpleData>
            <SimpleData name="Extensao_m">64.5800579455705</SimpleData>
            <SimpleData name="Bairro_logradouros">Vila São Jose</SimpleData>
            <SimpleData name="Bairro_rotas"></SimpleData>
            <SimpleData name="Lote">I</SimpleData>
            <SimpleData name="Rota"></SimpleData>
            <SimpleData name="Turno">Manhã</SimpleData>
            <SimpleData name="Dias_da_semana">seg,ter,qua,qui,sex,sab</SimpleData>
            <SimpleData name="Hit_Rate">94.44</SimpleData>
            <SimpleData name="Status">Validado (Rua sem rota)</SimpleData>
            <SimpleData name="Bloco">Seg_a_Sab</SimpleData>
          </SchemaData>
        </ExtendedData>
        <MultiGeometry>
          <LineString>
            <coordinates>-43.3236086,-22.740383,0 -43.3240813,-22.7399985,0</coordinates>
          </LineString>
        </MultiGeometry>
      </Placemark>
      <Placemark id="Ruas_Nenhuma_Rota_Proxima.138">
        <name>Rua Máximo Gorki (próxima a Rua Marechal Dantas Barreto)</name>
        <Style>
          <LineStyle>
            <color>ff0000ff</color>
          </LineStyle>
          <PolyStyle>
            <fill>0</fill>
          </PolyStyle>
        </Style>
        <ExtendedData>
          <SchemaData schemaUrl="#Ruas_Nenhuma_Rota_Proxima">
            <SimpleData name="fid">138</SimpleData>
            <SimpleData name="id">Vila_São_Jose.187</SimpleData>
            <SimpleData name="Name">Rua Máximo Gorki (próxima a Rua Marechal Dantas Barreto)</SimpleData>
            <SimpleData name="Distrito">2º</SimpleData>
            <SimpleData name="id_trecho">6777</SimpleData>
            <SimpleData name="Extensao_m">56.1969460776387</SimpleData>
            <SimpleData name="Bairro_logradouros">Vila São Jose</SimpleData>
            <SimpleData name="Bairro_rotas"></SimpleData>
            <SimpleData name="Lote">I</SimpleData>
            <SimpleData name="Rota"></SimpleData>
            <SimpleData name="Turno">Manhã</SimpleData>
            <SimpleData name="Dias_da_semana">seg,ter,qua,qui,sex,sab</SimpleData>
            <SimpleData name="Hit_Rate">83.33</SimpleData>
            <SimpleData name="Status">Validado (Rua sem rota)</SimpleData>
            <SimpleData name="Bloco">Seg_a_Sab</SimpleData>
          </SchemaData>
        </ExtendedData>
        <MultiGeometry>
          <LineString>
            <coordinates>-43.3223066,-22.7438223,0 -43.3223057582842,-22.7438214200381,0 -43.3219435,-22.7434427,0</coordinates>
          </LineString>
        </MultiGeometry>
      </Placemark>
      <Placemark id="Ruas_Nenhuma_Rota_Proxima.139">
        <name>Rua Santa Izabel</name>
        <Style>
          <LineStyle>
            <color>ff0000ff</color>
          </LineStyle>
          <PolyStyle>
            <fill>0</fill>
          </PolyStyle>
        </Style>
        <ExtendedData>
          <SchemaData schemaUrl="#Ruas_Nenhuma_Rota_Proxima">
            <SimpleData name="fid">139</SimpleData>
            <SimpleData name="id">Doutor_Laureano.64</SimpleData>
            <SimpleData name="Name">Rua Santa Izabel</SimpleData>
            <SimpleData name="Distrito">1º</SimpleData>
            <SimpleData name="id_trecho">1833</SimpleData>
            <SimpleData name="Extensao_m">292.458289136292</SimpleData>
            <SimpleData name="Bairro_logradouros">Doutor Laureano</SimpleData>
            <SimpleData name="Bairro_rotas"></SimpleData>
            <SimpleData name="Lote">I</SimpleData>
            <SimpleData name="Rota"></SimpleData>
            <SimpleData name="Turno">Manhã</SimpleData>
            <SimpleData name="Dias_da_semana">seg,ter,qua,qui,sex,sab</SimpleData>
            <SimpleData name="Hit_Rate">83.33</SimpleData>
            <SimpleData name="Status">Validado (Rua sem rota)</SimpleData>
            <SimpleData name="Bloco">Seg_a_Sab</SimpleData>
          </SchemaData>
        </ExtendedData>
        <MultiGeometry>
          <LineString>
            <coordinates>-43.2904834,-22.7628919,0 -43.2902259,-22.7626557,0 -43.2900757,-22.7624986,0 -43.2892603,-22.7615699,0 -43.2886581,-22.7608674,0</coordinates>
          </LineString>
        </MultiGeometry>
      </Placemark>
      <Placemark id="Ruas_Nenhuma_Rota_Proxima.140">
        <name>Praça Paulo Biar</name>
        <Style>
          <LineStyle>
            <color>ff0000ff</color>
          </LineStyle>
          <PolyStyle>
            <fill>0</fill>
          </PolyStyle>
        </Style>
        <ExtendedData>
          <SchemaData schemaUrl="#Ruas_Nenhuma_Rota_Proxima">
            <SimpleData name="fid">140</SimpleData>
            <SimpleData name="id">Parque_Duque.181</SimpleData>
            <SimpleData name="Name">Praça Paulo Biar</SimpleData>
            <SimpleData name="Distrito">1º</SimpleData>
            <SimpleData name="id_trecho">3920</SimpleData>
            <SimpleData name="Extensao_m">17.1378783286705</SimpleData>
            <SimpleData name="Bairro_logradouros">Parque Duque</SimpleData>
            <SimpleData name="Bairro_rotas"></SimpleData>
            <SimpleData name="Lote">I</SimpleData>
            <SimpleData name="Rota"></SimpleData>
            <SimpleData name="Turno">Manhã</SimpleData>
            <SimpleData name="Dias_da_semana">seg,ter,qua,qui,sex,sab</SimpleData>
            <SimpleData name="Hit_Rate">66.67</SimpleData>
            <SimpleData name="Status">Validado (Rua sem rota)</SimpleData>
            <SimpleData name="Bloco">Seg_a_Sab</SimpleData>
          </SchemaData>
        </ExtendedData>
        <MultiGeometry>
          <LineString>
            <coordinates>-43.2961964,-22.7874905,0 -43.2961147,-22.7874366,0 -43.296057,-22.7874057,0</coordinates>
          </LineString>
        </MultiGeometry>
      </Placemark>
      <Placemark id="Ruas_Nenhuma_Rota_Proxima.141">
        <name>Praça Paulo Biar</name>
        <Style>
          <LineStyle>
            <color>ff0000ff</color>
          </LineStyle>
          <PolyStyle>
            <fill>0</fill>
          </PolyStyle>
        </Style>
        <ExtendedData>
          <SchemaData schemaUrl="#Ruas_Nenhuma_Rota_Proxima">
            <SimpleData name="fid">141</SimpleData>
            <SimpleData name="id">Parque_Duque.181</SimpleData>
            <SimpleData name="Name">Praça Paulo Biar</SimpleData>
            <SimpleData name="Distrito">1º</SimpleData>
            <SimpleData name="id_trecho">3921</SimpleData>
            <SimpleData name="Extensao_m">19.2563103161604</SimpleData>
            <SimpleData name="Bairro_logradouros">Parque Duque</SimpleData>
            <SimpleData name="Bairro_rotas"></SimpleData>
            <SimpleData name="Lote">I</SimpleData>
            <SimpleData name="Rota"></SimpleData>
            <SimpleData name="Turno">Manhã</SimpleData>
            <SimpleData name="Dias_da_semana">seg,ter,qua,qui,sex,sab</SimpleData>
            <SimpleData name="Hit_Rate">66.67</SimpleData>
            <SimpleData name="Status">Validado (Rua sem rota)</SimpleData>
            <SimpleData name="Bloco">Seg_a_Sab</SimpleData>
          </SchemaData>
        </ExtendedData>
        <MultiGeometry>
          <LineString>
            <coordinates>-43.296057,-22.7874057,0 -43.2960198,-22.7873908,0 -43.2959655,-22.7873716,0 -43.295881,-22.787346,0</coordinates>
          </LineString>
        </MultiGeometry>
      </Placemark>
      <Placemark id="Ruas_Nenhuma_Rota_Proxima.142">
        <name>Praça Paulo Biar</name>
        <Style>
          <LineStyle>
            <color>ff0000ff</color>
          </LineStyle>
          <PolyStyle>
            <fill>0</fill>
          </PolyStyle>
        </Style>
        <ExtendedData>
          <SchemaData schemaUrl="#Ruas_Nenhuma_Rota_Proxima">
            <SimpleData name="fid">142</SimpleData>
            <SimpleData name="id">Parque_Duque.181</SimpleData>
            <SimpleData name="Name">Praça Paulo Biar</SimpleData>
            <SimpleData name="Distrito">1º</SimpleData>
            <SimpleData name="id_trecho">3928</SimpleData>
            <SimpleData name="Extensao_m">26.4505565551455</SimpleData>
            <SimpleData name="Bairro_logradouros">Parque Duque</SimpleData>
            <SimpleData name="Bairro_rotas"></SimpleData>
            <SimpleData name="Lote">I</SimpleData>
            <SimpleData name="Rota"></SimpleData>
            <SimpleData name="Turno">Manhã</SimpleData>
            <SimpleData name="Dias_da_semana">seg,ter,qua,qui,sex,sab</SimpleData>
            <SimpleData name="Hit_Rate">66.67</SimpleData>
            <SimpleData name="Status">Validado (Rua sem rota)</SimpleData>
            <SimpleData name="Bloco">Seg_a_Sab</SimpleData>
          </SchemaData>
        </ExtendedData>
        <MultiGeometry>
          <LineString>
            <coordinates>-43.2947206,-22.7872162,0 -43.2947749,-22.7870428,0 -43.2947983,-22.7869887,0</coordinates>
          </LineString>
        </MultiGeometry>
      </Placemark>
      <Placemark id="Ruas_Nenhuma_Rota_Proxima.143">
        <name>Rua Dez (Vila Operária)</name>
        <Style>
          <LineStyle>
            <color>ff0000ff</color>
          </LineStyle>
          <PolyStyle>
            <fill>0</fill>
          </PolyStyle>
        </Style>
        <ExtendedData>
          <SchemaData schemaUrl="#Ruas_Nenhuma_Rota_Proxima">
            <SimpleData name="fid">143</SimpleData>
            <SimpleData name="id">Parque_Duque.85</SimpleData>
            <SimpleData name="Name">Rua Dez (Vila Operária)</SimpleData>
            <SimpleData name="Distrito">1º</SimpleData>
            <SimpleData name="id_trecho">4115</SimpleData>
            <SimpleData name="Extensao_m">126.282310753646</SimpleData>
            <SimpleData name="Bairro_logradouros">Parque Duque</SimpleData>
            <SimpleData name="Bairro_rotas"></SimpleData>
            <SimpleData name="Lote">I</SimpleData>
            <SimpleData name="Rota"></SimpleData>
            <SimpleData name="Turno">Manhã</SimpleData>
            <SimpleData name="Dias_da_semana">seg,ter,qua,qui,sex,sab</SimpleData>
            <SimpleData name="Hit_Rate">66.67</SimpleData>
            <SimpleData name="Status">Validado (Rua sem rota)</SimpleData>
            <SimpleData name="Bloco">Seg_a_Sab</SimpleData>
          </SchemaData>
        </ExtendedData>
        <MultiGeometry>
          <LineString>
            <coordinates>-43.2945214,-22.787036,0 -43.2945033,-22.7867093,0 -43.294489,-22.7858962,0</coordinates>
          </LineString>
        </MultiGeometry>
      </Placemark>
      <Placemark id="Ruas_Nenhuma_Rota_Proxima.144">
        <name>Rua Doze (Vila Operária)</name>
        <Style>
          <LineStyle>
            <color>ff0000ff</color>
          </LineStyle>
          <PolyStyle>
            <fill>0</fill>
          </PolyStyle>
        </Style>
        <ExtendedData>
          <SchemaData schemaUrl="#Ruas_Nenhuma_Rota_Proxima">
            <SimpleData name="fid">144</SimpleData>
            <SimpleData name="id">Parque_Duque.78</SimpleData>
            <SimpleData name="Name">Rua Doze (Vila Operária)</SimpleData>
            <SimpleData name="Distrito">1º</SimpleData>
            <SimpleData name="id_trecho">4168</SimpleData>
            <SimpleData name="Extensao_m">20.8273185331973</SimpleData>
            <SimpleData name="Bairro_logradouros">Parque Duque</SimpleData>
            <SimpleData name="Bairro_rotas"></SimpleData>
            <SimpleData name="Lote">I</SimpleData>
            <SimpleData name="Rota"></SimpleData>
            <SimpleData name="Turno">Manhã</SimpleData>
            <SimpleData name="Dias_da_semana">seg,ter,qua,qui,sex,sab</SimpleData>
            <SimpleData name="Hit_Rate">66.67</SimpleData>
            <SimpleData name="Status">Validado (Rua sem rota)</SimpleData>
            <SimpleData name="Bloco">Seg_a_Sab</SimpleData>
          </SchemaData>
        </ExtendedData>
        <MultiGeometry>
          <LineString>
            <coordinates>-43.294673,-22.7871528,0 -43.2946119,-22.7870792,0 -43.2945657,-22.7870502,0 -43.2945214,-22.787036,0</coordinates>
          </LineString>
        </MultiGeometry>
      </Placemark>
      <Placemark id="Ruas_Nenhuma_Rota_Proxima.145">
        <name>Rua Pinto Lira</name>
        <Style>
          <LineStyle>
            <color>ff0000ff</color>
          </LineStyle>
          <PolyStyle>
            <fill>0</fill>
          </PolyStyle>
        </Style>
        <ExtendedData>
          <SchemaData schemaUrl="#Ruas_Nenhuma_Rota_Proxima">
            <SimpleData name="fid">145</SimpleData>
            <SimpleData name="id">Bar_dos_Cavalheiros.24</SimpleData>
            <SimpleData name="Name">Rua Pinto Lira</SimpleData>
            <SimpleData name="Distrito">1º</SimpleData>
            <SimpleData name="id_trecho">509</SimpleData>
            <SimpleData name="Extensao_m">151.991850392298</SimpleData>
            <SimpleData name="Bairro_logradouros">Bar dos Cavalheiros</SimpleData>
            <SimpleData name="Bairro_rotas"></SimpleData>
            <SimpleData name="Lote">I</SimpleData>
            <SimpleData name="Rota"></SimpleData>
            <SimpleData name="Turno">Noite</SimpleData>
            <SimpleData name="Dias_da_semana">seg,ter,qua,qui,sex,sab</SimpleData>
            <SimpleData name="Hit_Rate">66.67</SimpleData>
            <SimpleData name="Status">Validado (Rua sem rota)</SimpleData>
            <SimpleData name="Bloco">Seg_a_Sab</SimpleData>
          </SchemaData>
        </ExtendedData>
        <MultiGeometry>
          <LineString>
            <coordinates>-43.3170464,-22.79255,0 -43.3174768,-22.7912368,0</coordinates>
          </LineString>
        </MultiGeometry>
      </Placemark>
      <Placemark id="Ruas_Nenhuma_Rota_Proxima.146">
        <name>Rua Pinto Lira</name>
        <Style>
          <LineStyle>
            <color>ff0000ff</color>
          </LineStyle>
          <PolyStyle>
            <fill>0</fill>
          </PolyStyle>
        </Style>
        <ExtendedData>
          <SchemaData schemaUrl="#Ruas_Nenhuma_Rota_Proxima">
            <SimpleData name="fid">146</SimpleData>
            <SimpleData name="id">Bar_dos_Cavalheiros.24</SimpleData>
            <SimpleData name="Name">Rua Pinto Lira</SimpleData>
            <SimpleData name="Distrito">1º</SimpleData>
            <SimpleData name="id_trecho">511</SimpleData>
            <SimpleData name="Extensao_m">110.896264637919</SimpleData>
            <SimpleData name="Bairro_logradouros">Bar dos Cavalheiros</SimpleData>
            <SimpleData name="Bairro_rotas"></SimpleData>
            <SimpleData name="Lote">I</SimpleData>
            <SimpleData name="Rota"></SimpleData>
            <SimpleData name="Turno">Noite</SimpleData>
            <SimpleData name="Dias_da_semana">seg,ter,qua,qui,sex,sab</SimpleData>
            <SimpleData name="Hit_Rate">66.67</SimpleData>
            <SimpleData name="Status">Validado (Rua sem rota)</SimpleData>
            <SimpleData name="Bloco">Seg_a_Sab</SimpleData>
          </SchemaData>
        </ExtendedData>
        <MultiGeometry>
          <LineString>
            <coordinates>-43.3174913,-22.7911973,0 -43.3177909,-22.7902352,0</coordinates>
          </LineString>
        </MultiGeometry>
      </Placemark>
      <Placemark id="Ruas_Nenhuma_Rota_Proxima.147">
        <name>Praça Roberto Silveira</name>
        <Style>
          <LineStyle>
            <color>ff0000ff</color>
          </LineStyle>
          <PolyStyle>
            <fill>0</fill>
          </PolyStyle>
        </Style>
        <ExtendedData>
          <SchemaData schemaUrl="#Ruas_Nenhuma_Rota_Proxima">
            <SimpleData name="fid">147</SimpleData>
            <SimpleData name="id">Centro.40</SimpleData>
            <SimpleData name="Name">Praça Roberto Silveira</SimpleData>
            <SimpleData name="Distrito">1º</SimpleData>
            <SimpleData name="id_trecho">1013</SimpleData>
            <SimpleData name="Extensao_m">76.7632685527697</SimpleData>
            <SimpleData name="Bairro_logradouros">Centro</SimpleData>
            <SimpleData name="Bairro_rotas"></SimpleData>
            <SimpleData name="Lote">I</SimpleData>
            <SimpleData name="Rota"></SimpleData>
            <SimpleData name="Turno">Noite</SimpleData>
            <SimpleData name="Dias_da_semana">seg,ter,qua,qui,sex,sab</SimpleData>
            <SimpleData name="Hit_Rate">100</SimpleData>
            <SimpleData name="Status">Validado (Rua sem rota)</SimpleData>
            <SimpleData name="Bloco">Seg_a_Sab</SimpleData>
          </SchemaData>
        </ExtendedData>
        <MultiGeometry>
          <LineString>
            <coordinates>-43.3073296,-22.7898394,0 -43.307546,-22.789873,0 -43.3076496,-22.7898999,0 -43.3077818,-22.7899661,0 -43.3078727,-22.7900298,0 -43.307995,-22.7901202,0</coordinates>
          </LineString>
        </MultiGeometry>
      </Placemark>
      <Placemark id="Ruas_Nenhuma_Rota_Proxima.148">
        <name>Praça Roberto Silveira</name>
        <Style>
          <LineStyle>
            <color>ff0000ff</color>
          </LineStyle>
          <PolyStyle>
            <fill>0</fill>
          </PolyStyle>
        </Style>
        <ExtendedData>
          <SchemaData schemaUrl="#Ruas_Nenhuma_Rota_Proxima">
            <SimpleData name="fid">148</SimpleData>
            <SimpleData name="id">Centro.40</SimpleData>
            <SimpleData name="Name">Praça Roberto Silveira</SimpleData>
            <SimpleData name="Distrito">1º</SimpleData>
            <SimpleData name="id_trecho">1014</SimpleData>
            <SimpleData name="Extensao_m">59.4551205758511</SimpleData>
            <SimpleData name="Bairro_logradouros">Centro</SimpleData>
            <SimpleData name="Bairro_rotas"></SimpleData>
            <SimpleData name="Lote">I</SimpleData>
            <SimpleData name="Rota"></SimpleData>
            <SimpleData name="Turno">Noite</SimpleData>
            <SimpleData name="Dias_da_semana">seg,ter,qua,qui,sex,sab</SimpleData>
            <SimpleData name="Hit_Rate">94.44</SimpleData>
            <SimpleData name="Status">Validado (Rua sem rota)</SimpleData>
            <SimpleData name="Bloco">Seg_a_Sab</SimpleData>
          </SchemaData>
        </ExtendedData>
        <MultiGeometry>
          <LineString>
            <coordinates>-43.3076988435945,-22.7894272056112,0 -43.307569432671,-22.7895955131097,0 -43.3074928585172,-22.7896669477549,0 -43.3073296,-22.7898394,0</coordinates>
          </LineString>
        </MultiGeometry>
      </Placemark>
      <Placemark id="Ruas_Nenhuma_Rota_Proxima.149">
        <name>Rua Jaír Viellela de Oliveira</name>
        <Style>
          <LineStyle>
            <color>ff0000ff</color>
          </LineStyle>
          <PolyStyle>
            <fill>0</fill>
          </PolyStyle>
        </Style>
        <ExtendedData>
          <SchemaData schemaUrl="#Ruas_Nenhuma_Rota_Proxima">
            <SimpleData name="fid">149</SimpleData>
            <SimpleData name="id">Centro.83</SimpleData>
            <SimpleData name="Name">Rua Jaír Viellela de Oliveira</SimpleData>
            <SimpleData name="Distrito">1º</SimpleData>
            <SimpleData name="id_trecho">1183</SimpleData>
            <SimpleData name="Extensao_m">169.475767855514</SimpleData>
            <SimpleData name="Bairro_logradouros">Centro</SimpleData>
            <SimpleData name="Bairro_rotas"></SimpleData>
            <SimpleData name="Lote">I</SimpleData>
            <SimpleData name="Rota"></SimpleData>
            <SimpleData name="Turno">Noite</SimpleData>
            <SimpleData name="Dias_da_semana">seg,ter,qua,qui,sex,sab</SimpleData>
            <SimpleData name="Hit_Rate">100</SimpleData>
            <SimpleData name="Status">Validado (Rua sem rota)</SimpleData>
            <SimpleData name="Bloco">Seg_a_Sab</SimpleData>
          </SchemaData>
        </ExtendedData>
        <MultiGeometry>
          <LineString>
            <coordinates>-43.3051753,-22.7824511,0 -43.3044899,-22.7829724,0 -43.3038984,-22.7834082,0 -43.3038918163401,-22.7834131438298,0</coordinates>
          </LineString>
        </MultiGeometry>
      </Placemark>
      <Placemark id="Ruas_Nenhuma_Rota_Proxima.150">
        <name>Rodovia Washington Luiz - Auxiliar</name>
        <Style>
          <LineStyle>
            <color>ff0000ff</color>
          </LineStyle>
          <PolyStyle>
            <fill>0</fill>
          </PolyStyle>
        </Style>
        <ExtendedData>
          <SchemaData schemaUrl="#Ruas_Nenhuma_Rota_Proxima">
            <SimpleData name="fid">150</SimpleData>
            <SimpleData name="id">Doutor_Laureano.57</SimpleData>
            <SimpleData name="Name">Rodovia Washington Luiz - Auxiliar</SimpleData>
            <SimpleData name="Distrito">1º</SimpleData>
            <SimpleData name="id_trecho">1536</SimpleData>
            <SimpleData name="Extensao_m">242.563772293236</SimpleData>
            <SimpleData name="Bairro_logradouros">Doutor Laureano</SimpleData>
            <SimpleData name="Bairro_rotas"></SimpleData>
            <SimpleData name="Lote">I</SimpleData>
            <SimpleData name="Rota"></SimpleData>
            <SimpleData name="Turno">Noite</SimpleData>
            <SimpleData name="Dias_da_semana">seg,ter,qua,qui,sex,sab</SimpleData>
            <SimpleData name="Hit_Rate">100</SimpleData>
            <SimpleData name="Status">Validado (Rua sem rota)</SimpleData>
            <SimpleData name="Bloco">Seg_a_Sab</SimpleData>
          </SchemaData>
        </ExtendedData>
        <MultiGeometry>
          <LineString>
            <coordinates>-43.2872915688478,-22.7592897697509,0 -43.2872756,-22.7595542,0 -43.2872415,-22.7599704,0 -43.2872111,-22.7604692,0 -43.2871727,-22.7609722,0 -43.2871467,-22.7614759,0</coordinates>
          </LineString>
        </MultiGeometry>
      </Placemark>
      <Placemark id="Ruas_Nenhuma_Rota_Proxima.151">
        <name>Rodovia Washington Luiz - Auxiliar</name>
        <Style>
          <LineStyle>
            <color>ff0000ff</color>
          </LineStyle>
          <PolyStyle>
            <fill>0</fill>
          </PolyStyle>
        </Style>
        <ExtendedData>
          <SchemaData schemaUrl="#Ruas_Nenhuma_Rota_Proxima">
            <SimpleData name="fid">151</SimpleData>
            <SimpleData name="id">Doutor_Laureano.57</SimpleData>
            <SimpleData name="Name">Rodovia Washington Luiz - Auxiliar</SimpleData>
            <SimpleData name="Distrito">1º</SimpleData>
            <SimpleData name="id_trecho">1537</SimpleData>
            <SimpleData name="Extensao_m">239.58488413982</SimpleData>
            <SimpleData name="Bairro_logradouros">Doutor Laureano</SimpleData>
            <SimpleData name="Bairro_rotas"></SimpleData>
            <SimpleData name="Lote">I</SimpleData>
            <SimpleData name="Rota"></SimpleData>
            <SimpleData name="Turno">Noite</SimpleData>
            <SimpleData name="Dias_da_semana">seg,ter,qua,qui,sex,sab</SimpleData>
            <SimpleData name="Hit_Rate">100</SimpleData>
            <SimpleData name="Status">Validado (Rua sem rota)</SimpleData>
            <SimpleData name="Bloco">Seg_a_Sab</SimpleData>
          </SchemaData>
        </ExtendedData>
        <MultiGeometry>
          <LineString>
            <coordinates>-43.2871467,-22.7614759,0 -43.2871118,-22.7619693,0 -43.2870676,-22.7624676,0 -43.2870192,-22.7633334,0 -43.2870050548975,-22.7636351849103,0</coordinates>
          </LineString>
        </MultiGeometry>
      </Placemark>
      <Placemark id="Ruas_Nenhuma_Rota_Proxima.152">
        <name>Rodovia Washington Luiz - Auxiliar</name>
        <Style>
          <LineStyle>
            <color>ff0000ff</color>
          </LineStyle>
          <PolyStyle>
            <fill>0</fill>
          </PolyStyle>
        </Style>
        <ExtendedData>
          <SchemaData schemaUrl="#Ruas_Nenhuma_Rota_Proxima">
            <SimpleData name="fid">152</SimpleData>
            <SimpleData name="id">Doutor_Laureano.57</SimpleData>
            <SimpleData name="Name">Rodovia Washington Luiz - Auxiliar</SimpleData>
            <SimpleData name="Distrito">1º</SimpleData>
            <SimpleData name="id_trecho">1539</SimpleData>
            <SimpleData name="Extensao_m">59.1963377244957</SimpleData>
            <SimpleData name="Bairro_logradouros">Doutor Laureano</SimpleData>
            <SimpleData name="Bairro_rotas"></SimpleData>
            <SimpleData name="Lote">I</SimpleData>
            <SimpleData name="Rota"></SimpleData>
            <SimpleData name="Turno">Noite</SimpleData>
            <SimpleData name="Dias_da_semana">seg,ter,qua,qui,sex,sab</SimpleData>
            <SimpleData name="Hit_Rate">77.78</SimpleData>
            <SimpleData name="Status">Validado (Rua sem rota)</SimpleData>
            <SimpleData name="Bloco">Seg_a_Sab</SimpleData>
          </SchemaData>
        </ExtendedData>
        <MultiGeometry>
          <LineString>
            <coordinates>-43.2870027314584,-22.7636847553427,0 -43.2869777,-22.7642188,0</coordinates>
          </LineString>
        </MultiGeometry>
      </Placemark>
      <Placemark id="Ruas_Nenhuma_Rota_Proxima.153">
        <name>Rodovia Washington Luiz - Auxiliar</name>
        <Style>
          <LineStyle>
            <color>ff0000ff</color>
          </LineStyle>
          <PolyStyle>
            <fill>0</fill>
          </PolyStyle>
        </Style>
        <ExtendedData>
          <SchemaData schemaUrl="#Ruas_Nenhuma_Rota_Proxima">
            <SimpleData name="fid">153</SimpleData>
            <SimpleData name="id">Doutor_Laureano.57</SimpleData>
            <SimpleData name="Name">Rodovia Washington Luiz - Auxiliar</SimpleData>
            <SimpleData name="Distrito">1º</SimpleData>
            <SimpleData name="id_trecho">1540</SimpleData>
            <SimpleData name="Extensao_m">117.783727137068</SimpleData>
            <SimpleData name="Bairro_logradouros">Doutor Laureano</SimpleData>
            <SimpleData name="Bairro_rotas"></SimpleData>
            <SimpleData name="Lote">I</SimpleData>
            <SimpleData name="Rota"></SimpleData>
            <SimpleData name="Turno">Noite</SimpleData>
            <SimpleData name="Dias_da_semana">seg,ter,qua,qui,sex,sab</SimpleData>
            <SimpleData name="Hit_Rate">94.44</SimpleData>
            <SimpleData name="Status">Validado (Rua sem rota)</SimpleData>
            <SimpleData name="Bloco">Seg_a_Sab</SimpleData>
          </SchemaData>
        </ExtendedData>
        <MultiGeometry>
          <LineString>
            <coordinates>-43.2869777,-22.7642188,0 -43.2869522,-22.764732,0 -43.2869155,-22.7652808,0</coordinates>
          </LineString>
        </MultiGeometry>
      </Placemark>
      <Placemark id="Ruas_Nenhuma_Rota_Proxima.154">
        <name>Rodovia Washington Luiz - Auxiliar</name>
        <Style>
          <LineStyle>
            <color>ff0000ff</color>
          </LineStyle>
          <PolyStyle>
            <fill>0</fill>
          </PolyStyle>
        </Style>
        <ExtendedData>
          <SchemaData schemaUrl="#Ruas_Nenhuma_Rota_Proxima">
            <SimpleData name="fid">154</SimpleData>
            <SimpleData name="id">Doutor_Laureano.57</SimpleData>
            <SimpleData name="Name">Rodovia Washington Luiz - Auxiliar</SimpleData>
            <SimpleData name="Distrito">1º</SimpleData>
            <SimpleData name="id_trecho">1541</SimpleData>
            <SimpleData name="Extensao_m">170.814751185165</SimpleData>
            <SimpleData name="Bairro_logradouros">Doutor Laureano</SimpleData>
            <SimpleData name="Bairro_rotas"></SimpleData>
            <SimpleData name="Lote">I</SimpleData>
            <SimpleData name="Rota"></SimpleData>
            <SimpleData name="Turno">Noite</SimpleData>
            <SimpleData name="Dias_da_semana">seg,ter,qua,qui,sex,sab</SimpleData>
            <SimpleData name="Hit_Rate">100</SimpleData>
            <SimpleData name="Status">Validado (Rua sem rota)</SimpleData>
            <SimpleData name="Bloco">Seg_a_Sab</SimpleData>
          </SchemaData>
        </ExtendedData>
        <MultiGeometry>
          <LineString>
            <coordinates>-43.2869155,-22.7652808,0 -43.2869049,-22.7655338,0 -43.2868921,-22.7659562,0 -43.2868592,-22.7664222,0 -43.286845,-22.7665871,0 -43.28682873658,-22.7668209078309,0</coordinates>
          </LineString>
        </MultiGeometry>
      </Placemark>
      <Placemark id="Ruas_Nenhuma_Rota_Proxima.155">
        <name>Rua Mogi</name>
        <Style>
          <LineStyle>
            <color>ff0000ff</color>
          </LineStyle>
          <PolyStyle>
            <fill>0</fill>
          </PolyStyle>
        </Style>
        <ExtendedData>
          <SchemaData schemaUrl="#Ruas_Nenhuma_Rota_Proxima">
            <SimpleData name="fid">155</SimpleData>
            <SimpleData name="id">Doutor_Laureano.65</SimpleData>
            <SimpleData name="Name">Rua Mogi</SimpleData>
            <SimpleData name="Distrito">1º</SimpleData>
            <SimpleData name="id_trecho">1767</SimpleData>
            <SimpleData name="Extensao_m">95.2886568415214</SimpleData>
            <SimpleData name="Bairro_logradouros">Doutor Laureano</SimpleData>
            <SimpleData name="Bairro_rotas"></SimpleData>
            <SimpleData name="Lote">I</SimpleData>
            <SimpleData name="Rota"></SimpleData>
            <SimpleData name="Turno">Noite</SimpleData>
            <SimpleData name="Dias_da_semana">seg,ter,qua,qui,sex,sab</SimpleData>
            <SimpleData name="Hit_Rate">94.44</SimpleData>
            <SimpleData name="Status">Validado (Rua sem rota)</SimpleData>
            <SimpleData name="Bloco">Seg_a_Sab</SimpleData>
          </SchemaData>
        </ExtendedData>
        <MultiGeometry>
          <LineString>
            <coordinates>-43.2880171,-22.7614895,0 -43.2886581,-22.7608674,0</coordinates>
          </LineString>
        </MultiGeometry>
      </Placemark>
      <Placemark id="Ruas_Nenhuma_Rota_Proxima.156">
        <name>Rua Mogi</name>
        <Style>
          <LineStyle>
            <color>ff0000ff</color>
          </LineStyle>
          <PolyStyle>
            <fill>0</fill>
          </PolyStyle>
        </Style>
        <ExtendedData>
          <SchemaData schemaUrl="#Ruas_Nenhuma_Rota_Proxima">
            <SimpleData name="fid">156</SimpleData>
            <SimpleData name="id">Doutor_Laureano.65</SimpleData>
            <SimpleData name="Name">Rua Mogi</SimpleData>
            <SimpleData name="Distrito">1º</SimpleData>
            <SimpleData name="id_trecho">1768</SimpleData>
            <SimpleData name="Extensao_m">90.0971765201747</SimpleData>
            <SimpleData name="Bairro_logradouros">Doutor Laureano</SimpleData>
            <SimpleData name="Bairro_rotas"></SimpleData>
            <SimpleData name="Lote">I</SimpleData>
            <SimpleData name="Rota"></SimpleData>
            <SimpleData name="Turno">Noite</SimpleData>
            <SimpleData name="Dias_da_semana">seg,ter,qua,qui,sex,sab</SimpleData>
            <SimpleData name="Hit_Rate">100</SimpleData>
            <SimpleData name="Status">Validado (Rua sem rota)</SimpleData>
            <SimpleData name="Bloco">Seg_a_Sab</SimpleData>
          </SchemaData>
        </ExtendedData>
        <MultiGeometry>
          <LineString>
            <coordinates>-43.2886581,-22.7608674,0 -43.28933,-22.7603443,0</coordinates>
          </LineString>
        </MultiGeometry>
      </Placemark>
      <Placemark id="Ruas_Nenhuma_Rota_Proxima.157">
        <name>Rua Santa Izabel</name>
        <Style>
          <LineStyle>
            <color>ff0000ff</color>
          </LineStyle>
          <PolyStyle>
            <fill>0</fill>
          </PolyStyle>
        </Style>
        <ExtendedData>
          <SchemaData schemaUrl="#Ruas_Nenhuma_Rota_Proxima">
            <SimpleData name="fid">157</SimpleData>
            <SimpleData name="id">Doutor_Laureano.64</SimpleData>
            <SimpleData name="Name">Rua Santa Izabel</SimpleData>
            <SimpleData name="Distrito">1º</SimpleData>
            <SimpleData name="id_trecho">1834</SimpleData>
            <SimpleData name="Extensao_m">225.305112570653</SimpleData>
            <SimpleData name="Bairro_logradouros">Doutor Laureano</SimpleData>
            <SimpleData name="Bairro_rotas"></SimpleData>
            <SimpleData name="Lote">I</SimpleData>
            <SimpleData name="Rota"></SimpleData>
            <SimpleData name="Turno">Noite</SimpleData>
            <SimpleData name="Dias_da_semana">seg,ter,qua,qui,sex,sab</SimpleData>
            <SimpleData name="Hit_Rate">66.67</SimpleData>
            <SimpleData name="Status">Validado (Rua sem rota)</SimpleData>
            <SimpleData name="Bloco">Seg_a_Sab</SimpleData>
          </SchemaData>
        </ExtendedData>
        <MultiGeometry>
          <LineString>
            <coordinates>-43.2886581,-22.7608674,0 -43.28817,-22.7603468,0 -43.2875624,-22.7596295,0 -43.2873586,-22.7594094,0 -43.2873058443655,-22.7592757087307,0</coordinates>
          </LineString>
        </MultiGeometry>
      </Placemark>
      <Placemark id="Ruas_Nenhuma_Rota_Proxima.158">
        <name>Viaduto Vila São Luiz</name>
        <Style>
          <LineStyle>
            <color>ff0000ff</color>
          </LineStyle>
          <PolyStyle>
            <fill>0</fill>
          </PolyStyle>
        </Style>
        <ExtendedData>
          <SchemaData schemaUrl="#Ruas_Nenhuma_Rota_Proxima">
            <SimpleData name="fid">158</SimpleData>
            <SimpleData name="id">Doutor_Laureano.97</SimpleData>
            <SimpleData name="Name">Viaduto Vila São Luiz</SimpleData>
            <SimpleData name="Distrito">1º</SimpleData>
            <SimpleData name="id_trecho">1911</SimpleData>
            <SimpleData name="Extensao_m">176.945770237848</SimpleData>
            <SimpleData name="Bairro_logradouros">Doutor Laureano</SimpleData>
            <SimpleData name="Bairro_rotas"></SimpleData>
            <SimpleData name="Lote">I</SimpleData>
            <SimpleData name="Rota"></SimpleData>
            <SimpleData name="Turno">Noite</SimpleData>
            <SimpleData name="Dias_da_semana">seg,ter,qua,qui,sex,sab</SimpleData>
            <SimpleData name="Hit_Rate">100</SimpleData>
            <SimpleData name="Status">Validado (Rua sem rota)</SimpleData>
            <SimpleData name="Bloco">Seg_a_Sab</SimpleData>
          </SchemaData>
        </ExtendedData>
        <MultiGeometry>
          <LineString>
            <coordinates>-43.2869777,-22.7642188,0 -43.2869939,-22.7643424,0 -43.2870207,-22.7644327,0 -43.287093,-22.764502,0 -43.287203,-22.7645267,0 -43.2873291,-22.7644896,0 -43.2874337,-22.7643969,0 -43.2874753,-22.7642905,0 -43.2874699,-22.7641656,0 -43.2874109,-22.7639937,0 -43.2873184,-22.7638602,0 -43.2871963,-22.7637674,0 -43.2870287,-22.7636932,0 -43.2870027314584,-22.7636847553427,0</coordinates>
          </LineString>
        </MultiGeometry>
      </Placemark>
      <Placemark id="Ruas_Nenhuma_Rota_Proxima.159">
        <name>Viaduto Vila São Luiz</name>
        <Style>
          <LineStyle>
            <color>ff0000ff</color>
          </LineStyle>
          <PolyStyle>
            <fill>0</fill>
          </PolyStyle>
        </Style>
        <ExtendedData>
          <SchemaData schemaUrl="#Ruas_Nenhuma_Rota_Proxima">
            <SimpleData name="fid">159</SimpleData>
            <SimpleData name="id">Doutor_Laureano.97</SimpleData>
            <SimpleData name="Name">Viaduto Vila São Luiz</SimpleData>
            <SimpleData name="Distrito">1º</SimpleData>
            <SimpleData name="id_trecho">1916</SimpleData>
            <SimpleData name="Extensao_m">86.4424581870465</SimpleData>
            <SimpleData name="Bairro_logradouros">Doutor Laureano</SimpleData>
            <SimpleData name="Bairro_rotas"></SimpleData>
            <SimpleData name="Lote">I</SimpleData>
            <SimpleData name="Rota"></SimpleData>
            <SimpleData name="Turno">Noite</SimpleData>
            <SimpleData name="Dias_da_semana">seg,ter,qua,qui,sex,sab</SimpleData>
            <SimpleData name="Hit_Rate">100</SimpleData>
            <SimpleData name="Status">Validado (Rua sem rota)</SimpleData>
            <SimpleData name="Bloco">Seg_a_Sab</SimpleData>
          </SchemaData>
        </ExtendedData>
        <MultiGeometry>
          <LineString>
            <coordinates>-43.2870050548975,-22.7636351849103,0 -43.2872191,-22.7637241,0 -43.2874176,-22.7638837,0 -43.2875048,-22.7640333,0 -43.2875262,-22.7640889,0 -43.2875423,-22.764178,0</coordinates>
          </LineString>
        </MultiGeometry>
      </Placemark>
      <Placemark id="Ruas_Nenhuma_Rota_Proxima.160">
        <name>Viaduto Vila São Luiz</name>
        <Style>
          <LineStyle>
            <color>ff0000ff</color>
          </LineStyle>
          <PolyStyle>
            <fill>0</fill>
          </PolyStyle>
        </Style>
        <ExtendedData>
          <SchemaData schemaUrl="#Ruas_Nenhuma_Rota_Proxima">
            <SimpleData name="fid">160</SimpleData>
            <SimpleData name="id">Doutor_Laureano.97</SimpleData>
            <SimpleData name="Name">Viaduto Vila São Luiz</SimpleData>
            <SimpleData name="Distrito">1º</SimpleData>
            <SimpleData name="id_trecho">1917</SimpleData>
            <SimpleData name="Extensao_m">143.213417662852</SimpleData>
            <SimpleData name="Bairro_logradouros">Doutor Laureano</SimpleData>
            <SimpleData name="Bairro_rotas"></SimpleData>
            <SimpleData name="Lote">I</SimpleData>
            <SimpleData name="Rota"></SimpleData>
            <SimpleData name="Turno">Noite</SimpleData>
            <SimpleData name="Dias_da_semana">seg,ter,qua,qui,sex,sab</SimpleData>
            <SimpleData name="Hit_Rate">100</SimpleData>
            <SimpleData name="Status">Validado (Rua sem rota)</SimpleData>
            <SimpleData name="Bloco">Seg_a_Sab</SimpleData>
          </SchemaData>
        </ExtendedData>
        <MultiGeometry>
          <LineString>
            <coordinates>-43.2875423,-22.764178,0 -43.2875209,-22.7643227,0 -43.2874632,-22.764476,0 -43.2873666,-22.7646293,0 -43.2872728,-22.7647097,0 -43.2871266,-22.7648099,0 -43.2870622,-22.7648754,0 -43.2870045,-22.7649583,0 -43.2869155,-22.7652808,0</coordinates>
          </LineString>
        </MultiGeometry>
      </Placemark>
      <Placemark id="Ruas_Nenhuma_Rota_Proxima.161">
        <name>Rodovia Washington Luiz - Auxiliar</name>
        <Style>
          <LineStyle>
            <color>ff0000ff</color>
          </LineStyle>
          <PolyStyle>
            <fill>0</fill>
          </PolyStyle>
        </Style>
        <ExtendedData>
          <SchemaData schemaUrl="#Ruas_Nenhuma_Rota_Proxima">
            <SimpleData name="fid">161</SimpleData>
            <SimpleData name="id">Gramacho.41</SimpleData>
            <SimpleData name="Name">Rodovia Washington Luiz - Auxiliar</SimpleData>
            <SimpleData name="Distrito">1º</SimpleData>
            <SimpleData name="id_trecho">2160</SimpleData>
            <SimpleData name="Extensao_m">133.116198022357</SimpleData>
            <SimpleData name="Bairro_logradouros">Gramacho</SimpleData>
            <SimpleData name="Bairro_rotas"></SimpleData>
            <SimpleData name="Lote">I</SimpleData>
            <SimpleData name="Rota"></SimpleData>
            <SimpleData name="Turno">Noite</SimpleData>
            <SimpleData name="Dias_da_semana">seg,ter,qua,qui,sex,sab</SimpleData>
            <SimpleData name="Hit_Rate">72.22</SimpleData>
            <SimpleData name="Status">Validado (Rua sem rota)</SimpleData>
            <SimpleData name="Bloco">Seg_a_Sab</SimpleData>
          </SchemaData>
        </ExtendedData>
        <MultiGeometry>
          <LineString>
            <coordinates>-43.2873506,-22.7580454,0 -43.2873224,-22.7584695,0 -43.2873035,-22.7590359,0 -43.2872942,-22.7592462,0</coordinates>
          </LineString>
        </MultiGeometry>
      </Placemark>
      <Placemark id="Ruas_Nenhuma_Rota_Proxima.162">
        <name>Rodovia Washington Luiz - Auxiliar</name>
        <Style>
          <LineStyle>
            <color>ff0000ff</color>
          </LineStyle>
          <PolyStyle>
            <fill>0</fill>
          </PolyStyle>
        </Style>
        <ExtendedData>
          <SchemaData schemaUrl="#Ruas_Nenhuma_Rota_Proxima">
            <SimpleData name="fid">162</SimpleData>
            <SimpleData name="id">Gramacho.41</SimpleData>
            <SimpleData name="Name">Rodovia Washington Luiz - Auxiliar</SimpleData>
            <SimpleData name="Distrito">1º</SimpleData>
            <SimpleData name="id_trecho">2162</SimpleData>
            <SimpleData name="Extensao_m">178.162051411948</SimpleData>
            <SimpleData name="Bairro_logradouros">Gramacho</SimpleData>
            <SimpleData name="Bairro_rotas"></SimpleData>
            <SimpleData name="Lote">I</SimpleData>
            <SimpleData name="Rota"></SimpleData>
            <SimpleData name="Turno">Noite</SimpleData>
            <SimpleData name="Dias_da_semana">seg,ter,qua,qui,sex,sab</SimpleData>
            <SimpleData name="Hit_Rate">100</SimpleData>
            <SimpleData name="Status">Validado (Rua sem rota)</SimpleData>
            <SimpleData name="Bloco">Seg_a_Sab</SimpleData>
          </SchemaData>
        </ExtendedData>
        <MultiGeometry>
          <LineString>
            <coordinates>-43.286311129343,-22.7668362610478,0 -43.2863139,-22.766791,0 -43.2863414,-22.7663641,0 -43.2863756,-22.7657918,0 -43.286422,-22.7652308,0</coordinates>
          </LineString>
        </MultiGeometry>
      </Placemark>
      <Placemark id="Ruas_Nenhuma_Rota_Proxima.163">
        <name>Rodovia Washington Luiz - Auxiliar</name>
        <Style>
          <LineStyle>
            <color>ff0000ff</color>
          </LineStyle>
          <PolyStyle>
            <fill>0</fill>
          </PolyStyle>
        </Style>
        <ExtendedData>
          <SchemaData schemaUrl="#Ruas_Nenhuma_Rota_Proxima">
            <SimpleData name="fid">163</SimpleData>
            <SimpleData name="id">Gramacho.41</SimpleData>
            <SimpleData name="Name">Rodovia Washington Luiz - Auxiliar</SimpleData>
            <SimpleData name="Distrito">1º</SimpleData>
            <SimpleData name="id_trecho">2163</SimpleData>
            <SimpleData name="Extensao_m">122.016909287153</SimpleData>
            <SimpleData name="Bairro_logradouros">Gramacho</SimpleData>
            <SimpleData name="Bairro_rotas"></SimpleData>
            <SimpleData name="Lote">I</SimpleData>
            <SimpleData name="Rota"></SimpleData>
            <SimpleData name="Turno">Noite</SimpleData>
            <SimpleData name="Dias_da_semana">seg,ter,qua,qui,sex,sab</SimpleData>
            <SimpleData name="Hit_Rate">100</SimpleData>
            <SimpleData name="Status">Validado (Rua sem rota)</SimpleData>
            <SimpleData name="Bloco">Seg_a_Sab</SimpleData>
          </SchemaData>
        </ExtendedData>
        <MultiGeometry>
          <LineString>
            <coordinates>-43.286422,-22.7652308,0 -43.2864922,-22.7641309,0</coordinates>
          </LineString>
        </MultiGeometry>
      </Placemark>
      <Placemark id="Ruas_Nenhuma_Rota_Proxima.164">
        <name>Rodovia Washington Luiz - Auxiliar</name>
        <Style>
          <LineStyle>
            <color>ff0000ff</color>
          </LineStyle>
          <PolyStyle>
            <fill>0</fill>
          </PolyStyle>
        </Style>
        <ExtendedData>
          <SchemaData schemaUrl="#Ruas_Nenhuma_Rota_Proxima">
            <SimpleData name="fid">164</SimpleData>
            <SimpleData name="id">Gramacho.41</SimpleData>
            <SimpleData name="Name">Rodovia Washington Luiz - Auxiliar</SimpleData>
            <SimpleData name="Distrito">1º</SimpleData>
            <SimpleData name="id_trecho">2164</SimpleData>
            <SimpleData name="Extensao_m">52.5662218902471</SimpleData>
            <SimpleData name="Bairro_logradouros">Gramacho</SimpleData>
            <SimpleData name="Bairro_rotas"></SimpleData>
            <SimpleData name="Lote">I</SimpleData>
            <SimpleData name="Rota"></SimpleData>
            <SimpleData name="Turno">Noite</SimpleData>
            <SimpleData name="Dias_da_semana">seg,ter,qua,qui,sex,sab</SimpleData>
            <SimpleData name="Hit_Rate">100</SimpleData>
            <SimpleData name="Status">Validado (Rua sem rota)</SimpleData>
            <SimpleData name="Bloco">Seg_a_Sab</SimpleData>
          </SchemaData>
        </ExtendedData>
        <MultiGeometry>
          <LineString>
            <coordinates>-43.2864922,-22.7641309,0 -43.2864963,-22.7637167,0 -43.2865005387472,-22.7636563670416,0</coordinates>
          </LineString>
        </MultiGeometry>
      </Placemark>
      <Placemark id="Ruas_Nenhuma_Rota_Proxima.165">
        <name>Rodovia Washington Luiz - Auxiliar</name>
        <Style>
          <LineStyle>
            <color>ff0000ff</color>
          </LineStyle>
          <PolyStyle>
            <fill>0</fill>
          </PolyStyle>
        </Style>
        <ExtendedData>
          <SchemaData schemaUrl="#Ruas_Nenhuma_Rota_Proxima">
            <SimpleData name="fid">165</SimpleData>
            <SimpleData name="id">Gramacho.41</SimpleData>
            <SimpleData name="Name">Rodovia Washington Luiz - Auxiliar</SimpleData>
            <SimpleData name="Distrito">1º</SimpleData>
            <SimpleData name="id_trecho">2166</SimpleData>
            <SimpleData name="Extensao_m">396.720745586902</SimpleData>
            <SimpleData name="Bairro_logradouros">Gramacho</SimpleData>
            <SimpleData name="Bairro_rotas"></SimpleData>
            <SimpleData name="Lote">I</SimpleData>
            <SimpleData name="Rota"></SimpleData>
            <SimpleData name="Turno">Noite</SimpleData>
            <SimpleData name="Dias_da_semana">seg,ter,qua,qui,sex,sab</SimpleData>
            <SimpleData name="Hit_Rate">100</SimpleData>
            <SimpleData name="Status">Validado (Rua sem rota)</SimpleData>
            <SimpleData name="Bloco">Seg_a_Sab</SimpleData>
          </SchemaData>
        </ExtendedData>
        <MultiGeometry>
          <LineString>
            <coordinates>-43.286503707751,-22.7636112604653,0 -43.2865254,-22.7633025,0 -43.2865403,-22.7631125,0 -43.286574,-22.7626853,0 -43.2865995,-22.7623069,0 -43.2866491,-22.7615464,0 -43.2867296,-22.7600351,0</coordinates>
          </LineString>
        </MultiGeometry>
      </Placemark>
      <Placemark id="Ruas_Nenhuma_Rota_Proxima.166">
        <name>Rodovia Washington Luiz - Auxiliar</name>
        <Style>
          <LineStyle>
            <color>ff0000ff</color>
          </LineStyle>
          <PolyStyle>
            <fill>0</fill>
          </PolyStyle>
        </Style>
        <ExtendedData>
          <SchemaData schemaUrl="#Ruas_Nenhuma_Rota_Proxima">
            <SimpleData name="fid">166</SimpleData>
            <SimpleData name="id">Gramacho.41</SimpleData>
            <SimpleData name="Name">Rodovia Washington Luiz - Auxiliar</SimpleData>
            <SimpleData name="Distrito">1º</SimpleData>
            <SimpleData name="id_trecho">2168</SimpleData>
            <SimpleData name="Extensao_m">228.393912989633</SimpleData>
            <SimpleData name="Bairro_logradouros">Gramacho</SimpleData>
            <SimpleData name="Bairro_rotas"></SimpleData>
            <SimpleData name="Lote">I</SimpleData>
            <SimpleData name="Rota"></SimpleData>
            <SimpleData name="Turno">Noite</SimpleData>
            <SimpleData name="Dias_da_semana">seg,ter,qua,qui,sex,sab</SimpleData>
            <SimpleData name="Hit_Rate">100</SimpleData>
            <SimpleData name="Status">Validado (Rua sem rota)</SimpleData>
            <SimpleData name="Bloco">Seg_a_Sab</SimpleData>
          </SchemaData>
        </ExtendedData>
        <MultiGeometry>
          <LineString>
            <coordinates>-43.2867516,-22.7596197,0 -43.2867658,-22.759235,0 -43.2867872,-22.758933,0 -43.2868302,-22.7583323,0 -43.2868678,-22.75773,0 -43.2868745,-22.7575606,0</coordinates>
          </LineString>
        </MultiGeometry>
      </Placemark>
      <Placemark id="Ruas_Nenhuma_Rota_Proxima.167">
        <name>Rodovia Washington Luiz - Auxiliar</name>
        <Style>
          <LineStyle>
            <color>ff0000ff</color>
          </LineStyle>
          <PolyStyle>
            <fill>0</fill>
          </PolyStyle>
        </Style>
        <ExtendedData>
          <SchemaData schemaUrl="#Ruas_Nenhuma_Rota_Proxima">
            <SimpleData name="fid">167</SimpleData>
            <SimpleData name="id">Gramacho.41</SimpleData>
            <SimpleData name="Name">Rodovia Washington Luiz - Auxiliar</SimpleData>
            <SimpleData name="Distrito">1º</SimpleData>
            <SimpleData name="id_trecho">2170</SimpleData>
            <SimpleData name="Extensao_m">330.535185797318</SimpleData>
            <SimpleData name="Bairro_logradouros">Gramacho</SimpleData>
            <SimpleData name="Bairro_rotas"></SimpleData>
            <SimpleData name="Lote">I</SimpleData>
            <SimpleData name="Rota"></SimpleData>
            <SimpleData name="Turno">Noite</SimpleData>
            <SimpleData name="Dias_da_semana">seg,ter,qua,qui,sex,sab</SimpleData>
            <SimpleData name="Hit_Rate">100</SimpleData>
            <SimpleData name="Status">Validado (Rua sem rota)</SimpleData>
            <SimpleData name="Bloco">Seg_a_Sab</SimpleData>
          </SchemaData>
        </ExtendedData>
        <MultiGeometry>
          <LineString>
            <coordinates>-43.2868798,-22.757427,0 -43.2869388,-22.7565613,0 -43.2869831,-22.7558576,0 -43.2870689,-22.7544474,0</coordinates>
          </LineString>
        </MultiGeometry>
      </Placemark>
      <Placemark id="Ruas_Nenhuma_Rota_Proxima.168">
        <name>Rodovia Washington Luiz - Auxiliar</name>
        <Style>
          <LineStyle>
            <color>ff0000ff</color>
          </LineStyle>
          <PolyStyle>
            <fill>0</fill>
          </PolyStyle>
        </Style>
        <ExtendedData>
          <SchemaData schemaUrl="#Ruas_Nenhuma_Rota_Proxima">
            <SimpleData name="fid">168</SimpleData>
            <SimpleData name="id">Gramacho.41</SimpleData>
            <SimpleData name="Name">Rodovia Washington Luiz - Auxiliar</SimpleData>
            <SimpleData name="Distrito">1º</SimpleData>
            <SimpleData name="id_trecho">2171</SimpleData>
            <SimpleData name="Extensao_m">247.030079822209</SimpleData>
            <SimpleData name="Bairro_logradouros">Gramacho</SimpleData>
            <SimpleData name="Bairro_rotas"></SimpleData>
            <SimpleData name="Lote">I</SimpleData>
            <SimpleData name="Rota"></SimpleData>
            <SimpleData name="Turno">Noite</SimpleData>
            <SimpleData name="Dias_da_semana">seg,ter,qua,qui,sex,sab</SimpleData>
            <SimpleData name="Hit_Rate">94.44</SimpleData>
            <SimpleData name="Status">Validado (Rua sem rota)</SimpleData>
            <SimpleData name="Bloco">Seg_a_Sab</SimpleData>
          </SchemaData>
        </ExtendedData>
        <MultiGeometry>
          <LineString>
            <coordinates>-43.2870689,-22.7544474,0 -43.2870944,-22.7538925,0 -43.2871346,-22.7533334,0 -43.2872022,-22.7522202,0</coordinates>
          </LineString>
        </MultiGeometry>
      </Placemark>
      <Placemark id="Ruas_Nenhuma_Rota_Proxima.169">
        <name>Rua Ponta Grossa</name>
        <Style>
          <LineStyle>
            <color>ff0000ff</color>
          </LineStyle>
          <PolyStyle>
            <fill>0</fill>
          </PolyStyle>
        </Style>
        <ExtendedData>
          <SchemaData schemaUrl="#Ruas_Nenhuma_Rota_Proxima">
            <SimpleData name="fid">169</SimpleData>
            <SimpleData name="id">Gramacho.166</SimpleData>
            <SimpleData name="Name">Rua Ponta Grossa</SimpleData>
            <SimpleData name="Distrito">1º</SimpleData>
            <SimpleData name="id_trecho">2678</SimpleData>
            <SimpleData name="Extensao_m">244.825856860283</SimpleData>
            <SimpleData name="Bairro_logradouros">Gramacho</SimpleData>
            <SimpleData name="Bairro_rotas"></SimpleData>
            <SimpleData name="Lote">I</SimpleData>
            <SimpleData name="Rota"></SimpleData>
            <SimpleData name="Turno">Noite</SimpleData>
            <SimpleData name="Dias_da_semana">seg,ter,qua,qui,sex,sab</SimpleData>
            <SimpleData name="Hit_Rate">100</SimpleData>
            <SimpleData name="Status">Validado (Rua sem rota)</SimpleData>
            <SimpleData name="Bloco">Seg_a_Sab</SimpleData>
          </SchemaData>
        </ExtendedData>
        <MultiGeometry>
          <LineString>
            <coordinates>-43.286318,-22.7521781,0 -43.2861728,-22.7543848,0</coordinates>
          </LineString>
        </MultiGeometry>
      </Placemark>
      <Placemark id="Ruas_Nenhuma_Rota_Proxima.170">
        <name>Viaduto Vila São Luiz</name>
        <Style>
          <LineStyle>
            <color>ff0000ff</color>
          </LineStyle>
          <PolyStyle>
            <fill>0</fill>
          </PolyStyle>
        </Style>
        <ExtendedData>
          <SchemaData schemaUrl="#Ruas_Nenhuma_Rota_Proxima">
            <SimpleData name="fid">170</SimpleData>
            <SimpleData name="id">Gramacho.202</SimpleData>
            <SimpleData name="Name">Viaduto Vila São Luiz</SimpleData>
            <SimpleData name="Distrito">1º</SimpleData>
            <SimpleData name="id_trecho">2860</SimpleData>
            <SimpleData name="Extensao_m">234.562652577976</SimpleData>
            <SimpleData name="Bairro_logradouros">Gramacho</SimpleData>
            <SimpleData name="Bairro_rotas"></SimpleData>
            <SimpleData name="Lote">I</SimpleData>
            <SimpleData name="Rota"></SimpleData>
            <SimpleData name="Turno">Noite</SimpleData>
            <SimpleData name="Dias_da_semana">seg,ter,qua,qui,sex,sab</SimpleData>
            <SimpleData name="Hit_Rate">100</SimpleData>
            <SimpleData name="Status">Validado (Rua sem rota)</SimpleData>
            <SimpleData name="Bloco">Seg_a_Sab</SimpleData>
          </SchemaData>
        </ExtendedData>
        <MultiGeometry>
          <LineString>
            <coordinates>-43.286422,-22.7652308,0 -43.2863447,-22.7649768,0 -43.2862817,-22.7648767,0 -43.2862066,-22.7648,0 -43.2860483,-22.7646541,0 -43.2859437,-22.7645403,0 -43.2858861,-22.7644241,0 -43.2858565,-22.764314,0 -43.2858418,-22.7641842,0 -43.2858633,-22.7640704,0 -43.2859337,-22.7639294,0 -43.2860195,-22.7638286,0 -43.2861181,-22.7637501,0 -43.2862327,-22.7636895,0 -43.2863648,-22.76364,0 -43.286503707751,-22.7636112604653,0</coordinates>
          </LineString>
        </MultiGeometry>
      </Placemark>
      <Placemark id="Ruas_Nenhuma_Rota_Proxima.171">
        <name>Viaduto Vila São Luiz</name>
        <Style>
          <LineStyle>
            <color>ff0000ff</color>
          </LineStyle>
          <PolyStyle>
            <fill>0</fill>
          </PolyStyle>
        </Style>
        <ExtendedData>
          <SchemaData schemaUrl="#Ruas_Nenhuma_Rota_Proxima">
            <SimpleData name="fid">171</SimpleData>
            <SimpleData name="id">Gramacho.202</SimpleData>
            <SimpleData name="Name">Viaduto Vila São Luiz</SimpleData>
            <SimpleData name="Distrito">1º</SimpleData>
            <SimpleData name="id_trecho">2861</SimpleData>
            <SimpleData name="Extensao_m">16.4062967027857</SimpleData>
            <SimpleData name="Bairro_logradouros">Gramacho</SimpleData>
            <SimpleData name="Bairro_rotas"></SimpleData>
            <SimpleData name="Lote">I</SimpleData>
            <SimpleData name="Rota"></SimpleData>
            <SimpleData name="Turno">Noite</SimpleData>
            <SimpleData name="Dias_da_semana">seg,ter,qua,qui,sex,sab</SimpleData>
            <SimpleData name="Hit_Rate">66.67</SimpleData>
            <SimpleData name="Status">Validado (Rua sem rota)</SimpleData>
            <SimpleData name="Bloco">Seg_a_Sab</SimpleData>
          </SchemaData>
        </ExtendedData>
        <MultiGeometry>
          <LineString>
            <coordinates>-43.286503707751,-22.7636112604653,0 -43.286562,-22.7635992,0 -43.2866618974436,-22.7635945325987,0</coordinates>
          </LineString>
        </MultiGeometry>
      </Placemark>
      <Placemark id="Ruas_Nenhuma_Rota_Proxima.172">
        <name>Viaduto Vila São Luiz</name>
        <Style>
          <LineStyle>
            <color>ff0000ff</color>
          </LineStyle>
          <PolyStyle>
            <fill>0</fill>
          </PolyStyle>
        </Style>
        <ExtendedData>
          <SchemaData schemaUrl="#Ruas_Nenhuma_Rota_Proxima">
            <SimpleData name="fid">172</SimpleData>
            <SimpleData name="id">Gramacho.202</SimpleData>
            <SimpleData name="Name">Viaduto Vila São Luiz</SimpleData>
            <SimpleData name="Distrito">1º</SimpleData>
            <SimpleData name="id_trecho">2865</SimpleData>
            <SimpleData name="Extensao_m">193.219491600638</SimpleData>
            <SimpleData name="Bairro_logradouros">Gramacho</SimpleData>
            <SimpleData name="Bairro_rotas"></SimpleData>
            <SimpleData name="Lote">I</SimpleData>
            <SimpleData name="Rota"></SimpleData>
            <SimpleData name="Turno">Noite</SimpleData>
            <SimpleData name="Dias_da_semana">seg,ter,qua,qui,sex,sab</SimpleData>
            <SimpleData name="Hit_Rate">100</SimpleData>
            <SimpleData name="Status">Validado (Rua sem rota)</SimpleData>
            <SimpleData name="Bloco">Seg_a_Sab</SimpleData>
          </SchemaData>
        </ExtendedData>
        <MultiGeometry>
          <LineString>
            <coordinates>-43.2865005387472,-22.7636563670416,0 -43.286256,-22.7637179,0 -43.2861496,-22.7637847,0 -43.2860812,-22.7638354,0 -43.2859846,-22.7639418,0 -43.2859343,-22.7640419,0 -43.2858968,-22.7641687,0 -43.2858981,-22.7642602,0 -43.2859196,-22.7643363,0 -43.2859826,-22.7644123,0 -43.2860591,-22.76445,0 -43.2861623,-22.7644673,0 -43.2862696,-22.7644414,0 -43.2863528,-22.7643795,0 -43.2864212,-22.7642992,0 -43.2864922,-22.7641309,0</coordinates>
          </LineString>
        </MultiGeometry>
      </Placemark>
      <Placemark id="Ruas_Nenhuma_Rota_Proxima.173">
        <name>Rodovia Washington Luiz - Auxiliar</name>
        <Style>
          <LineStyle>
            <color>ff0000ff</color>
          </LineStyle>
          <PolyStyle>
            <fill>0</fill>
          </PolyStyle>
        </Style>
        <ExtendedData>
          <SchemaData schemaUrl="#Ruas_Nenhuma_Rota_Proxima">
            <SimpleData name="fid">173</SimpleData>
            <SimpleData name="id">Parque_Duque.174</SimpleData>
            <SimpleData name="Name">Rodovia Washington Luiz - Auxiliar</SimpleData>
            <SimpleData name="Distrito">1º</SimpleData>
            <SimpleData name="id_trecho">3952</SimpleData>
            <SimpleData name="Extensao_m">136.858830159573</SimpleData>
            <SimpleData name="Bairro_logradouros">Parque Duque</SimpleData>
            <SimpleData name="Bairro_rotas"></SimpleData>
            <SimpleData name="Lote">I</SimpleData>
            <SimpleData name="Rota"></SimpleData>
            <SimpleData name="Turno">Noite</SimpleData>
            <SimpleData name="Dias_da_semana">seg,ter,qua,qui,sex,sab</SimpleData>
            <SimpleData name="Hit_Rate">72.22</SimpleData>
            <SimpleData name="Status">Validado (Rua sem rota)</SimpleData>
            <SimpleData name="Bloco">Seg_a_Sab</SimpleData>
          </SchemaData>
        </ExtendedData>
        <MultiGeometry>
          <LineString>
            <coordinates>-43.2861978,-22.7770397,0 -43.2861724,-22.7775828,0 -43.2861166,-22.7782731,0</coordinates>
          </LineString>
        </MultiGeometry>
      </Placemark>
      <Placemark id="Ruas_Nenhuma_Rota_Proxima.174">
        <name>Rodovia Washington Luiz - Auxiliar</name>
        <Style>
          <LineStyle>
            <color>ff0000ff</color>
          </LineStyle>
          <PolyStyle>
            <fill>0</fill>
          </PolyStyle>
        </Style>
        <ExtendedData>
          <SchemaData schemaUrl="#Ruas_Nenhuma_Rota_Proxima">
            <SimpleData name="fid">174</SimpleData>
            <SimpleData name="id">Parque_Duque.174</SimpleData>
            <SimpleData name="Name">Rodovia Washington Luiz - Auxiliar</SimpleData>
            <SimpleData name="Distrito">1º</SimpleData>
            <SimpleData name="id_trecho">3953</SimpleData>
            <SimpleData name="Extensao_m">128.306115961674</SimpleData>
            <SimpleData name="Bairro_logradouros">Parque Duque</SimpleData>
            <SimpleData name="Bairro_rotas"></SimpleData>
            <SimpleData name="Lote">I</SimpleData>
            <SimpleData name="Rota"></SimpleData>
            <SimpleData name="Turno">Noite</SimpleData>
            <SimpleData name="Dias_da_semana">seg,ter,qua,qui,sex,sab</SimpleData>
            <SimpleData name="Hit_Rate">77.78</SimpleData>
            <SimpleData name="Status">Validado (Rua sem rota)</SimpleData>
            <SimpleData name="Bloco">Seg_a_Sab</SimpleData>
          </SchemaData>
        </ExtendedData>
        <MultiGeometry>
          <LineString>
            <coordinates>-43.2861166,-22.7782731,0 -43.2860752,-22.7788598,0 -43.2860456,-22.7794298,0</coordinates>
          </LineString>
        </MultiGeometry>
      </Placemark>
      <Placemark id="Ruas_Nenhuma_Rota_Proxima.175">
        <name>Rodovia Washington Luiz - Auxiliar</name>
        <Style>
          <LineStyle>
            <color>ff0000ff</color>
          </LineStyle>
          <PolyStyle>
            <fill>0</fill>
          </PolyStyle>
        </Style>
        <ExtendedData>
          <SchemaData schemaUrl="#Ruas_Nenhuma_Rota_Proxima">
            <SimpleData name="fid">175</SimpleData>
            <SimpleData name="id">Parque_Duque.174</SimpleData>
            <SimpleData name="Name">Rodovia Washington Luiz - Auxiliar</SimpleData>
            <SimpleData name="Distrito">1º</SimpleData>
            <SimpleData name="id_trecho">3955</SimpleData>
            <SimpleData name="Extensao_m">96.5234820166937</SimpleData>
            <SimpleData name="Bairro_logradouros">Parque Duque</SimpleData>
            <SimpleData name="Bairro_rotas"></SimpleData>
            <SimpleData name="Lote">I</SimpleData>
            <SimpleData name="Rota"></SimpleData>
            <SimpleData name="Turno">Noite</SimpleData>
            <SimpleData name="Dias_da_semana">seg,ter,qua,qui,sex,sab</SimpleData>
            <SimpleData name="Hit_Rate">72.22</SimpleData>
            <SimpleData name="Status">Validado (Rua sem rota)</SimpleData>
            <SimpleData name="Bloco">Seg_a_Sab</SimpleData>
          </SchemaData>
        </ExtendedData>
        <MultiGeometry>
          <LineString>
            <coordinates>-43.2859546,-22.7806981,0 -43.2859357,-22.7811226,0 -43.285914,-22.7815689,0</coordinates>
          </LineString>
        </MultiGeometry>
      </Placemark>
      <Placemark id="Ruas_Nenhuma_Rota_Proxima.176">
        <name>Rodovia Washington Luiz - Auxiliar</name>
        <Style>
          <LineStyle>
            <color>ff0000ff</color>
          </LineStyle>
          <PolyStyle>
            <fill>0</fill>
          </PolyStyle>
        </Style>
        <ExtendedData>
          <SchemaData schemaUrl="#Ruas_Nenhuma_Rota_Proxima">
            <SimpleData name="fid">176</SimpleData>
            <SimpleData name="id">Parque_Duque.174</SimpleData>
            <SimpleData name="Name">Rodovia Washington Luiz - Auxiliar</SimpleData>
            <SimpleData name="Distrito">1º</SimpleData>
            <SimpleData name="id_trecho">3956</SimpleData>
            <SimpleData name="Extensao_m">120.686333820869</SimpleData>
            <SimpleData name="Bairro_logradouros">Parque Duque</SimpleData>
            <SimpleData name="Bairro_rotas"></SimpleData>
            <SimpleData name="Lote">I</SimpleData>
            <SimpleData name="Rota"></SimpleData>
            <SimpleData name="Turno">Noite</SimpleData>
            <SimpleData name="Dias_da_semana">seg,ter,qua,qui,sex,sab</SimpleData>
            <SimpleData name="Hit_Rate">77.78</SimpleData>
            <SimpleData name="Status">Validado (Rua sem rota)</SimpleData>
            <SimpleData name="Bloco">Seg_a_Sab</SimpleData>
          </SchemaData>
        </ExtendedData>
        <MultiGeometry>
          <LineString>
            <coordinates>-43.285914,-22.7815689,0 -43.2858727,-22.7820719,0 -43.2858453,-22.7826567,0</coordinates>
          </LineString>
        </MultiGeometry>
      </Placemark>
      <Placemark id="Ruas_Nenhuma_Rota_Proxima.177">
        <name>Rodovia Washington Luiz - Auxiliar</name>
        <Style>
          <LineStyle>
            <color>ff0000ff</color>
          </LineStyle>
          <PolyStyle>
            <fill>0</fill>
          </PolyStyle>
        </Style>
        <ExtendedData>
          <SchemaData schemaUrl="#Ruas_Nenhuma_Rota_Proxima">
            <SimpleData name="fid">177</SimpleData>
            <SimpleData name="id">Parque_Duque.174</SimpleData>
            <SimpleData name="Name">Rodovia Washington Luiz - Auxiliar</SimpleData>
            <SimpleData name="Distrito">1º</SimpleData>
            <SimpleData name="id_trecho">3957</SimpleData>
            <SimpleData name="Extensao_m">99.9391507426293</SimpleData>
            <SimpleData name="Bairro_logradouros">Parque Duque</SimpleData>
            <SimpleData name="Bairro_rotas"></SimpleData>
            <SimpleData name="Lote">I</SimpleData>
            <SimpleData name="Rota"></SimpleData>
            <SimpleData name="Turno">Noite</SimpleData>
            <SimpleData name="Dias_da_semana">seg,ter,qua,qui,sex,sab</SimpleData>
            <SimpleData name="Hit_Rate">100</SimpleData>
            <SimpleData name="Status">Validado (Rua sem rota)</SimpleData>
            <SimpleData name="Bloco">Seg_a_Sab</SimpleData>
          </SchemaData>
        </ExtendedData>
        <MultiGeometry>
          <LineString>
            <coordinates>-43.2858453,-22.7826567,0 -43.2858319,-22.7829608,0 -43.2858029,-22.7835583,0</coordinates>
          </LineString>
        </MultiGeometry>
      </Placemark>
      <Placemark id="Ruas_Nenhuma_Rota_Proxima.178">
        <name>Rodovia Washington Luiz - Auxiliar</name>
        <Style>
          <LineStyle>
            <color>ff0000ff</color>
          </LineStyle>
          <PolyStyle>
            <fill>0</fill>
          </PolyStyle>
        </Style>
        <ExtendedData>
          <SchemaData schemaUrl="#Ruas_Nenhuma_Rota_Proxima">
            <SimpleData name="fid">178</SimpleData>
            <SimpleData name="id">Parque_Duque.174</SimpleData>
            <SimpleData name="Name">Rodovia Washington Luiz - Auxiliar</SimpleData>
            <SimpleData name="Distrito">1º</SimpleData>
            <SimpleData name="id_trecho">3958</SimpleData>
            <SimpleData name="Extensao_m">80.8624025606102</SimpleData>
            <SimpleData name="Bairro_logradouros">Parque Duque</SimpleData>
            <SimpleData name="Bairro_rotas"></SimpleData>
            <SimpleData name="Lote">I</SimpleData>
            <SimpleData name="Rota"></SimpleData>
            <SimpleData name="Turno">Noite</SimpleData>
            <SimpleData name="Dias_da_semana">seg,ter,qua,qui,sex,sab</SimpleData>
            <SimpleData name="Hit_Rate">77.78</SimpleData>
            <SimpleData name="Status">Validado (Rua sem rota)</SimpleData>
            <SimpleData name="Bloco">Seg_a_Sab</SimpleData>
          </SchemaData>
        </ExtendedData>
        <MultiGeometry>
          <LineString>
            <coordinates>-43.2858029,-22.7835583,0 -43.2857533,-22.7841682,0 -43.2857448,-22.7842865,0</coordinates>
          </LineString>
        </MultiGeometry>
      </Placemark>
      <Placemark id="Ruas_Nenhuma_Rota_Proxima.179">
        <name>Rodovia Washington Luiz - Auxiliar</name>
        <Style>
          <LineStyle>
            <color>ff0000ff</color>
          </LineStyle>
          <PolyStyle>
            <fill>0</fill>
          </PolyStyle>
        </Style>
        <ExtendedData>
          <SchemaData schemaUrl="#Ruas_Nenhuma_Rota_Proxima">
            <SimpleData name="fid">179</SimpleData>
            <SimpleData name="id">Parque_Duque.174</SimpleData>
            <SimpleData name="Name">Rodovia Washington Luiz - Auxiliar</SimpleData>
            <SimpleData name="Distrito">1º</SimpleData>
            <SimpleData name="id_trecho">3981</SimpleData>
            <SimpleData name="Extensao_m">101.485474851792</SimpleData>
            <SimpleData name="Bairro_logradouros">Parque Duque</SimpleData>
            <SimpleData name="Bairro_rotas"></SimpleData>
            <SimpleData name="Lote">I</SimpleData>
            <SimpleData name="Rota"></SimpleData>
            <SimpleData name="Turno">Noite</SimpleData>
            <SimpleData name="Dias_da_semana">seg,ter,qua,qui,sex,sab</SimpleData>
            <SimpleData name="Hit_Rate">94.44</SimpleData>
            <SimpleData name="Status">Validado (Rua sem rota)</SimpleData>
            <SimpleData name="Bloco">Seg_a_Sab</SimpleData>
          </SchemaData>
        </ExtendedData>
        <MultiGeometry>
          <LineString>
            <coordinates>-43.2900455,-22.7996427,0 -43.2899885,-22.799409,0 -43.2899456,-22.7992409,0 -43.2898718,-22.7990109,0 -43.2897753,-22.7987624,0</coordinates>
          </LineString>
        </MultiGeometry>
      </Placemark>
      <Placemark id="Ruas_Nenhuma_Rota_Proxima.180">
        <name>Rodovia Washington Luiz - Auxiliar</name>
        <Style>
          <LineStyle>
            <color>ff0000ff</color>
          </LineStyle>
          <PolyStyle>
            <fill>0</fill>
          </PolyStyle>
        </Style>
        <ExtendedData>
          <SchemaData schemaUrl="#Ruas_Nenhuma_Rota_Proxima">
            <SimpleData name="fid">180</SimpleData>
            <SimpleData name="id">Parque_Duque.174</SimpleData>
            <SimpleData name="Name">Rodovia Washington Luiz - Auxiliar</SimpleData>
            <SimpleData name="Distrito">1º</SimpleData>
            <SimpleData name="id_trecho">3982</SimpleData>
            <SimpleData name="Extensao_m">489.984227791776</SimpleData>
            <SimpleData name="Bairro_logradouros">Parque Duque</SimpleData>
            <SimpleData name="Bairro_rotas"></SimpleData>
            <SimpleData name="Lote">I</SimpleData>
            <SimpleData name="Rota"></SimpleData>
            <SimpleData name="Turno">Noite</SimpleData>
            <SimpleData name="Dias_da_semana">seg,ter,qua,qui,sex,sab</SimpleData>
            <SimpleData name="Hit_Rate">100</SimpleData>
            <SimpleData name="Status">Validado (Rua sem rota)</SimpleData>
            <SimpleData name="Bloco">Seg_a_Sab</SimpleData>
          </SchemaData>
        </ExtendedData>
        <MultiGeometry>
          <LineString>
            <coordinates>-43.2897753,-22.7987624,0 -43.289625,-22.7983964,0 -43.2894561,-22.7980502,0 -43.2891658,-22.7974736,0 -43.2890174,-22.797185,0 -43.2888874,-22.7969165,0 -43.288752,-22.7966507,0 -43.2884677,-22.7961031,0 -43.2881244,-22.795449,0 -43.287769,-22.7947492,0</coordinates>
          </LineString>
        </MultiGeometry>
      </Placemark>
      <Placemark id="Ruas_Nenhuma_Rota_Proxima.181">
        <name>Rodovia Washington Luiz - Auxiliar</name>
        <Style>
          <LineStyle>
            <color>ff0000ff</color>
          </LineStyle>
          <PolyStyle>
            <fill>0</fill>
          </PolyStyle>
        </Style>
        <ExtendedData>
          <SchemaData schemaUrl="#Ruas_Nenhuma_Rota_Proxima">
            <SimpleData name="fid">181</SimpleData>
            <SimpleData name="id">Parque_Duque.174</SimpleData>
            <SimpleData name="Name">Rodovia Washington Luiz - Auxiliar</SimpleData>
            <SimpleData name="Distrito">1º</SimpleData>
            <SimpleData name="id_trecho">3992</SimpleData>
            <SimpleData name="Extensao_m">234.139387589289</SimpleData>
            <SimpleData name="Bairro_logradouros">Parque Duque</SimpleData>
            <SimpleData name="Bairro_rotas"></SimpleData>
            <SimpleData name="Lote">I</SimpleData>
            <SimpleData name="Rota"></SimpleData>
            <SimpleData name="Turno">Noite</SimpleData>
            <SimpleData name="Dias_da_semana">seg,ter,qua,qui,sex,sab</SimpleData>
            <SimpleData name="Hit_Rate">77.78</SimpleData>
            <SimpleData name="Status">Validado (Rua sem rota)</SimpleData>
            <SimpleData name="Bloco">Seg_a_Sab</SimpleData>
          </SchemaData>
        </ExtendedData>
        <MultiGeometry>
          <LineString>
            <coordinates>-43.286861,-22.7930059,0 -43.2867283,-22.7927562,0 -43.2864507,-22.7922196,0 -43.2861985,-22.7917189,0 -43.2860698,-22.7914345,0 -43.285984,-22.7912455,0 -43.2859128120777,-22.7910837539643,0</coordinates>
          </LineString>
        </MultiGeometry>
      </Placemark>
      <Placemark id="Ruas_Nenhuma_Rota_Proxima.182">
        <name>Rua Almeida Braga</name>
        <Style>
          <LineStyle>
            <color>ff0000ff</color>
          </LineStyle>
          <PolyStyle>
            <fill>0</fill>
          </PolyStyle>
        </Style>
        <ExtendedData>
          <SchemaData schemaUrl="#Ruas_Nenhuma_Rota_Proxima">
            <SimpleData name="fid">182</SimpleData>
            <SimpleData name="id">Parque_Duque.157</SimpleData>
            <SimpleData name="Name">Rua Almeida Braga</SimpleData>
            <SimpleData name="Distrito">1º</SimpleData>
            <SimpleData name="id_trecho">4040</SimpleData>
            <SimpleData name="Extensao_m">67.1496488166049</SimpleData>
            <SimpleData name="Bairro_logradouros">Parque Duque</SimpleData>
            <SimpleData name="Bairro_rotas"></SimpleData>
            <SimpleData name="Lote">I</SimpleData>
            <SimpleData name="Rota"></SimpleData>
            <SimpleData name="Turno">Noite</SimpleData>
            <SimpleData name="Dias_da_semana">seg,ter,qua,qui,sex,sab</SimpleData>
            <SimpleData name="Hit_Rate">100</SimpleData>
            <SimpleData name="Status">Validado (Rua sem rota)</SimpleData>
            <SimpleData name="Bloco">Seg_a_Sab</SimpleData>
          </SchemaData>
        </ExtendedData>
        <MultiGeometry>
          <LineString>
            <coordinates>-43.2926134133689,-22.8015023542616,0 -43.2925738,-22.8015359,0 -43.2924325,-22.8016036,0 -43.2922107,-22.8016492,0 -43.2919975,-22.8016677,0</coordinates>
          </LineString>
        </MultiGeometry>
      </Placemark>
      <Placemark id="Ruas_Nenhuma_Rota_Proxima.183">
        <name>Rua Almeida Braga</name>
        <Style>
          <LineStyle>
            <color>ff0000ff</color>
          </LineStyle>
          <PolyStyle>
            <fill>0</fill>
          </PolyStyle>
        </Style>
        <ExtendedData>
          <SchemaData schemaUrl="#Ruas_Nenhuma_Rota_Proxima">
            <SimpleData name="fid">183</SimpleData>
            <SimpleData name="id">Parque_Duque.157</SimpleData>
            <SimpleData name="Name">Rua Almeida Braga</SimpleData>
            <SimpleData name="Distrito">1º</SimpleData>
            <SimpleData name="id_trecho">4041</SimpleData>
            <SimpleData name="Extensao_m">68.3429028014055</SimpleData>
            <SimpleData name="Bairro_logradouros">Parque Duque</SimpleData>
            <SimpleData name="Bairro_rotas"></SimpleData>
            <SimpleData name="Lote">I</SimpleData>
            <SimpleData name="Rota"></SimpleData>
            <SimpleData name="Turno">Noite</SimpleData>
            <SimpleData name="Dias_da_semana">seg,ter,qua,qui,sex,sab</SimpleData>
            <SimpleData name="Hit_Rate">100</SimpleData>
            <SimpleData name="Status">Validado (Rua sem rota)</SimpleData>
            <SimpleData name="Bloco">Seg_a_Sab</SimpleData>
          </SchemaData>
        </ExtendedData>
        <MultiGeometry>
          <LineString>
            <coordinates>-43.2912805,-22.8013684,0 -43.291474,-22.8014551,0 -43.2915749,-22.8014661,0 -43.2916367,-22.8014599,0 -43.2917434,-22.8014165,0 -43.291866,-22.8013067,0</coordinates>
          </LineString>
        </MultiGeometry>
      </Placemark>
      <Placemark id="Ruas_Nenhuma_Rota_Proxima.184">
        <name>Rua Almeida Braga</name>
        <Style>
          <LineStyle>
            <color>ff0000ff</color>
          </LineStyle>
          <PolyStyle>
            <fill>0</fill>
          </PolyStyle>
        </Style>
        <ExtendedData>
          <SchemaData schemaUrl="#Ruas_Nenhuma_Rota_Proxima">
            <SimpleData name="fid">184</SimpleData>
            <SimpleData name="id">Parque_Duque.157</SimpleData>
            <SimpleData name="Name">Rua Almeida Braga</SimpleData>
            <SimpleData name="Distrito">1º</SimpleData>
            <SimpleData name="id_trecho">4042</SimpleData>
            <SimpleData name="Extensao_m">51.2583789584928</SimpleData>
            <SimpleData name="Bairro_logradouros">Parque Duque</SimpleData>
            <SimpleData name="Bairro_rotas"></SimpleData>
            <SimpleData name="Lote">I</SimpleData>
            <SimpleData name="Rota"></SimpleData>
            <SimpleData name="Turno">Noite</SimpleData>
            <SimpleData name="Dias_da_semana">seg,ter,qua,qui,sex,sab</SimpleData>
            <SimpleData name="Hit_Rate">100</SimpleData>
            <SimpleData name="Status">Validado (Rua sem rota)</SimpleData>
            <SimpleData name="Bloco">Seg_a_Sab</SimpleData>
          </SchemaData>
        </ExtendedData>
        <MultiGeometry>
          <LineString>
            <coordinates>-43.291866,-22.8013067,0 -43.2918237,-22.8014012,0 -43.2918071,-22.8014682,0 -43.2918154,-22.8015295,0 -43.2918438,-22.8015876,0 -43.2918861,-22.8016259,0 -43.2919975,-22.8016677,0</coordinates>
          </LineString>
        </MultiGeometry>
      </Placemark>
      <Placemark id="Ruas_Nenhuma_Rota_Proxima.185">
        <name>Rua Almeida Braga</name>
        <Style>
          <LineStyle>
            <color>ff0000ff</color>
          </LineStyle>
          <PolyStyle>
            <fill>0</fill>
          </PolyStyle>
        </Style>
        <ExtendedData>
          <SchemaData schemaUrl="#Ruas_Nenhuma_Rota_Proxima">
            <SimpleData name="fid">185</SimpleData>
            <SimpleData name="id">Parque_Duque.157</SimpleData>
            <SimpleData name="Name">Rua Almeida Braga</SimpleData>
            <SimpleData name="Distrito">1º</SimpleData>
            <SimpleData name="id_trecho">4043</SimpleData>
            <SimpleData name="Extensao_m">86.2049245085296</SimpleData>
            <SimpleData name="Bairro_logradouros">Parque Duque</SimpleData>
            <SimpleData name="Bairro_rotas"></SimpleData>
            <SimpleData name="Lote">I</SimpleData>
            <SimpleData name="Rota"></SimpleData>
            <SimpleData name="Turno">Noite</SimpleData>
            <SimpleData name="Dias_da_semana">seg,ter,qua,qui,sex,sab</SimpleData>
            <SimpleData name="Hit_Rate">83.33</SimpleData>
            <SimpleData name="Status">Validado (Rua sem rota)</SimpleData>
            <SimpleData name="Bloco">Seg_a_Sab</SimpleData>
          </SchemaData>
        </ExtendedData>
        <MultiGeometry>
          <LineString>
            <coordinates>-43.2919975,-22.8016677,0 -43.291805,-22.801684,0 -43.291625,-22.8016444,0 -43.2914574,-22.801555,0 -43.2912805,-22.8013684,0</coordinates>
          </LineString>
        </MultiGeometry>
      </Placemark>
      <Placemark id="Ruas_Nenhuma_Rota_Proxima.186">
        <name>Viaduto Acesso Duque de Caxias-Washington Luiz</name>
        <Style>
          <LineStyle>
            <color>ff0000ff</color>
          </LineStyle>
          <PolyStyle>
            <fill>0</fill>
          </PolyStyle>
        </Style>
        <ExtendedData>
          <SchemaData schemaUrl="#Ruas_Nenhuma_Rota_Proxima">
            <SimpleData name="fid">186</SimpleData>
            <SimpleData name="id">Parque_Duque.173</SimpleData>
            <SimpleData name="Name">Viaduto Acesso Duque de Caxias-Washington Luiz</SimpleData>
            <SimpleData name="Distrito">1º</SimpleData>
            <SimpleData name="id_trecho">4663</SimpleData>
            <SimpleData name="Extensao_m">64.7110573668231</SimpleData>
            <SimpleData name="Bairro_logradouros">Parque Duque</SimpleData>
            <SimpleData name="Bairro_rotas"></SimpleData>
            <SimpleData name="Lote">I</SimpleData>
            <SimpleData name="Rota"></SimpleData>
            <SimpleData name="Turno">Noite</SimpleData>
            <SimpleData name="Dias_da_semana">seg,ter,qua,qui,sex,sab</SimpleData>
            <SimpleData name="Hit_Rate">83.33</SimpleData>
            <SimpleData name="Status">Validado (Rua sem rota)</SimpleData>
            <SimpleData name="Bloco">Seg_a_Sab</SimpleData>
          </SchemaData>
        </ExtendedData>
        <MultiGeometry>
          <LineString>
            <coordinates>-43.2921115,-22.8001971,0 -43.2922429,-22.8001953,0 -43.2923327,-22.8001805,0 -43.292438,-22.8001545,0 -43.2925145,-22.8001273,0 -43.2926023,-22.8000859,0 -43.2927055,-22.8000324,0</coordinates>
          </LineString>
        </MultiGeometry>
      </Placemark>
      <Placemark id="Ruas_Nenhuma_Rota_Proxima.187">
        <name>Viaduto Acesso Duque de Caxias-Washington Luiz</name>
        <Style>
          <LineStyle>
            <color>ff0000ff</color>
          </LineStyle>
          <PolyStyle>
            <fill>0</fill>
          </PolyStyle>
        </Style>
        <ExtendedData>
          <SchemaData schemaUrl="#Ruas_Nenhuma_Rota_Proxima">
            <SimpleData name="fid">187</SimpleData>
            <SimpleData name="id">Parque_Duque.173</SimpleData>
            <SimpleData name="Name">Viaduto Acesso Duque de Caxias-Washington Luiz</SimpleData>
            <SimpleData name="Distrito">1º</SimpleData>
            <SimpleData name="id_trecho">4664</SimpleData>
            <SimpleData name="Extensao_m">52.210496002397</SimpleData>
            <SimpleData name="Bairro_logradouros">Parque Duque</SimpleData>
            <SimpleData name="Bairro_rotas"></SimpleData>
            <SimpleData name="Lote">I</SimpleData>
            <SimpleData name="Rota"></SimpleData>
            <SimpleData name="Turno">Noite</SimpleData>
            <SimpleData name="Dias_da_semana">seg,ter,qua,qui,sex,sab</SimpleData>
            <SimpleData name="Hit_Rate">100</SimpleData>
            <SimpleData name="Status">Validado (Rua sem rota)</SimpleData>
            <SimpleData name="Bloco">Seg_a_Sab</SimpleData>
          </SchemaData>
        </ExtendedData>
        <MultiGeometry>
          <LineString>
            <coordinates>-43.2923515,-22.8005853,0 -43.2923341,-22.8004796,0 -43.2923187,-22.8004197,0 -43.2922959,-22.8003603,0 -43.2922563,-22.8003029,0 -43.29221,-22.800259,0 -43.2921591,-22.800225,0 -43.2921115,-22.8001971,0</coordinates>
          </LineString>
        </MultiGeometry>
      </Placemark>
      <Placemark id="Ruas_Nenhuma_Rota_Proxima.188">
        <name>Viaduto Acesso Duque de Caxias-Washington Luiz</name>
        <Style>
          <LineStyle>
            <color>ff0000ff</color>
          </LineStyle>
          <PolyStyle>
            <fill>0</fill>
          </PolyStyle>
        </Style>
        <ExtendedData>
          <SchemaData schemaUrl="#Ruas_Nenhuma_Rota_Proxima">
            <SimpleData name="fid">188</SimpleData>
            <SimpleData name="id">Parque_Duque.173</SimpleData>
            <SimpleData name="Name">Viaduto Acesso Duque de Caxias-Washington Luiz</SimpleData>
            <SimpleData name="Distrito">1º</SimpleData>
            <SimpleData name="id_trecho">4665</SimpleData>
            <SimpleData name="Extensao_m">152.059735957218</SimpleData>
            <SimpleData name="Bairro_logradouros">Parque Duque</SimpleData>
            <SimpleData name="Bairro_rotas"></SimpleData>
            <SimpleData name="Lote">I</SimpleData>
            <SimpleData name="Rota"></SimpleData>
            <SimpleData name="Turno">Noite</SimpleData>
            <SimpleData name="Dias_da_semana">seg,ter,qua,qui,sex,sab</SimpleData>
            <SimpleData name="Hit_Rate">100</SimpleData>
            <SimpleData name="Status">Validado (Rua sem rota)</SimpleData>
            <SimpleData name="Bloco">Seg_a_Sab</SimpleData>
          </SchemaData>
        </ExtendedData>
        <MultiGeometry>
          <LineString>
            <coordinates>-43.2921115,-22.8001971,0 -43.2907623,-22.8002015,0 -43.2906304956227,-22.8002014518259,0</coordinates>
          </LineString>
        </MultiGeometry>
      </Placemark>
      <Placemark id="Ruas_Nenhuma_Rota_Proxima.189">
        <name>Viaduto Acesso Duque de Caxias-Washington Luiz</name>
        <Style>
          <LineStyle>
            <color>ff0000ff</color>
          </LineStyle>
          <PolyStyle>
            <fill>0</fill>
          </PolyStyle>
        </Style>
        <ExtendedData>
          <SchemaData schemaUrl="#Ruas_Nenhuma_Rota_Proxima">
            <SimpleData name="fid">189</SimpleData>
            <SimpleData name="id">Parque_Duque.173</SimpleData>
            <SimpleData name="Name">Viaduto Acesso Duque de Caxias-Washington Luiz</SimpleData>
            <SimpleData name="Distrito">1º</SimpleData>
            <SimpleData name="id_trecho">4669</SimpleData>
            <SimpleData name="Extensao_m">113.736203059303</SimpleData>
            <SimpleData name="Bairro_logradouros">Parque Duque</SimpleData>
            <SimpleData name="Bairro_rotas"></SimpleData>
            <SimpleData name="Lote">I</SimpleData>
            <SimpleData name="Rota"></SimpleData>
            <SimpleData name="Turno">Noite</SimpleData>
            <SimpleData name="Dias_da_semana">seg,ter,qua,qui,sex,sab</SimpleData>
            <SimpleData name="Hit_Rate">100</SimpleData>
            <SimpleData name="Status">Validado (Rua sem rota)</SimpleData>
            <SimpleData name="Bloco">Seg_a_Sab</SimpleData>
          </SchemaData>
        </ExtendedData>
        <MultiGeometry>
          <LineString>
            <coordinates>-43.2901587351283,-22.8002012793988,0 -43.2899415,-22.8002012,0 -43.2898356,-22.8001891,0 -43.2897484,-22.8001594,0 -43.2896478,-22.8000976,0 -43.2895674,-22.800016,0 -43.2895084,-22.7999245,0 -43.2894816,-22.7998269,0 -43.2894762,-22.7997168,0 -43.2894963,-22.7996179,0</coordinates>
          </LineString>
        </MultiGeometry>
      </Placemark>
      <Placemark id="Ruas_Nenhuma_Rota_Proxima.190">
        <name>Viaduto Acesso Duque de Caxias-Washington Luiz</name>
        <Style>
          <LineStyle>
            <color>ff0000ff</color>
          </LineStyle>
          <PolyStyle>
            <fill>0</fill>
          </PolyStyle>
        </Style>
        <ExtendedData>
          <SchemaData schemaUrl="#Ruas_Nenhuma_Rota_Proxima">
            <SimpleData name="fid">190</SimpleData>
            <SimpleData name="id">Parque_Duque.173</SimpleData>
            <SimpleData name="Name">Viaduto Acesso Duque de Caxias-Washington Luiz</SimpleData>
            <SimpleData name="Distrito">1º</SimpleData>
            <SimpleData name="id_trecho">4670</SimpleData>
            <SimpleData name="Extensao_m">70.778354258734</SimpleData>
            <SimpleData name="Bairro_logradouros">Parque Duque</SimpleData>
            <SimpleData name="Bairro_rotas"></SimpleData>
            <SimpleData name="Lote">I</SimpleData>
            <SimpleData name="Rota"></SimpleData>
            <SimpleData name="Turno">Noite</SimpleData>
            <SimpleData name="Dias_da_semana">seg,ter,qua,qui,sex,sab</SimpleData>
            <SimpleData name="Hit_Rate">83.33</SimpleData>
            <SimpleData name="Status">Validado (Rua sem rota)</SimpleData>
            <SimpleData name="Bloco">Seg_a_Sab</SimpleData>
          </SchemaData>
        </ExtendedData>
        <MultiGeometry>
          <LineString>
            <coordinates>-43.2900455,-22.7996427,0 -43.2899684,-22.7995506,0 -43.2899221,-22.7995048,0 -43.2898611,-22.7994739,0 -43.289788,-22.7994615,0 -43.2897069,-22.7994683,0 -43.2896358,-22.7994937,0 -43.2895694,-22.79954,0 -43.2894963,-22.7996179,0</coordinates>
          </LineString>
        </MultiGeometry>
      </Placemark>
      <Placemark id="Ruas_Nenhuma_Rota_Proxima.191">
        <name>Viaduto Acesso Duque de Caxias-Washington Luiz</name>
        <Style>
          <LineStyle>
            <color>ff0000ff</color>
          </LineStyle>
          <PolyStyle>
            <fill>0</fill>
          </PolyStyle>
        </Style>
        <ExtendedData>
          <SchemaData schemaUrl="#Ruas_Nenhuma_Rota_Proxima">
            <SimpleData name="fid">191</SimpleData>
            <SimpleData name="id">Parque_Duque.173</SimpleData>
            <SimpleData name="Name">Viaduto Acesso Duque de Caxias-Washington Luiz</SimpleData>
            <SimpleData name="Distrito">1º</SimpleData>
            <SimpleData name="id_trecho">4671</SimpleData>
            <SimpleData name="Extensao_m">101.931884248703</SimpleData>
            <SimpleData name="Bairro_logradouros">Parque Duque</SimpleData>
            <SimpleData name="Bairro_rotas"></SimpleData>
            <SimpleData name="Lote">I</SimpleData>
            <SimpleData name="Rota"></SimpleData>
            <SimpleData name="Turno">Noite</SimpleData>
            <SimpleData name="Dias_da_semana">seg,ter,qua,qui,sex,sab</SimpleData>
            <SimpleData name="Hit_Rate">100</SimpleData>
            <SimpleData name="Status">Validado (Rua sem rota)</SimpleData>
            <SimpleData name="Bloco">Seg_a_Sab</SimpleData>
          </SchemaData>
        </ExtendedData>
        <MultiGeometry>
          <LineString>
            <coordinates>-43.2894963,-22.7996179,0 -43.2895164,-22.7995357,0 -43.2895506,-22.7994683,0 -43.2895942,-22.7994016,0 -43.2897102,-22.799231,0 -43.2897605,-22.7991314,0 -43.2897779,-22.7990566,0 -43.28979,-22.7989781,0 -43.289788,-22.7989015,0 -43.2897753,-22.7987624,0</coordinates>
          </LineString>
        </MultiGeometry>
      </Placemark>
      <Placemark id="Ruas_Nenhuma_Rota_Proxima.192">
        <name>Viaduto Irineu Marinho</name>
        <Style>
          <LineStyle>
            <color>ff0000ff</color>
          </LineStyle>
          <PolyStyle>
            <fill>0</fill>
          </PolyStyle>
        </Style>
        <ExtendedData>
          <SchemaData schemaUrl="#Ruas_Nenhuma_Rota_Proxima">
            <SimpleData name="fid">192</SimpleData>
            <SimpleData name="id">Parque_Duque.141</SimpleData>
            <SimpleData name="Name">Viaduto Irineu Marinho</SimpleData>
            <SimpleData name="Distrito">1º</SimpleData>
            <SimpleData name="id_trecho">4672</SimpleData>
            <SimpleData name="Extensao_m">210.470369955973</SimpleData>
            <SimpleData name="Bairro_logradouros">Parque Duque</SimpleData>
            <SimpleData name="Bairro_rotas"></SimpleData>
            <SimpleData name="Lote">I</SimpleData>
            <SimpleData name="Rota"></SimpleData>
            <SimpleData name="Turno">Noite</SimpleData>
            <SimpleData name="Dias_da_semana">seg,ter,qua,qui,sex,sab</SimpleData>
            <SimpleData name="Hit_Rate">100</SimpleData>
            <SimpleData name="Status">Validado (Rua sem rota)</SimpleData>
            <SimpleData name="Bloco">Seg_a_Sab</SimpleData>
          </SchemaData>
        </ExtendedData>
        <MultiGeometry>
          <LineString>
            <coordinates>-43.2857448,-22.7842865,0 -43.2857733,-22.7844499,0 -43.2858499,-22.7845674,0 -43.2859699,-22.7847053,0 -43.2860906,-22.7848314,0 -43.2861489,-22.7849247,0 -43.2861784,-22.784994,0 -43.2861898,-22.7850737,0 -43.2861851,-22.7851621,0 -43.2861623,-22.7852573,0 -43.2861348,-22.7853229,0 -43.2860785,-22.7854218,0 -43.285943,-22.7855831,0 -43.2856525826846,-22.7859008567401,0</coordinates>
          </LineString>
        </MultiGeometry>
      </Placemark>
      <Placemark id="Ruas_Nenhuma_Rota_Proxima.193">
        <name>Viaduto Irineu Marinho</name>
        <Style>
          <LineStyle>
            <color>ff0000ff</color>
          </LineStyle>
          <PolyStyle>
            <fill>0</fill>
          </PolyStyle>
        </Style>
        <ExtendedData>
          <SchemaData schemaUrl="#Ruas_Nenhuma_Rota_Proxima">
            <SimpleData name="fid">193</SimpleData>
            <SimpleData name="id">Parque_Duque.141</SimpleData>
            <SimpleData name="Name">Viaduto Irineu Marinho</SimpleData>
            <SimpleData name="Distrito">1º</SimpleData>
            <SimpleData name="id_trecho">4677</SimpleData>
            <SimpleData name="Extensao_m">176.681141555377</SimpleData>
            <SimpleData name="Bairro_logradouros">Parque Duque</SimpleData>
            <SimpleData name="Bairro_rotas"></SimpleData>
            <SimpleData name="Lote">I</SimpleData>
            <SimpleData name="Rota"></SimpleData>
            <SimpleData name="Turno">Noite</SimpleData>
            <SimpleData name="Dias_da_semana">seg,ter,qua,qui,sex,sab</SimpleData>
            <SimpleData name="Hit_Rate">83.33</SimpleData>
            <SimpleData name="Status">Validado (Rua sem rota)</SimpleData>
            <SimpleData name="Bloco">Seg_a_Sab</SimpleData>
          </SchemaData>
        </ExtendedData>
        <MultiGeometry>
          <LineString>
            <coordinates>-43.285656010156,-22.7858282628964,0 -43.2859223,-22.7855423,0 -43.2860295,-22.7854057,0 -43.2860832,-22.7853216,0 -43.2861154,-22.7852351,0 -43.2861315,-22.7851325,0 -43.2861194,-22.7850261,0 -43.2860899,-22.7849507,0 -43.286047,-22.7848951,0 -43.285988,-22.7848555,0 -43.2859075,-22.7848357,0 -43.2858203,-22.7848444,0 -43.2857801,-22.7848629,0 -43.2857479,-22.7849049,0 -43.2857038,-22.7850812,0</coordinates>
          </LineString>
        </MultiGeometry>
      </Placemark>
      <Placemark id="Ruas_Nenhuma_Rota_Proxima.194">
        <name>Rodovia Washington Luiz - Auxiliar</name>
        <Style>
          <LineStyle>
            <color>ff0000ff</color>
          </LineStyle>
          <PolyStyle>
            <fill>0</fill>
          </PolyStyle>
        </Style>
        <ExtendedData>
          <SchemaData schemaUrl="#Ruas_Nenhuma_Rota_Proxima">
            <SimpleData name="fid">194</SimpleData>
            <SimpleData name="id">Parque_Sarapui.2</SimpleData>
            <SimpleData name="Name">Rodovia Washington Luiz - Auxiliar</SimpleData>
            <SimpleData name="Distrito">1º</SimpleData>
            <SimpleData name="id_trecho">5334</SimpleData>
            <SimpleData name="Extensao_m">323.458113290723</SimpleData>
            <SimpleData name="Bairro_logradouros">Parque Sarapui</SimpleData>
            <SimpleData name="Bairro_rotas"></SimpleData>
            <SimpleData name="Lote">I</SimpleData>
            <SimpleData name="Rota"></SimpleData>
            <SimpleData name="Turno">Noite</SimpleData>
            <SimpleData name="Dias_da_semana">seg,ter,qua,qui,sex,sab</SimpleData>
            <SimpleData name="Hit_Rate">83.33</SimpleData>
            <SimpleData name="Status">Validado (Rua sem rota)</SimpleData>
            <SimpleData name="Bloco">Seg_a_Sab</SimpleData>
          </SchemaData>
        </ExtendedData>
        <MultiGeometry>
          <LineString>
            <coordinates>-43.2859128120777,-22.7910837539643,0 -43.2859116,-22.791081,0 -43.2857961,-22.7908104,0 -43.2857684,-22.7907454,0 -43.2856541,-22.7904777,0 -43.2854731,-22.7898817,0 -43.2853819,-22.7895306,0 -43.2853457,-22.7893482,0 -43.2853108,-22.7892116,0 -43.2852918,-22.7889596,0 -43.2852309,-22.7885394,0 -43.2851936,-22.7882552,0</coordinates>
          </LineString>
        </MultiGeometry>
      </Placemark>
      <Placemark id="Ruas_Nenhuma_Rota_Proxima.195">
        <name>Rodovia Washington Luiz - Auxiliar</name>
        <Style>
          <LineStyle>
            <color>ff0000ff</color>
          </LineStyle>
          <PolyStyle>
            <fill>0</fill>
          </PolyStyle>
        </Style>
        <ExtendedData>
          <SchemaData schemaUrl="#Ruas_Nenhuma_Rota_Proxima">
            <SimpleData name="fid">195</SimpleData>
            <SimpleData name="id">Parque_Sarapui.2</SimpleData>
            <SimpleData name="Name">Rodovia Washington Luiz - Auxiliar</SimpleData>
            <SimpleData name="Distrito">1º</SimpleData>
            <SimpleData name="id_trecho">5336</SimpleData>
            <SimpleData name="Extensao_m">95.4056191549719</SimpleData>
            <SimpleData name="Bairro_logradouros">Parque Sarapui</SimpleData>
            <SimpleData name="Bairro_rotas"></SimpleData>
            <SimpleData name="Lote">I</SimpleData>
            <SimpleData name="Rota"></SimpleData>
            <SimpleData name="Turno">Noite</SimpleData>
            <SimpleData name="Dias_da_semana">seg,ter,qua,qui,sex,sab</SimpleData>
            <SimpleData name="Hit_Rate">72.22</SimpleData>
            <SimpleData name="Status">Validado (Rua sem rota)</SimpleData>
            <SimpleData name="Bloco">Seg_a_Sab</SimpleData>
          </SchemaData>
        </ExtendedData>
        <MultiGeometry>
          <LineString>
            <coordinates>-43.285118,-22.7873052,0 -43.2851558080284,-22.7864443935847,0</coordinates>
          </LineString>
        </MultiGeometry>
      </Placemark>
      <Placemark id="Ruas_Nenhuma_Rota_Proxima.196">
        <name>Rodovia Washington Luiz - Auxiliar</name>
        <Style>
          <LineStyle>
            <color>ff0000ff</color>
          </LineStyle>
          <PolyStyle>
            <fill>0</fill>
          </PolyStyle>
        </Style>
        <ExtendedData>
          <SchemaData schemaUrl="#Ruas_Nenhuma_Rota_Proxima">
            <SimpleData name="fid">196</SimpleData>
            <SimpleData name="id">Parque_Sarapui.2</SimpleData>
            <SimpleData name="Name">Rodovia Washington Luiz - Auxiliar</SimpleData>
            <SimpleData name="Distrito">1º</SimpleData>
            <SimpleData name="id_trecho">5338</SimpleData>
            <SimpleData name="Extensao_m">1470.70557696239</SimpleData>
            <SimpleData name="Bairro_logradouros">Parque Sarapui</SimpleData>
            <SimpleData name="Bairro_rotas"></SimpleData>
            <SimpleData name="Lote">I</SimpleData>
            <SimpleData name="Rota"></SimpleData>
            <SimpleData name="Turno">Noite</SimpleData>
            <SimpleData name="Dias_da_semana">seg,ter,qua,qui,sex,sab</SimpleData>
            <SimpleData name="Hit_Rate">100</SimpleData>
            <SimpleData name="Status">Validado (Rua sem rota)</SimpleData>
            <SimpleData name="Bloco">Seg_a_Sab</SimpleData>
          </SchemaData>
        </ExtendedData>
        <MultiGeometry>
          <LineString>
            <coordinates>-43.2851594485746,-22.7863615062832,0 -43.2851671,-22.7861873,0 -43.2852371,-22.7845812,0 -43.2852611,-22.7842237,0 -43.2852894,-22.7838418,0 -43.2852897,-22.7838207,0 -43.2852992,-22.7836198,0 -43.2853571,-22.7829174,0 -43.2853752,-22.7826634,0 -43.2854428,-22.7814807,0 -43.2854455,-22.7814334,0 -43.2854837,-22.7807801,0 -43.2855198,-22.7801272,0 -43.2855602,-22.7794819,0 -43.2855816,-22.779075,0 -43.2856063,-22.7786696,0 -43.2856389,-22.7780763,0 -43.285665,-22.7777192,0 -43.2856763,-22.7775654,0 -43.2857111,-22.777086,0 -43.2857802,-22.7761223,0 -43.2857922,-22.7758675,0 -43.2858086,-22.7756026,0 -43.2858144,-22.77553,0 -43.2858199,-22.7754001,0 -43.2858633,-22.774616,0 -43.2858834,-22.7742142,0 -43.285907,-22.7738152,0 -43.2859474,-22.7731017,0</coordinates>
          </LineString>
        </MultiGeometry>
      </Placemark>
      <Placemark id="Ruas_Nenhuma_Rota_Proxima.197">
        <name>Rodovia Washington Luiz - Auxiliar</name>
        <Style>
          <LineStyle>
            <color>ff0000ff</color>
          </LineStyle>
          <PolyStyle>
            <fill>0</fill>
          </PolyStyle>
        </Style>
        <ExtendedData>
          <SchemaData schemaUrl="#Ruas_Nenhuma_Rota_Proxima">
            <SimpleData name="fid">197</SimpleData>
            <SimpleData name="id">Parque_Sarapui.2</SimpleData>
            <SimpleData name="Name">Rodovia Washington Luiz - Auxiliar</SimpleData>
            <SimpleData name="Distrito">1º</SimpleData>
            <SimpleData name="id_trecho">5339</SimpleData>
            <SimpleData name="Extensao_m">141.059062574256</SimpleData>
            <SimpleData name="Bairro_logradouros">Parque Sarapui</SimpleData>
            <SimpleData name="Bairro_rotas"></SimpleData>
            <SimpleData name="Lote">I</SimpleData>
            <SimpleData name="Rota"></SimpleData>
            <SimpleData name="Turno">Noite</SimpleData>
            <SimpleData name="Dias_da_semana">seg,ter,qua,qui,sex,sab</SimpleData>
            <SimpleData name="Hit_Rate">94.44</SimpleData>
            <SimpleData name="Status">Validado (Rua sem rota)</SimpleData>
            <SimpleData name="Bloco">Seg_a_Sab</SimpleData>
          </SchemaData>
        </ExtendedData>
        <MultiGeometry>
          <LineString>
            <coordinates>-43.2859474,-22.7731017,0 -43.2859588,-22.7728064,0 -43.2859766,-22.7724719,0 -43.2859934,-22.7720912,0 -43.2860119,-22.7718294,0</coordinates>
          </LineString>
        </MultiGeometry>
      </Placemark>
      <Placemark id="Ruas_Nenhuma_Rota_Proxima.198">
        <name>Rodovia Washington Luiz - Auxiliar</name>
        <Style>
          <LineStyle>
            <color>ff0000ff</color>
          </LineStyle>
          <PolyStyle>
            <fill>0</fill>
          </PolyStyle>
        </Style>
        <ExtendedData>
          <SchemaData schemaUrl="#Ruas_Nenhuma_Rota_Proxima">
            <SimpleData name="fid">198</SimpleData>
            <SimpleData name="id">Parque_Sarapui.2</SimpleData>
            <SimpleData name="Name">Rodovia Washington Luiz - Auxiliar</SimpleData>
            <SimpleData name="Distrito">1º</SimpleData>
            <SimpleData name="id_trecho">5340</SimpleData>
            <SimpleData name="Extensao_m">373.768701336434</SimpleData>
            <SimpleData name="Bairro_logradouros">Parque Sarapui</SimpleData>
            <SimpleData name="Bairro_rotas"></SimpleData>
            <SimpleData name="Lote">I</SimpleData>
            <SimpleData name="Rota"></SimpleData>
            <SimpleData name="Turno">Noite</SimpleData>
            <SimpleData name="Dias_da_semana">seg,ter,qua,qui,sex,sab</SimpleData>
            <SimpleData name="Hit_Rate">94.44</SimpleData>
            <SimpleData name="Status">Validado (Rua sem rota)</SimpleData>
            <SimpleData name="Bloco">Seg_a_Sab</SimpleData>
          </SchemaData>
        </ExtendedData>
        <MultiGeometry>
          <LineString>
            <coordinates>-43.2860119,-22.7718294,0 -43.2860296,-22.7713653,0 -43.2860484,-22.7710856,0 -43.2860681,-22.7708678,0 -43.2861006,-22.7704328,0 -43.2861328,-22.7700358,0 -43.2861555,-22.7696547,0 -43.2862267,-22.7684604,0</coordinates>
          </LineString>
        </MultiGeometry>
      </Placemark>
      <Placemark id="Ruas_Nenhuma_Rota_Proxima.199">
        <name>Rodovia Washington Luiz - Auxiliar</name>
        <Style>
          <LineStyle>
            <color>ff0000ff</color>
          </LineStyle>
          <PolyStyle>
            <fill>0</fill>
          </PolyStyle>
        </Style>
        <ExtendedData>
          <SchemaData schemaUrl="#Ruas_Nenhuma_Rota_Proxima">
            <SimpleData name="fid">199</SimpleData>
            <SimpleData name="id">Parque_Sarapui.2</SimpleData>
            <SimpleData name="Name">Rodovia Washington Luiz - Auxiliar</SimpleData>
            <SimpleData name="Distrito">1º</SimpleData>
            <SimpleData name="id_trecho">5341</SimpleData>
            <SimpleData name="Extensao_m">160.808223760509</SimpleData>
            <SimpleData name="Bairro_logradouros">Parque Sarapui</SimpleData>
            <SimpleData name="Bairro_rotas"></SimpleData>
            <SimpleData name="Lote">I</SimpleData>
            <SimpleData name="Rota"></SimpleData>
            <SimpleData name="Turno">Noite</SimpleData>
            <SimpleData name="Dias_da_semana">seg,ter,qua,qui,sex,sab</SimpleData>
            <SimpleData name="Hit_Rate">88.89</SimpleData>
            <SimpleData name="Status">Validado (Rua sem rota)</SimpleData>
            <SimpleData name="Bloco">Seg_a_Sab</SimpleData>
          </SchemaData>
        </ExtendedData>
        <MultiGeometry>
          <LineString>
            <coordinates>-43.2862267,-22.7684604,0 -43.2862642,-22.767732,0 -43.2863005,-22.7670099,0</coordinates>
          </LineString>
        </MultiGeometry>
      </Placemark>
      <Placemark id="Ruas_Nenhuma_Rota_Proxima.200">
        <name>Viaduto Irineu Marinho</name>
        <Style>
          <LineStyle>
            <color>ff0000ff</color>
          </LineStyle>
          <PolyStyle>
            <fill>0</fill>
          </PolyStyle>
        </Style>
        <ExtendedData>
          <SchemaData schemaUrl="#Ruas_Nenhuma_Rota_Proxima">
            <SimpleData name="fid">200</SimpleData>
            <SimpleData name="id">Parque_Sarapui.12</SimpleData>
            <SimpleData name="Name">Viaduto Irineu Marinho</SimpleData>
            <SimpleData name="Distrito">1º</SimpleData>
            <SimpleData name="id_trecho">5376</SimpleData>
            <SimpleData name="Extensao_m">268.079102058181</SimpleData>
            <SimpleData name="Bairro_logradouros">Parque Sarapui</SimpleData>
            <SimpleData name="Bairro_rotas"></SimpleData>
            <SimpleData name="Lote">I</SimpleData>
            <SimpleData name="Rota"></SimpleData>
            <SimpleData name="Turno">Noite</SimpleData>
            <SimpleData name="Dias_da_semana">seg,ter,qua,qui,sex,sab</SimpleData>
            <SimpleData name="Hit_Rate">100</SimpleData>
            <SimpleData name="Status">Validado (Rua sem rota)</SimpleData>
            <SimpleData name="Bloco">Seg_a_Sab</SimpleData>
          </SchemaData>
        </ExtendedData>
        <MultiGeometry>
          <LineString>
            <coordinates>-43.2840613644185,-22.7882604429216,0 -43.2840612,-22.7882603,0 -43.2839597,-22.7881694,0 -43.283912,-22.7881213,0 -43.283881,-22.7880852,0 -43.2838556,-22.7880498,0 -43.2838383,-22.7880118,0 -43.2838317,-22.7879886,0 -43.2838252,-22.7879603,0 -43.2838256,-22.7879197,0 -43.2838305,-22.7878829,0 -43.2838399,-22.7878478,0 -43.2838567,-22.7878088,0 -43.2838861,-22.7877664,0 -43.2839911,-22.7876437,0 -43.2846376,-22.7869219,0 -43.2851594485746,-22.7863615062832,0</coordinates>
          </LineString>
        </MultiGeometry>
      </Placemark>
      <Placemark id="Ruas_Nenhuma_Rota_Proxima.201">
        <name>Viaduto Irineu Marinho</name>
        <Style>
          <LineStyle>
            <color>ff0000ff</color>
          </LineStyle>
          <PolyStyle>
            <fill>0</fill>
          </PolyStyle>
        </Style>
        <ExtendedData>
          <SchemaData schemaUrl="#Ruas_Nenhuma_Rota_Proxima">
            <SimpleData name="fid">201</SimpleData>
            <SimpleData name="id">Parque_Sarapui.12</SimpleData>
            <SimpleData name="Name">Viaduto Irineu Marinho</SimpleData>
            <SimpleData name="Distrito">1º</SimpleData>
            <SimpleData name="id_trecho">5381</SimpleData>
            <SimpleData name="Extensao_m">292.45364028349</SimpleData>
            <SimpleData name="Bairro_logradouros">Parque Sarapui</SimpleData>
            <SimpleData name="Bairro_rotas"></SimpleData>
            <SimpleData name="Lote">I</SimpleData>
            <SimpleData name="Rota"></SimpleData>
            <SimpleData name="Turno">Noite</SimpleData>
            <SimpleData name="Dias_da_semana">seg,ter,qua,qui,sex,sab</SimpleData>
            <SimpleData name="Hit_Rate">100</SimpleData>
            <SimpleData name="Status">Validado (Rua sem rota)</SimpleData>
            <SimpleData name="Bloco">Seg_a_Sab</SimpleData>
          </SchemaData>
        </ExtendedData>
        <MultiGeometry>
          <LineString>
            <coordinates>-43.2851558080284,-22.7864443935847,0 -43.2846671,-22.7869791,0 -43.2840254,-22.7876915,0 -43.2839393,-22.7877968,0 -43.2839049,-22.7878465,0 -43.2838877,-22.7878855,0 -43.2838838,-22.7879305,0 -43.2838854,-22.7879672,0 -43.2838954,-22.7880007,0 -43.2839153,-22.7880392,0 -43.2839496,-22.7880845,0 -43.2840502,-22.7881822,0 -43.284085,-22.7882078,0 -43.2841227,-22.7882254,0 -43.2841657,-22.7882353,0 -43.2841982,-22.788238,0 -43.2842334,-22.7882358,0 -43.2842677,-22.7882313,0 -43.2843022,-22.7882208,0 -43.2843663,-22.7881914,0 -43.2844745,-22.7881411,0</coordinates>
          </LineString>
        </MultiGeometry>
      </Placemark>
      <Placemark id="Ruas_Nenhuma_Rota_Proxima.202">
        <name>Viaduto Irineu Marinho</name>
        <Style>
          <LineStyle>
            <color>ff0000ff</color>
          </LineStyle>
          <PolyStyle>
            <fill>0</fill>
          </PolyStyle>
        </Style>
        <ExtendedData>
          <SchemaData schemaUrl="#Ruas_Nenhuma_Rota_Proxima">
            <SimpleData name="fid">202</SimpleData>
            <SimpleData name="id">Parque_Sarapui.12</SimpleData>
            <SimpleData name="Name">Viaduto Irineu Marinho</SimpleData>
            <SimpleData name="Distrito">1º</SimpleData>
            <SimpleData name="id_trecho">5382</SimpleData>
            <SimpleData name="Extensao_m">27.9993808191726</SimpleData>
            <SimpleData name="Bairro_logradouros">Parque Sarapui</SimpleData>
            <SimpleData name="Bairro_rotas"></SimpleData>
            <SimpleData name="Lote">I</SimpleData>
            <SimpleData name="Rota"></SimpleData>
            <SimpleData name="Turno">Noite</SimpleData>
            <SimpleData name="Dias_da_semana">seg,ter,qua,qui,sex,sab</SimpleData>
            <SimpleData name="Hit_Rate">66.67</SimpleData>
            <SimpleData name="Status">Validado (Rua sem rota)</SimpleData>
            <SimpleData name="Bloco">Seg_a_Sab</SimpleData>
          </SchemaData>
        </ExtendedData>
        <MultiGeometry>
          <LineString>
            <coordinates>-43.2844745,-22.7881411,0 -43.2846948,-22.7879921,0</coordinates>
          </LineString>
        </MultiGeometry>
      </Placemark>
      <Placemark id="Ruas_Nenhuma_Rota_Proxima.203">
        <name>Viaduto Irineu Marinho</name>
        <Style>
          <LineStyle>
            <color>ff0000ff</color>
          </LineStyle>
          <PolyStyle>
            <fill>0</fill>
          </PolyStyle>
        </Style>
        <ExtendedData>
          <SchemaData schemaUrl="#Ruas_Nenhuma_Rota_Proxima">
            <SimpleData name="fid">203</SimpleData>
            <SimpleData name="id">Parque_Sarapui.12</SimpleData>
            <SimpleData name="Name">Viaduto Irineu Marinho</SimpleData>
            <SimpleData name="Distrito">1º</SimpleData>
            <SimpleData name="id_trecho">5383</SimpleData>
            <SimpleData name="Extensao_m">89.3790123545616</SimpleData>
            <SimpleData name="Bairro_logradouros">Parque Sarapui</SimpleData>
            <SimpleData name="Bairro_rotas"></SimpleData>
            <SimpleData name="Lote">I</SimpleData>
            <SimpleData name="Rota"></SimpleData>
            <SimpleData name="Turno">Noite</SimpleData>
            <SimpleData name="Dias_da_semana">seg,ter,qua,qui,sex,sab</SimpleData>
            <SimpleData name="Hit_Rate">88.89</SimpleData>
            <SimpleData name="Status">Validado (Rua sem rota)</SimpleData>
            <SimpleData name="Bloco">Seg_a_Sab</SimpleData>
          </SchemaData>
        </ExtendedData>
        <MultiGeometry>
          <LineString>
            <coordinates>-43.2846948,-22.7879921,0 -43.2847758,-22.787918,0 -43.2848589,-22.7878398,0 -43.2849473,-22.787723,0 -43.2850129,-22.7876151,0 -43.285066,-22.7874849,0 -43.285118,-22.7873052,0</coordinates>
          </LineString>
        </MultiGeometry>
      </Placemark>
      <Placemark id="Ruas_Nenhuma_Rota_Proxima.204">
        <name>Rodovia Washington Luiz - Auxiliar</name>
        <Style>
          <LineStyle>
            <color>ff0000ff</color>
          </LineStyle>
          <PolyStyle>
            <fill>0</fill>
          </PolyStyle>
        </Style>
        <ExtendedData>
          <SchemaData schemaUrl="#Ruas_Nenhuma_Rota_Proxima">
            <SimpleData name="fid">204</SimpleData>
            <SimpleData name="id">Vila_Sao_Luis.39</SimpleData>
            <SimpleData name="Name">Rodovia Washington Luiz - Auxiliar</SimpleData>
            <SimpleData name="Distrito">1º</SimpleData>
            <SimpleData name="id_trecho">7054</SimpleData>
            <SimpleData name="Extensao_m">402.767542428988</SimpleData>
            <SimpleData name="Bairro_logradouros">Vila Sao Luis</SimpleData>
            <SimpleData name="Bairro_rotas"></SimpleData>
            <SimpleData name="Lote">I</SimpleData>
            <SimpleData name="Rota"></SimpleData>
            <SimpleData name="Turno">Noite</SimpleData>
            <SimpleData name="Dias_da_semana">seg,ter,qua,qui,sex,sab</SimpleData>
            <SimpleData name="Hit_Rate">72.22</SimpleData>
            <SimpleData name="Status">Validado (Rua sem rota)</SimpleData>
            <SimpleData name="Bloco">Seg_a_Sab</SimpleData>
          </SchemaData>
        </ExtendedData>
        <MultiGeometry>
          <LineString>
            <coordinates>-43.2868155,-22.7670112,0 -43.2867842,-22.7674675,0 -43.2867577,-22.7679496,0 -43.2867338,-22.7683943,0 -43.2867197,-22.7686911,0 -43.2866825,-22.7692584,0 -43.2866146,-22.7703395,0 -43.2865901970457,-22.7706421164664,0</coordinates>
          </LineString>
        </MultiGeometry>
      </Placemark>
      <Placemark id="Ruas_Nenhuma_Rota_Proxima.205">
        <name>Rodovia Washington Luiz - Auxiliar</name>
        <Style>
          <LineStyle>
            <color>ff0000ff</color>
          </LineStyle>
          <PolyStyle>
            <fill>0</fill>
          </PolyStyle>
        </Style>
        <ExtendedData>
          <SchemaData schemaUrl="#Ruas_Nenhuma_Rota_Proxima">
            <SimpleData name="fid">205</SimpleData>
            <SimpleData name="id">Vila_Sao_Luis.39</SimpleData>
            <SimpleData name="Name">Rodovia Washington Luiz - Auxiliar</SimpleData>
            <SimpleData name="Distrito">1º</SimpleData>
            <SimpleData name="id_trecho">7059</SimpleData>
            <SimpleData name="Extensao_m">212.439060516094</SimpleData>
            <SimpleData name="Bairro_logradouros">Vila Sao Luis</SimpleData>
            <SimpleData name="Bairro_rotas"></SimpleData>
            <SimpleData name="Lote">I</SimpleData>
            <SimpleData name="Rota"></SimpleData>
            <SimpleData name="Turno">Noite</SimpleData>
            <SimpleData name="Dias_da_semana">seg,ter,qua,qui,sex,sab</SimpleData>
            <SimpleData name="Hit_Rate">88.89</SimpleData>
            <SimpleData name="Status">Validado (Rua sem rota)</SimpleData>
            <SimpleData name="Bloco">Seg_a_Sab</SimpleData>
          </SchemaData>
        </ExtendedData>
        <MultiGeometry>
          <LineString>
            <coordinates>-43.2864523,-22.7727235,0 -43.2863997,-22.7736825,0 -43.2863662,-22.7741647,0 -43.2863364,-22.7746388,0</coordinates>
          </LineString>
        </MultiGeometry>
      </Placemark>
      <Placemark id="Ruas_Nenhuma_Rota_Proxima.206">
        <name>Rua Itaciba</name>
        <Style>
          <LineStyle>
            <color>ff0000ff</color>
          </LineStyle>
          <PolyStyle>
            <fill>0</fill>
          </PolyStyle>
        </Style>
        <ExtendedData>
          <SchemaData schemaUrl="#Ruas_Nenhuma_Rota_Proxima">
            <SimpleData name="fid">206</SimpleData>
            <SimpleData name="id">Vila_Sao_Luis.66</SimpleData>
            <SimpleData name="Name">Rua Itaciba</SimpleData>
            <SimpleData name="Distrito">1º</SimpleData>
            <SimpleData name="id_trecho">7154</SimpleData>
            <SimpleData name="Extensao_m">30.0402902257604</SimpleData>
            <SimpleData name="Bairro_logradouros">Vila Sao Luis</SimpleData>
            <SimpleData name="Bairro_rotas"></SimpleData>
            <SimpleData name="Lote">I</SimpleData>
            <SimpleData name="Rota"></SimpleData>
            <SimpleData name="Turno">Noite</SimpleData>
            <SimpleData name="Dias_da_semana">seg,ter,qua,qui,sex,sab</SimpleData>
            <SimpleData name="Hit_Rate">94.44</SimpleData>
            <SimpleData name="Status">Validado (Rua sem rota)</SimpleData>
            <SimpleData name="Bloco">Seg_a_Sab</SimpleData>
          </SchemaData>
        </ExtendedData>
        <MultiGeometry>
          <LineString>
            <coordinates>-43.3005395,-22.7802909,0 -43.3000745,-22.780628,0 -43.3000099894631,-22.7806637200377,0 -43.2999824281306,-22.7806855689743,0 -43.2999682401657,-22.7806987736582,0 -43.2999319817529,-22.7807189482878,0 -43.2996963698058,-22.7808797374914,0 -43.2994558,-22.7810036,0</coordinates>
          </LineString>
        </MultiGeometry>
      </Placemark>
      <Placemark id="Ruas_Nenhuma_Rota_Proxima.207">
        <name>Rua Ailton da Costa</name>
        <Style>
          <LineStyle>
            <color>ff0000ff</color>
          </LineStyle>
          <PolyStyle>
            <fill>0</fill>
          </PolyStyle>
        </Style>
        <ExtendedData>
          <SchemaData schemaUrl="#Ruas_Nenhuma_Rota_Proxima">
            <SimpleData name="fid">207</SimpleData>
            <SimpleData name="id">Vinte_e_Cinco_de_Agosto.54</SimpleData>
            <SimpleData name="Name">Rua Ailton da Costa</SimpleData>
            <SimpleData name="Distrito">1º</SimpleData>
            <SimpleData name="id_trecho">7327</SimpleData>
            <SimpleData name="Extensao_m">71.9385471610601</SimpleData>
            <SimpleData name="Bairro_logradouros">Vinte e Cinco de Agosto</SimpleData>
            <SimpleData name="Bairro_rotas"></SimpleData>
            <SimpleData name="Lote">I</SimpleData>
            <SimpleData name="Rota"></SimpleData>
            <SimpleData name="Turno">Noite</SimpleData>
            <SimpleData name="Dias_da_semana">seg,ter,qua,qui,sex,sab</SimpleData>
            <SimpleData name="Hit_Rate">72.22</SimpleData>
            <SimpleData name="Status">Validado (Rua sem rota)</SimpleData>
            <SimpleData name="Bloco">Seg_a_Sab</SimpleData>
          </SchemaData>
        </ExtendedData>
        <MultiGeometry>
          <LineString>
            <coordinates>-43.3077156,-22.7894085,0 -43.3072471,-22.7889255,0</coordinates>
          </LineString>
        </MultiGeometry>
      </Placemark>
      <Placemark id="Ruas_Nenhuma_Rota_Proxima.208">
        <name>Rua Ailton da Costa</name>
        <Style>
          <LineStyle>
            <color>ff0000ff</color>
          </LineStyle>
          <PolyStyle>
            <fill>0</fill>
          </PolyStyle>
        </Style>
        <ExtendedData>
          <SchemaData schemaUrl="#Ruas_Nenhuma_Rota_Proxima">
            <SimpleData name="fid">208</SimpleData>
            <SimpleData name="id">Vinte_e_Cinco_de_Agosto.54</SimpleData>
            <SimpleData name="Name">Rua Ailton da Costa</SimpleData>
            <SimpleData name="Distrito">1º</SimpleData>
            <SimpleData name="id_trecho">7328</SimpleData>
            <SimpleData name="Extensao_m">29.6515217055242</SimpleData>
            <SimpleData name="Bairro_logradouros">Vinte e Cinco de Agosto</SimpleData>
            <SimpleData name="Bairro_rotas"></SimpleData>
            <SimpleData name="Lote">I</SimpleData>
            <SimpleData name="Rota"></SimpleData>
            <SimpleData name="Turno">Noite</SimpleData>
            <SimpleData name="Dias_da_semana">seg,ter,qua,qui,sex,sab</SimpleData>
            <SimpleData name="Hit_Rate">77.78</SimpleData>
            <SimpleData name="Status">Validado (Rua sem rota)</SimpleData>
            <SimpleData name="Bloco">Seg_a_Sab</SimpleData>
          </SchemaData>
        </ExtendedData>
        <MultiGeometry>
          <LineString>
            <coordinates>-43.3072471,-22.7889255,0 -43.3070520116152,-22.7887280871472,0</coordinates>
          </LineString>
        </MultiGeometry>
      </Placemark>
      <Placemark id="Ruas_Nenhuma_Rota_Proxima.209">
        <name>Rua Elias Francisco Pariz</name>
        <Style>
          <LineStyle>
            <color>ff0000ff</color>
          </LineStyle>
          <PolyStyle>
            <fill>0</fill>
          </PolyStyle>
        </Style>
        <ExtendedData>
          <SchemaData schemaUrl="#Ruas_Nenhuma_Rota_Proxima">
            <SimpleData name="fid">209</SimpleData>
            <SimpleData name="id">Vinte_e_Cinco_de_Agosto.74</SimpleData>
            <SimpleData name="Name">Rua Elias Francisco Pariz</SimpleData>
            <SimpleData name="Distrito">1º</SimpleData>
            <SimpleData name="id_trecho">7405</SimpleData>
            <SimpleData name="Extensao_m">70.9498959117354</SimpleData>
            <SimpleData name="Bairro_logradouros">Vinte e Cinco de Agosto</SimpleData>
            <SimpleData name="Bairro_rotas"></SimpleData>
            <SimpleData name="Lote">I</SimpleData>
            <SimpleData name="Rota"></SimpleData>
            <SimpleData name="Turno">Noite</SimpleData>
            <SimpleData name="Dias_da_semana">seg,ter,qua,qui,sex,sab</SimpleData>
            <SimpleData name="Hit_Rate">72.22</SimpleData>
            <SimpleData name="Status">Validado (Rua sem rota)</SimpleData>
            <SimpleData name="Bloco">Seg_a_Sab</SimpleData>
          </SchemaData>
        </ExtendedData>
        <MultiGeometry>
          <LineString>
            <coordinates>-43.2982363,-22.7954119,0 -43.2979453,-22.7948308,0</coordinates>
          </LineString>
        </MultiGeometry>
      </Placemark>
      <Placemark id="Ruas_Nenhuma_Rota_Proxima.210">
        <name>Rua Jair de Oliveira</name>
        <Style>
          <LineStyle>
            <color>ff0000ff</color>
          </LineStyle>
          <PolyStyle>
            <fill>0</fill>
          </PolyStyle>
        </Style>
        <ExtendedData>
          <SchemaData schemaUrl="#Ruas_Nenhuma_Rota_Proxima">
            <SimpleData name="fid">210</SimpleData>
            <SimpleData name="id">Vinte_e_Cinco_de_Agosto.27</SimpleData>
            <SimpleData name="Name">Rua Jair de Oliveira</SimpleData>
            <SimpleData name="Distrito">1º</SimpleData>
            <SimpleData name="id_trecho">7452</SimpleData>
            <SimpleData name="Extensao_m">281.293749730395</SimpleData>
            <SimpleData name="Bairro_logradouros">Vinte e Cinco de Agosto</SimpleData>
            <SimpleData name="Bairro_rotas"></SimpleData>
            <SimpleData name="Lote">I</SimpleData>
            <SimpleData name="Rota"></SimpleData>
            <SimpleData name="Turno">Noite</SimpleData>
            <SimpleData name="Dias_da_semana">seg,ter,qua,qui,sex,sab</SimpleData>
            <SimpleData name="Hit_Rate">94.44</SimpleData>
            <SimpleData name="Status">Validado (Rua sem rota)</SimpleData>
            <SimpleData name="Bloco">Seg_a_Sab</SimpleData>
          </SchemaData>
        </ExtendedData>
        <MultiGeometry>
          <LineString>
            <coordinates>-43.303891344904,-22.7834134978426,0 -43.3028618,-22.7841866,0 -43.3021905,-22.7846978,0 -43.3017661,-22.7850162,0</coordinates>
          </LineString>
        </MultiGeometry>
      </Placemark>
      <Placemark id="Ruas_Nenhuma_Rota_Proxima.211">
        <name>Rua Encantada</name>
        <Style>
          <LineStyle>
            <color>ff0000ff</color>
          </LineStyle>
          <PolyStyle>
            <fill>0</fill>
          </PolyStyle>
        </Style>
        <ExtendedData>
          <SchemaData schemaUrl="#Ruas_Nenhuma_Rota_Proxima">
            <SimpleData name="fid">211</SimpleData>
            <SimpleData name="id">Vila_Sao_Luis.23</SimpleData>
            <SimpleData name="Name">Rua Encantada</SimpleData>
            <SimpleData name="Distrito">1º</SimpleData>
            <SimpleData name="id_trecho">7143</SimpleData>
            <SimpleData name="Extensao_m">134.306323623666</SimpleData>
            <SimpleData name="Bairro_logradouros">Vila Sao Luis</SimpleData>
            <SimpleData name="Bairro_rotas"></SimpleData>
            <SimpleData name="Lote">I</SimpleData>
            <SimpleData name="Rota"></SimpleData>
            <SimpleData name="Turno">Noite</SimpleData>
            <SimpleData name="Dias_da_semana">seg,ter,qua,qui,sex,sab</SimpleData>
            <SimpleData name="Hit_Rate">94.44</SimpleData>
            <SimpleData name="Status">Validado (Rua sem rota)</SimpleData>
            <SimpleData name="Bloco">Seg_a_Sab</SimpleData>
          </SchemaData>
        </ExtendedData>
        <MultiGeometry>
          <LineString>
            <coordinates>-43.2967875,-22.7802882,0 -43.2968456,-22.7814998,0</coordinates>
          </LineString>
        </MultiGeometry>
      </Placemark>
      <Placemark id="Ruas_Nenhuma_Rota_Proxima.212">
        <name>Rua Pinto Lira</name>
        <Style>
          <LineStyle>
            <color>ff0000ff</color>
          </LineStyle>
          <PolyStyle>
            <fill>0</fill>
          </PolyStyle>
        </Style>
        <ExtendedData>
          <SchemaData schemaUrl="#Ruas_Nenhuma_Rota_Proxima">
            <SimpleData name="fid">212</SimpleData>
            <SimpleData name="id">Bar_dos_Cavalheiros.24</SimpleData>
            <SimpleData name="Name">Rua Pinto Lira</SimpleData>
            <SimpleData name="Distrito">1º</SimpleData>
            <SimpleData name="id_trecho">509</SimpleData>
            <SimpleData name="Extensao_m">151.991850392298</SimpleData>
            <SimpleData name="Bairro_logradouros">Bar dos Cavalheiros</SimpleData>
            <SimpleData name="Bairro_rotas"></SimpleData>
            <SimpleData name="Lote">I</SimpleData>
            <SimpleData name="Rota"></SimpleData>
            <SimpleData name="Turno">Tarde</SimpleData>
            <SimpleData name="Dias_da_semana">seg,ter,qua,qui,sex,sab</SimpleData>
            <SimpleData name="Hit_Rate">77.78</SimpleData>
            <SimpleData name="Status">Validado (Rua sem rota)</SimpleData>
            <SimpleData name="Bloco">Seg_a_Sab</SimpleData>
          </SchemaData>
        </ExtendedData>
        <MultiGeometry>
          <LineString>
            <coordinates>-43.3170464,-22.79255,0 -43.3174768,-22.7912368,0</coordinates>
          </LineString>
        </MultiGeometry>
      </Placemark>
      <Placemark id="Ruas_Nenhuma_Rota_Proxima.213">
        <name>Rua Pinto Lira</name>
        <Style>
          <LineStyle>
            <color>ff0000ff</color>
          </LineStyle>
          <PolyStyle>
            <fill>0</fill>
          </PolyStyle>
        </Style>
        <ExtendedData>
          <SchemaData schemaUrl="#Ruas_Nenhuma_Rota_Proxima">
            <SimpleData name="fid">213</SimpleData>
            <SimpleData name="id">Bar_dos_Cavalheiros.24</SimpleData>
            <SimpleData name="Name">Rua Pinto Lira</SimpleData>
            <SimpleData name="Distrito">1º</SimpleData>
            <SimpleData name="id_trecho">511</SimpleData>
            <SimpleData name="Extensao_m">110.896264637919</SimpleData>
            <SimpleData name="Bairro_logradouros">Bar dos Cavalheiros</SimpleData>
            <SimpleData name="Bairro_rotas"></SimpleData>
            <SimpleData name="Lote">I</SimpleData>
            <SimpleData name="Rota"></SimpleData>
            <SimpleData name="Turno">Tarde</SimpleData>
            <SimpleData name="Dias_da_semana">seg,ter,qua,qui,sex,sab</SimpleData>
            <SimpleData name="Hit_Rate">77.78</SimpleData>
            <SimpleData name="Status">Validado (Rua sem rota)</SimpleData>
            <SimpleData name="Bloco">Seg_a_Sab</SimpleData>
          </SchemaData>
        </ExtendedData>
        <MultiGeometry>
          <LineString>
            <coordinates>-43.3174913,-22.7911973,0 -43.3177909,-22.7902352,0</coordinates>
          </LineString>
        </MultiGeometry>
      </Placemark>
      <Placemark id="Ruas_Nenhuma_Rota_Proxima.214">
        <name>Rua Mogi</name>
        <Style>
          <LineStyle>
            <color>ff0000ff</color>
          </LineStyle>
          <PolyStyle>
            <fill>0</fill>
          </PolyStyle>
        </Style>
        <ExtendedData>
          <SchemaData schemaUrl="#Ruas_Nenhuma_Rota_Proxima">
            <SimpleData name="fid">214</SimpleData>
            <SimpleData name="id">Doutor_Laureano.65</SimpleData>
            <SimpleData name="Name">Rua Mogi</SimpleData>
            <SimpleData name="Distrito">1º</SimpleData>
            <SimpleData name="id_trecho">1768</SimpleData>
            <SimpleData name="Extensao_m">90.0971765201747</SimpleData>
            <SimpleData name="Bairro_logradouros">Doutor Laureano</SimpleData>
            <SimpleData name="Bairro_rotas"></SimpleData>
            <SimpleData name="Lote">I</SimpleData>
            <SimpleData name="Rota"></SimpleData>
            <SimpleData name="Turno">Tarde</SimpleData>
            <SimpleData name="Dias_da_semana">seg,ter,qua,qui,sex,sab</SimpleData>
            <SimpleData name="Hit_Rate">100</SimpleData>
            <SimpleData name="Status">Validado (Rua sem rota)</SimpleData>
            <SimpleData name="Bloco">Seg_a_Sab</SimpleData>
          </SchemaData>
        </ExtendedData>
        <MultiGeometry>
          <LineString>
            <coordinates>-43.2886581,-22.7608674,0 -43.28933,-22.7603443,0</coordinates>
          </LineString>
        </MultiGeometry>
      </Placemark>
      <Placemark id="Ruas_Nenhuma_Rota_Proxima.215">
        <name>Avenida Litorânea</name>
        <Style>
          <LineStyle>
            <color>ff0000ff</color>
          </LineStyle>
          <PolyStyle>
            <fill>0</fill>
          </PolyStyle>
        </Style>
        <ExtendedData>
          <SchemaData schemaUrl="#Ruas_Nenhuma_Rota_Proxima">
            <SimpleData name="fid">215</SimpleData>
            <SimpleData name="id">Parque_Sarapui.10</SimpleData>
            <SimpleData name="Name">Avenida Litorânea</SimpleData>
            <SimpleData name="Distrito">1º</SimpleData>
            <SimpleData name="id_trecho">5357</SimpleData>
            <SimpleData name="Extensao_m">30.7667985311547</SimpleData>
            <SimpleData name="Bairro_logradouros">Parque Sarapui</SimpleData>
            <SimpleData name="Bairro_rotas"></SimpleData>
            <SimpleData name="Lote">I</SimpleData>
            <SimpleData name="Rota"></SimpleData>
            <SimpleData name="Turno">Tarde</SimpleData>
            <SimpleData name="Dias_da_semana">seg,ter,qua,qui,sex,sab</SimpleData>
            <SimpleData name="Hit_Rate">77.78</SimpleData>
            <SimpleData name="Status">Validado (Rua sem rota)</SimpleData>
            <SimpleData name="Bloco">Seg_a_Sab</SimpleData>
          </SchemaData>
        </ExtendedData>
        <MultiGeometry>
          <LineString>
            <coordinates>-43.2814544,-22.7900839,0 -43.2815055,-22.7902325,0 -43.2815421,-22.7903486,0 -43.2815430613389,-22.7903487057146,0</coordinates>
          </LineString>
        </MultiGeometry>
      </Placemark>
      <Placemark id="Ruas_Nenhuma_Rota_Proxima.216">
        <name>Avenida Litorânea</name>
        <Style>
          <LineStyle>
            <color>ff0000ff</color>
          </LineStyle>
          <PolyStyle>
            <fill>0</fill>
          </PolyStyle>
        </Style>
        <ExtendedData>
          <SchemaData schemaUrl="#Ruas_Nenhuma_Rota_Proxima">
            <SimpleData name="fid">216</SimpleData>
            <SimpleData name="id">Parque_Sarapui.10</SimpleData>
            <SimpleData name="Name">Avenida Litorânea</SimpleData>
            <SimpleData name="Distrito">1º</SimpleData>
            <SimpleData name="id_trecho">5364</SimpleData>
            <SimpleData name="Extensao_m">116.978564936516</SimpleData>
            <SimpleData name="Bairro_logradouros">Parque Sarapui</SimpleData>
            <SimpleData name="Bairro_rotas"></SimpleData>
            <SimpleData name="Lote">I</SimpleData>
            <SimpleData name="Rota"></SimpleData>
            <SimpleData name="Turno">Tarde</SimpleData>
            <SimpleData name="Dias_da_semana">seg,ter,qua,qui,sex,sab</SimpleData>
            <SimpleData name="Hit_Rate">100</SimpleData>
            <SimpleData name="Status">Validado (Rua sem rota)</SimpleData>
            <SimpleData name="Bloco">Seg_a_Sab</SimpleData>
          </SchemaData>
        </ExtendedData>
        <MultiGeometry>
          <LineString>
            <coordinates>-43.281351,-22.7911208,0 -43.2813469,-22.7909521,0 -43.2813551,-22.7908059,0 -43.2813605,-22.7907298,0 -43.2813307,-22.790596,0 -43.2813266,-22.7905173,0 -43.281351,-22.7904236,0 -43.2813806,-22.7903289,0 -43.2814107,-22.7902439,0 -43.2814544,-22.7900839,0</coordinates>
          </LineString>
        </MultiGeometry>
      </Placemark>
      <Placemark id="Ruas_Nenhuma_Rota_Proxima.217">
        <name>Rua Almirante Grenfall</name>
        <Style>
          <LineStyle>
            <color>ff0000ff</color>
          </LineStyle>
          <PolyStyle>
            <fill>0</fill>
          </PolyStyle>
        </Style>
        <ExtendedData>
          <SchemaData schemaUrl="#Ruas_Nenhuma_Rota_Proxima">
            <SimpleData name="fid">217</SimpleData>
            <SimpleData name="id">Parque_Sarapui.11</SimpleData>
            <SimpleData name="Name">Rua Almirante Grenfall</SimpleData>
            <SimpleData name="Distrito">1º</SimpleData>
            <SimpleData name="id_trecho">5373</SimpleData>
            <SimpleData name="Extensao_m">309.542011079888</SimpleData>
            <SimpleData name="Bairro_logradouros">Parque Sarapui</SimpleData>
            <SimpleData name="Bairro_rotas"></SimpleData>
            <SimpleData name="Lote">I</SimpleData>
            <SimpleData name="Rota"></SimpleData>
            <SimpleData name="Turno">Tarde</SimpleData>
            <SimpleData name="Dias_da_semana">seg,ter,qua,qui,sex,sab</SimpleData>
            <SimpleData name="Hit_Rate">100</SimpleData>
            <SimpleData name="Status">Validado (Rua sem rota)</SimpleData>
            <SimpleData name="Bloco">Seg_a_Sab</SimpleData>
          </SchemaData>
        </ExtendedData>
        <MultiGeometry>
          <LineString>
            <coordinates>-43.2842518,-22.7886129,0 -43.2841679,-22.7886788,0 -43.284086,-22.7887432,0 -43.2838153,-22.7889562,0 -43.2836021,-22.7891161,0 -43.2818909,-22.7903504,0</coordinates>
          </LineString>
        </MultiGeometry>
      </Placemark>
      <Placemark id="Ruas_Nenhuma_Rota_Proxima.218">
        <name>Rua Almirante Grenfall</name>
        <Style>
          <LineStyle>
            <color>ff0000ff</color>
          </LineStyle>
          <PolyStyle>
            <fill>0</fill>
          </PolyStyle>
        </Style>
        <ExtendedData>
          <SchemaData schemaUrl="#Ruas_Nenhuma_Rota_Proxima">
            <SimpleData name="fid">218</SimpleData>
            <SimpleData name="id">Parque_Sarapui.11</SimpleData>
            <SimpleData name="Name">Rua Almirante Grenfall</SimpleData>
            <SimpleData name="Distrito">1º</SimpleData>
            <SimpleData name="id_trecho">5375</SimpleData>
            <SimpleData name="Extensao_m">35.9144788502025</SimpleData>
            <SimpleData name="Bairro_logradouros">Parque Sarapui</SimpleData>
            <SimpleData name="Bairro_rotas"></SimpleData>
            <SimpleData name="Lote">I</SimpleData>
            <SimpleData name="Rota"></SimpleData>
            <SimpleData name="Turno">Tarde</SimpleData>
            <SimpleData name="Dias_da_semana">seg,ter,qua,qui,sex,sab</SimpleData>
            <SimpleData name="Hit_Rate">88.89</SimpleData>
            <SimpleData name="Status">Validado (Rua sem rota)</SimpleData>
            <SimpleData name="Bloco">Seg_a_Sab</SimpleData>
          </SchemaData>
        </ExtendedData>
        <MultiGeometry>
          <LineString>
            <coordinates>-43.2815430613389,-22.7903487057146,0 -43.2816585,-22.7903614,0 -43.2817742,-22.790365,0 -43.2818909,-22.7903504,0</coordinates>
          </LineString>
        </MultiGeometry>
      </Placemark>
      <Placemark id="Ruas_Nenhuma_Rota_Proxima.219">
        <name>Rua José Moura</name>
        <Style>
          <LineStyle>
            <color>ff0000ff</color>
          </LineStyle>
          <PolyStyle>
            <fill>0</fill>
          </PolyStyle>
        </Style>
        <ExtendedData>
          <SchemaData schemaUrl="#Ruas_Nenhuma_Rota_Proxima">
            <SimpleData name="fid">219</SimpleData>
            <SimpleData name="id">Vila_São_Jose.58</SimpleData>
            <SimpleData name="Name">Rua José Moura</SimpleData>
            <SimpleData name="Distrito">2º</SimpleData>
            <SimpleData name="id_trecho">6657</SimpleData>
            <SimpleData name="Extensao_m">210.835772971453</SimpleData>
            <SimpleData name="Bairro_logradouros">Vila São Jose</SimpleData>
            <SimpleData name="Bairro_rotas"></SimpleData>
            <SimpleData name="Lote">I</SimpleData>
            <SimpleData name="Rota"></SimpleData>
            <SimpleData name="Turno">Tarde</SimpleData>
            <SimpleData name="Dias_da_semana">seg,ter,qua,qui,sex,sab</SimpleData>
            <SimpleData name="Hit_Rate">66.67</SimpleData>
            <SimpleData name="Status">Validado (Rua sem rota)</SimpleData>
            <SimpleData name="Bloco">Seg_a_Sab</SimpleData>
          </SchemaData>
        </ExtendedData>
        <MultiGeometry>
          <LineString>
            <coordinates>-43.3153106,-22.7469456,0 -43.3151892,-22.7468392,0 -43.3151215,-22.7467551,0 -43.3150336,-22.7466079,0 -43.3149518,-22.7464199,0 -43.3147805,-22.7459428,0 -43.3145182,-22.7452121,0</coordinates>
          </LineString>
        </MultiGeometry>
      </Placemark>
      <Placemark id="Ruas_Nenhuma_Rota_Proxima.220">
        <name>Avenida Litorânea</name>
        <Style>
          <LineStyle>
            <color>ff0000ff</color>
          </LineStyle>
          <PolyStyle>
            <fill>0</fill>
          </PolyStyle>
        </Style>
        <ExtendedData>
          <SchemaData schemaUrl="#Ruas_Nenhuma_Rota_Proxima">
            <SimpleData name="fid">220</SimpleData>
            <SimpleData name="id">Parque_Sarapui.10</SimpleData>
            <SimpleData name="Name">Avenida Litorânea</SimpleData>
            <SimpleData name="Distrito">1º</SimpleData>
            <SimpleData name="id_trecho">5360</SimpleData>
            <SimpleData name="Extensao_m">50.2359506844568</SimpleData>
            <SimpleData name="Bairro_logradouros">Parque Sarapui</SimpleData>
            <SimpleData name="Bairro_rotas"></SimpleData>
            <SimpleData name="Lote">I</SimpleData>
            <SimpleData name="Rota"></SimpleData>
            <SimpleData name="Turno">Tarde</SimpleData>
            <SimpleData name="Dias_da_semana">seg,ter,qua,qui,sex,sab</SimpleData>
            <SimpleData name="Hit_Rate">77.78</SimpleData>
            <SimpleData name="Status">Validado (Rua sem rota)</SimpleData>
            <SimpleData name="Bloco">Seg_a_Sab</SimpleData>
          </SchemaData>
        </ExtendedData>
        <MultiGeometry>
          <LineString>
            <coordinates>-43.2815295,-22.7907016,0 -43.2814201,-22.7908884,0 -43.281351,-22.7911208,0</coordinates>
          </LineString>
        </MultiGeometry>
      </Placemark>
      <Placemark id="Ruas_Nenhuma_Rota_Proxima.221">
        <name>Avenida Nilo Peçanha</name>
        <Style>
          <LineStyle>
            <color>ff0000ff</color>
          </LineStyle>
          <PolyStyle>
            <fill>0</fill>
          </PolyStyle>
        </Style>
        <ExtendedData>
          <SchemaData schemaUrl="#Ruas_Nenhuma_Rota_Proxima">
            <SimpleData name="fid">221</SimpleData>
            <SimpleData name="id">Bar_dos_Cavalheiros.164</SimpleData>
            <SimpleData name="Name">Avenida Nilo Peçanha</SimpleData>
            <SimpleData name="Distrito">1º</SimpleData>
            <SimpleData name="id_trecho">111</SimpleData>
            <SimpleData name="Extensao_m">13.8388690094875</SimpleData>
            <SimpleData name="Bairro_logradouros">Bar dos Cavalheiros</SimpleData>
            <SimpleData name="Bairro_rotas"></SimpleData>
            <SimpleData name="Lote">I</SimpleData>
            <SimpleData name="Rota"></SimpleData>
            <SimpleData name="Turno">Manhã</SimpleData>
            <SimpleData name="Dias_da_semana">seg,qua,sex</SimpleData>
            <SimpleData name="Hit_Rate">88.89</SimpleData>
            <SimpleData name="Status">Validado (Rua sem rota)</SimpleData>
            <SimpleData name="Bloco">Seg_Qua_Sex</SimpleData>
          </SchemaData>
        </ExtendedData>
        <MultiGeometry>
          <LineString>
            <coordinates>-43.3269934,-22.788002,0 -43.3270627,-22.7880095,0 -43.3271119,-22.7880313,0 -43.3271533,-22.7880558,0 -43.3271951,-22.7881153,0 -43.3272258,-22.7881971,0 -43.3271403,-22.7882937,0 -43.3271101,-22.7883167,0 -43.3270987,-22.7883317,0 -43.327061,-22.7883697,0 -43.3270406,-22.7884057,0 -43.3270182,-22.7885095,0</coordinates>
          </LineString>
        </MultiGeometry>
      </Placemark>
      <Placemark id="Ruas_Nenhuma_Rota_Proxima.222">
        <name>Canal Meriti</name>
        <Style>
          <LineStyle>
            <color>ff0000ff</color>
          </LineStyle>
          <PolyStyle>
            <fill>0</fill>
          </PolyStyle>
        </Style>
        <ExtendedData>
          <SchemaData schemaUrl="#Ruas_Nenhuma_Rota_Proxima">
            <SimpleData name="fid">222</SimpleData>
            <SimpleData name="id">Bar_dos_Cavalheiros.132</SimpleData>
            <SimpleData name="Name">Canal Meriti</SimpleData>
            <SimpleData name="Distrito">1º</SimpleData>
            <SimpleData name="id_trecho">144</SimpleData>
            <SimpleData name="Extensao_m">55.2945872593488</SimpleData>
            <SimpleData name="Bairro_logradouros">Bar dos Cavalheiros</SimpleData>
            <SimpleData name="Bairro_rotas"></SimpleData>
            <SimpleData name="Lote">I</SimpleData>
            <SimpleData name="Rota"></SimpleData>
            <SimpleData name="Turno">Manhã</SimpleData>
            <SimpleData name="Dias_da_semana">seg,qua,sex</SimpleData>
            <SimpleData name="Hit_Rate">77.78</SimpleData>
            <SimpleData name="Status">Validado (Rua sem rota)</SimpleData>
            <SimpleData name="Bloco">Seg_Qua_Sex</SimpleData>
          </SchemaData>
        </ExtendedData>
        <MultiGeometry>
          <LineString>
            <coordinates>-43.3221093,-22.800445,0 -43.3223695,-22.8004475,0 -43.3224821,-22.800445,0 -43.322521,-22.8004432,0 -43.3225666,-22.8004444,0 -43.3226065,-22.8004432,0 -43.3226435982532,-22.8004265456767,0</coordinates>
          </LineString>
        </MultiGeometry>
      </Placemark>
      <Placemark id="Ruas_Nenhuma_Rota_Proxima.223">
        <name>Rua Charco</name>
        <Style>
          <LineStyle>
            <color>ff0000ff</color>
          </LineStyle>
          <PolyStyle>
            <fill>0</fill>
          </PolyStyle>
        </Style>
        <ExtendedData>
          <SchemaData schemaUrl="#Ruas_Nenhuma_Rota_Proxima">
            <SimpleData name="fid">223</SimpleData>
            <SimpleData name="id">Bar_dos_Cavalheiros.56</SimpleData>
            <SimpleData name="Name">Rua Charco</SimpleData>
            <SimpleData name="Distrito">1º</SimpleData>
            <SimpleData name="id_trecho">263</SimpleData>
            <SimpleData name="Extensao_m">188.01234146038</SimpleData>
            <SimpleData name="Bairro_logradouros">Bar dos Cavalheiros</SimpleData>
            <SimpleData name="Bairro_rotas"></SimpleData>
            <SimpleData name="Lote">I</SimpleData>
            <SimpleData name="Rota"></SimpleData>
            <SimpleData name="Turno">Manhã</SimpleData>
            <SimpleData name="Dias_da_semana">seg,qua,sex</SimpleData>
            <SimpleData name="Hit_Rate">100</SimpleData>
            <SimpleData name="Status">Validado (Rua sem rota)</SimpleData>
            <SimpleData name="Bloco">Seg_Qua_Sex</SimpleData>
          </SchemaData>
        </ExtendedData>
        <MultiGeometry>
          <LineString>
            <coordinates>-43.3291312,-22.8002299,0 -43.3285543,-22.8000501,0 -43.3276357,-22.7997992,0 -43.3273855889615,-22.7997182259276,0</coordinates>
          </LineString>
        </MultiGeometry>
      </Placemark>
      <Placemark id="Ruas_Nenhuma_Rota_Proxima.224">
        <name>Rua Das Flores</name>
        <Style>
          <LineStyle>
            <color>ff0000ff</color>
          </LineStyle>
          <PolyStyle>
            <fill>0</fill>
          </PolyStyle>
        </Style>
        <ExtendedData>
          <SchemaData schemaUrl="#Ruas_Nenhuma_Rota_Proxima">
            <SimpleData name="fid">224</SimpleData>
            <SimpleData name="id">Bar_dos_Cavalheiros.47</SimpleData>
            <SimpleData name="Name">Rua Das Flores</SimpleData>
            <SimpleData name="Distrito">1º</SimpleData>
            <SimpleData name="id_trecho">268</SimpleData>
            <SimpleData name="Extensao_m">71.7328785658899</SimpleData>
            <SimpleData name="Bairro_logradouros">Bar dos Cavalheiros</SimpleData>
            <SimpleData name="Bairro_rotas"></SimpleData>
            <SimpleData name="Lote">I</SimpleData>
            <SimpleData name="Rota"></SimpleData>
            <SimpleData name="Turno">Manhã</SimpleData>
            <SimpleData name="Dias_da_semana">seg,qua,sex</SimpleData>
            <SimpleData name="Hit_Rate">100</SimpleData>
            <SimpleData name="Status">Validado (Rua sem rota)</SimpleData>
            <SimpleData name="Bloco">Seg_Qua_Sex</SimpleData>
          </SchemaData>
        </ExtendedData>
        <MultiGeometry>
          <LineString>
            <coordinates>-43.3219497,-22.8004302,0 -43.3217914,-22.8000284,0 -43.3217096,-22.7998219,0</coordinates>
          </LineString>
        </MultiGeometry>
      </Placemark>
      <Placemark id="Ruas_Nenhuma_Rota_Proxima.225">
        <name>Rua do Campo</name>
        <Style>
          <LineStyle>
            <color>ff0000ff</color>
          </LineStyle>
          <PolyStyle>
            <fill>0</fill>
          </PolyStyle>
        </Style>
        <ExtendedData>
          <SchemaData schemaUrl="#Ruas_Nenhuma_Rota_Proxima">
            <SimpleData name="fid">225</SimpleData>
            <SimpleData name="id">Bar_dos_Cavalheiros.130</SimpleData>
            <SimpleData name="Name">Rua do Campo</SimpleData>
            <SimpleData name="Distrito">1º</SimpleData>
            <SimpleData name="id_trecho">279</SimpleData>
            <SimpleData name="Extensao_m">19.3545140004916</SimpleData>
            <SimpleData name="Bairro_logradouros">Bar dos Cavalheiros</SimpleData>
            <SimpleData name="Bairro_rotas"></SimpleData>
            <SimpleData name="Lote">I</SimpleData>
            <SimpleData name="Rota"></SimpleData>
            <SimpleData name="Turno">Manhã</SimpleData>
            <SimpleData name="Dias_da_semana">seg,qua,sex</SimpleData>
            <SimpleData name="Hit_Rate">88.89</SimpleData>
            <SimpleData name="Status">Validado (Rua sem rota)</SimpleData>
            <SimpleData name="Bloco">Seg_Qua_Sex</SimpleData>
          </SchemaData>
        </ExtendedData>
        <MultiGeometry>
          <LineString>
            <coordinates>-43.3263713,-22.7997119,0 -43.3261828,-22.7997133,0</coordinates>
          </LineString>
        </MultiGeometry>
      </Placemark>
      <Placemark id="Ruas_Nenhuma_Rota_Proxima.226">
        <name>Rua Dona Benta</name>
        <Style>
          <LineStyle>
            <color>ff0000ff</color>
          </LineStyle>
          <PolyStyle>
            <fill>0</fill>
          </PolyStyle>
        </Style>
        <ExtendedData>
          <SchemaData schemaUrl="#Ruas_Nenhuma_Rota_Proxima">
            <SimpleData name="fid">226</SimpleData>
            <SimpleData name="id">Bar_dos_Cavalheiros.136</SimpleData>
            <SimpleData name="Name">Rua Dona Benta</SimpleData>
            <SimpleData name="Distrito">1º</SimpleData>
            <SimpleData name="id_trecho">284</SimpleData>
            <SimpleData name="Extensao_m">55.3040837140137</SimpleData>
            <SimpleData name="Bairro_logradouros">Bar dos Cavalheiros</SimpleData>
            <SimpleData name="Bairro_rotas"></SimpleData>
            <SimpleData name="Lote">I</SimpleData>
            <SimpleData name="Rota"></SimpleData>
            <SimpleData name="Turno">Manhã</SimpleData>
            <SimpleData name="Dias_da_semana">seg,qua,sex</SimpleData>
            <SimpleData name="Hit_Rate">100</SimpleData>
            <SimpleData name="Status">Validado (Rua sem rota)</SimpleData>
            <SimpleData name="Bloco">Seg_Qua_Sex</SimpleData>
          </SchemaData>
        </ExtendedData>
        <MultiGeometry>
          <LineString>
            <coordinates>-43.3291475550261,-22.7997834163374,0 -43.3292024,-22.7997997,0 -43.3292198,-22.7998306,0 -43.3292232,-22.799864,0 -43.3292232,-22.7999091,0 -43.3292131,-22.799974,0 -43.3291312,-22.8002299,0</coordinates>
          </LineString>
        </MultiGeometry>
      </Placemark>
      <Placemark id="Ruas_Nenhuma_Rota_Proxima.227">
        <name>Rua Dona Benta</name>
        <Style>
          <LineStyle>
            <color>ff0000ff</color>
          </LineStyle>
          <PolyStyle>
            <fill>0</fill>
          </PolyStyle>
        </Style>
        <ExtendedData>
          <SchemaData schemaUrl="#Ruas_Nenhuma_Rota_Proxima">
            <SimpleData name="fid">227</SimpleData>
            <SimpleData name="id">Bar_dos_Cavalheiros.136</SimpleData>
            <SimpleData name="Name">Rua Dona Benta</SimpleData>
            <SimpleData name="Distrito">1º</SimpleData>
            <SimpleData name="id_trecho">285</SimpleData>
            <SimpleData name="Extensao_m">39.5929060045054</SimpleData>
            <SimpleData name="Bairro_logradouros">Bar dos Cavalheiros</SimpleData>
            <SimpleData name="Bairro_rotas"></SimpleData>
            <SimpleData name="Lote">I</SimpleData>
            <SimpleData name="Rota"></SimpleData>
            <SimpleData name="Turno">Manhã</SimpleData>
            <SimpleData name="Dias_da_semana">seg,qua,sex</SimpleData>
            <SimpleData name="Hit_Rate">100</SimpleData>
            <SimpleData name="Status">Validado (Rua sem rota)</SimpleData>
            <SimpleData name="Bloco">Seg_Qua_Sex</SimpleData>
          </SchemaData>
        </ExtendedData>
        <MultiGeometry>
          <LineString>
            <coordinates>-43.3291312,-22.8002299,0 -43.329016,-22.8005711,0</coordinates>
          </LineString>
        </MultiGeometry>
      </Placemark>
      <Placemark id="Ruas_Nenhuma_Rota_Proxima.228">
        <name>Rua Francisco Otaviano</name>
        <Style>
          <LineStyle>
            <color>ff0000ff</color>
          </LineStyle>
          <PolyStyle>
            <fill>0</fill>
          </PolyStyle>
        </Style>
        <ExtendedData>
          <SchemaData schemaUrl="#Ruas_Nenhuma_Rota_Proxima">
            <SimpleData name="fid">228</SimpleData>
            <SimpleData name="id">Bar_dos_Cavalheiros.43</SimpleData>
            <SimpleData name="Name">Rua Francisco Otaviano</SimpleData>
            <SimpleData name="Distrito">1º</SimpleData>
            <SimpleData name="id_trecho">339</SimpleData>
            <SimpleData name="Extensao_m">36.1752763698944</SimpleData>
            <SimpleData name="Bairro_logradouros">Bar dos Cavalheiros</SimpleData>
            <SimpleData name="Bairro_rotas"></SimpleData>
            <SimpleData name="Lote">I</SimpleData>
            <SimpleData name="Rota"></SimpleData>
            <SimpleData name="Turno">Manhã</SimpleData>
            <SimpleData name="Dias_da_semana">seg,qua,sex</SimpleData>
            <SimpleData name="Hit_Rate">88.89</SimpleData>
            <SimpleData name="Status">Validado (Rua sem rota)</SimpleData>
            <SimpleData name="Bloco">Seg_Qua_Sex</SimpleData>
          </SchemaData>
        </ExtendedData>
        <MultiGeometry>
          <LineString>
            <coordinates>-43.3246516,-22.8001282,0 -43.3243462,-22.7999653,0</coordinates>
          </LineString>
        </MultiGeometry>
      </Placemark>
      <Placemark id="Ruas_Nenhuma_Rota_Proxima.229">
        <name>Rua Garcia Redondo</name>
        <Style>
          <LineStyle>
            <color>ff0000ff</color>
          </LineStyle>
          <PolyStyle>
            <fill>0</fill>
          </PolyStyle>
        </Style>
        <ExtendedData>
          <SchemaData schemaUrl="#Ruas_Nenhuma_Rota_Proxima">
            <SimpleData name="fid">229</SimpleData>
            <SimpleData name="id">Bar_dos_Cavalheiros.114</SimpleData>
            <SimpleData name="Name">Rua Garcia Redondo</SimpleData>
            <SimpleData name="Distrito">1º</SimpleData>
            <SimpleData name="id_trecho">357</SimpleData>
            <SimpleData name="Extensao_m">81.4580651255668</SimpleData>
            <SimpleData name="Bairro_logradouros">Bar dos Cavalheiros</SimpleData>
            <SimpleData name="Bairro_rotas"></SimpleData>
            <SimpleData name="Lote">I</SimpleData>
            <SimpleData name="Rota"></SimpleData>
            <SimpleData name="Turno">Manhã</SimpleData>
            <SimpleData name="Dias_da_semana">seg,qua,sex</SimpleData>
            <SimpleData name="Hit_Rate">100</SimpleData>
            <SimpleData name="Status">Validado (Rua sem rota)</SimpleData>
            <SimpleData name="Bloco">Seg_Qua_Sex</SimpleData>
          </SchemaData>
        </ExtendedData>
        <MultiGeometry>
          <LineString>
            <coordinates>-43.3236462,-22.8003115,0 -43.3236903,-22.8002888,0 -43.3243462,-22.7999653,0</coordinates>
          </LineString>
        </MultiGeometry>
      </Placemark>
      <Placemark id="Ruas_Nenhuma_Rota_Proxima.230">
        <name>Rua Medeiros de Albuquerque</name>
        <Style>
          <LineStyle>
            <color>ff0000ff</color>
          </LineStyle>
          <PolyStyle>
            <fill>0</fill>
          </PolyStyle>
        </Style>
        <ExtendedData>
          <SchemaData schemaUrl="#Ruas_Nenhuma_Rota_Proxima">
            <SimpleData name="fid">230</SimpleData>
            <SimpleData name="id">Bar_dos_Cavalheiros.54</SimpleData>
            <SimpleData name="Name">Rua Medeiros de Albuquerque</SimpleData>
            <SimpleData name="Distrito">1º</SimpleData>
            <SimpleData name="id_trecho">453</SimpleData>
            <SimpleData name="Extensao_m">186.317657838095</SimpleData>
            <SimpleData name="Bairro_logradouros">Bar dos Cavalheiros</SimpleData>
            <SimpleData name="Bairro_rotas"></SimpleData>
            <SimpleData name="Lote">I</SimpleData>
            <SimpleData name="Rota"></SimpleData>
            <SimpleData name="Turno">Manhã</SimpleData>
            <SimpleData name="Dias_da_semana">seg,qua,sex</SimpleData>
            <SimpleData name="Hit_Rate">100</SimpleData>
            <SimpleData name="Status">Validado (Rua sem rota)</SimpleData>
            <SimpleData name="Bloco">Seg_Qua_Sex</SimpleData>
          </SchemaData>
        </ExtendedData>
        <MultiGeometry>
          <LineString>
            <coordinates>-43.3287102,-22.7973573,0 -43.3287417,-22.7973604,0 -43.3287625,-22.7973691,0 -43.3287806,-22.7973876,0 -43.3287913,-22.7974173,0 -43.3288469,-22.7989921,0</coordinates>
          </LineString>
        </MultiGeometry>
      </Placemark>
      <Placemark id="Ruas_Nenhuma_Rota_Proxima.231">
        <name>Rua Medeiros de Albuquerque (próxima a Rua Santa Marta)</name>
        <Style>
          <LineStyle>
            <color>ff0000ff</color>
          </LineStyle>
          <PolyStyle>
            <fill>0</fill>
          </PolyStyle>
        </Style>
        <ExtendedData>
          <SchemaData schemaUrl="#Ruas_Nenhuma_Rota_Proxima">
            <SimpleData name="fid">231</SimpleData>
            <SimpleData name="id">Bar_dos_Cavalheiros.118</SimpleData>
            <SimpleData name="Name">Rua Medeiros de Albuquerque (próxima a Rua Santa Marta)</SimpleData>
            <SimpleData name="Distrito">1º</SimpleData>
            <SimpleData name="id_trecho">454</SimpleData>
            <SimpleData name="Extensao_m">65.9216969215592</SimpleData>
            <SimpleData name="Bairro_logradouros">Bar dos Cavalheiros</SimpleData>
            <SimpleData name="Bairro_rotas"></SimpleData>
            <SimpleData name="Lote">I</SimpleData>
            <SimpleData name="Rota"></SimpleData>
            <SimpleData name="Turno">Manhã</SimpleData>
            <SimpleData name="Dias_da_semana">seg,qua,sex</SimpleData>
            <SimpleData name="Hit_Rate">100</SimpleData>
            <SimpleData name="Status">Validado (Rua sem rota)</SimpleData>
            <SimpleData name="Bloco">Seg_Qua_Sex</SimpleData>
          </SchemaData>
        </ExtendedData>
        <MultiGeometry>
          <LineString>
            <coordinates>-43.3294002,-22.7989837,0 -43.3297155,-22.7992178,0 -43.3297262,-22.799258,0 -43.3297208,-22.7993012,0 -43.3296676,-22.7994278,0</coordinates>
          </LineString>
        </MultiGeometry>
      </Placemark>
      <Placemark id="Ruas_Nenhuma_Rota_Proxima.232">
        <name>Rua Pantanosa</name>
        <Style>
          <LineStyle>
            <color>ff0000ff</color>
          </LineStyle>
          <PolyStyle>
            <fill>0</fill>
          </PolyStyle>
        </Style>
        <ExtendedData>
          <SchemaData schemaUrl="#Ruas_Nenhuma_Rota_Proxima">
            <SimpleData name="fid">232</SimpleData>
            <SimpleData name="id">Bar_dos_Cavalheiros.75</SimpleData>
            <SimpleData name="Name">Rua Pantanosa</SimpleData>
            <SimpleData name="Distrito">1º</SimpleData>
            <SimpleData name="id_trecho">485</SimpleData>
            <SimpleData name="Extensao_m">198.7392453509</SimpleData>
            <SimpleData name="Bairro_logradouros">Bar dos Cavalheiros</SimpleData>
            <SimpleData name="Bairro_rotas"></SimpleData>
            <SimpleData name="Lote">I</SimpleData>
            <SimpleData name="Rota"></SimpleData>
            <SimpleData name="Turno">Manhã</SimpleData>
            <SimpleData name="Dias_da_semana">seg,qua,sex</SimpleData>
            <SimpleData name="Hit_Rate">77.78</SimpleData>
            <SimpleData name="Status">Validado (Rua sem rota)</SimpleData>
            <SimpleData name="Bloco">Seg_Qua_Sex</SimpleData>
          </SchemaData>
        </ExtendedData>
        <MultiGeometry>
          <LineString>
            <coordinates>-43.329016,-22.8005711,0 -43.3285705,-22.8004582,0 -43.3278918,-22.8002987,0 -43.3271465,-22.8001063,0</coordinates>
          </LineString>
        </MultiGeometry>
      </Placemark>
      <Placemark id="Ruas_Nenhuma_Rota_Proxima.233">
        <name>Rua Tenente Enéas Galvão (Canal Cabloco)</name>
        <Style>
          <LineStyle>
            <color>ff0000ff</color>
          </LineStyle>
          <PolyStyle>
            <fill>0</fill>
          </PolyStyle>
        </Style>
        <ExtendedData>
          <SchemaData schemaUrl="#Ruas_Nenhuma_Rota_Proxima">
            <SimpleData name="fid">233</SimpleData>
            <SimpleData name="id">Bar_dos_Cavalheiros.144</SimpleData>
            <SimpleData name="Name">Rua Tenente Enéas Galvão (Canal Cabloco)</SimpleData>
            <SimpleData name="Distrito">1º</SimpleData>
            <SimpleData name="id_trecho">613</SimpleData>
            <SimpleData name="Extensao_m">62.4732444022607</SimpleData>
            <SimpleData name="Bairro_logradouros">Bar dos Cavalheiros</SimpleData>
            <SimpleData name="Bairro_rotas"></SimpleData>
            <SimpleData name="Lote">I</SimpleData>
            <SimpleData name="Rota"></SimpleData>
            <SimpleData name="Turno">Manhã</SimpleData>
            <SimpleData name="Dias_da_semana">seg,qua,sex</SimpleData>
            <SimpleData name="Hit_Rate">100</SimpleData>
            <SimpleData name="Status">Validado (Rua sem rota)</SimpleData>
            <SimpleData name="Bloco">Seg_Qua_Sex</SimpleData>
          </SchemaData>
        </ExtendedData>
        <MultiGeometry>
          <LineString>
            <coordinates>-43.3109984,-22.797867,0 -43.3109312,-22.798143,0 -43.3108547,-22.7984151,0</coordinates>
          </LineString>
        </MultiGeometry>
      </Placemark>
      <Placemark id="Ruas_Nenhuma_Rota_Proxima.234">
        <name>Rua Vidal de Negreiros</name>
        <Style>
          <LineStyle>
            <color>ff0000ff</color>
          </LineStyle>
          <PolyStyle>
            <fill>0</fill>
          </PolyStyle>
        </Style>
        <ExtendedData>
          <SchemaData schemaUrl="#Ruas_Nenhuma_Rota_Proxima">
            <SimpleData name="fid">234</SimpleData>
            <SimpleData name="id">Bar_dos_Cavalheiros.131</SimpleData>
            <SimpleData name="Name">Rua Vidal de Negreiros</SimpleData>
            <SimpleData name="Distrito">1º</SimpleData>
            <SimpleData name="id_trecho">636</SimpleData>
            <SimpleData name="Extensao_m">158.240324200456</SimpleData>
            <SimpleData name="Bairro_logradouros">Bar dos Cavalheiros</SimpleData>
            <SimpleData name="Bairro_rotas"></SimpleData>
            <SimpleData name="Lote">I</SimpleData>
            <SimpleData name="Rota"></SimpleData>
            <SimpleData name="Turno">Manhã</SimpleData>
            <SimpleData name="Dias_da_semana">seg,qua,sex</SimpleData>
            <SimpleData name="Hit_Rate">100</SimpleData>
            <SimpleData name="Status">Validado (Rua sem rota)</SimpleData>
            <SimpleData name="Bloco">Seg_Qua_Sex</SimpleData>
          </SchemaData>
        </ExtendedData>
        <MultiGeometry>
          <LineString>
            <coordinates>-43.3246259525861,-22.799577735788,0 -43.3261669036092,-22.7995519219515,0</coordinates>
          </LineString>
        </MultiGeometry>
      </Placemark>
      <Placemark id="Ruas_Nenhuma_Rota_Proxima.235">
        <name>Praça Roberto Silveira</name>
        <Style>
          <LineStyle>
            <color>ff0000ff</color>
          </LineStyle>
          <PolyStyle>
            <fill>0</fill>
          </PolyStyle>
        </Style>
        <ExtendedData>
          <SchemaData schemaUrl="#Ruas_Nenhuma_Rota_Proxima">
            <SimpleData name="fid">235</SimpleData>
            <SimpleData name="id">Centro.40</SimpleData>
            <SimpleData name="Name">Praça Roberto Silveira</SimpleData>
            <SimpleData name="Distrito">1º</SimpleData>
            <SimpleData name="id_trecho">1013</SimpleData>
            <SimpleData name="Extensao_m">76.7632685527697</SimpleData>
            <SimpleData name="Bairro_logradouros">Centro</SimpleData>
            <SimpleData name="Bairro_rotas"></SimpleData>
            <SimpleData name="Lote">I</SimpleData>
            <SimpleData name="Rota"></SimpleData>
            <SimpleData name="Turno">Manhã</SimpleData>
            <SimpleData name="Dias_da_semana">seg,qua,sex</SimpleData>
            <SimpleData name="Hit_Rate">88.89</SimpleData>
            <SimpleData name="Status">Validado (Rua sem rota)</SimpleData>
            <SimpleData name="Bloco">Seg_Qua_Sex</SimpleData>
          </SchemaData>
        </ExtendedData>
        <MultiGeometry>
          <LineString>
            <coordinates>-43.3073296,-22.7898394,0 -43.307546,-22.789873,0 -43.3076496,-22.7898999,0 -43.3077818,-22.7899661,0 -43.3078727,-22.7900298,0 -43.307995,-22.7901202,0</coordinates>
          </LineString>
        </MultiGeometry>
      </Placemark>
      <Placemark id="Ruas_Nenhuma_Rota_Proxima.236">
        <name>Praça Roberto Silveira</name>
        <Style>
          <LineStyle>
            <color>ff0000ff</color>
          </LineStyle>
          <PolyStyle>
            <fill>0</fill>
          </PolyStyle>
        </Style>
        <ExtendedData>
          <SchemaData schemaUrl="#Ruas_Nenhuma_Rota_Proxima">
            <SimpleData name="fid">236</SimpleData>
            <SimpleData name="id">Centro.40</SimpleData>
            <SimpleData name="Name">Praça Roberto Silveira</SimpleData>
            <SimpleData name="Distrito">1º</SimpleData>
            <SimpleData name="id_trecho">1014</SimpleData>
            <SimpleData name="Extensao_m">59.4551205758511</SimpleData>
            <SimpleData name="Bairro_logradouros">Centro</SimpleData>
            <SimpleData name="Bairro_rotas"></SimpleData>
            <SimpleData name="Lote">I</SimpleData>
            <SimpleData name="Rota"></SimpleData>
            <SimpleData name="Turno">Manhã</SimpleData>
            <SimpleData name="Dias_da_semana">seg,qua,sex</SimpleData>
            <SimpleData name="Hit_Rate">77.78</SimpleData>
            <SimpleData name="Status">Validado (Rua sem rota)</SimpleData>
            <SimpleData name="Bloco">Seg_Qua_Sex</SimpleData>
          </SchemaData>
        </ExtendedData>
        <MultiGeometry>
          <LineString>
            <coordinates>-43.3076988435945,-22.7894272056112,0 -43.307569432671,-22.7895955131097,0 -43.3074928585172,-22.7896669477549,0 -43.3073296,-22.7898394,0</coordinates>
          </LineString>
        </MultiGeometry>
      </Placemark>
      <Placemark id="Ruas_Nenhuma_Rota_Proxima.237">
        <name>Rua André Rebouças</name>
        <Style>
          <LineStyle>
            <color>ff0000ff</color>
          </LineStyle>
          <PolyStyle>
            <fill>0</fill>
          </PolyStyle>
        </Style>
        <ExtendedData>
          <SchemaData schemaUrl="#Ruas_Nenhuma_Rota_Proxima">
            <SimpleData name="fid">237</SimpleData>
            <SimpleData name="id">Centro.92</SimpleData>
            <SimpleData name="Name">Rua André Rebouças</SimpleData>
            <SimpleData name="Distrito">1º</SimpleData>
            <SimpleData name="id_trecho">1050</SimpleData>
            <SimpleData name="Extensao_m">33.8763367903875</SimpleData>
            <SimpleData name="Bairro_logradouros">Centro</SimpleData>
            <SimpleData name="Bairro_rotas"></SimpleData>
            <SimpleData name="Lote">I</SimpleData>
            <SimpleData name="Rota"></SimpleData>
            <SimpleData name="Turno">Manhã</SimpleData>
            <SimpleData name="Dias_da_semana">seg,qua,sex</SimpleData>
            <SimpleData name="Hit_Rate">88.89</SimpleData>
            <SimpleData name="Status">Validado (Rua sem rota)</SimpleData>
            <SimpleData name="Bloco">Seg_Qua_Sex</SimpleData>
          </SchemaData>
        </ExtendedData>
        <MultiGeometry>
          <LineString>
            <coordinates>-43.3123751,-22.7879772,0 -43.3125804,-22.7879716,0 -43.3127048,-22.7879664,0</coordinates>
          </LineString>
        </MultiGeometry>
      </Placemark>
      <Placemark id="Ruas_Nenhuma_Rota_Proxima.238">
        <name>Rua Jaír Viellela de Oliveira</name>
        <Style>
          <LineStyle>
            <color>ff0000ff</color>
          </LineStyle>
          <PolyStyle>
            <fill>0</fill>
          </PolyStyle>
        </Style>
        <ExtendedData>
          <SchemaData schemaUrl="#Ruas_Nenhuma_Rota_Proxima">
            <SimpleData name="fid">238</SimpleData>
            <SimpleData name="id">Centro.83</SimpleData>
            <SimpleData name="Name">Rua Jaír Viellela de Oliveira</SimpleData>
            <SimpleData name="Distrito">1º</SimpleData>
            <SimpleData name="id_trecho">1183</SimpleData>
            <SimpleData name="Extensao_m">169.475767855514</SimpleData>
            <SimpleData name="Bairro_logradouros">Centro</SimpleData>
            <SimpleData name="Bairro_rotas"></SimpleData>
            <SimpleData name="Lote">I</SimpleData>
            <SimpleData name="Rota"></SimpleData>
            <SimpleData name="Turno">Manhã</SimpleData>
            <SimpleData name="Dias_da_semana">seg,qua,sex</SimpleData>
            <SimpleData name="Hit_Rate">100</SimpleData>
            <SimpleData name="Status">Validado (Rua sem rota)</SimpleData>
            <SimpleData name="Bloco">Seg_Qua_Sex</SimpleData>
          </SchemaData>
        </ExtendedData>
        <MultiGeometry>
          <LineString>
            <coordinates>-43.3051753,-22.7824511,0 -43.3044899,-22.7829724,0 -43.3038984,-22.7834082,0 -43.3038918163401,-22.7834131438298,0</coordinates>
          </LineString>
        </MultiGeometry>
      </Placemark>
      <Placemark id="Ruas_Nenhuma_Rota_Proxima.239">
        <name>Rua Nobre de Lacerda</name>
        <Style>
          <LineStyle>
            <color>ff0000ff</color>
          </LineStyle>
          <PolyStyle>
            <fill>0</fill>
          </PolyStyle>
        </Style>
        <ExtendedData>
          <SchemaData schemaUrl="#Ruas_Nenhuma_Rota_Proxima">
            <SimpleData name="fid">239</SimpleData>
            <SimpleData name="id">Centro.18</SimpleData>
            <SimpleData name="Name">Rua Nobre de Lacerda</SimpleData>
            <SimpleData name="Distrito">1º</SimpleData>
            <SimpleData name="id_trecho">1235</SimpleData>
            <SimpleData name="Extensao_m">155.486331721813</SimpleData>
            <SimpleData name="Bairro_logradouros">Centro</SimpleData>
            <SimpleData name="Bairro_rotas"></SimpleData>
            <SimpleData name="Lote">I</SimpleData>
            <SimpleData name="Rota"></SimpleData>
            <SimpleData name="Turno">Manhã</SimpleData>
            <SimpleData name="Dias_da_semana">seg,qua,sex</SimpleData>
            <SimpleData name="Hit_Rate">100</SimpleData>
            <SimpleData name="Status">Validado (Rua sem rota)</SimpleData>
            <SimpleData name="Bloco">Seg_Qua_Sex</SimpleData>
          </SchemaData>
        </ExtendedData>
        <MultiGeometry>
          <LineString>
            <coordinates>-43.3157243,-22.7898519,0 -43.3151193,-22.7890322,0 -43.3148691,-22.7886932,0</coordinates>
          </LineString>
        </MultiGeometry>
      </Placemark>
      <Placemark id="Ruas_Nenhuma_Rota_Proxima.240">
        <name>Rua Paulo Lins</name>
        <Style>
          <LineStyle>
            <color>ff0000ff</color>
          </LineStyle>
          <PolyStyle>
            <fill>0</fill>
          </PolyStyle>
        </Style>
        <ExtendedData>
          <SchemaData schemaUrl="#Ruas_Nenhuma_Rota_Proxima">
            <SimpleData name="fid">240</SimpleData>
            <SimpleData name="id">Centro.86</SimpleData>
            <SimpleData name="Name">Rua Paulo Lins</SimpleData>
            <SimpleData name="Distrito">1º</SimpleData>
            <SimpleData name="id_trecho">1266</SimpleData>
            <SimpleData name="Extensao_m">84.5629779591901</SimpleData>
            <SimpleData name="Bairro_logradouros">Centro</SimpleData>
            <SimpleData name="Bairro_rotas"></SimpleData>
            <SimpleData name="Lote">I</SimpleData>
            <SimpleData name="Rota"></SimpleData>
            <SimpleData name="Turno">Manhã</SimpleData>
            <SimpleData name="Dias_da_semana">seg,qua,sex</SimpleData>
            <SimpleData name="Hit_Rate">88.89</SimpleData>
            <SimpleData name="Status">Validado (Rua sem rota)</SimpleData>
            <SimpleData name="Bloco">Seg_Qua_Sex</SimpleData>
          </SchemaData>
        </ExtendedData>
        <MultiGeometry>
          <LineString>
            <coordinates>-43.308459,-22.7907372,0 -43.3082712,-22.7905208,0 -43.3080539,-22.7902851,0 -43.307998,-22.7902301,0 -43.3079519,-22.7902001,0 -43.3079005,-22.7901946,0</coordinates>
          </LineString>
        </MultiGeometry>
      </Placemark>
      <Placemark id="Ruas_Nenhuma_Rota_Proxima.241">
        <name>Rua São Paulo</name>
        <Style>
          <LineStyle>
            <color>ff0000ff</color>
          </LineStyle>
          <PolyStyle>
            <fill>0</fill>
          </PolyStyle>
        </Style>
        <ExtendedData>
          <SchemaData schemaUrl="#Ruas_Nenhuma_Rota_Proxima">
            <SimpleData name="fid">241</SimpleData>
            <SimpleData name="id">Centro.115</SimpleData>
            <SimpleData name="Name">Rua São Paulo</SimpleData>
            <SimpleData name="Distrito">1º</SimpleData>
            <SimpleData name="id_trecho">1331</SimpleData>
            <SimpleData name="Extensao_m">96.4710910497659</SimpleData>
            <SimpleData name="Bairro_logradouros">Centro</SimpleData>
            <SimpleData name="Bairro_rotas"></SimpleData>
            <SimpleData name="Lote">I</SimpleData>
            <SimpleData name="Rota"></SimpleData>
            <SimpleData name="Turno">Manhã</SimpleData>
            <SimpleData name="Dias_da_semana">seg,qua,sex</SimpleData>
            <SimpleData name="Hit_Rate">77.78</SimpleData>
            <SimpleData name="Status">Validado (Rua sem rota)</SimpleData>
            <SimpleData name="Bloco">Seg_Qua_Sex</SimpleData>
          </SchemaData>
        </ExtendedData>
        <MultiGeometry>
          <LineString>
            <coordinates>-43.3101657,-22.7931881,0 -43.3110945,-22.7933195,0</coordinates>
          </LineString>
        </MultiGeometry>
      </Placemark>
      <Placemark id="Ruas_Nenhuma_Rota_Proxima.242">
        <name>Rodovia Washington Luiz - Auxiliar</name>
        <Style>
          <LineStyle>
            <color>ff0000ff</color>
          </LineStyle>
          <PolyStyle>
            <fill>0</fill>
          </PolyStyle>
        </Style>
        <ExtendedData>
          <SchemaData schemaUrl="#Ruas_Nenhuma_Rota_Proxima">
            <SimpleData name="fid">242</SimpleData>
            <SimpleData name="id">Doutor_Laureano.57</SimpleData>
            <SimpleData name="Name">Rodovia Washington Luiz - Auxiliar</SimpleData>
            <SimpleData name="Distrito">1º</SimpleData>
            <SimpleData name="id_trecho">1536</SimpleData>
            <SimpleData name="Extensao_m">242.563772293236</SimpleData>
            <SimpleData name="Bairro_logradouros">Doutor Laureano</SimpleData>
            <SimpleData name="Bairro_rotas"></SimpleData>
            <SimpleData name="Lote">I</SimpleData>
            <SimpleData name="Rota"></SimpleData>
            <SimpleData name="Turno">Manhã</SimpleData>
            <SimpleData name="Dias_da_semana">seg,qua,sex</SimpleData>
            <SimpleData name="Hit_Rate">100</SimpleData>
            <SimpleData name="Status">Validado (Rua sem rota)</SimpleData>
            <SimpleData name="Bloco">Seg_Qua_Sex</SimpleData>
          </SchemaData>
        </ExtendedData>
        <MultiGeometry>
          <LineString>
            <coordinates>-43.2872915688478,-22.7592897697509,0 -43.2872756,-22.7595542,0 -43.2872415,-22.7599704,0 -43.2872111,-22.7604692,0 -43.2871727,-22.7609722,0 -43.2871467,-22.7614759,0</coordinates>
          </LineString>
        </MultiGeometry>
      </Placemark>
      <Placemark id="Ruas_Nenhuma_Rota_Proxima.243">
        <name>Rodovia Washington Luiz - Auxiliar</name>
        <Style>
          <LineStyle>
            <color>ff0000ff</color>
          </LineStyle>
          <PolyStyle>
            <fill>0</fill>
          </PolyStyle>
        </Style>
        <ExtendedData>
          <SchemaData schemaUrl="#Ruas_Nenhuma_Rota_Proxima">
            <SimpleData name="fid">243</SimpleData>
            <SimpleData name="id">Doutor_Laureano.57</SimpleData>
            <SimpleData name="Name">Rodovia Washington Luiz - Auxiliar</SimpleData>
            <SimpleData name="Distrito">1º</SimpleData>
            <SimpleData name="id_trecho">1537</SimpleData>
            <SimpleData name="Extensao_m">239.58488413982</SimpleData>
            <SimpleData name="Bairro_logradouros">Doutor Laureano</SimpleData>
            <SimpleData name="Bairro_rotas"></SimpleData>
            <SimpleData name="Lote">I</SimpleData>
            <SimpleData name="Rota"></SimpleData>
            <SimpleData name="Turno">Manhã</SimpleData>
            <SimpleData name="Dias_da_semana">seg,qua,sex</SimpleData>
            <SimpleData name="Hit_Rate">100</SimpleData>
            <SimpleData name="Status">Validado (Rua sem rota)</SimpleData>
            <SimpleData name="Bloco">Seg_Qua_Sex</SimpleData>
          </SchemaData>
        </ExtendedData>
        <MultiGeometry>
          <LineString>
            <coordinates>-43.2871467,-22.7614759,0 -43.2871118,-22.7619693,0 -43.2870676,-22.7624676,0 -43.2870192,-22.7633334,0 -43.2870050548975,-22.7636351849103,0</coordinates>
          </LineString>
        </MultiGeometry>
      </Placemark>
      <Placemark id="Ruas_Nenhuma_Rota_Proxima.244">
        <name>Rodovia Washington Luiz - Auxiliar</name>
        <Style>
          <LineStyle>
            <color>ff0000ff</color>
          </LineStyle>
          <PolyStyle>
            <fill>0</fill>
          </PolyStyle>
        </Style>
        <ExtendedData>
          <SchemaData schemaUrl="#Ruas_Nenhuma_Rota_Proxima">
            <SimpleData name="fid">244</SimpleData>
            <SimpleData name="id">Doutor_Laureano.57</SimpleData>
            <SimpleData name="Name">Rodovia Washington Luiz - Auxiliar</SimpleData>
            <SimpleData name="Distrito">1º</SimpleData>
            <SimpleData name="id_trecho">1539</SimpleData>
            <SimpleData name="Extensao_m">59.1963377244957</SimpleData>
            <SimpleData name="Bairro_logradouros">Doutor Laureano</SimpleData>
            <SimpleData name="Bairro_rotas"></SimpleData>
            <SimpleData name="Lote">I</SimpleData>
            <SimpleData name="Rota"></SimpleData>
            <SimpleData name="Turno">Manhã</SimpleData>
            <SimpleData name="Dias_da_semana">seg,qua,sex</SimpleData>
            <SimpleData name="Hit_Rate">100</SimpleData>
            <SimpleData name="Status">Validado (Rua sem rota)</SimpleData>
            <SimpleData name="Bloco">Seg_Qua_Sex</SimpleData>
          </SchemaData>
        </ExtendedData>
        <MultiGeometry>
          <LineString>
            <coordinates>-43.2870027314584,-22.7636847553427,0 -43.2869777,-22.7642188,0</coordinates>
          </LineString>
        </MultiGeometry>
      </Placemark>
      <Placemark id="Ruas_Nenhuma_Rota_Proxima.245">
        <name>Rodovia Washington Luiz - Auxiliar</name>
        <Style>
          <LineStyle>
            <color>ff0000ff</color>
          </LineStyle>
          <PolyStyle>
            <fill>0</fill>
          </PolyStyle>
        </Style>
        <ExtendedData>
          <SchemaData schemaUrl="#Ruas_Nenhuma_Rota_Proxima">
            <SimpleData name="fid">245</SimpleData>
            <SimpleData name="id">Doutor_Laureano.57</SimpleData>
            <SimpleData name="Name">Rodovia Washington Luiz - Auxiliar</SimpleData>
            <SimpleData name="Distrito">1º</SimpleData>
            <SimpleData name="id_trecho">1540</SimpleData>
            <SimpleData name="Extensao_m">117.783727137068</SimpleData>
            <SimpleData name="Bairro_logradouros">Doutor Laureano</SimpleData>
            <SimpleData name="Bairro_rotas"></SimpleData>
            <SimpleData name="Lote">I</SimpleData>
            <SimpleData name="Rota"></SimpleData>
            <SimpleData name="Turno">Manhã</SimpleData>
            <SimpleData name="Dias_da_semana">seg,qua,sex</SimpleData>
            <SimpleData name="Hit_Rate">100</SimpleData>
            <SimpleData name="Status">Validado (Rua sem rota)</SimpleData>
            <SimpleData name="Bloco">Seg_Qua_Sex</SimpleData>
          </SchemaData>
        </ExtendedData>
        <MultiGeometry>
          <LineString>
            <coordinates>-43.2869777,-22.7642188,0 -43.2869522,-22.764732,0 -43.2869155,-22.7652808,0</coordinates>
          </LineString>
        </MultiGeometry>
      </Placemark>
      <Placemark id="Ruas_Nenhuma_Rota_Proxima.246">
        <name>Rua Mogi</name>
        <Style>
          <LineStyle>
            <color>ff0000ff</color>
          </LineStyle>
          <PolyStyle>
            <fill>0</fill>
          </PolyStyle>
        </Style>
        <ExtendedData>
          <SchemaData schemaUrl="#Ruas_Nenhuma_Rota_Proxima">
            <SimpleData name="fid">246</SimpleData>
            <SimpleData name="id">Doutor_Laureano.65</SimpleData>
            <SimpleData name="Name">Rua Mogi</SimpleData>
            <SimpleData name="Distrito">1º</SimpleData>
            <SimpleData name="id_trecho">1767</SimpleData>
            <SimpleData name="Extensao_m">95.2886568415214</SimpleData>
            <SimpleData name="Bairro_logradouros">Doutor Laureano</SimpleData>
            <SimpleData name="Bairro_rotas"></SimpleData>
            <SimpleData name="Lote">I</SimpleData>
            <SimpleData name="Rota"></SimpleData>
            <SimpleData name="Turno">Manhã</SimpleData>
            <SimpleData name="Dias_da_semana">seg,qua,sex</SimpleData>
            <SimpleData name="Hit_Rate">100</SimpleData>
            <SimpleData name="Status">Validado (Rua sem rota)</SimpleData>
            <SimpleData name="Bloco">Seg_Qua_Sex</SimpleData>
          </SchemaData>
        </ExtendedData>
        <MultiGeometry>
          <LineString>
            <coordinates>-43.2880171,-22.7614895,0 -43.2886581,-22.7608674,0</coordinates>
          </LineString>
        </MultiGeometry>
      </Placemark>
      <Placemark id="Ruas_Nenhuma_Rota_Proxima.247">
        <name>Rua Mogi</name>
        <Style>
          <LineStyle>
            <color>ff0000ff</color>
          </LineStyle>
          <PolyStyle>
            <fill>0</fill>
          </PolyStyle>
        </Style>
        <ExtendedData>
          <SchemaData schemaUrl="#Ruas_Nenhuma_Rota_Proxima">
            <SimpleData name="fid">247</SimpleData>
            <SimpleData name="id">Doutor_Laureano.65</SimpleData>
            <SimpleData name="Name">Rua Mogi</SimpleData>
            <SimpleData name="Distrito">1º</SimpleData>
            <SimpleData name="id_trecho">1768</SimpleData>
            <SimpleData name="Extensao_m">90.0971765201747</SimpleData>
            <SimpleData name="Bairro_logradouros">Doutor Laureano</SimpleData>
            <SimpleData name="Bairro_rotas"></SimpleData>
            <SimpleData name="Lote">I</SimpleData>
            <SimpleData name="Rota"></SimpleData>
            <SimpleData name="Turno">Manhã</SimpleData>
            <SimpleData name="Dias_da_semana">seg,qua,sex</SimpleData>
            <SimpleData name="Hit_Rate">100</SimpleData>
            <SimpleData name="Status">Validado (Rua sem rota)</SimpleData>
            <SimpleData name="Bloco">Seg_Qua_Sex</SimpleData>
          </SchemaData>
        </ExtendedData>
        <MultiGeometry>
          <LineString>
            <coordinates>-43.2886581,-22.7608674,0 -43.28933,-22.7603443,0</coordinates>
          </LineString>
        </MultiGeometry>
      </Placemark>
      <Placemark id="Ruas_Nenhuma_Rota_Proxima.248">
        <name>Rua Santa Izabel</name>
        <Style>
          <LineStyle>
            <color>ff0000ff</color>
          </LineStyle>
          <PolyStyle>
            <fill>0</fill>
          </PolyStyle>
        </Style>
        <ExtendedData>
          <SchemaData schemaUrl="#Ruas_Nenhuma_Rota_Proxima">
            <SimpleData name="fid">248</SimpleData>
            <SimpleData name="id">Doutor_Laureano.64</SimpleData>
            <SimpleData name="Name">Rua Santa Izabel</SimpleData>
            <SimpleData name="Distrito">1º</SimpleData>
            <SimpleData name="id_trecho">1834</SimpleData>
            <SimpleData name="Extensao_m">225.305112570653</SimpleData>
            <SimpleData name="Bairro_logradouros">Doutor Laureano</SimpleData>
            <SimpleData name="Bairro_rotas"></SimpleData>
            <SimpleData name="Lote">I</SimpleData>
            <SimpleData name="Rota"></SimpleData>
            <SimpleData name="Turno">Manhã</SimpleData>
            <SimpleData name="Dias_da_semana">seg,qua,sex</SimpleData>
            <SimpleData name="Hit_Rate">100</SimpleData>
            <SimpleData name="Status">Validado (Rua sem rota)</SimpleData>
            <SimpleData name="Bloco">Seg_Qua_Sex</SimpleData>
          </SchemaData>
        </ExtendedData>
        <MultiGeometry>
          <LineString>
            <coordinates>-43.2886581,-22.7608674,0 -43.28817,-22.7603468,0 -43.2875624,-22.7596295,0 -43.2873586,-22.7594094,0 -43.2873058443655,-22.7592757087307,0</coordinates>
          </LineString>
        </MultiGeometry>
      </Placemark>
      <Placemark id="Ruas_Nenhuma_Rota_Proxima.249">
        <name>Viaduto Vila São Luiz</name>
        <Style>
          <LineStyle>
            <color>ff0000ff</color>
          </LineStyle>
          <PolyStyle>
            <fill>0</fill>
          </PolyStyle>
        </Style>
        <ExtendedData>
          <SchemaData schemaUrl="#Ruas_Nenhuma_Rota_Proxima">
            <SimpleData name="fid">249</SimpleData>
            <SimpleData name="id">Doutor_Laureano.97</SimpleData>
            <SimpleData name="Name">Viaduto Vila São Luiz</SimpleData>
            <SimpleData name="Distrito">1º</SimpleData>
            <SimpleData name="id_trecho">1911</SimpleData>
            <SimpleData name="Extensao_m">176.945770237848</SimpleData>
            <SimpleData name="Bairro_logradouros">Doutor Laureano</SimpleData>
            <SimpleData name="Bairro_rotas"></SimpleData>
            <SimpleData name="Lote">I</SimpleData>
            <SimpleData name="Rota"></SimpleData>
            <SimpleData name="Turno">Manhã</SimpleData>
            <SimpleData name="Dias_da_semana">seg,qua,sex</SimpleData>
            <SimpleData name="Hit_Rate">100</SimpleData>
            <SimpleData name="Status">Validado (Rua sem rota)</SimpleData>
            <SimpleData name="Bloco">Seg_Qua_Sex</SimpleData>
          </SchemaData>
        </ExtendedData>
        <MultiGeometry>
          <LineString>
            <coordinates>-43.2869777,-22.7642188,0 -43.2869939,-22.7643424,0 -43.2870207,-22.7644327,0 -43.287093,-22.764502,0 -43.287203,-22.7645267,0 -43.2873291,-22.7644896,0 -43.2874337,-22.7643969,0 -43.2874753,-22.7642905,0 -43.2874699,-22.7641656,0 -43.2874109,-22.7639937,0 -43.2873184,-22.7638602,0 -43.2871963,-22.7637674,0 -43.2870287,-22.7636932,0 -43.2870027314584,-22.7636847553427,0</coordinates>
          </LineString>
        </MultiGeometry>
      </Placemark>
      <Placemark id="Ruas_Nenhuma_Rota_Proxima.250">
        <name>Viaduto Vila São Luiz</name>
        <Style>
          <LineStyle>
            <color>ff0000ff</color>
          </LineStyle>
          <PolyStyle>
            <fill>0</fill>
          </PolyStyle>
        </Style>
        <ExtendedData>
          <SchemaData schemaUrl="#Ruas_Nenhuma_Rota_Proxima">
            <SimpleData name="fid">250</SimpleData>
            <SimpleData name="id">Doutor_Laureano.97</SimpleData>
            <SimpleData name="Name">Viaduto Vila São Luiz</SimpleData>
            <SimpleData name="Distrito">1º</SimpleData>
            <SimpleData name="id_trecho">1912</SimpleData>
            <SimpleData name="Extensao_m">13.212642227118</SimpleData>
            <SimpleData name="Bairro_logradouros">Doutor Laureano</SimpleData>
            <SimpleData name="Bairro_rotas"></SimpleData>
            <SimpleData name="Lote">I</SimpleData>
            <SimpleData name="Rota"></SimpleData>
            <SimpleData name="Turno">Manhã</SimpleData>
            <SimpleData name="Dias_da_semana">seg,qua,sex</SimpleData>
            <SimpleData name="Hit_Rate">88.89</SimpleData>
            <SimpleData name="Status">Validado (Rua sem rota)</SimpleData>
            <SimpleData name="Bloco">Seg_Qua_Sex</SimpleData>
          </SchemaData>
        </ExtendedData>
        <MultiGeometry>
          <LineString>
            <coordinates>-43.2870027314584,-22.7636847553427,0 -43.2868813261505,-22.7636452757971,0</coordinates>
          </LineString>
        </MultiGeometry>
      </Placemark>
      <Placemark id="Ruas_Nenhuma_Rota_Proxima.251">
        <name>Viaduto Vila São Luiz</name>
        <Style>
          <LineStyle>
            <color>ff0000ff</color>
          </LineStyle>
          <PolyStyle>
            <fill>0</fill>
          </PolyStyle>
        </Style>
        <ExtendedData>
          <SchemaData schemaUrl="#Ruas_Nenhuma_Rota_Proxima">
            <SimpleData name="fid">251</SimpleData>
            <SimpleData name="id">Doutor_Laureano.97</SimpleData>
            <SimpleData name="Name">Viaduto Vila São Luiz</SimpleData>
            <SimpleData name="Distrito">1º</SimpleData>
            <SimpleData name="id_trecho">1913</SimpleData>
            <SimpleData name="Extensao_m">15.449096246996</SimpleData>
            <SimpleData name="Bairro_logradouros">Doutor Laureano</SimpleData>
            <SimpleData name="Bairro_rotas"></SimpleData>
            <SimpleData name="Lote">I</SimpleData>
            <SimpleData name="Rota"></SimpleData>
            <SimpleData name="Turno">Manhã</SimpleData>
            <SimpleData name="Dias_da_semana">seg,qua,sex</SimpleData>
            <SimpleData name="Hit_Rate">88.89</SimpleData>
            <SimpleData name="Status">Validado (Rua sem rota)</SimpleData>
            <SimpleData name="Bloco">Seg_Qua_Sex</SimpleData>
          </SchemaData>
        </ExtendedData>
        <MultiGeometry>
          <LineString>
            <coordinates>-43.2868813261505,-22.7636452757971,0 -43.2868691,-22.7636413,0 -43.286731732174,-22.7636363108835,0</coordinates>
          </LineString>
        </MultiGeometry>
      </Placemark>
      <Placemark id="Ruas_Nenhuma_Rota_Proxima.252">
        <name>Viaduto Vila São Luiz</name>
        <Style>
          <LineStyle>
            <color>ff0000ff</color>
          </LineStyle>
          <PolyStyle>
            <fill>0</fill>
          </PolyStyle>
        </Style>
        <ExtendedData>
          <SchemaData schemaUrl="#Ruas_Nenhuma_Rota_Proxima">
            <SimpleData name="fid">252</SimpleData>
            <SimpleData name="id">Doutor_Laureano.97</SimpleData>
            <SimpleData name="Name">Viaduto Vila São Luiz</SimpleData>
            <SimpleData name="Distrito">1º</SimpleData>
            <SimpleData name="id_trecho">1914</SimpleData>
            <SimpleData name="Extensao_m">15.2624651663807</SimpleData>
            <SimpleData name="Bairro_logradouros">Doutor Laureano</SimpleData>
            <SimpleData name="Bairro_rotas"></SimpleData>
            <SimpleData name="Lote">I</SimpleData>
            <SimpleData name="Rota"></SimpleData>
            <SimpleData name="Turno">Manhã</SimpleData>
            <SimpleData name="Dias_da_semana">seg,qua,sex</SimpleData>
            <SimpleData name="Hit_Rate">88.89</SimpleData>
            <SimpleData name="Status">Validado (Rua sem rota)</SimpleData>
            <SimpleData name="Bloco">Seg_Qua_Sex</SimpleData>
          </SchemaData>
        </ExtendedData>
        <MultiGeometry>
          <LineString>
            <coordinates>-43.2867342037375,-22.7635952258963,0 -43.2868704,-22.7636029,0 -43.2868823186787,-22.763605156117,0</coordinates>
          </LineString>
        </MultiGeometry>
      </Placemark>
      <Placemark id="Ruas_Nenhuma_Rota_Proxima.253">
        <name>Viaduto Vila São Luiz</name>
        <Style>
          <LineStyle>
            <color>ff0000ff</color>
          </LineStyle>
          <PolyStyle>
            <fill>0</fill>
          </PolyStyle>
        </Style>
        <ExtendedData>
          <SchemaData schemaUrl="#Ruas_Nenhuma_Rota_Proxima">
            <SimpleData name="fid">253</SimpleData>
            <SimpleData name="id">Doutor_Laureano.97</SimpleData>
            <SimpleData name="Name">Viaduto Vila São Luiz</SimpleData>
            <SimpleData name="Distrito">1º</SimpleData>
            <SimpleData name="id_trecho">1915</SimpleData>
            <SimpleData name="Extensao_m">13.0967899079858</SimpleData>
            <SimpleData name="Bairro_logradouros">Doutor Laureano</SimpleData>
            <SimpleData name="Bairro_rotas"></SimpleData>
            <SimpleData name="Lote">I</SimpleData>
            <SimpleData name="Rota"></SimpleData>
            <SimpleData name="Turno">Manhã</SimpleData>
            <SimpleData name="Dias_da_semana">seg,qua,sex</SimpleData>
            <SimpleData name="Hit_Rate">100</SimpleData>
            <SimpleData name="Status">Validado (Rua sem rota)</SimpleData>
            <SimpleData name="Bloco">Seg_Qua_Sex</SimpleData>
          </SchemaData>
        </ExtendedData>
        <MultiGeometry>
          <LineString>
            <coordinates>-43.2868823186787,-22.763605156117,0 -43.286975,-22.7636227,0 -43.2870050548975,-22.7636351849103,0</coordinates>
          </LineString>
        </MultiGeometry>
      </Placemark>
      <Placemark id="Ruas_Nenhuma_Rota_Proxima.254">
        <name>Viaduto Vila São Luiz</name>
        <Style>
          <LineStyle>
            <color>ff0000ff</color>
          </LineStyle>
          <PolyStyle>
            <fill>0</fill>
          </PolyStyle>
        </Style>
        <ExtendedData>
          <SchemaData schemaUrl="#Ruas_Nenhuma_Rota_Proxima">
            <SimpleData name="fid">254</SimpleData>
            <SimpleData name="id">Doutor_Laureano.97</SimpleData>
            <SimpleData name="Name">Viaduto Vila São Luiz</SimpleData>
            <SimpleData name="Distrito">1º</SimpleData>
            <SimpleData name="id_trecho">1916</SimpleData>
            <SimpleData name="Extensao_m">86.4424581870465</SimpleData>
            <SimpleData name="Bairro_logradouros">Doutor Laureano</SimpleData>
            <SimpleData name="Bairro_rotas"></SimpleData>
            <SimpleData name="Lote">I</SimpleData>
            <SimpleData name="Rota"></SimpleData>
            <SimpleData name="Turno">Manhã</SimpleData>
            <SimpleData name="Dias_da_semana">seg,qua,sex</SimpleData>
            <SimpleData name="Hit_Rate">100</SimpleData>
            <SimpleData name="Status">Validado (Rua sem rota)</SimpleData>
            <SimpleData name="Bloco">Seg_Qua_Sex</SimpleData>
          </SchemaData>
        </ExtendedData>
        <MultiGeometry>
          <LineString>
            <coordinates>-43.2870050548975,-22.7636351849103,0 -43.2872191,-22.7637241,0 -43.2874176,-22.7638837,0 -43.2875048,-22.7640333,0 -43.2875262,-22.7640889,0 -43.2875423,-22.764178,0</coordinates>
          </LineString>
        </MultiGeometry>
      </Placemark>
      <Placemark id="Ruas_Nenhuma_Rota_Proxima.255">
        <name>Viaduto Vila São Luiz</name>
        <Style>
          <LineStyle>
            <color>ff0000ff</color>
          </LineStyle>
          <PolyStyle>
            <fill>0</fill>
          </PolyStyle>
        </Style>
        <ExtendedData>
          <SchemaData schemaUrl="#Ruas_Nenhuma_Rota_Proxima">
            <SimpleData name="fid">255</SimpleData>
            <SimpleData name="id">Doutor_Laureano.97</SimpleData>
            <SimpleData name="Name">Viaduto Vila São Luiz</SimpleData>
            <SimpleData name="Distrito">1º</SimpleData>
            <SimpleData name="id_trecho">1917</SimpleData>
            <SimpleData name="Extensao_m">143.213417662852</SimpleData>
            <SimpleData name="Bairro_logradouros">Doutor Laureano</SimpleData>
            <SimpleData name="Bairro_rotas"></SimpleData>
            <SimpleData name="Lote">I</SimpleData>
            <SimpleData name="Rota"></SimpleData>
            <SimpleData name="Turno">Manhã</SimpleData>
            <SimpleData name="Dias_da_semana">seg,qua,sex</SimpleData>
            <SimpleData name="Hit_Rate">100</SimpleData>
            <SimpleData name="Status">Validado (Rua sem rota)</SimpleData>
            <SimpleData name="Bloco">Seg_Qua_Sex</SimpleData>
          </SchemaData>
        </ExtendedData>
        <MultiGeometry>
          <LineString>
            <coordinates>-43.2875423,-22.764178,0 -43.2875209,-22.7643227,0 -43.2874632,-22.764476,0 -43.2873666,-22.7646293,0 -43.2872728,-22.7647097,0 -43.2871266,-22.7648099,0 -43.2870622,-22.7648754,0 -43.2870045,-22.7649583,0 -43.2869155,-22.7652808,0</coordinates>
          </LineString>
        </MultiGeometry>
      </Placemark>
      <Placemark id="Ruas_Nenhuma_Rota_Proxima.256">
        <name>Avenida Visconde de Cairu</name>
        <Style>
          <LineStyle>
            <color>ff0000ff</color>
          </LineStyle>
          <PolyStyle>
            <fill>0</fill>
          </PolyStyle>
        </Style>
        <ExtendedData>
          <SchemaData schemaUrl="#Ruas_Nenhuma_Rota_Proxima">
            <SimpleData name="fid">256</SimpleData>
            <SimpleData name="id">Gramacho.38</SimpleData>
            <SimpleData name="Name">Avenida Visconde de Cairu</SimpleData>
            <SimpleData name="Distrito">1º</SimpleData>
            <SimpleData name="id_trecho">2126</SimpleData>
            <SimpleData name="Extensao_m">464.860846604013</SimpleData>
            <SimpleData name="Bairro_logradouros">Gramacho</SimpleData>
            <SimpleData name="Bairro_rotas"></SimpleData>
            <SimpleData name="Lote">I</SimpleData>
            <SimpleData name="Rota"></SimpleData>
            <SimpleData name="Turno">Manhã</SimpleData>
            <SimpleData name="Dias_da_semana">seg,qua,sex</SimpleData>
            <SimpleData name="Hit_Rate">100</SimpleData>
            <SimpleData name="Status">Validado (Rua sem rota)</SimpleData>
            <SimpleData name="Bloco">Seg_Qua_Sex</SimpleData>
          </SchemaData>
        </ExtendedData>
        <MultiGeometry>
          <LineString>
            <coordinates>-43.2948083,-22.7524994,0 -43.2950592,-22.7526384,0 -43.2952067,-22.7527237,0 -43.295719,-22.7530564,0 -43.2960469,-22.7532772,0 -43.2961193,-22.7533211,0 -43.2964141,-22.7534884,0 -43.2965961,-22.7535573,0 -43.2967557,-22.753613,0 -43.297166,-22.7537746,0 -43.2975585,-22.7539193,0 -43.2983369,-22.7541921,0 -43.2983684,-22.754227,0 -43.2983878,-22.754269,0 -43.2983912,-22.7543278,0 -43.2983374,-22.7546655,0</coordinates>
          </LineString>
        </MultiGeometry>
      </Placemark>
      <Placemark id="Ruas_Nenhuma_Rota_Proxima.257">
        <name>Rodovia Washington Luiz - Auxiliar</name>
        <Style>
          <LineStyle>
            <color>ff0000ff</color>
          </LineStyle>
          <PolyStyle>
            <fill>0</fill>
          </PolyStyle>
        </Style>
        <ExtendedData>
          <SchemaData schemaUrl="#Ruas_Nenhuma_Rota_Proxima">
            <SimpleData name="fid">257</SimpleData>
            <SimpleData name="id">Gramacho.41</SimpleData>
            <SimpleData name="Name">Rodovia Washington Luiz - Auxiliar</SimpleData>
            <SimpleData name="Distrito">1º</SimpleData>
            <SimpleData name="id_trecho">2159</SimpleData>
            <SimpleData name="Extensao_m">159.206626107578</SimpleData>
            <SimpleData name="Bairro_logradouros">Gramacho</SimpleData>
            <SimpleData name="Bairro_rotas"></SimpleData>
            <SimpleData name="Lote">I</SimpleData>
            <SimpleData name="Rota"></SimpleData>
            <SimpleData name="Turno">Manhã</SimpleData>
            <SimpleData name="Dias_da_semana">seg,qua,sex</SimpleData>
            <SimpleData name="Hit_Rate">66.67</SimpleData>
            <SimpleData name="Status">Validado (Rua sem rota)</SimpleData>
            <SimpleData name="Bloco">Seg_Qua_Sex</SimpleData>
          </SchemaData>
        </ExtendedData>
        <MultiGeometry>
          <LineString>
            <coordinates>-43.2874226,-22.7566093,0 -43.2873881,-22.7573206,0 -43.2873506,-22.7580454,0</coordinates>
          </LineString>
        </MultiGeometry>
      </Placemark>
      <Placemark id="Ruas_Nenhuma_Rota_Proxima.258">
        <name>Rodovia Washington Luiz - Auxiliar</name>
        <Style>
          <LineStyle>
            <color>ff0000ff</color>
          </LineStyle>
          <PolyStyle>
            <fill>0</fill>
          </PolyStyle>
        </Style>
        <ExtendedData>
          <SchemaData schemaUrl="#Ruas_Nenhuma_Rota_Proxima">
            <SimpleData name="fid">258</SimpleData>
            <SimpleData name="id">Gramacho.41</SimpleData>
            <SimpleData name="Name">Rodovia Washington Luiz - Auxiliar</SimpleData>
            <SimpleData name="Distrito">1º</SimpleData>
            <SimpleData name="id_trecho">2160</SimpleData>
            <SimpleData name="Extensao_m">133.116198022357</SimpleData>
            <SimpleData name="Bairro_logradouros">Gramacho</SimpleData>
            <SimpleData name="Bairro_rotas"></SimpleData>
            <SimpleData name="Lote">I</SimpleData>
            <SimpleData name="Rota"></SimpleData>
            <SimpleData name="Turno">Manhã</SimpleData>
            <SimpleData name="Dias_da_semana">seg,qua,sex</SimpleData>
            <SimpleData name="Hit_Rate">88.89</SimpleData>
            <SimpleData name="Status">Validado (Rua sem rota)</SimpleData>
            <SimpleData name="Bloco">Seg_Qua_Sex</SimpleData>
          </SchemaData>
        </ExtendedData>
        <MultiGeometry>
          <LineString>
            <coordinates>-43.2873506,-22.7580454,0 -43.2873224,-22.7584695,0 -43.2873035,-22.7590359,0 -43.2872942,-22.7592462,0</coordinates>
          </LineString>
        </MultiGeometry>
      </Placemark>
      <Placemark id="Ruas_Nenhuma_Rota_Proxima.259">
        <name>Rodovia Washington Luiz - Auxiliar</name>
        <Style>
          <LineStyle>
            <color>ff0000ff</color>
          </LineStyle>
          <PolyStyle>
            <fill>0</fill>
          </PolyStyle>
        </Style>
        <ExtendedData>
          <SchemaData schemaUrl="#Ruas_Nenhuma_Rota_Proxima">
            <SimpleData name="fid">259</SimpleData>
            <SimpleData name="id">Gramacho.41</SimpleData>
            <SimpleData name="Name">Rodovia Washington Luiz - Auxiliar</SimpleData>
            <SimpleData name="Distrito">1º</SimpleData>
            <SimpleData name="id_trecho">2161</SimpleData>
            <SimpleData name="Extensao_m">4.8325042541693</SimpleData>
            <SimpleData name="Bairro_logradouros">Gramacho</SimpleData>
            <SimpleData name="Bairro_rotas"></SimpleData>
            <SimpleData name="Lote">I</SimpleData>
            <SimpleData name="Rota"></SimpleData>
            <SimpleData name="Turno">Manhã</SimpleData>
            <SimpleData name="Dias_da_semana">seg,qua,sex</SimpleData>
            <SimpleData name="Hit_Rate">88.89</SimpleData>
            <SimpleData name="Status">Validado (Rua sem rota)</SimpleData>
            <SimpleData name="Bloco">Seg_Qua_Sex</SimpleData>
          </SchemaData>
        </ExtendedData>
        <MultiGeometry>
          <LineString>
            <coordinates>-43.2872942,-22.7592462,0 -43.2872915688478,-22.7592897697509,0</coordinates>
          </LineString>
        </MultiGeometry>
      </Placemark>
      <Placemark id="Ruas_Nenhuma_Rota_Proxima.260">
        <name>Rodovia Washington Luiz - Auxiliar</name>
        <Style>
          <LineStyle>
            <color>ff0000ff</color>
          </LineStyle>
          <PolyStyle>
            <fill>0</fill>
          </PolyStyle>
        </Style>
        <ExtendedData>
          <SchemaData schemaUrl="#Ruas_Nenhuma_Rota_Proxima">
            <SimpleData name="fid">260</SimpleData>
            <SimpleData name="id">Gramacho.41</SimpleData>
            <SimpleData name="Name">Rodovia Washington Luiz - Auxiliar</SimpleData>
            <SimpleData name="Distrito">1º</SimpleData>
            <SimpleData name="id_trecho">2163</SimpleData>
            <SimpleData name="Extensao_m">122.016909287153</SimpleData>
            <SimpleData name="Bairro_logradouros">Gramacho</SimpleData>
            <SimpleData name="Bairro_rotas"></SimpleData>
            <SimpleData name="Lote">I</SimpleData>
            <SimpleData name="Rota"></SimpleData>
            <SimpleData name="Turno">Manhã</SimpleData>
            <SimpleData name="Dias_da_semana">seg,qua,sex</SimpleData>
            <SimpleData name="Hit_Rate">100</SimpleData>
            <SimpleData name="Status">Validado (Rua sem rota)</SimpleData>
            <SimpleData name="Bloco">Seg_Qua_Sex</SimpleData>
          </SchemaData>
        </ExtendedData>
        <MultiGeometry>
          <LineString>
            <coordinates>-43.286422,-22.7652308,0 -43.2864922,-22.7641309,0</coordinates>
          </LineString>
        </MultiGeometry>
      </Placemark>
      <Placemark id="Ruas_Nenhuma_Rota_Proxima.261">
        <name>Rodovia Washington Luiz - Auxiliar</name>
        <Style>
          <LineStyle>
            <color>ff0000ff</color>
          </LineStyle>
          <PolyStyle>
            <fill>0</fill>
          </PolyStyle>
        </Style>
        <ExtendedData>
          <SchemaData schemaUrl="#Ruas_Nenhuma_Rota_Proxima">
            <SimpleData name="fid">261</SimpleData>
            <SimpleData name="id">Gramacho.41</SimpleData>
            <SimpleData name="Name">Rodovia Washington Luiz - Auxiliar</SimpleData>
            <SimpleData name="Distrito">1º</SimpleData>
            <SimpleData name="id_trecho">2164</SimpleData>
            <SimpleData name="Extensao_m">52.5662218902471</SimpleData>
            <SimpleData name="Bairro_logradouros">Gramacho</SimpleData>
            <SimpleData name="Bairro_rotas"></SimpleData>
            <SimpleData name="Lote">I</SimpleData>
            <SimpleData name="Rota"></SimpleData>
            <SimpleData name="Turno">Manhã</SimpleData>
            <SimpleData name="Dias_da_semana">seg,qua,sex</SimpleData>
            <SimpleData name="Hit_Rate">100</SimpleData>
            <SimpleData name="Status">Validado (Rua sem rota)</SimpleData>
            <SimpleData name="Bloco">Seg_Qua_Sex</SimpleData>
          </SchemaData>
        </ExtendedData>
        <MultiGeometry>
          <LineString>
            <coordinates>-43.2864922,-22.7641309,0 -43.2864963,-22.7637167,0 -43.2865005387472,-22.7636563670416,0</coordinates>
          </LineString>
        </MultiGeometry>
      </Placemark>
      <Placemark id="Ruas_Nenhuma_Rota_Proxima.262">
        <name>Rodovia Washington Luiz - Auxiliar</name>
        <Style>
          <LineStyle>
            <color>ff0000ff</color>
          </LineStyle>
          <PolyStyle>
            <fill>0</fill>
          </PolyStyle>
        </Style>
        <ExtendedData>
          <SchemaData schemaUrl="#Ruas_Nenhuma_Rota_Proxima">
            <SimpleData name="fid">262</SimpleData>
            <SimpleData name="id">Gramacho.41</SimpleData>
            <SimpleData name="Name">Rodovia Washington Luiz - Auxiliar</SimpleData>
            <SimpleData name="Distrito">1º</SimpleData>
            <SimpleData name="id_trecho">2165</SimpleData>
            <SimpleData name="Extensao_m">5.00572601924191</SimpleData>
            <SimpleData name="Bairro_logradouros">Gramacho</SimpleData>
            <SimpleData name="Bairro_rotas"></SimpleData>
            <SimpleData name="Lote">I</SimpleData>
            <SimpleData name="Rota"></SimpleData>
            <SimpleData name="Turno">Manhã</SimpleData>
            <SimpleData name="Dias_da_semana">seg,qua,sex</SimpleData>
            <SimpleData name="Hit_Rate">66.67</SimpleData>
            <SimpleData name="Status">Validado (Rua sem rota)</SimpleData>
            <SimpleData name="Bloco">Seg_Qua_Sex</SimpleData>
          </SchemaData>
        </ExtendedData>
        <MultiGeometry>
          <LineString>
            <coordinates>-43.2865005387472,-22.7636563670416,0 -43.286503707751,-22.7636112604653,0</coordinates>
          </LineString>
        </MultiGeometry>
      </Placemark>
      <Placemark id="Ruas_Nenhuma_Rota_Proxima.263">
        <name>Rodovia Washington Luiz - Auxiliar</name>
        <Style>
          <LineStyle>
            <color>ff0000ff</color>
          </LineStyle>
          <PolyStyle>
            <fill>0</fill>
          </PolyStyle>
        </Style>
        <ExtendedData>
          <SchemaData schemaUrl="#Ruas_Nenhuma_Rota_Proxima">
            <SimpleData name="fid">263</SimpleData>
            <SimpleData name="id">Gramacho.41</SimpleData>
            <SimpleData name="Name">Rodovia Washington Luiz - Auxiliar</SimpleData>
            <SimpleData name="Distrito">1º</SimpleData>
            <SimpleData name="id_trecho">2166</SimpleData>
            <SimpleData name="Extensao_m">396.720745586902</SimpleData>
            <SimpleData name="Bairro_logradouros">Gramacho</SimpleData>
            <SimpleData name="Bairro_rotas"></SimpleData>
            <SimpleData name="Lote">I</SimpleData>
            <SimpleData name="Rota"></SimpleData>
            <SimpleData name="Turno">Manhã</SimpleData>
            <SimpleData name="Dias_da_semana">seg,qua,sex</SimpleData>
            <SimpleData name="Hit_Rate">100</SimpleData>
            <SimpleData name="Status">Validado (Rua sem rota)</SimpleData>
            <SimpleData name="Bloco">Seg_Qua_Sex</SimpleData>
          </SchemaData>
        </ExtendedData>
        <MultiGeometry>
          <LineString>
            <coordinates>-43.286503707751,-22.7636112604653,0 -43.2865254,-22.7633025,0 -43.2865403,-22.7631125,0 -43.286574,-22.7626853,0 -43.2865995,-22.7623069,0 -43.2866491,-22.7615464,0 -43.2867296,-22.7600351,0</coordinates>
          </LineString>
        </MultiGeometry>
      </Placemark>
      <Placemark id="Ruas_Nenhuma_Rota_Proxima.264">
        <name>Rodovia Washington Luiz - Auxiliar</name>
        <Style>
          <LineStyle>
            <color>ff0000ff</color>
          </LineStyle>
          <PolyStyle>
            <fill>0</fill>
          </PolyStyle>
        </Style>
        <ExtendedData>
          <SchemaData schemaUrl="#Ruas_Nenhuma_Rota_Proxima">
            <SimpleData name="fid">264</SimpleData>
            <SimpleData name="id">Gramacho.41</SimpleData>
            <SimpleData name="Name">Rodovia Washington Luiz - Auxiliar</SimpleData>
            <SimpleData name="Distrito">1º</SimpleData>
            <SimpleData name="id_trecho">2167</SimpleData>
            <SimpleData name="Extensao_m">46.0571284574196</SimpleData>
            <SimpleData name="Bairro_logradouros">Gramacho</SimpleData>
            <SimpleData name="Bairro_rotas"></SimpleData>
            <SimpleData name="Lote">I</SimpleData>
            <SimpleData name="Rota"></SimpleData>
            <SimpleData name="Turno">Manhã</SimpleData>
            <SimpleData name="Dias_da_semana">seg,qua,sex</SimpleData>
            <SimpleData name="Hit_Rate">100</SimpleData>
            <SimpleData name="Status">Validado (Rua sem rota)</SimpleData>
            <SimpleData name="Bloco">Seg_Qua_Sex</SimpleData>
          </SchemaData>
        </ExtendedData>
        <MultiGeometry>
          <LineString>
            <coordinates>-43.2867296,-22.7600351,0 -43.2867516,-22.7596197,0</coordinates>
          </LineString>
        </MultiGeometry>
      </Placemark>
      <Placemark id="Ruas_Nenhuma_Rota_Proxima.265">
        <name>Rodovia Washington Luiz - Auxiliar</name>
        <Style>
          <LineStyle>
            <color>ff0000ff</color>
          </LineStyle>
          <PolyStyle>
            <fill>0</fill>
          </PolyStyle>
        </Style>
        <ExtendedData>
          <SchemaData schemaUrl="#Ruas_Nenhuma_Rota_Proxima">
            <SimpleData name="fid">265</SimpleData>
            <SimpleData name="id">Gramacho.41</SimpleData>
            <SimpleData name="Name">Rodovia Washington Luiz - Auxiliar</SimpleData>
            <SimpleData name="Distrito">1º</SimpleData>
            <SimpleData name="id_trecho">2168</SimpleData>
            <SimpleData name="Extensao_m">228.393912989633</SimpleData>
            <SimpleData name="Bairro_logradouros">Gramacho</SimpleData>
            <SimpleData name="Bairro_rotas"></SimpleData>
            <SimpleData name="Lote">I</SimpleData>
            <SimpleData name="Rota"></SimpleData>
            <SimpleData name="Turno">Manhã</SimpleData>
            <SimpleData name="Dias_da_semana">seg,qua,sex</SimpleData>
            <SimpleData name="Hit_Rate">100</SimpleData>
            <SimpleData name="Status">Validado (Rua sem rota)</SimpleData>
            <SimpleData name="Bloco">Seg_Qua_Sex</SimpleData>
          </SchemaData>
        </ExtendedData>
        <MultiGeometry>
          <LineString>
            <coordinates>-43.2867516,-22.7596197,0 -43.2867658,-22.759235,0 -43.2867872,-22.758933,0 -43.2868302,-22.7583323,0 -43.2868678,-22.75773,0 -43.2868745,-22.7575606,0</coordinates>
          </LineString>
        </MultiGeometry>
      </Placemark>
      <Placemark id="Ruas_Nenhuma_Rota_Proxima.266">
        <name>Travessa Purús</name>
        <Style>
          <LineStyle>
            <color>ff0000ff</color>
          </LineStyle>
          <PolyStyle>
            <fill>0</fill>
          </PolyStyle>
        </Style>
        <ExtendedData>
          <SchemaData schemaUrl="#Ruas_Nenhuma_Rota_Proxima">
            <SimpleData name="fid">266</SimpleData>
            <SimpleData name="id">Gramacho.58</SimpleData>
            <SimpleData name="Name">Travessa Purús</SimpleData>
            <SimpleData name="Distrito">1º</SimpleData>
            <SimpleData name="id_trecho">2846</SimpleData>
            <SimpleData name="Extensao_m">95.5000183097227</SimpleData>
            <SimpleData name="Bairro_logradouros">Gramacho</SimpleData>
            <SimpleData name="Bairro_rotas"></SimpleData>
            <SimpleData name="Lote">I</SimpleData>
            <SimpleData name="Rota"></SimpleData>
            <SimpleData name="Turno">Manhã</SimpleData>
            <SimpleData name="Dias_da_semana">seg,qua,sex</SimpleData>
            <SimpleData name="Hit_Rate">77.78</SimpleData>
            <SimpleData name="Status">Validado (Rua sem rota)</SimpleData>
            <SimpleData name="Bloco">Seg_Qua_Sex</SimpleData>
          </SchemaData>
        </ExtendedData>
        <MultiGeometry>
          <LineString>
            <coordinates>-43.2918922,-22.7557779,0 -43.2925111,-22.7564215,0</coordinates>
          </LineString>
        </MultiGeometry>
      </Placemark>
      <Placemark id="Ruas_Nenhuma_Rota_Proxima.267">
        <name>Viaduto Vila São Luiz</name>
        <Style>
          <LineStyle>
            <color>ff0000ff</color>
          </LineStyle>
          <PolyStyle>
            <fill>0</fill>
          </PolyStyle>
        </Style>
        <ExtendedData>
          <SchemaData schemaUrl="#Ruas_Nenhuma_Rota_Proxima">
            <SimpleData name="fid">267</SimpleData>
            <SimpleData name="id">Gramacho.202</SimpleData>
            <SimpleData name="Name">Viaduto Vila São Luiz</SimpleData>
            <SimpleData name="Distrito">1º</SimpleData>
            <SimpleData name="id_trecho">2860</SimpleData>
            <SimpleData name="Extensao_m">234.562652577976</SimpleData>
            <SimpleData name="Bairro_logradouros">Gramacho</SimpleData>
            <SimpleData name="Bairro_rotas"></SimpleData>
            <SimpleData name="Lote">I</SimpleData>
            <SimpleData name="Rota"></SimpleData>
            <SimpleData name="Turno">Manhã</SimpleData>
            <SimpleData name="Dias_da_semana">seg,qua,sex</SimpleData>
            <SimpleData name="Hit_Rate">100</SimpleData>
            <SimpleData name="Status">Validado (Rua sem rota)</SimpleData>
            <SimpleData name="Bloco">Seg_Qua_Sex</SimpleData>
          </SchemaData>
        </ExtendedData>
        <MultiGeometry>
          <LineString>
            <coordinates>-43.286422,-22.7652308,0 -43.2863447,-22.7649768,0 -43.2862817,-22.7648767,0 -43.2862066,-22.7648,0 -43.2860483,-22.7646541,0 -43.2859437,-22.7645403,0 -43.2858861,-22.7644241,0 -43.2858565,-22.764314,0 -43.2858418,-22.7641842,0 -43.2858633,-22.7640704,0 -43.2859337,-22.7639294,0 -43.2860195,-22.7638286,0 -43.2861181,-22.7637501,0 -43.2862327,-22.7636895,0 -43.2863648,-22.76364,0 -43.286503707751,-22.7636112604653,0</coordinates>
          </LineString>
        </MultiGeometry>
      </Placemark>
      <Placemark id="Ruas_Nenhuma_Rota_Proxima.268">
        <name>Viaduto Vila São Luiz</name>
        <Style>
          <LineStyle>
            <color>ff0000ff</color>
          </LineStyle>
          <PolyStyle>
            <fill>0</fill>
          </PolyStyle>
        </Style>
        <ExtendedData>
          <SchemaData schemaUrl="#Ruas_Nenhuma_Rota_Proxima">
            <SimpleData name="fid">268</SimpleData>
            <SimpleData name="id">Gramacho.202</SimpleData>
            <SimpleData name="Name">Viaduto Vila São Luiz</SimpleData>
            <SimpleData name="Distrito">1º</SimpleData>
            <SimpleData name="id_trecho">2861</SimpleData>
            <SimpleData name="Extensao_m">16.4062967027857</SimpleData>
            <SimpleData name="Bairro_logradouros">Gramacho</SimpleData>
            <SimpleData name="Bairro_rotas"></SimpleData>
            <SimpleData name="Lote">I</SimpleData>
            <SimpleData name="Rota"></SimpleData>
            <SimpleData name="Turno">Manhã</SimpleData>
            <SimpleData name="Dias_da_semana">seg,qua,sex</SimpleData>
            <SimpleData name="Hit_Rate">88.89</SimpleData>
            <SimpleData name="Status">Validado (Rua sem rota)</SimpleData>
            <SimpleData name="Bloco">Seg_Qua_Sex</SimpleData>
          </SchemaData>
        </ExtendedData>
        <MultiGeometry>
          <LineString>
            <coordinates>-43.286503707751,-22.7636112604653,0 -43.286562,-22.7635992,0 -43.2866618974436,-22.7635945325987,0</coordinates>
          </LineString>
        </MultiGeometry>
      </Placemark>
      <Placemark id="Ruas_Nenhuma_Rota_Proxima.269">
        <name>Viaduto Vila São Luiz</name>
        <Style>
          <LineStyle>
            <color>ff0000ff</color>
          </LineStyle>
          <PolyStyle>
            <fill>0</fill>
          </PolyStyle>
        </Style>
        <ExtendedData>
          <SchemaData schemaUrl="#Ruas_Nenhuma_Rota_Proxima">
            <SimpleData name="fid">269</SimpleData>
            <SimpleData name="id">Gramacho.202</SimpleData>
            <SimpleData name="Name">Viaduto Vila São Luiz</SimpleData>
            <SimpleData name="Distrito">1º</SimpleData>
            <SimpleData name="id_trecho">2864</SimpleData>
            <SimpleData name="Extensao_m">16.5066497771269</SimpleData>
            <SimpleData name="Bairro_logradouros">Gramacho</SimpleData>
            <SimpleData name="Bairro_rotas"></SimpleData>
            <SimpleData name="Lote">I</SimpleData>
            <SimpleData name="Rota"></SimpleData>
            <SimpleData name="Turno">Manhã</SimpleData>
            <SimpleData name="Dias_da_semana">seg,qua,sex</SimpleData>
            <SimpleData name="Hit_Rate">88.89</SimpleData>
            <SimpleData name="Status">Validado (Rua sem rota)</SimpleData>
            <SimpleData name="Bloco">Seg_Qua_Sex</SimpleData>
          </SchemaData>
        </ExtendedData>
        <MultiGeometry>
          <LineString>
            <coordinates>-43.2866594758755,-22.7636342327204,0 -43.2865016,-22.7636561,0 -43.2865005387472,-22.7636563670416,0</coordinates>
          </LineString>
        </MultiGeometry>
      </Placemark>
      <Placemark id="Ruas_Nenhuma_Rota_Proxima.270">
        <name>Viaduto Vila São Luiz</name>
        <Style>
          <LineStyle>
            <color>ff0000ff</color>
          </LineStyle>
          <PolyStyle>
            <fill>0</fill>
          </PolyStyle>
        </Style>
        <ExtendedData>
          <SchemaData schemaUrl="#Ruas_Nenhuma_Rota_Proxima">
            <SimpleData name="fid">270</SimpleData>
            <SimpleData name="id">Gramacho.202</SimpleData>
            <SimpleData name="Name">Viaduto Vila São Luiz</SimpleData>
            <SimpleData name="Distrito">1º</SimpleData>
            <SimpleData name="id_trecho">2865</SimpleData>
            <SimpleData name="Extensao_m">193.219491600638</SimpleData>
            <SimpleData name="Bairro_logradouros">Gramacho</SimpleData>
            <SimpleData name="Bairro_rotas"></SimpleData>
            <SimpleData name="Lote">I</SimpleData>
            <SimpleData name="Rota"></SimpleData>
            <SimpleData name="Turno">Manhã</SimpleData>
            <SimpleData name="Dias_da_semana">seg,qua,sex</SimpleData>
            <SimpleData name="Hit_Rate">100</SimpleData>
            <SimpleData name="Status">Validado (Rua sem rota)</SimpleData>
            <SimpleData name="Bloco">Seg_Qua_Sex</SimpleData>
          </SchemaData>
        </ExtendedData>
        <MultiGeometry>
          <LineString>
            <coordinates>-43.2865005387472,-22.7636563670416,0 -43.286256,-22.7637179,0 -43.2861496,-22.7637847,0 -43.2860812,-22.7638354,0 -43.2859846,-22.7639418,0 -43.2859343,-22.7640419,0 -43.2858968,-22.7641687,0 -43.2858981,-22.7642602,0 -43.2859196,-22.7643363,0 -43.2859826,-22.7644123,0 -43.2860591,-22.76445,0 -43.2861623,-22.7644673,0 -43.2862696,-22.7644414,0 -43.2863528,-22.7643795,0 -43.2864212,-22.7642992,0 -43.2864922,-22.7641309,0</coordinates>
          </LineString>
        </MultiGeometry>
      </Placemark>
      <Placemark id="Ruas_Nenhuma_Rota_Proxima.271">
        <name>Rodovia Washington Luiz - Auxiliar</name>
        <Style>
          <LineStyle>
            <color>ff0000ff</color>
          </LineStyle>
          <PolyStyle>
            <fill>0</fill>
          </PolyStyle>
        </Style>
        <ExtendedData>
          <SchemaData schemaUrl="#Ruas_Nenhuma_Rota_Proxima">
            <SimpleData name="fid">271</SimpleData>
            <SimpleData name="id">Parque_Duque.174</SimpleData>
            <SimpleData name="Name">Rodovia Washington Luiz - Auxiliar</SimpleData>
            <SimpleData name="Distrito">1º</SimpleData>
            <SimpleData name="id_trecho">3951</SimpleData>
            <SimpleData name="Extensao_m">134.757670614991</SimpleData>
            <SimpleData name="Bairro_logradouros">Parque Duque</SimpleData>
            <SimpleData name="Bairro_rotas"></SimpleData>
            <SimpleData name="Lote">I</SimpleData>
            <SimpleData name="Rota"></SimpleData>
            <SimpleData name="Turno">Manhã</SimpleData>
            <SimpleData name="Dias_da_semana">seg,qua,sex</SimpleData>
            <SimpleData name="Hit_Rate">66.67</SimpleData>
            <SimpleData name="Status">Validado (Rua sem rota)</SimpleData>
            <SimpleData name="Bloco">Seg_Qua_Sex</SimpleData>
          </SchemaData>
        </ExtendedData>
        <MultiGeometry>
          <LineString>
            <coordinates>-43.2862666,-22.7758245,0 -43.2861978,-22.7770397,0</coordinates>
          </LineString>
        </MultiGeometry>
      </Placemark>
      <Placemark id="Ruas_Nenhuma_Rota_Proxima.272">
        <name>Rodovia Washington Luiz - Auxiliar</name>
        <Style>
          <LineStyle>
            <color>ff0000ff</color>
          </LineStyle>
          <PolyStyle>
            <fill>0</fill>
          </PolyStyle>
        </Style>
        <ExtendedData>
          <SchemaData schemaUrl="#Ruas_Nenhuma_Rota_Proxima">
            <SimpleData name="fid">272</SimpleData>
            <SimpleData name="id">Parque_Duque.174</SimpleData>
            <SimpleData name="Name">Rodovia Washington Luiz - Auxiliar</SimpleData>
            <SimpleData name="Distrito">1º</SimpleData>
            <SimpleData name="id_trecho">3956</SimpleData>
            <SimpleData name="Extensao_m">120.686333820869</SimpleData>
            <SimpleData name="Bairro_logradouros">Parque Duque</SimpleData>
            <SimpleData name="Bairro_rotas"></SimpleData>
            <SimpleData name="Lote">I</SimpleData>
            <SimpleData name="Rota"></SimpleData>
            <SimpleData name="Turno">Manhã</SimpleData>
            <SimpleData name="Dias_da_semana">seg,qua,sex</SimpleData>
            <SimpleData name="Hit_Rate">100</SimpleData>
            <SimpleData name="Status">Validado (Rua sem rota)</SimpleData>
            <SimpleData name="Bloco">Seg_Qua_Sex</SimpleData>
          </SchemaData>
        </ExtendedData>
        <MultiGeometry>
          <LineString>
            <coordinates>-43.285914,-22.7815689,0 -43.2858727,-22.7820719,0 -43.2858453,-22.7826567,0</coordinates>
          </LineString>
        </MultiGeometry>
      </Placemark>
      <Placemark id="Ruas_Nenhuma_Rota_Proxima.273">
        <name>Rodovia Washington Luiz - Auxiliar</name>
        <Style>
          <LineStyle>
            <color>ff0000ff</color>
          </LineStyle>
          <PolyStyle>
            <fill>0</fill>
          </PolyStyle>
        </Style>
        <ExtendedData>
          <SchemaData schemaUrl="#Ruas_Nenhuma_Rota_Proxima">
            <SimpleData name="fid">273</SimpleData>
            <SimpleData name="id">Parque_Duque.174</SimpleData>
            <SimpleData name="Name">Rodovia Washington Luiz - Auxiliar</SimpleData>
            <SimpleData name="Distrito">1º</SimpleData>
            <SimpleData name="id_trecho">3957</SimpleData>
            <SimpleData name="Extensao_m">99.9391507426293</SimpleData>
            <SimpleData name="Bairro_logradouros">Parque Duque</SimpleData>
            <SimpleData name="Bairro_rotas"></SimpleData>
            <SimpleData name="Lote">I</SimpleData>
            <SimpleData name="Rota"></SimpleData>
            <SimpleData name="Turno">Manhã</SimpleData>
            <SimpleData name="Dias_da_semana">seg,qua,sex</SimpleData>
            <SimpleData name="Hit_Rate">66.67</SimpleData>
            <SimpleData name="Status">Validado (Rua sem rota)</SimpleData>
            <SimpleData name="Bloco">Seg_Qua_Sex</SimpleData>
          </SchemaData>
        </ExtendedData>
        <MultiGeometry>
          <LineString>
            <coordinates>-43.2858453,-22.7826567,0 -43.2858319,-22.7829608,0 -43.2858029,-22.7835583,0</coordinates>
          </LineString>
        </MultiGeometry>
      </Placemark>
      <Placemark id="Ruas_Nenhuma_Rota_Proxima.274">
        <name>Rodovia Washington Luiz - Auxiliar</name>
        <Style>
          <LineStyle>
            <color>ff0000ff</color>
          </LineStyle>
          <PolyStyle>
            <fill>0</fill>
          </PolyStyle>
        </Style>
        <ExtendedData>
          <SchemaData schemaUrl="#Ruas_Nenhuma_Rota_Proxima">
            <SimpleData name="fid">274</SimpleData>
            <SimpleData name="id">Parque_Duque.174</SimpleData>
            <SimpleData name="Name">Rodovia Washington Luiz - Auxiliar</SimpleData>
            <SimpleData name="Distrito">1º</SimpleData>
            <SimpleData name="id_trecho">3958</SimpleData>
            <SimpleData name="Extensao_m">80.8624025606102</SimpleData>
            <SimpleData name="Bairro_logradouros">Parque Duque</SimpleData>
            <SimpleData name="Bairro_rotas"></SimpleData>
            <SimpleData name="Lote">I</SimpleData>
            <SimpleData name="Rota"></SimpleData>
            <SimpleData name="Turno">Manhã</SimpleData>
            <SimpleData name="Dias_da_semana">seg,qua,sex</SimpleData>
            <SimpleData name="Hit_Rate">66.67</SimpleData>
            <SimpleData name="Status">Validado (Rua sem rota)</SimpleData>
            <SimpleData name="Bloco">Seg_Qua_Sex</SimpleData>
          </SchemaData>
        </ExtendedData>
        <MultiGeometry>
          <LineString>
            <coordinates>-43.2858029,-22.7835583,0 -43.2857533,-22.7841682,0 -43.2857448,-22.7842865,0</coordinates>
          </LineString>
        </MultiGeometry>
      </Placemark>
      <Placemark id="Ruas_Nenhuma_Rota_Proxima.275">
        <name>Rodovia Washington Luiz - Auxiliar</name>
        <Style>
          <LineStyle>
            <color>ff0000ff</color>
          </LineStyle>
          <PolyStyle>
            <fill>0</fill>
          </PolyStyle>
        </Style>
        <ExtendedData>
          <SchemaData schemaUrl="#Ruas_Nenhuma_Rota_Proxima">
            <SimpleData name="fid">275</SimpleData>
            <SimpleData name="id">Parque_Duque.174</SimpleData>
            <SimpleData name="Name">Rodovia Washington Luiz - Auxiliar</SimpleData>
            <SimpleData name="Distrito">1º</SimpleData>
            <SimpleData name="id_trecho">3972</SimpleData>
            <SimpleData name="Extensao_m">51.2231704022048</SimpleData>
            <SimpleData name="Bairro_logradouros">Parque Duque</SimpleData>
            <SimpleData name="Bairro_rotas"></SimpleData>
            <SimpleData name="Lote">I</SimpleData>
            <SimpleData name="Rota"></SimpleData>
            <SimpleData name="Turno">Manhã</SimpleData>
            <SimpleData name="Dias_da_semana">seg,qua,sex</SimpleData>
            <SimpleData name="Hit_Rate">88.89</SimpleData>
            <SimpleData name="Status">Validado (Rua sem rota)</SimpleData>
            <SimpleData name="Bloco">Seg_Qua_Sex</SimpleData>
          </SchemaData>
        </ExtendedData>
        <MultiGeometry>
          <LineString>
            <coordinates>-43.2899818,-22.7980181,0 -43.2901615,-22.7984496,0</coordinates>
          </LineString>
        </MultiGeometry>
      </Placemark>
      <Placemark id="Ruas_Nenhuma_Rota_Proxima.276">
        <name>Rodovia Washington Luiz - Auxiliar</name>
        <Style>
          <LineStyle>
            <color>ff0000ff</color>
          </LineStyle>
          <PolyStyle>
            <fill>0</fill>
          </PolyStyle>
        </Style>
        <ExtendedData>
          <SchemaData schemaUrl="#Ruas_Nenhuma_Rota_Proxima">
            <SimpleData name="fid">276</SimpleData>
            <SimpleData name="id">Parque_Duque.174</SimpleData>
            <SimpleData name="Name">Rodovia Washington Luiz - Auxiliar</SimpleData>
            <SimpleData name="Distrito">1º</SimpleData>
            <SimpleData name="id_trecho">3977</SimpleData>
            <SimpleData name="Extensao_m">64.8983468481849</SimpleData>
            <SimpleData name="Bairro_logradouros">Parque Duque</SimpleData>
            <SimpleData name="Bairro_rotas"></SimpleData>
            <SimpleData name="Lote">I</SimpleData>
            <SimpleData name="Rota"></SimpleData>
            <SimpleData name="Turno">Manhã</SimpleData>
            <SimpleData name="Dias_da_semana">seg,qua,sex</SimpleData>
            <SimpleData name="Hit_Rate">77.78</SimpleData>
            <SimpleData name="Status">Validado (Rua sem rota)</SimpleData>
            <SimpleData name="Bloco">Seg_Qua_Sex</SimpleData>
          </SchemaData>
        </ExtendedData>
        <MultiGeometry>
          <LineString>
            <coordinates>-43.2906556,-22.8008778,0 -43.2906416,-22.8011263,0 -43.2906041,-22.8014617,0</coordinates>
          </LineString>
        </MultiGeometry>
      </Placemark>
      <Placemark id="Ruas_Nenhuma_Rota_Proxima.277">
        <name>Rodovia Washington Luiz - Auxiliar</name>
        <Style>
          <LineStyle>
            <color>ff0000ff</color>
          </LineStyle>
          <PolyStyle>
            <fill>0</fill>
          </PolyStyle>
        </Style>
        <ExtendedData>
          <SchemaData schemaUrl="#Ruas_Nenhuma_Rota_Proxima">
            <SimpleData name="fid">277</SimpleData>
            <SimpleData name="id">Parque_Duque.174</SimpleData>
            <SimpleData name="Name">Rodovia Washington Luiz - Auxiliar</SimpleData>
            <SimpleData name="Distrito">1º</SimpleData>
            <SimpleData name="id_trecho">3981</SimpleData>
            <SimpleData name="Extensao_m">101.485474851792</SimpleData>
            <SimpleData name="Bairro_logradouros">Parque Duque</SimpleData>
            <SimpleData name="Bairro_rotas"></SimpleData>
            <SimpleData name="Lote">I</SimpleData>
            <SimpleData name="Rota"></SimpleData>
            <SimpleData name="Turno">Manhã</SimpleData>
            <SimpleData name="Dias_da_semana">seg,qua,sex</SimpleData>
            <SimpleData name="Hit_Rate">66.67</SimpleData>
            <SimpleData name="Status">Validado (Rua sem rota)</SimpleData>
            <SimpleData name="Bloco">Seg_Qua_Sex</SimpleData>
          </SchemaData>
        </ExtendedData>
        <MultiGeometry>
          <LineString>
            <coordinates>-43.2900455,-22.7996427,0 -43.2899885,-22.799409,0 -43.2899456,-22.7992409,0 -43.2898718,-22.7990109,0 -43.2897753,-22.7987624,0</coordinates>
          </LineString>
        </MultiGeometry>
      </Placemark>
      <Placemark id="Ruas_Nenhuma_Rota_Proxima.278">
        <name>Rodovia Washington Luiz - Auxiliar</name>
        <Style>
          <LineStyle>
            <color>ff0000ff</color>
          </LineStyle>
          <PolyStyle>
            <fill>0</fill>
          </PolyStyle>
        </Style>
        <ExtendedData>
          <SchemaData schemaUrl="#Ruas_Nenhuma_Rota_Proxima">
            <SimpleData name="fid">278</SimpleData>
            <SimpleData name="id">Parque_Duque.174</SimpleData>
            <SimpleData name="Name">Rodovia Washington Luiz - Auxiliar</SimpleData>
            <SimpleData name="Distrito">1º</SimpleData>
            <SimpleData name="id_trecho">3982</SimpleData>
            <SimpleData name="Extensao_m">489.984227791776</SimpleData>
            <SimpleData name="Bairro_logradouros">Parque Duque</SimpleData>
            <SimpleData name="Bairro_rotas"></SimpleData>
            <SimpleData name="Lote">I</SimpleData>
            <SimpleData name="Rota"></SimpleData>
            <SimpleData name="Turno">Manhã</SimpleData>
            <SimpleData name="Dias_da_semana">seg,qua,sex</SimpleData>
            <SimpleData name="Hit_Rate">100</SimpleData>
            <SimpleData name="Status">Validado (Rua sem rota)</SimpleData>
            <SimpleData name="Bloco">Seg_Qua_Sex</SimpleData>
          </SchemaData>
        </ExtendedData>
        <MultiGeometry>
          <LineString>
            <coordinates>-43.2897753,-22.7987624,0 -43.289625,-22.7983964,0 -43.2894561,-22.7980502,0 -43.2891658,-22.7974736,0 -43.2890174,-22.797185,0 -43.2888874,-22.7969165,0 -43.288752,-22.7966507,0 -43.2884677,-22.7961031,0 -43.2881244,-22.795449,0 -43.287769,-22.7947492,0</coordinates>
          </LineString>
        </MultiGeometry>
      </Placemark>
      <Placemark id="Ruas_Nenhuma_Rota_Proxima.279">
        <name>Rua Almeida Braga</name>
        <Style>
          <LineStyle>
            <color>ff0000ff</color>
          </LineStyle>
          <PolyStyle>
            <fill>0</fill>
          </PolyStyle>
        </Style>
        <ExtendedData>
          <SchemaData schemaUrl="#Ruas_Nenhuma_Rota_Proxima">
            <SimpleData name="fid">279</SimpleData>
            <SimpleData name="id">Parque_Duque.157</SimpleData>
            <SimpleData name="Name">Rua Almeida Braga</SimpleData>
            <SimpleData name="Distrito">1º</SimpleData>
            <SimpleData name="id_trecho">4040</SimpleData>
            <SimpleData name="Extensao_m">67.1496488166049</SimpleData>
            <SimpleData name="Bairro_logradouros">Parque Duque</SimpleData>
            <SimpleData name="Bairro_rotas"></SimpleData>
            <SimpleData name="Lote">I</SimpleData>
            <SimpleData name="Rota"></SimpleData>
            <SimpleData name="Turno">Manhã</SimpleData>
            <SimpleData name="Dias_da_semana">seg,qua,sex</SimpleData>
            <SimpleData name="Hit_Rate">88.89</SimpleData>
            <SimpleData name="Status">Validado (Rua sem rota)</SimpleData>
            <SimpleData name="Bloco">Seg_Qua_Sex</SimpleData>
          </SchemaData>
        </ExtendedData>
        <MultiGeometry>
          <LineString>
            <coordinates>-43.2926134133689,-22.8015023542616,0 -43.2925738,-22.8015359,0 -43.2924325,-22.8016036,0 -43.2922107,-22.8016492,0 -43.2919975,-22.8016677,0</coordinates>
          </LineString>
        </MultiGeometry>
      </Placemark>
      <Placemark id="Ruas_Nenhuma_Rota_Proxima.280">
        <name>Rua Almeida Braga</name>
        <Style>
          <LineStyle>
            <color>ff0000ff</color>
          </LineStyle>
          <PolyStyle>
            <fill>0</fill>
          </PolyStyle>
        </Style>
        <ExtendedData>
          <SchemaData schemaUrl="#Ruas_Nenhuma_Rota_Proxima">
            <SimpleData name="fid">280</SimpleData>
            <SimpleData name="id">Parque_Duque.157</SimpleData>
            <SimpleData name="Name">Rua Almeida Braga</SimpleData>
            <SimpleData name="Distrito">1º</SimpleData>
            <SimpleData name="id_trecho">4041</SimpleData>
            <SimpleData name="Extensao_m">68.3429028014055</SimpleData>
            <SimpleData name="Bairro_logradouros">Parque Duque</SimpleData>
            <SimpleData name="Bairro_rotas"></SimpleData>
            <SimpleData name="Lote">I</SimpleData>
            <SimpleData name="Rota"></SimpleData>
            <SimpleData name="Turno">Manhã</SimpleData>
            <SimpleData name="Dias_da_semana">seg,qua,sex</SimpleData>
            <SimpleData name="Hit_Rate">100</SimpleData>
            <SimpleData name="Status">Validado (Rua sem rota)</SimpleData>
            <SimpleData name="Bloco">Seg_Qua_Sex</SimpleData>
          </SchemaData>
        </ExtendedData>
        <MultiGeometry>
          <LineString>
            <coordinates>-43.2912805,-22.8013684,0 -43.291474,-22.8014551,0 -43.2915749,-22.8014661,0 -43.2916367,-22.8014599,0 -43.2917434,-22.8014165,0 -43.291866,-22.8013067,0</coordinates>
          </LineString>
        </MultiGeometry>
      </Placemark>
      <Placemark id="Ruas_Nenhuma_Rota_Proxima.281">
        <name>Rua Almeida Braga</name>
        <Style>
          <LineStyle>
            <color>ff0000ff</color>
          </LineStyle>
          <PolyStyle>
            <fill>0</fill>
          </PolyStyle>
        </Style>
        <ExtendedData>
          <SchemaData schemaUrl="#Ruas_Nenhuma_Rota_Proxima">
            <SimpleData name="fid">281</SimpleData>
            <SimpleData name="id">Parque_Duque.157</SimpleData>
            <SimpleData name="Name">Rua Almeida Braga</SimpleData>
            <SimpleData name="Distrito">1º</SimpleData>
            <SimpleData name="id_trecho">4042</SimpleData>
            <SimpleData name="Extensao_m">51.2583789584928</SimpleData>
            <SimpleData name="Bairro_logradouros">Parque Duque</SimpleData>
            <SimpleData name="Bairro_rotas"></SimpleData>
            <SimpleData name="Lote">I</SimpleData>
            <SimpleData name="Rota"></SimpleData>
            <SimpleData name="Turno">Manhã</SimpleData>
            <SimpleData name="Dias_da_semana">seg,qua,sex</SimpleData>
            <SimpleData name="Hit_Rate">100</SimpleData>
            <SimpleData name="Status">Validado (Rua sem rota)</SimpleData>
            <SimpleData name="Bloco">Seg_Qua_Sex</SimpleData>
          </SchemaData>
        </ExtendedData>
        <MultiGeometry>
          <LineString>
            <coordinates>-43.291866,-22.8013067,0 -43.2918237,-22.8014012,0 -43.2918071,-22.8014682,0 -43.2918154,-22.8015295,0 -43.2918438,-22.8015876,0 -43.2918861,-22.8016259,0 -43.2919975,-22.8016677,0</coordinates>
          </LineString>
        </MultiGeometry>
      </Placemark>
      <Placemark id="Ruas_Nenhuma_Rota_Proxima.282">
        <name>Rua Almeida Braga</name>
        <Style>
          <LineStyle>
            <color>ff0000ff</color>
          </LineStyle>
          <PolyStyle>
            <fill>0</fill>
          </PolyStyle>
        </Style>
        <ExtendedData>
          <SchemaData schemaUrl="#Ruas_Nenhuma_Rota_Proxima">
            <SimpleData name="fid">282</SimpleData>
            <SimpleData name="id">Parque_Duque.157</SimpleData>
            <SimpleData name="Name">Rua Almeida Braga</SimpleData>
            <SimpleData name="Distrito">1º</SimpleData>
            <SimpleData name="id_trecho">4043</SimpleData>
            <SimpleData name="Extensao_m">86.2049245085296</SimpleData>
            <SimpleData name="Bairro_logradouros">Parque Duque</SimpleData>
            <SimpleData name="Bairro_rotas"></SimpleData>
            <SimpleData name="Lote">I</SimpleData>
            <SimpleData name="Rota"></SimpleData>
            <SimpleData name="Turno">Manhã</SimpleData>
            <SimpleData name="Dias_da_semana">seg,qua,sex</SimpleData>
            <SimpleData name="Hit_Rate">77.78</SimpleData>
            <SimpleData name="Status">Validado (Rua sem rota)</SimpleData>
            <SimpleData name="Bloco">Seg_Qua_Sex</SimpleData>
          </SchemaData>
        </ExtendedData>
        <MultiGeometry>
          <LineString>
            <coordinates>-43.2919975,-22.8016677,0 -43.291805,-22.801684,0 -43.291625,-22.8016444,0 -43.2914574,-22.801555,0 -43.2912805,-22.8013684,0</coordinates>
          </LineString>
        </MultiGeometry>
      </Placemark>
      <Placemark id="Ruas_Nenhuma_Rota_Proxima.283">
        <name>Rua Almeida Braga</name>
        <Style>
          <LineStyle>
            <color>ff0000ff</color>
          </LineStyle>
          <PolyStyle>
            <fill>0</fill>
          </PolyStyle>
        </Style>
        <ExtendedData>
          <SchemaData schemaUrl="#Ruas_Nenhuma_Rota_Proxima">
            <SimpleData name="fid">283</SimpleData>
            <SimpleData name="id">Parque_Duque.157</SimpleData>
            <SimpleData name="Name">Rua Almeida Braga</SimpleData>
            <SimpleData name="Distrito">1º</SimpleData>
            <SimpleData name="id_trecho">4046</SimpleData>
            <SimpleData name="Extensao_m">42.9444518053144</SimpleData>
            <SimpleData name="Bairro_logradouros">Parque Duque</SimpleData>
            <SimpleData name="Bairro_rotas"></SimpleData>
            <SimpleData name="Lote">I</SimpleData>
            <SimpleData name="Rota"></SimpleData>
            <SimpleData name="Turno">Manhã</SimpleData>
            <SimpleData name="Dias_da_semana">seg,qua,sex</SimpleData>
            <SimpleData name="Hit_Rate">100</SimpleData>
            <SimpleData name="Status">Validado (Rua sem rota)</SimpleData>
            <SimpleData name="Bloco">Seg_Qua_Sex</SimpleData>
          </SchemaData>
        </ExtendedData>
        <MultiGeometry>
          <LineString>
            <coordinates>-43.2906556,-22.8008778,0 -43.2907116,-22.8010042,0 -43.2907897,-22.8010928,0 -43.2909099,-22.801172,0</coordinates>
          </LineString>
        </MultiGeometry>
      </Placemark>
      <Placemark id="Ruas_Nenhuma_Rota_Proxima.284">
        <name>Viaduto Acesso Duque de Caxias-Washington Luiz</name>
        <Style>
          <LineStyle>
            <color>ff0000ff</color>
          </LineStyle>
          <PolyStyle>
            <fill>0</fill>
          </PolyStyle>
        </Style>
        <ExtendedData>
          <SchemaData schemaUrl="#Ruas_Nenhuma_Rota_Proxima">
            <SimpleData name="fid">284</SimpleData>
            <SimpleData name="id">Parque_Duque.173</SimpleData>
            <SimpleData name="Name">Viaduto Acesso Duque de Caxias-Washington Luiz</SimpleData>
            <SimpleData name="Distrito">1º</SimpleData>
            <SimpleData name="id_trecho">4664</SimpleData>
            <SimpleData name="Extensao_m">52.210496002397</SimpleData>
            <SimpleData name="Bairro_logradouros">Parque Duque</SimpleData>
            <SimpleData name="Bairro_rotas"></SimpleData>
            <SimpleData name="Lote">I</SimpleData>
            <SimpleData name="Rota"></SimpleData>
            <SimpleData name="Turno">Manhã</SimpleData>
            <SimpleData name="Dias_da_semana">seg,qua,sex</SimpleData>
            <SimpleData name="Hit_Rate">100</SimpleData>
            <SimpleData name="Status">Validado (Rua sem rota)</SimpleData>
            <SimpleData name="Bloco">Seg_Qua_Sex</SimpleData>
          </SchemaData>
        </ExtendedData>
        <MultiGeometry>
          <LineString>
            <coordinates>-43.2923515,-22.8005853,0 -43.2923341,-22.8004796,0 -43.2923187,-22.8004197,0 -43.2922959,-22.8003603,0 -43.2922563,-22.8003029,0 -43.29221,-22.800259,0 -43.2921591,-22.800225,0 -43.2921115,-22.8001971,0</coordinates>
          </LineString>
        </MultiGeometry>
      </Placemark>
      <Placemark id="Ruas_Nenhuma_Rota_Proxima.285">
        <name>Viaduto Acesso Duque de Caxias-Washington Luiz</name>
        <Style>
          <LineStyle>
            <color>ff0000ff</color>
          </LineStyle>
          <PolyStyle>
            <fill>0</fill>
          </PolyStyle>
        </Style>
        <ExtendedData>
          <SchemaData schemaUrl="#Ruas_Nenhuma_Rota_Proxima">
            <SimpleData name="fid">285</SimpleData>
            <SimpleData name="id">Parque_Duque.173</SimpleData>
            <SimpleData name="Name">Viaduto Acesso Duque de Caxias-Washington Luiz</SimpleData>
            <SimpleData name="Distrito">1º</SimpleData>
            <SimpleData name="id_trecho">4665</SimpleData>
            <SimpleData name="Extensao_m">152.059735957218</SimpleData>
            <SimpleData name="Bairro_logradouros">Parque Duque</SimpleData>
            <SimpleData name="Bairro_rotas"></SimpleData>
            <SimpleData name="Lote">I</SimpleData>
            <SimpleData name="Rota"></SimpleData>
            <SimpleData name="Turno">Manhã</SimpleData>
            <SimpleData name="Dias_da_semana">seg,qua,sex</SimpleData>
            <SimpleData name="Hit_Rate">77.78</SimpleData>
            <SimpleData name="Status">Validado (Rua sem rota)</SimpleData>
            <SimpleData name="Bloco">Seg_Qua_Sex</SimpleData>
          </SchemaData>
        </ExtendedData>
        <MultiGeometry>
          <LineString>
            <coordinates>-43.2921115,-22.8001971,0 -43.2907623,-22.8002015,0 -43.2906304956227,-22.8002014518259,0</coordinates>
          </LineString>
        </MultiGeometry>
      </Placemark>
      <Placemark id="Ruas_Nenhuma_Rota_Proxima.286">
        <name>Viaduto Acesso Duque de Caxias-Washington Luiz</name>
        <Style>
          <LineStyle>
            <color>ff0000ff</color>
          </LineStyle>
          <PolyStyle>
            <fill>0</fill>
          </PolyStyle>
        </Style>
        <ExtendedData>
          <SchemaData schemaUrl="#Ruas_Nenhuma_Rota_Proxima">
            <SimpleData name="fid">286</SimpleData>
            <SimpleData name="id">Parque_Duque.173</SimpleData>
            <SimpleData name="Name">Viaduto Acesso Duque de Caxias-Washington Luiz</SimpleData>
            <SimpleData name="Distrito">1º</SimpleData>
            <SimpleData name="id_trecho">4669</SimpleData>
            <SimpleData name="Extensao_m">113.736203059303</SimpleData>
            <SimpleData name="Bairro_logradouros">Parque Duque</SimpleData>
            <SimpleData name="Bairro_rotas"></SimpleData>
            <SimpleData name="Lote">I</SimpleData>
            <SimpleData name="Rota"></SimpleData>
            <SimpleData name="Turno">Manhã</SimpleData>
            <SimpleData name="Dias_da_semana">seg,qua,sex</SimpleData>
            <SimpleData name="Hit_Rate">100</SimpleData>
            <SimpleData name="Status">Validado (Rua sem rota)</SimpleData>
            <SimpleData name="Bloco">Seg_Qua_Sex</SimpleData>
          </SchemaData>
        </ExtendedData>
        <MultiGeometry>
          <LineString>
            <coordinates>-43.2901587351283,-22.8002012793988,0 -43.2899415,-22.8002012,0 -43.2898356,-22.8001891,0 -43.2897484,-22.8001594,0 -43.2896478,-22.8000976,0 -43.2895674,-22.800016,0 -43.2895084,-22.7999245,0 -43.2894816,-22.7998269,0 -43.2894762,-22.7997168,0 -43.2894963,-22.7996179,0</coordinates>
          </LineString>
        </MultiGeometry>
      </Placemark>
      <Placemark id="Ruas_Nenhuma_Rota_Proxima.287">
        <name>Viaduto Acesso Duque de Caxias-Washington Luiz</name>
        <Style>
          <LineStyle>
            <color>ff0000ff</color>
          </LineStyle>
          <PolyStyle>
            <fill>0</fill>
          </PolyStyle>
        </Style>
        <ExtendedData>
          <SchemaData schemaUrl="#Ruas_Nenhuma_Rota_Proxima">
            <SimpleData name="fid">287</SimpleData>
            <SimpleData name="id">Parque_Duque.173</SimpleData>
            <SimpleData name="Name">Viaduto Acesso Duque de Caxias-Washington Luiz</SimpleData>
            <SimpleData name="Distrito">1º</SimpleData>
            <SimpleData name="id_trecho">4671</SimpleData>
            <SimpleData name="Extensao_m">101.931884248703</SimpleData>
            <SimpleData name="Bairro_logradouros">Parque Duque</SimpleData>
            <SimpleData name="Bairro_rotas"></SimpleData>
            <SimpleData name="Lote">I</SimpleData>
            <SimpleData name="Rota"></SimpleData>
            <SimpleData name="Turno">Manhã</SimpleData>
            <SimpleData name="Dias_da_semana">seg,qua,sex</SimpleData>
            <SimpleData name="Hit_Rate">100</SimpleData>
            <SimpleData name="Status">Validado (Rua sem rota)</SimpleData>
            <SimpleData name="Bloco">Seg_Qua_Sex</SimpleData>
          </SchemaData>
        </ExtendedData>
        <MultiGeometry>
          <LineString>
            <coordinates>-43.2894963,-22.7996179,0 -43.2895164,-22.7995357,0 -43.2895506,-22.7994683,0 -43.2895942,-22.7994016,0 -43.2897102,-22.799231,0 -43.2897605,-22.7991314,0 -43.2897779,-22.7990566,0 -43.28979,-22.7989781,0 -43.289788,-22.7989015,0 -43.2897753,-22.7987624,0</coordinates>
          </LineString>
        </MultiGeometry>
      </Placemark>
      <Placemark id="Ruas_Nenhuma_Rota_Proxima.288">
        <name>Viaduto Irineu Marinho</name>
        <Style>
          <LineStyle>
            <color>ff0000ff</color>
          </LineStyle>
          <PolyStyle>
            <fill>0</fill>
          </PolyStyle>
        </Style>
        <ExtendedData>
          <SchemaData schemaUrl="#Ruas_Nenhuma_Rota_Proxima">
            <SimpleData name="fid">288</SimpleData>
            <SimpleData name="id">Parque_Duque.141</SimpleData>
            <SimpleData name="Name">Viaduto Irineu Marinho</SimpleData>
            <SimpleData name="Distrito">1º</SimpleData>
            <SimpleData name="id_trecho">4672</SimpleData>
            <SimpleData name="Extensao_m">210.470369955973</SimpleData>
            <SimpleData name="Bairro_logradouros">Parque Duque</SimpleData>
            <SimpleData name="Bairro_rotas"></SimpleData>
            <SimpleData name="Lote">I</SimpleData>
            <SimpleData name="Rota"></SimpleData>
            <SimpleData name="Turno">Manhã</SimpleData>
            <SimpleData name="Dias_da_semana">seg,qua,sex</SimpleData>
            <SimpleData name="Hit_Rate">100</SimpleData>
            <SimpleData name="Status">Validado (Rua sem rota)</SimpleData>
            <SimpleData name="Bloco">Seg_Qua_Sex</SimpleData>
          </SchemaData>
        </ExtendedData>
        <MultiGeometry>
          <LineString>
            <coordinates>-43.2857448,-22.7842865,0 -43.2857733,-22.7844499,0 -43.2858499,-22.7845674,0 -43.2859699,-22.7847053,0 -43.2860906,-22.7848314,0 -43.2861489,-22.7849247,0 -43.2861784,-22.784994,0 -43.2861898,-22.7850737,0 -43.2861851,-22.7851621,0 -43.2861623,-22.7852573,0 -43.2861348,-22.7853229,0 -43.2860785,-22.7854218,0 -43.285943,-22.7855831,0 -43.2856525826846,-22.7859008567401,0</coordinates>
          </LineString>
        </MultiGeometry>
      </Placemark>
      <Placemark id="Ruas_Nenhuma_Rota_Proxima.289">
        <name>Rua Oito</name>
        <Style>
          <LineStyle>
            <color>ff0000ff</color>
          </LineStyle>
          <PolyStyle>
            <fill>0</fill>
          </PolyStyle>
        </Style>
        <ExtendedData>
          <SchemaData schemaUrl="#Ruas_Nenhuma_Rota_Proxima">
            <SimpleData name="fid">289</SimpleData>
            <SimpleData name="id">Parque_Fluminense.121</SimpleData>
            <SimpleData name="Name">Rua Oito</SimpleData>
            <SimpleData name="Distrito">2º</SimpleData>
            <SimpleData name="id_trecho">5089</SimpleData>
            <SimpleData name="Extensao_m">47.3239935508575</SimpleData>
            <SimpleData name="Bairro_logradouros">Parque Fluminense</SimpleData>
            <SimpleData name="Bairro_rotas"></SimpleData>
            <SimpleData name="Lote">I</SimpleData>
            <SimpleData name="Rota"></SimpleData>
            <SimpleData name="Turno">Manhã</SimpleData>
            <SimpleData name="Dias_da_semana">seg,qua,sex</SimpleData>
            <SimpleData name="Hit_Rate">88.89</SimpleData>
            <SimpleData name="Status">Validado (Rua sem rota)</SimpleData>
            <SimpleData name="Bloco">Seg_Qua_Sex</SimpleData>
          </SchemaData>
        </ExtendedData>
        <MultiGeometry>
          <LineString>
            <coordinates>-43.3162354,-22.7281456,0 -43.3157855,-22.7280537,0</coordinates>
          </LineString>
        </MultiGeometry>
      </Placemark>
      <Placemark id="Ruas_Nenhuma_Rota_Proxima.290">
        <name>Rua Oito</name>
        <Style>
          <LineStyle>
            <color>ff0000ff</color>
          </LineStyle>
          <PolyStyle>
            <fill>0</fill>
          </PolyStyle>
        </Style>
        <ExtendedData>
          <SchemaData schemaUrl="#Ruas_Nenhuma_Rota_Proxima">
            <SimpleData name="fid">290</SimpleData>
            <SimpleData name="id">Parque_Fluminense.121</SimpleData>
            <SimpleData name="Name">Rua Oito</SimpleData>
            <SimpleData name="Distrito">2º</SimpleData>
            <SimpleData name="id_trecho">5090</SimpleData>
            <SimpleData name="Extensao_m">45.0113645362176</SimpleData>
            <SimpleData name="Bairro_logradouros">Parque Fluminense</SimpleData>
            <SimpleData name="Bairro_rotas"></SimpleData>
            <SimpleData name="Lote">I</SimpleData>
            <SimpleData name="Rota"></SimpleData>
            <SimpleData name="Turno">Manhã</SimpleData>
            <SimpleData name="Dias_da_semana">seg,qua,sex</SimpleData>
            <SimpleData name="Hit_Rate">66.67</SimpleData>
            <SimpleData name="Status">Validado (Rua sem rota)</SimpleData>
            <SimpleData name="Bloco">Seg_Qua_Sex</SimpleData>
          </SchemaData>
        </ExtendedData>
        <MultiGeometry>
          <LineString>
            <coordinates>-43.3157855,-22.7280537,0 -43.315465,-22.7279883,0 -43.3153568,-22.7279699,0</coordinates>
          </LineString>
        </MultiGeometry>
      </Placemark>
      <Placemark id="Ruas_Nenhuma_Rota_Proxima.291">
        <name>zAlameda Cinco</name>
        <Style>
          <LineStyle>
            <color>ff0000ff</color>
          </LineStyle>
          <PolyStyle>
            <fill>0</fill>
          </PolyStyle>
        </Style>
        <ExtendedData>
          <SchemaData schemaUrl="#Ruas_Nenhuma_Rota_Proxima">
            <SimpleData name="fid">291</SimpleData>
            <SimpleData name="id">Parque_Fluminense.119</SimpleData>
            <SimpleData name="Name">zAlameda Cinco</SimpleData>
            <SimpleData name="Distrito">2º</SimpleData>
            <SimpleData name="id_trecho">5309</SimpleData>
            <SimpleData name="Extensao_m">174.155725000481</SimpleData>
            <SimpleData name="Bairro_logradouros">Parque Fluminense</SimpleData>
            <SimpleData name="Bairro_rotas"></SimpleData>
            <SimpleData name="Lote">I</SimpleData>
            <SimpleData name="Rota"></SimpleData>
            <SimpleData name="Turno">Manhã</SimpleData>
            <SimpleData name="Dias_da_semana">seg,qua,sex</SimpleData>
            <SimpleData name="Hit_Rate">88.89</SimpleData>
            <SimpleData name="Status">Validado (Rua sem rota)</SimpleData>
            <SimpleData name="Bloco">Seg_Qua_Sex</SimpleData>
          </SchemaData>
        </ExtendedData>
        <MultiGeometry>
          <LineString>
            <coordinates>-43.3149944,-22.7295062,0 -43.3153568,-22.7279699,0</coordinates>
          </LineString>
        </MultiGeometry>
      </Placemark>
      <Placemark id="Ruas_Nenhuma_Rota_Proxima.292">
        <name>zAlameda Nove</name>
        <Style>
          <LineStyle>
            <color>ff0000ff</color>
          </LineStyle>
          <PolyStyle>
            <fill>0</fill>
          </PolyStyle>
        </Style>
        <ExtendedData>
          <SchemaData schemaUrl="#Ruas_Nenhuma_Rota_Proxima">
            <SimpleData name="fid">292</SimpleData>
            <SimpleData name="id">Parque_Fluminense.123</SimpleData>
            <SimpleData name="Name">zAlameda Nove</SimpleData>
            <SimpleData name="Distrito">2º</SimpleData>
            <SimpleData name="id_trecho">5313</SimpleData>
            <SimpleData name="Extensao_m">180.421425288401</SimpleData>
            <SimpleData name="Bairro_logradouros">Parque Fluminense</SimpleData>
            <SimpleData name="Bairro_rotas"></SimpleData>
            <SimpleData name="Lote">I</SimpleData>
            <SimpleData name="Rota"></SimpleData>
            <SimpleData name="Turno">Manhã</SimpleData>
            <SimpleData name="Dias_da_semana">seg,qua,sex</SimpleData>
            <SimpleData name="Hit_Rate">88.89</SimpleData>
            <SimpleData name="Status">Validado (Rua sem rota)</SimpleData>
            <SimpleData name="Bloco">Seg_Qua_Sex</SimpleData>
          </SchemaData>
        </ExtendedData>
        <MultiGeometry>
          <LineString>
            <coordinates>-43.3158409,-22.7297332,0 -43.3162354,-22.7281456,0</coordinates>
          </LineString>
        </MultiGeometry>
      </Placemark>
      <Placemark id="Ruas_Nenhuma_Rota_Proxima.293">
        <name>zAlameda Sete</name>
        <Style>
          <LineStyle>
            <color>ff0000ff</color>
          </LineStyle>
          <PolyStyle>
            <fill>0</fill>
          </PolyStyle>
        </Style>
        <ExtendedData>
          <SchemaData schemaUrl="#Ruas_Nenhuma_Rota_Proxima">
            <SimpleData name="fid">293</SimpleData>
            <SimpleData name="id">Parque_Fluminense.124</SimpleData>
            <SimpleData name="Name">zAlameda Sete</SimpleData>
            <SimpleData name="Distrito">2º</SimpleData>
            <SimpleData name="id_trecho">5317</SimpleData>
            <SimpleData name="Extensao_m">180.370807501399</SimpleData>
            <SimpleData name="Bairro_logradouros">Parque Fluminense</SimpleData>
            <SimpleData name="Bairro_rotas"></SimpleData>
            <SimpleData name="Lote">I</SimpleData>
            <SimpleData name="Rota"></SimpleData>
            <SimpleData name="Turno">Manhã</SimpleData>
            <SimpleData name="Dias_da_semana">seg,qua,sex</SimpleData>
            <SimpleData name="Hit_Rate">88.89</SimpleData>
            <SimpleData name="Status">Validado (Rua sem rota)</SimpleData>
            <SimpleData name="Bloco">Seg_Qua_Sex</SimpleData>
          </SchemaData>
        </ExtendedData>
        <MultiGeometry>
          <LineString>
            <coordinates>-43.3154165,-22.7296461,0 -43.3157855,-22.7280537,0</coordinates>
          </LineString>
        </MultiGeometry>
      </Placemark>
      <Placemark id="Ruas_Nenhuma_Rota_Proxima.294">
        <name>zAlameda Vinte e Um</name>
        <Style>
          <LineStyle>
            <color>ff0000ff</color>
          </LineStyle>
          <PolyStyle>
            <fill>0</fill>
          </PolyStyle>
        </Style>
        <ExtendedData>
          <SchemaData schemaUrl="#Ruas_Nenhuma_Rota_Proxima">
            <SimpleData name="fid">294</SimpleData>
            <SimpleData name="id">Parque_Fluminense.104</SimpleData>
            <SimpleData name="Name">zAlameda Vinte e Um</SimpleData>
            <SimpleData name="Distrito">2º</SimpleData>
            <SimpleData name="id_trecho">5327</SimpleData>
            <SimpleData name="Extensao_m">48.3674738176868</SimpleData>
            <SimpleData name="Bairro_logradouros">Parque Fluminense</SimpleData>
            <SimpleData name="Bairro_rotas"></SimpleData>
            <SimpleData name="Lote">I</SimpleData>
            <SimpleData name="Rota"></SimpleData>
            <SimpleData name="Turno">Manhã</SimpleData>
            <SimpleData name="Dias_da_semana">seg,qua,sex</SimpleData>
            <SimpleData name="Hit_Rate">66.67</SimpleData>
            <SimpleData name="Status">Validado (Rua sem rota)</SimpleData>
            <SimpleData name="Bloco">Seg_Qua_Sex</SimpleData>
          </SchemaData>
        </ExtendedData>
        <MultiGeometry>
          <LineString>
            <coordinates>-43.3149944,-22.7295062,0 -43.3149974,-22.7295294,0 -43.3150078,-22.7295452,0 -43.3150202,-22.7295573,0 -43.3154165,-22.7296461,0</coordinates>
          </LineString>
        </MultiGeometry>
      </Placemark>
      <Placemark id="Ruas_Nenhuma_Rota_Proxima.295">
        <name>zAlameda Vinte e Um</name>
        <Style>
          <LineStyle>
            <color>ff0000ff</color>
          </LineStyle>
          <PolyStyle>
            <fill>0</fill>
          </PolyStyle>
        </Style>
        <ExtendedData>
          <SchemaData schemaUrl="#Ruas_Nenhuma_Rota_Proxima">
            <SimpleData name="fid">295</SimpleData>
            <SimpleData name="id">Parque_Fluminense.104</SimpleData>
            <SimpleData name="Name">zAlameda Vinte e Um</SimpleData>
            <SimpleData name="Distrito">2º</SimpleData>
            <SimpleData name="id_trecho">5329</SimpleData>
            <SimpleData name="Extensao_m">47.1854261614949</SimpleData>
            <SimpleData name="Bairro_logradouros">Parque Fluminense</SimpleData>
            <SimpleData name="Bairro_rotas"></SimpleData>
            <SimpleData name="Lote">I</SimpleData>
            <SimpleData name="Rota"></SimpleData>
            <SimpleData name="Turno">Manhã</SimpleData>
            <SimpleData name="Dias_da_semana">seg,qua,sex</SimpleData>
            <SimpleData name="Hit_Rate">88.89</SimpleData>
            <SimpleData name="Status">Validado (Rua sem rota)</SimpleData>
            <SimpleData name="Bloco">Seg_Qua_Sex</SimpleData>
          </SchemaData>
        </ExtendedData>
        <MultiGeometry>
          <LineString>
            <coordinates>-43.3158409,-22.7297332,0 -43.3162868,-22.7298355,0</coordinates>
          </LineString>
        </MultiGeometry>
      </Placemark>
      <Placemark id="Ruas_Nenhuma_Rota_Proxima.296">
        <name>Rodovia Washington Luiz - Auxiliar</name>
        <Style>
          <LineStyle>
            <color>ff0000ff</color>
          </LineStyle>
          <PolyStyle>
            <fill>0</fill>
          </PolyStyle>
        </Style>
        <ExtendedData>
          <SchemaData schemaUrl="#Ruas_Nenhuma_Rota_Proxima">
            <SimpleData name="fid">296</SimpleData>
            <SimpleData name="id">Parque_Sarapui.2</SimpleData>
            <SimpleData name="Name">Rodovia Washington Luiz - Auxiliar</SimpleData>
            <SimpleData name="Distrito">1º</SimpleData>
            <SimpleData name="id_trecho">5334</SimpleData>
            <SimpleData name="Extensao_m">323.458113290723</SimpleData>
            <SimpleData name="Bairro_logradouros">Parque Sarapui</SimpleData>
            <SimpleData name="Bairro_rotas"></SimpleData>
            <SimpleData name="Lote">I</SimpleData>
            <SimpleData name="Rota"></SimpleData>
            <SimpleData name="Turno">Manhã</SimpleData>
            <SimpleData name="Dias_da_semana">seg,qua,sex</SimpleData>
            <SimpleData name="Hit_Rate">77.78</SimpleData>
            <SimpleData name="Status">Validado (Rua sem rota)</SimpleData>
            <SimpleData name="Bloco">Seg_Qua_Sex</SimpleData>
          </SchemaData>
        </ExtendedData>
        <MultiGeometry>
          <LineString>
            <coordinates>-43.2859128120777,-22.7910837539643,0 -43.2859116,-22.791081,0 -43.2857961,-22.7908104,0 -43.2857684,-22.7907454,0 -43.2856541,-22.7904777,0 -43.2854731,-22.7898817,0 -43.2853819,-22.7895306,0 -43.2853457,-22.7893482,0 -43.2853108,-22.7892116,0 -43.2852918,-22.7889596,0 -43.2852309,-22.7885394,0 -43.2851936,-22.7882552,0</coordinates>
          </LineString>
        </MultiGeometry>
      </Placemark>
      <Placemark id="Ruas_Nenhuma_Rota_Proxima.297">
        <name>Rodovia Washington Luiz - Auxiliar</name>
        <Style>
          <LineStyle>
            <color>ff0000ff</color>
          </LineStyle>
          <PolyStyle>
            <fill>0</fill>
          </PolyStyle>
        </Style>
        <ExtendedData>
          <SchemaData schemaUrl="#Ruas_Nenhuma_Rota_Proxima">
            <SimpleData name="fid">297</SimpleData>
            <SimpleData name="id">Parque_Sarapui.2</SimpleData>
            <SimpleData name="Name">Rodovia Washington Luiz - Auxiliar</SimpleData>
            <SimpleData name="Distrito">1º</SimpleData>
            <SimpleData name="id_trecho">5338</SimpleData>
            <SimpleData name="Extensao_m">1470.70557696239</SimpleData>
            <SimpleData name="Bairro_logradouros">Parque Sarapui</SimpleData>
            <SimpleData name="Bairro_rotas"></SimpleData>
            <SimpleData name="Lote">I</SimpleData>
            <SimpleData name="Rota"></SimpleData>
            <SimpleData name="Turno">Manhã</SimpleData>
            <SimpleData name="Dias_da_semana">seg,qua,sex</SimpleData>
            <SimpleData name="Hit_Rate">100</SimpleData>
            <SimpleData name="Status">Validado (Rua sem rota)</SimpleData>
            <SimpleData name="Bloco">Seg_Qua_Sex</SimpleData>
          </SchemaData>
        </ExtendedData>
        <MultiGeometry>
          <LineString>
            <coordinates>-43.2851594485746,-22.7863615062832,0 -43.2851671,-22.7861873,0 -43.2852371,-22.7845812,0 -43.2852611,-22.7842237,0 -43.2852894,-22.7838418,0 -43.2852897,-22.7838207,0 -43.2852992,-22.7836198,0 -43.2853571,-22.7829174,0 -43.2853752,-22.7826634,0 -43.2854428,-22.7814807,0 -43.2854455,-22.7814334,0 -43.2854837,-22.7807801,0 -43.2855198,-22.7801272,0 -43.2855602,-22.7794819,0 -43.2855816,-22.779075,0 -43.2856063,-22.7786696,0 -43.2856389,-22.7780763,0 -43.285665,-22.7777192,0 -43.2856763,-22.7775654,0 -43.2857111,-22.777086,0 -43.2857802,-22.7761223,0 -43.2857922,-22.7758675,0 -43.2858086,-22.7756026,0 -43.2858144,-22.77553,0 -43.2858199,-22.7754001,0 -43.2858633,-22.774616,0 -43.2858834,-22.7742142,0 -43.285907,-22.7738152,0 -43.2859474,-22.7731017,0</coordinates>
          </LineString>
        </MultiGeometry>
      </Placemark>
      <Placemark id="Ruas_Nenhuma_Rota_Proxima.298">
        <name>Rodovia Washington Luiz - Auxiliar</name>
        <Style>
          <LineStyle>
            <color>ff0000ff</color>
          </LineStyle>
          <PolyStyle>
            <fill>0</fill>
          </PolyStyle>
        </Style>
        <ExtendedData>
          <SchemaData schemaUrl="#Ruas_Nenhuma_Rota_Proxima">
            <SimpleData name="fid">298</SimpleData>
            <SimpleData name="id">Parque_Sarapui.2</SimpleData>
            <SimpleData name="Name">Rodovia Washington Luiz - Auxiliar</SimpleData>
            <SimpleData name="Distrito">1º</SimpleData>
            <SimpleData name="id_trecho">5339</SimpleData>
            <SimpleData name="Extensao_m">141.059062574256</SimpleData>
            <SimpleData name="Bairro_logradouros">Parque Sarapui</SimpleData>
            <SimpleData name="Bairro_rotas"></SimpleData>
            <SimpleData name="Lote">I</SimpleData>
            <SimpleData name="Rota"></SimpleData>
            <SimpleData name="Turno">Manhã</SimpleData>
            <SimpleData name="Dias_da_semana">seg,qua,sex</SimpleData>
            <SimpleData name="Hit_Rate">88.89</SimpleData>
            <SimpleData name="Status">Validado (Rua sem rota)</SimpleData>
            <SimpleData name="Bloco">Seg_Qua_Sex</SimpleData>
          </SchemaData>
        </ExtendedData>
        <MultiGeometry>
          <LineString>
            <coordinates>-43.2859474,-22.7731017,0 -43.2859588,-22.7728064,0 -43.2859766,-22.7724719,0 -43.2859934,-22.7720912,0 -43.2860119,-22.7718294,0</coordinates>
          </LineString>
        </MultiGeometry>
      </Placemark>
      <Placemark id="Ruas_Nenhuma_Rota_Proxima.299">
        <name>Viaduto Irineu Marinho</name>
        <Style>
          <LineStyle>
            <color>ff0000ff</color>
          </LineStyle>
          <PolyStyle>
            <fill>0</fill>
          </PolyStyle>
        </Style>
        <ExtendedData>
          <SchemaData schemaUrl="#Ruas_Nenhuma_Rota_Proxima">
            <SimpleData name="fid">299</SimpleData>
            <SimpleData name="id">Parque_Sarapui.12</SimpleData>
            <SimpleData name="Name">Viaduto Irineu Marinho</SimpleData>
            <SimpleData name="Distrito">1º</SimpleData>
            <SimpleData name="id_trecho">5376</SimpleData>
            <SimpleData name="Extensao_m">268.079102058181</SimpleData>
            <SimpleData name="Bairro_logradouros">Parque Sarapui</SimpleData>
            <SimpleData name="Bairro_rotas"></SimpleData>
            <SimpleData name="Lote">I</SimpleData>
            <SimpleData name="Rota"></SimpleData>
            <SimpleData name="Turno">Manhã</SimpleData>
            <SimpleData name="Dias_da_semana">seg,qua,sex</SimpleData>
            <SimpleData name="Hit_Rate">100</SimpleData>
            <SimpleData name="Status">Validado (Rua sem rota)</SimpleData>
            <SimpleData name="Bloco">Seg_Qua_Sex</SimpleData>
          </SchemaData>
        </ExtendedData>
        <MultiGeometry>
          <LineString>
            <coordinates>-43.2840613644185,-22.7882604429216,0 -43.2840612,-22.7882603,0 -43.2839597,-22.7881694,0 -43.283912,-22.7881213,0 -43.283881,-22.7880852,0 -43.2838556,-22.7880498,0 -43.2838383,-22.7880118,0 -43.2838317,-22.7879886,0 -43.2838252,-22.7879603,0 -43.2838256,-22.7879197,0 -43.2838305,-22.7878829,0 -43.2838399,-22.7878478,0 -43.2838567,-22.7878088,0 -43.2838861,-22.7877664,0 -43.2839911,-22.7876437,0 -43.2846376,-22.7869219,0 -43.2851594485746,-22.7863615062832,0</coordinates>
          </LineString>
        </MultiGeometry>
      </Placemark>
      <Placemark id="Ruas_Nenhuma_Rota_Proxima.300">
        <name>Viaduto Irineu Marinho</name>
        <Style>
          <LineStyle>
            <color>ff0000ff</color>
          </LineStyle>
          <PolyStyle>
            <fill>0</fill>
          </PolyStyle>
        </Style>
        <ExtendedData>
          <SchemaData schemaUrl="#Ruas_Nenhuma_Rota_Proxima">
            <SimpleData name="fid">300</SimpleData>
            <SimpleData name="id">Parque_Sarapui.12</SimpleData>
            <SimpleData name="Name">Viaduto Irineu Marinho</SimpleData>
            <SimpleData name="Distrito">1º</SimpleData>
            <SimpleData name="id_trecho">5381</SimpleData>
            <SimpleData name="Extensao_m">292.45364028349</SimpleData>
            <SimpleData name="Bairro_logradouros">Parque Sarapui</SimpleData>
            <SimpleData name="Bairro_rotas"></SimpleData>
            <SimpleData name="Lote">I</SimpleData>
            <SimpleData name="Rota"></SimpleData>
            <SimpleData name="Turno">Manhã</SimpleData>
            <SimpleData name="Dias_da_semana">seg,qua,sex</SimpleData>
            <SimpleData name="Hit_Rate">100</SimpleData>
            <SimpleData name="Status">Validado (Rua sem rota)</SimpleData>
            <SimpleData name="Bloco">Seg_Qua_Sex</SimpleData>
          </SchemaData>
        </ExtendedData>
        <MultiGeometry>
          <LineString>
            <coordinates>-43.2851558080284,-22.7864443935847,0 -43.2846671,-22.7869791,0 -43.2840254,-22.7876915,0 -43.2839393,-22.7877968,0 -43.2839049,-22.7878465,0 -43.2838877,-22.7878855,0 -43.2838838,-22.7879305,0 -43.2838854,-22.7879672,0 -43.2838954,-22.7880007,0 -43.2839153,-22.7880392,0 -43.2839496,-22.7880845,0 -43.2840502,-22.7881822,0 -43.284085,-22.7882078,0 -43.2841227,-22.7882254,0 -43.2841657,-22.7882353,0 -43.2841982,-22.788238,0 -43.2842334,-22.7882358,0 -43.2842677,-22.7882313,0 -43.2843022,-22.7882208,0 -43.2843663,-22.7881914,0 -43.2844745,-22.7881411,0</coordinates>
          </LineString>
        </MultiGeometry>
      </Placemark>
      <Placemark id="Ruas_Nenhuma_Rota_Proxima.301">
        <name>Viaduto Irineu Marinho</name>
        <Style>
          <LineStyle>
            <color>ff0000ff</color>
          </LineStyle>
          <PolyStyle>
            <fill>0</fill>
          </PolyStyle>
        </Style>
        <ExtendedData>
          <SchemaData schemaUrl="#Ruas_Nenhuma_Rota_Proxima">
            <SimpleData name="fid">301</SimpleData>
            <SimpleData name="id">Parque_Sarapui.12</SimpleData>
            <SimpleData name="Name">Viaduto Irineu Marinho</SimpleData>
            <SimpleData name="Distrito">1º</SimpleData>
            <SimpleData name="id_trecho">5383</SimpleData>
            <SimpleData name="Extensao_m">89.3790123545616</SimpleData>
            <SimpleData name="Bairro_logradouros">Parque Sarapui</SimpleData>
            <SimpleData name="Bairro_rotas"></SimpleData>
            <SimpleData name="Lote">I</SimpleData>
            <SimpleData name="Rota"></SimpleData>
            <SimpleData name="Turno">Manhã</SimpleData>
            <SimpleData name="Dias_da_semana">seg,qua,sex</SimpleData>
            <SimpleData name="Hit_Rate">66.67</SimpleData>
            <SimpleData name="Status">Validado (Rua sem rota)</SimpleData>
            <SimpleData name="Bloco">Seg_Qua_Sex</SimpleData>
          </SchemaData>
        </ExtendedData>
        <MultiGeometry>
          <LineString>
            <coordinates>-43.2846948,-22.7879921,0 -43.2847758,-22.787918,0 -43.2848589,-22.7878398,0 -43.2849473,-22.787723,0 -43.2850129,-22.7876151,0 -43.285066,-22.7874849,0 -43.285118,-22.7873052,0</coordinates>
          </LineString>
        </MultiGeometry>
      </Placemark>
      <Placemark id="Ruas_Nenhuma_Rota_Proxima.302">
        <name>Rua Dezesseis</name>
        <Style>
          <LineStyle>
            <color>ff0000ff</color>
          </LineStyle>
          <PolyStyle>
            <fill>0</fill>
          </PolyStyle>
        </Style>
        <ExtendedData>
          <SchemaData schemaUrl="#Ruas_Nenhuma_Rota_Proxima">
            <SimpleData name="fid">302</SimpleData>
            <SimpleData name="id">Vila_São_Jose.155</SimpleData>
            <SimpleData name="Name">Rua Dezesseis</SimpleData>
            <SimpleData name="Distrito">2º</SimpleData>
            <SimpleData name="id_trecho">6518</SimpleData>
            <SimpleData name="Extensao_m">117.785289431008</SimpleData>
            <SimpleData name="Bairro_logradouros">Vila São Jose</SimpleData>
            <SimpleData name="Bairro_rotas"></SimpleData>
            <SimpleData name="Lote">I</SimpleData>
            <SimpleData name="Rota"></SimpleData>
            <SimpleData name="Turno">Manhã</SimpleData>
            <SimpleData name="Dias_da_semana">seg,qua,sex</SimpleData>
            <SimpleData name="Hit_Rate">66.67</SimpleData>
            <SimpleData name="Status">Validado (Rua sem rota)</SimpleData>
            <SimpleData name="Bloco">Seg_Qua_Sex</SimpleData>
          </SchemaData>
        </ExtendedData>
        <MultiGeometry>
          <LineString>
            <coordinates>-43.3153367,-22.7436606,0 -43.3162259,-22.742989,0</coordinates>
          </LineString>
        </MultiGeometry>
      </Placemark>
      <Placemark id="Ruas_Nenhuma_Rota_Proxima.303">
        <name>Rua Máximo Gorki (próxima a Rua Marechal Dantas Barreto)</name>
        <Style>
          <LineStyle>
            <color>ff0000ff</color>
          </LineStyle>
          <PolyStyle>
            <fill>0</fill>
          </PolyStyle>
        </Style>
        <ExtendedData>
          <SchemaData schemaUrl="#Ruas_Nenhuma_Rota_Proxima">
            <SimpleData name="fid">303</SimpleData>
            <SimpleData name="id">Vila_São_Jose.187</SimpleData>
            <SimpleData name="Name">Rua Máximo Gorki (próxima a Rua Marechal Dantas Barreto)</SimpleData>
            <SimpleData name="Distrito">2º</SimpleData>
            <SimpleData name="id_trecho">6777</SimpleData>
            <SimpleData name="Extensao_m">56.1969460776387</SimpleData>
            <SimpleData name="Bairro_logradouros">Vila São Jose</SimpleData>
            <SimpleData name="Bairro_rotas"></SimpleData>
            <SimpleData name="Lote">I</SimpleData>
            <SimpleData name="Rota"></SimpleData>
            <SimpleData name="Turno">Manhã</SimpleData>
            <SimpleData name="Dias_da_semana">seg,qua,sex</SimpleData>
            <SimpleData name="Hit_Rate">77.78</SimpleData>
            <SimpleData name="Status">Validado (Rua sem rota)</SimpleData>
            <SimpleData name="Bloco">Seg_Qua_Sex</SimpleData>
          </SchemaData>
        </ExtendedData>
        <MultiGeometry>
          <LineString>
            <coordinates>-43.3223066,-22.7438223,0 -43.3223057582842,-22.7438214200381,0 -43.3219435,-22.7434427,0</coordinates>
          </LineString>
        </MultiGeometry>
      </Placemark>
      <Placemark id="Ruas_Nenhuma_Rota_Proxima.304">
        <name>Travessa Gomes Freire</name>
        <Style>
          <LineStyle>
            <color>ff0000ff</color>
          </LineStyle>
          <PolyStyle>
            <fill>0</fill>
          </PolyStyle>
        </Style>
        <ExtendedData>
          <SchemaData schemaUrl="#Ruas_Nenhuma_Rota_Proxima">
            <SimpleData name="fid">304</SimpleData>
            <SimpleData name="id">Vila_São_Jose.79</SimpleData>
            <SimpleData name="Name">Travessa Gomes Freire</SimpleData>
            <SimpleData name="Distrito">2º</SimpleData>
            <SimpleData name="id_trecho">6947</SimpleData>
            <SimpleData name="Extensao_m">47.9925028749747</SimpleData>
            <SimpleData name="Bairro_logradouros">Vila São Jose</SimpleData>
            <SimpleData name="Bairro_rotas"></SimpleData>
            <SimpleData name="Lote">I</SimpleData>
            <SimpleData name="Rota"></SimpleData>
            <SimpleData name="Turno">Manhã</SimpleData>
            <SimpleData name="Dias_da_semana">seg,qua,sex</SimpleData>
            <SimpleData name="Hit_Rate">66.67</SimpleData>
            <SimpleData name="Status">Validado (Rua sem rota)</SimpleData>
            <SimpleData name="Bloco">Seg_Qua_Sex</SimpleData>
          </SchemaData>
        </ExtendedData>
        <MultiGeometry>
          <LineString>
            <coordinates>-43.3115622,-22.7460444,0 -43.3114253,-22.745866,0 -43.3112966,-22.7456879,0</coordinates>
          </LineString>
        </MultiGeometry>
      </Placemark>
      <Placemark id="Ruas_Nenhuma_Rota_Proxima.305">
        <name>Rodovia Washington Luiz - Auxiliar</name>
        <Style>
          <LineStyle>
            <color>ff0000ff</color>
          </LineStyle>
          <PolyStyle>
            <fill>0</fill>
          </PolyStyle>
        </Style>
        <ExtendedData>
          <SchemaData schemaUrl="#Ruas_Nenhuma_Rota_Proxima">
            <SimpleData name="fid">305</SimpleData>
            <SimpleData name="id">Vila_Sao_Luis.39</SimpleData>
            <SimpleData name="Name">Rodovia Washington Luiz - Auxiliar</SimpleData>
            <SimpleData name="Distrito">1º</SimpleData>
            <SimpleData name="id_trecho">7059</SimpleData>
            <SimpleData name="Extensao_m">212.439060516094</SimpleData>
            <SimpleData name="Bairro_logradouros">Vila Sao Luis</SimpleData>
            <SimpleData name="Bairro_rotas"></SimpleData>
            <SimpleData name="Lote">I</SimpleData>
            <SimpleData name="Rota"></SimpleData>
            <SimpleData name="Turno">Manhã</SimpleData>
            <SimpleData name="Dias_da_semana">seg,qua,sex</SimpleData>
            <SimpleData name="Hit_Rate">77.78</SimpleData>
            <SimpleData name="Status">Validado (Rua sem rota)</SimpleData>
            <SimpleData name="Bloco">Seg_Qua_Sex</SimpleData>
          </SchemaData>
        </ExtendedData>
        <MultiGeometry>
          <LineString>
            <coordinates>-43.2864523,-22.7727235,0 -43.2863997,-22.7736825,0 -43.2863662,-22.7741647,0 -43.2863364,-22.7746388,0</coordinates>
          </LineString>
        </MultiGeometry>
      </Placemark>
      <Placemark id="Ruas_Nenhuma_Rota_Proxima.306">
        <name>Rua Itaciba</name>
        <Style>
          <LineStyle>
            <color>ff0000ff</color>
          </LineStyle>
          <PolyStyle>
            <fill>0</fill>
          </PolyStyle>
        </Style>
        <ExtendedData>
          <SchemaData schemaUrl="#Ruas_Nenhuma_Rota_Proxima">
            <SimpleData name="fid">306</SimpleData>
            <SimpleData name="id">Vila_Sao_Luis.66</SimpleData>
            <SimpleData name="Name">Rua Itaciba</SimpleData>
            <SimpleData name="Distrito">1º</SimpleData>
            <SimpleData name="id_trecho">7154</SimpleData>
            <SimpleData name="Extensao_m">30.0402902257604</SimpleData>
            <SimpleData name="Bairro_logradouros">Vila Sao Luis</SimpleData>
            <SimpleData name="Bairro_rotas"></SimpleData>
            <SimpleData name="Lote">I</SimpleData>
            <SimpleData name="Rota"></SimpleData>
            <SimpleData name="Turno">Manhã</SimpleData>
            <SimpleData name="Dias_da_semana">seg,qua,sex</SimpleData>
            <SimpleData name="Hit_Rate">77.78</SimpleData>
            <SimpleData name="Status">Validado (Rua sem rota)</SimpleData>
            <SimpleData name="Bloco">Seg_Qua_Sex</SimpleData>
          </SchemaData>
        </ExtendedData>
        <MultiGeometry>
          <LineString>
            <coordinates>-43.3005395,-22.7802909,0 -43.3000745,-22.780628,0 -43.3000099894631,-22.7806637200377,0 -43.2999824281306,-22.7806855689743,0 -43.2999682401657,-22.7806987736582,0 -43.2999319817529,-22.7807189482878,0 -43.2996963698058,-22.7808797374914,0 -43.2994558,-22.7810036,0</coordinates>
          </LineString>
        </MultiGeometry>
      </Placemark>
      <Placemark id="Ruas_Nenhuma_Rota_Proxima.307">
        <name>Rua Barao do Surui</name>
        <Style>
          <LineStyle>
            <color>ff0000ff</color>
          </LineStyle>
          <PolyStyle>
            <fill>0</fill>
          </PolyStyle>
        </Style>
        <ExtendedData>
          <SchemaData schemaUrl="#Ruas_Nenhuma_Rota_Proxima">
            <SimpleData name="fid">307</SimpleData>
            <SimpleData name="id">Vinte_e_Cinco_de_Agosto.67</SimpleData>
            <SimpleData name="Name">Rua Barao do Surui</SimpleData>
            <SimpleData name="Distrito">1º</SimpleData>
            <SimpleData name="id_trecho">7360</SimpleData>
            <SimpleData name="Extensao_m">13.4994056016067</SimpleData>
            <SimpleData name="Bairro_logradouros">Vinte e Cinco de Agosto</SimpleData>
            <SimpleData name="Bairro_rotas"></SimpleData>
            <SimpleData name="Lote">I</SimpleData>
            <SimpleData name="Rota"></SimpleData>
            <SimpleData name="Turno">Manhã</SimpleData>
            <SimpleData name="Dias_da_semana">seg,qua,sex</SimpleData>
            <SimpleData name="Hit_Rate">66.67</SimpleData>
            <SimpleData name="Status">Validado (Rua sem rota)</SimpleData>
            <SimpleData name="Bloco">Seg_Qua_Sex</SimpleData>
          </SchemaData>
        </ExtendedData>
        <MultiGeometry>
          <LineString>
            <coordinates>-43.2988528,-22.7929631,0 -43.2988524,-22.7928412,0</coordinates>
          </LineString>
        </MultiGeometry>
      </Placemark>
      <Placemark id="Ruas_Nenhuma_Rota_Proxima.308">
        <name>SN</name>
        <Style>
          <LineStyle>
            <color>ff0000ff</color>
          </LineStyle>
          <PolyStyle>
            <fill>0</fill>
          </PolyStyle>
        </Style>
        <ExtendedData>
          <SchemaData schemaUrl="#Ruas_Nenhuma_Rota_Proxima">
            <SimpleData name="fid">308</SimpleData>
            <SimpleData name="id">Vinte_e_Cinco_de_Agosto.33</SimpleData>
            <SimpleData name="Name">SN</SimpleData>
            <SimpleData name="Distrito">1º</SimpleData>
            <SimpleData name="id_trecho">7594</SimpleData>
            <SimpleData name="Extensao_m">27.1223577581454</SimpleData>
            <SimpleData name="Bairro_logradouros">Vinte e Cinco de Agosto</SimpleData>
            <SimpleData name="Bairro_rotas"></SimpleData>
            <SimpleData name="Lote">I</SimpleData>
            <SimpleData name="Rota"></SimpleData>
            <SimpleData name="Turno">Manhã</SimpleData>
            <SimpleData name="Dias_da_semana">seg,qua,sex</SimpleData>
            <SimpleData name="Hit_Rate">77.78</SimpleData>
            <SimpleData name="Status">Validado (Rua sem rota)</SimpleData>
            <SimpleData name="Bloco">Seg_Qua_Sex</SimpleData>
          </SchemaData>
        </ExtendedData>
        <MultiGeometry>
          <LineString>
            <coordinates>-43.2982269,-22.7929416,0 -43.2983342,-22.7931654,0</coordinates>
          </LineString>
        </MultiGeometry>
      </Placemark>
      <Placemark id="Ruas_Nenhuma_Rota_Proxima.309">
        <name>Travessa Aurélio Chaves</name>
        <Style>
          <LineStyle>
            <color>ff0000ff</color>
          </LineStyle>
          <PolyStyle>
            <fill>0</fill>
          </PolyStyle>
        </Style>
        <ExtendedData>
          <SchemaData schemaUrl="#Ruas_Nenhuma_Rota_Proxima">
            <SimpleData name="fid">309</SimpleData>
            <SimpleData name="id">Centro.123</SimpleData>
            <SimpleData name="Name">Travessa Aurélio Chaves</SimpleData>
            <SimpleData name="Distrito">1º</SimpleData>
            <SimpleData name="id_trecho">1428</SimpleData>
            <SimpleData name="Extensao_m">50.6330547601309</SimpleData>
            <SimpleData name="Bairro_logradouros">Centro</SimpleData>
            <SimpleData name="Bairro_rotas"></SimpleData>
            <SimpleData name="Lote">I</SimpleData>
            <SimpleData name="Rota"></SimpleData>
            <SimpleData name="Turno">Manhã</SimpleData>
            <SimpleData name="Dias_da_semana">seg,qua,sex</SimpleData>
            <SimpleData name="Hit_Rate">66.67</SimpleData>
            <SimpleData name="Status">Validado (Rua sem rota)</SimpleData>
            <SimpleData name="Bloco">Seg_Qua_Sex</SimpleData>
          </SchemaData>
        </ExtendedData>
        <MultiGeometry>
          <LineString>
            <coordinates>-43.3148691011613,-22.7886931993121,0 -43.3148691,-22.7886932,0 -43.3144385,-22.788916,0</coordinates>
          </LineString>
        </MultiGeometry>
      </Placemark>
      <Placemark id="Ruas_Nenhuma_Rota_Proxima.310">
        <name>Rua Santa Izabel</name>
        <Style>
          <LineStyle>
            <color>ff0000ff</color>
          </LineStyle>
          <PolyStyle>
            <fill>0</fill>
          </PolyStyle>
        </Style>
        <ExtendedData>
          <SchemaData schemaUrl="#Ruas_Nenhuma_Rota_Proxima">
            <SimpleData name="fid">310</SimpleData>
            <SimpleData name="id">Doutor_Laureano.64</SimpleData>
            <SimpleData name="Name">Rua Santa Izabel</SimpleData>
            <SimpleData name="Distrito">1º</SimpleData>
            <SimpleData name="id_trecho">1833</SimpleData>
            <SimpleData name="Extensao_m">292.458289136292</SimpleData>
            <SimpleData name="Bairro_logradouros">Doutor Laureano</SimpleData>
            <SimpleData name="Bairro_rotas"></SimpleData>
            <SimpleData name="Lote">I</SimpleData>
            <SimpleData name="Rota"></SimpleData>
            <SimpleData name="Turno">Manhã</SimpleData>
            <SimpleData name="Dias_da_semana">seg,qua,sex</SimpleData>
            <SimpleData name="Hit_Rate">66.67</SimpleData>
            <SimpleData name="Status">Validado (Rua sem rota)</SimpleData>
            <SimpleData name="Bloco">Seg_Qua_Sex</SimpleData>
          </SchemaData>
        </ExtendedData>
        <MultiGeometry>
          <LineString>
            <coordinates>-43.2904834,-22.7628919,0 -43.2902259,-22.7626557,0 -43.2900757,-22.7624986,0 -43.2892603,-22.7615699,0 -43.2886581,-22.7608674,0</coordinates>
          </LineString>
        </MultiGeometry>
      </Placemark>
      <Placemark id="Ruas_Nenhuma_Rota_Proxima.311">
        <name>Travessa Nova</name>
        <Style>
          <LineStyle>
            <color>ff0000ff</color>
          </LineStyle>
          <PolyStyle>
            <fill>0</fill>
          </PolyStyle>
        </Style>
        <ExtendedData>
          <SchemaData schemaUrl="#Ruas_Nenhuma_Rota_Proxima">
            <SimpleData name="fid">311</SimpleData>
            <SimpleData name="id">Bar_dos_Cavalheiros.135</SimpleData>
            <SimpleData name="Name">Travessa Nova</SimpleData>
            <SimpleData name="Distrito">1º</SimpleData>
            <SimpleData name="id_trecho">652</SimpleData>
            <SimpleData name="Extensao_m">61.7153056962006</SimpleData>
            <SimpleData name="Bairro_logradouros">Bar dos Cavalheiros</SimpleData>
            <SimpleData name="Bairro_rotas"></SimpleData>
            <SimpleData name="Lote">I</SimpleData>
            <SimpleData name="Rota"></SimpleData>
            <SimpleData name="Turno">Manhã</SimpleData>
            <SimpleData name="Dias_da_semana">seg,qua,sex</SimpleData>
            <SimpleData name="Hit_Rate">66.67</SimpleData>
            <SimpleData name="Status">Validado (Rua sem rota)</SimpleData>
            <SimpleData name="Bloco">Seg_Qua_Sex</SimpleData>
          </SchemaData>
        </ExtendedData>
        <MultiGeometry>
          <LineString>
            <coordinates>-43.3291475,-22.7997834,0 -43.3291756,-22.7996699,0 -43.3291809,-22.7996488,0 -43.3291796,-22.7996334,0 -43.3291729,-22.799621,0 -43.3291011,-22.7995339,0 -43.3290689,-22.7995104,0 -43.3289677,-22.7994615,0 -43.3289456,-22.7994461,0 -43.3289308,-22.7994337,0 -43.3289241,-22.7993416,0</coordinates>
          </LineString>
        </MultiGeometry>
      </Placemark>
      <Placemark id="Ruas_Nenhuma_Rota_Proxima.312">
        <name>Rua Maria Fernandes</name>
        <Style>
          <LineStyle>
            <color>ff0000ff</color>
          </LineStyle>
          <PolyStyle>
            <fill>0</fill>
          </PolyStyle>
        </Style>
        <ExtendedData>
          <SchemaData schemaUrl="#Ruas_Nenhuma_Rota_Proxima">
            <SimpleData name="fid">312</SimpleData>
            <SimpleData name="id">Vila_São_Jose.68</SimpleData>
            <SimpleData name="Name">Rua Maria Fernandes</SimpleData>
            <SimpleData name="Distrito">2º</SimpleData>
            <SimpleData name="id_trecho">6727</SimpleData>
            <SimpleData name="Extensao_m">264.282012771363</SimpleData>
            <SimpleData name="Bairro_logradouros">Vila São Jose</SimpleData>
            <SimpleData name="Bairro_rotas"></SimpleData>
            <SimpleData name="Lote">I</SimpleData>
            <SimpleData name="Rota"></SimpleData>
            <SimpleData name="Turno">Manhã</SimpleData>
            <SimpleData name="Dias_da_semana">seg,qua,sex</SimpleData>
            <SimpleData name="Hit_Rate">66.67</SimpleData>
            <SimpleData name="Status">Validado (Rua sem rota)</SimpleData>
            <SimpleData name="Bloco">Seg_Qua_Sex</SimpleData>
          </SchemaData>
        </ExtendedData>
        <MultiGeometry>
          <LineString>
            <coordinates>-43.3125629,-22.7479473,0 -43.3125206,-22.7479368,0 -43.312477,-22.7479368,0 -43.31225,-22.747996,0 -43.3122013,-22.7479928,0 -43.3121672,-22.7479571,0 -43.3118545,-22.7470434,0 -43.3115622,-22.7460444,0</coordinates>
          </LineString>
        </MultiGeometry>
      </Placemark>
      <Placemark id="Ruas_Nenhuma_Rota_Proxima.313">
        <name>Rua André Rebouças</name>
        <Style>
          <LineStyle>
            <color>ff0000ff</color>
          </LineStyle>
          <PolyStyle>
            <fill>0</fill>
          </PolyStyle>
        </Style>
        <ExtendedData>
          <SchemaData schemaUrl="#Ruas_Nenhuma_Rota_Proxima">
            <SimpleData name="fid">313</SimpleData>
            <SimpleData name="id">Centro.92</SimpleData>
            <SimpleData name="Name">Rua André Rebouças</SimpleData>
            <SimpleData name="Distrito">1º</SimpleData>
            <SimpleData name="id_trecho">1050</SimpleData>
            <SimpleData name="Extensao_m">33.8763367903875</SimpleData>
            <SimpleData name="Bairro_logradouros">Centro</SimpleData>
            <SimpleData name="Bairro_rotas"></SimpleData>
            <SimpleData name="Lote">I</SimpleData>
            <SimpleData name="Rota"></SimpleData>
            <SimpleData name="Turno">Noite</SimpleData>
            <SimpleData name="Dias_da_semana">seg,qua,sex</SimpleData>
            <SimpleData name="Hit_Rate">88.89</SimpleData>
            <SimpleData name="Status">Validado (Rua sem rota)</SimpleData>
            <SimpleData name="Bloco">Seg_Qua_Sex</SimpleData>
          </SchemaData>
        </ExtendedData>
        <MultiGeometry>
          <LineString>
            <coordinates>-43.3123751,-22.7879772,0 -43.3125804,-22.7879716,0 -43.3127048,-22.7879664,0</coordinates>
          </LineString>
        </MultiGeometry>
      </Placemark>
      <Placemark id="Ruas_Nenhuma_Rota_Proxima.314">
        <name>SN</name>
        <Style>
          <LineStyle>
            <color>ff0000ff</color>
          </LineStyle>
          <PolyStyle>
            <fill>0</fill>
          </PolyStyle>
        </Style>
        <ExtendedData>
          <SchemaData schemaUrl="#Ruas_Nenhuma_Rota_Proxima">
            <SimpleData name="fid">314</SimpleData>
            <SimpleData name="id">Centro.148</SimpleData>
            <SimpleData name="Name">SN</SimpleData>
            <SimpleData name="Distrito">1º</SimpleData>
            <SimpleData name="id_trecho">1388</SimpleData>
            <SimpleData name="Extensao_m">60.0056555625302</SimpleData>
            <SimpleData name="Bairro_logradouros">Centro</SimpleData>
            <SimpleData name="Bairro_rotas"></SimpleData>
            <SimpleData name="Lote">I</SimpleData>
            <SimpleData name="Rota"></SimpleData>
            <SimpleData name="Turno">Noite</SimpleData>
            <SimpleData name="Dias_da_semana">seg,qua,sex</SimpleData>
            <SimpleData name="Hit_Rate">66.67</SimpleData>
            <SimpleData name="Status">Validado (Rua sem rota)</SimpleData>
            <SimpleData name="Bloco">Seg_Qua_Sex</SimpleData>
          </SchemaData>
        </ExtendedData>
        <MultiGeometry>
          <LineString>
            <coordinates>-43.3051752,-22.7982098,0 -43.3051866,-22.7982525,0 -43.3052034,-22.7982853,0 -43.30523,-22.7983103,0 -43.3052582,-22.7983275,0 -43.3052952,-22.79834,0 -43.3053455,-22.7983496,0 -43.3054146,-22.7983579,0 -43.3056803,-22.7983638,0</coordinates>
          </LineString>
        </MultiGeometry>
      </Placemark>
      <Placemark id="Ruas_Nenhuma_Rota_Proxima.315">
        <name>Terminal Rodoviário</name>
        <Style>
          <LineStyle>
            <color>ff0000ff</color>
          </LineStyle>
          <PolyStyle>
            <fill>0</fill>
          </PolyStyle>
        </Style>
        <ExtendedData>
          <SchemaData schemaUrl="#Ruas_Nenhuma_Rota_Proxima">
            <SimpleData name="fid">315</SimpleData>
            <SimpleData name="id">Centro.136</SimpleData>
            <SimpleData name="Name">Terminal Rodoviário</SimpleData>
            <SimpleData name="Distrito">1º</SimpleData>
            <SimpleData name="id_trecho">1396</SimpleData>
            <SimpleData name="Extensao_m">37.0732306723512</SimpleData>
            <SimpleData name="Bairro_logradouros">Centro</SimpleData>
            <SimpleData name="Bairro_rotas"></SimpleData>
            <SimpleData name="Lote">I</SimpleData>
            <SimpleData name="Rota"></SimpleData>
            <SimpleData name="Turno">Noite</SimpleData>
            <SimpleData name="Dias_da_semana">seg,qua,sex</SimpleData>
            <SimpleData name="Hit_Rate">88.89</SimpleData>
            <SimpleData name="Status">Validado (Rua sem rota)</SimpleData>
            <SimpleData name="Bloco">Seg_Qua_Sex</SimpleData>
          </SchemaData>
        </ExtendedData>
        <MultiGeometry>
          <LineString>
            <coordinates>-43.3110627,-22.7925544,0 -43.3111791,-22.7922375,0</coordinates>
          </LineString>
        </MultiGeometry>
      </Placemark>
      <Placemark id="Ruas_Nenhuma_Rota_Proxima.316">
        <name>Rodovia Washington Luiz - Auxiliar</name>
        <Style>
          <LineStyle>
            <color>ff0000ff</color>
          </LineStyle>
          <PolyStyle>
            <fill>0</fill>
          </PolyStyle>
        </Style>
        <ExtendedData>
          <SchemaData schemaUrl="#Ruas_Nenhuma_Rota_Proxima">
            <SimpleData name="fid">316</SimpleData>
            <SimpleData name="id">Doutor_Laureano.57</SimpleData>
            <SimpleData name="Name">Rodovia Washington Luiz - Auxiliar</SimpleData>
            <SimpleData name="Distrito">1º</SimpleData>
            <SimpleData name="id_trecho">1536</SimpleData>
            <SimpleData name="Extensao_m">242.563772293236</SimpleData>
            <SimpleData name="Bairro_logradouros">Doutor Laureano</SimpleData>
            <SimpleData name="Bairro_rotas"></SimpleData>
            <SimpleData name="Lote">I</SimpleData>
            <SimpleData name="Rota"></SimpleData>
            <SimpleData name="Turno">Noite</SimpleData>
            <SimpleData name="Dias_da_semana">seg,qua,sex</SimpleData>
            <SimpleData name="Hit_Rate">100</SimpleData>
            <SimpleData name="Status">Validado (Rua sem rota)</SimpleData>
            <SimpleData name="Bloco">Seg_Qua_Sex</SimpleData>
          </SchemaData>
        </ExtendedData>
        <MultiGeometry>
          <LineString>
            <coordinates>-43.2872915688478,-22.7592897697509,0 -43.2872756,-22.7595542,0 -43.2872415,-22.7599704,0 -43.2872111,-22.7604692,0 -43.2871727,-22.7609722,0 -43.2871467,-22.7614759,0</coordinates>
          </LineString>
        </MultiGeometry>
      </Placemark>
      <Placemark id="Ruas_Nenhuma_Rota_Proxima.317">
        <name>Rodovia Washington Luiz - Auxiliar</name>
        <Style>
          <LineStyle>
            <color>ff0000ff</color>
          </LineStyle>
          <PolyStyle>
            <fill>0</fill>
          </PolyStyle>
        </Style>
        <ExtendedData>
          <SchemaData schemaUrl="#Ruas_Nenhuma_Rota_Proxima">
            <SimpleData name="fid">317</SimpleData>
            <SimpleData name="id">Doutor_Laureano.57</SimpleData>
            <SimpleData name="Name">Rodovia Washington Luiz - Auxiliar</SimpleData>
            <SimpleData name="Distrito">1º</SimpleData>
            <SimpleData name="id_trecho">1537</SimpleData>
            <SimpleData name="Extensao_m">239.58488413982</SimpleData>
            <SimpleData name="Bairro_logradouros">Doutor Laureano</SimpleData>
            <SimpleData name="Bairro_rotas"></SimpleData>
            <SimpleData name="Lote">I</SimpleData>
            <SimpleData name="Rota"></SimpleData>
            <SimpleData name="Turno">Noite</SimpleData>
            <SimpleData name="Dias_da_semana">seg,qua,sex</SimpleData>
            <SimpleData name="Hit_Rate">100</SimpleData>
            <SimpleData name="Status">Validado (Rua sem rota)</SimpleData>
            <SimpleData name="Bloco">Seg_Qua_Sex</SimpleData>
          </SchemaData>
        </ExtendedData>
        <MultiGeometry>
          <LineString>
            <coordinates>-43.2871467,-22.7614759,0 -43.2871118,-22.7619693,0 -43.2870676,-22.7624676,0 -43.2870192,-22.7633334,0 -43.2870050548975,-22.7636351849103,0</coordinates>
          </LineString>
        </MultiGeometry>
      </Placemark>
      <Placemark id="Ruas_Nenhuma_Rota_Proxima.318">
        <name>Rodovia Washington Luiz - Auxiliar</name>
        <Style>
          <LineStyle>
            <color>ff0000ff</color>
          </LineStyle>
          <PolyStyle>
            <fill>0</fill>
          </PolyStyle>
        </Style>
        <ExtendedData>
          <SchemaData schemaUrl="#Ruas_Nenhuma_Rota_Proxima">
            <SimpleData name="fid">318</SimpleData>
            <SimpleData name="id">Doutor_Laureano.57</SimpleData>
            <SimpleData name="Name">Rodovia Washington Luiz - Auxiliar</SimpleData>
            <SimpleData name="Distrito">1º</SimpleData>
            <SimpleData name="id_trecho">1539</SimpleData>
            <SimpleData name="Extensao_m">59.1963377244957</SimpleData>
            <SimpleData name="Bairro_logradouros">Doutor Laureano</SimpleData>
            <SimpleData name="Bairro_rotas"></SimpleData>
            <SimpleData name="Lote">I</SimpleData>
            <SimpleData name="Rota"></SimpleData>
            <SimpleData name="Turno">Noite</SimpleData>
            <SimpleData name="Dias_da_semana">seg,qua,sex</SimpleData>
            <SimpleData name="Hit_Rate">88.89</SimpleData>
            <SimpleData name="Status">Validado (Rua sem rota)</SimpleData>
            <SimpleData name="Bloco">Seg_Qua_Sex</SimpleData>
          </SchemaData>
        </ExtendedData>
        <MultiGeometry>
          <LineString>
            <coordinates>-43.2870027314584,-22.7636847553427,0 -43.2869777,-22.7642188,0</coordinates>
          </LineString>
        </MultiGeometry>
      </Placemark>
      <Placemark id="Ruas_Nenhuma_Rota_Proxima.319">
        <name>Rodovia Washington Luiz - Auxiliar</name>
        <Style>
          <LineStyle>
            <color>ff0000ff</color>
          </LineStyle>
          <PolyStyle>
            <fill>0</fill>
          </PolyStyle>
        </Style>
        <ExtendedData>
          <SchemaData schemaUrl="#Ruas_Nenhuma_Rota_Proxima">
            <SimpleData name="fid">319</SimpleData>
            <SimpleData name="id">Doutor_Laureano.57</SimpleData>
            <SimpleData name="Name">Rodovia Washington Luiz - Auxiliar</SimpleData>
            <SimpleData name="Distrito">1º</SimpleData>
            <SimpleData name="id_trecho">1540</SimpleData>
            <SimpleData name="Extensao_m">117.783727137068</SimpleData>
            <SimpleData name="Bairro_logradouros">Doutor Laureano</SimpleData>
            <SimpleData name="Bairro_rotas"></SimpleData>
            <SimpleData name="Lote">I</SimpleData>
            <SimpleData name="Rota"></SimpleData>
            <SimpleData name="Turno">Noite</SimpleData>
            <SimpleData name="Dias_da_semana">seg,qua,sex</SimpleData>
            <SimpleData name="Hit_Rate">100</SimpleData>
            <SimpleData name="Status">Validado (Rua sem rota)</SimpleData>
            <SimpleData name="Bloco">Seg_Qua_Sex</SimpleData>
          </SchemaData>
        </ExtendedData>
        <MultiGeometry>
          <LineString>
            <coordinates>-43.2869777,-22.7642188,0 -43.2869522,-22.764732,0 -43.2869155,-22.7652808,0</coordinates>
          </LineString>
        </MultiGeometry>
      </Placemark>
      <Placemark id="Ruas_Nenhuma_Rota_Proxima.320">
        <name>Rua Mogi</name>
        <Style>
          <LineStyle>
            <color>ff0000ff</color>
          </LineStyle>
          <PolyStyle>
            <fill>0</fill>
          </PolyStyle>
        </Style>
        <ExtendedData>
          <SchemaData schemaUrl="#Ruas_Nenhuma_Rota_Proxima">
            <SimpleData name="fid">320</SimpleData>
            <SimpleData name="id">Doutor_Laureano.65</SimpleData>
            <SimpleData name="Name">Rua Mogi</SimpleData>
            <SimpleData name="Distrito">1º</SimpleData>
            <SimpleData name="id_trecho">1767</SimpleData>
            <SimpleData name="Extensao_m">95.2886568415214</SimpleData>
            <SimpleData name="Bairro_logradouros">Doutor Laureano</SimpleData>
            <SimpleData name="Bairro_rotas"></SimpleData>
            <SimpleData name="Lote">I</SimpleData>
            <SimpleData name="Rota"></SimpleData>
            <SimpleData name="Turno">Noite</SimpleData>
            <SimpleData name="Dias_da_semana">seg,qua,sex</SimpleData>
            <SimpleData name="Hit_Rate">100</SimpleData>
            <SimpleData name="Status">Validado (Rua sem rota)</SimpleData>
            <SimpleData name="Bloco">Seg_Qua_Sex</SimpleData>
          </SchemaData>
        </ExtendedData>
        <MultiGeometry>
          <LineString>
            <coordinates>-43.2880171,-22.7614895,0 -43.2886581,-22.7608674,0</coordinates>
          </LineString>
        </MultiGeometry>
      </Placemark>
      <Placemark id="Ruas_Nenhuma_Rota_Proxima.321">
        <name>Rua Mogi</name>
        <Style>
          <LineStyle>
            <color>ff0000ff</color>
          </LineStyle>
          <PolyStyle>
            <fill>0</fill>
          </PolyStyle>
        </Style>
        <ExtendedData>
          <SchemaData schemaUrl="#Ruas_Nenhuma_Rota_Proxima">
            <SimpleData name="fid">321</SimpleData>
            <SimpleData name="id">Doutor_Laureano.65</SimpleData>
            <SimpleData name="Name">Rua Mogi</SimpleData>
            <SimpleData name="Distrito">1º</SimpleData>
            <SimpleData name="id_trecho">1768</SimpleData>
            <SimpleData name="Extensao_m">90.0971765201747</SimpleData>
            <SimpleData name="Bairro_logradouros">Doutor Laureano</SimpleData>
            <SimpleData name="Bairro_rotas"></SimpleData>
            <SimpleData name="Lote">I</SimpleData>
            <SimpleData name="Rota"></SimpleData>
            <SimpleData name="Turno">Noite</SimpleData>
            <SimpleData name="Dias_da_semana">seg,qua,sex</SimpleData>
            <SimpleData name="Hit_Rate">100</SimpleData>
            <SimpleData name="Status">Validado (Rua sem rota)</SimpleData>
            <SimpleData name="Bloco">Seg_Qua_Sex</SimpleData>
          </SchemaData>
        </ExtendedData>
        <MultiGeometry>
          <LineString>
            <coordinates>-43.2886581,-22.7608674,0 -43.28933,-22.7603443,0</coordinates>
          </LineString>
        </MultiGeometry>
      </Placemark>
      <Placemark id="Ruas_Nenhuma_Rota_Proxima.322">
        <name>Viaduto Vila São Luiz</name>
        <Style>
          <LineStyle>
            <color>ff0000ff</color>
          </LineStyle>
          <PolyStyle>
            <fill>0</fill>
          </PolyStyle>
        </Style>
        <ExtendedData>
          <SchemaData schemaUrl="#Ruas_Nenhuma_Rota_Proxima">
            <SimpleData name="fid">322</SimpleData>
            <SimpleData name="id">Doutor_Laureano.97</SimpleData>
            <SimpleData name="Name">Viaduto Vila São Luiz</SimpleData>
            <SimpleData name="Distrito">1º</SimpleData>
            <SimpleData name="id_trecho">1911</SimpleData>
            <SimpleData name="Extensao_m">176.945770237848</SimpleData>
            <SimpleData name="Bairro_logradouros">Doutor Laureano</SimpleData>
            <SimpleData name="Bairro_rotas"></SimpleData>
            <SimpleData name="Lote">I</SimpleData>
            <SimpleData name="Rota"></SimpleData>
            <SimpleData name="Turno">Noite</SimpleData>
            <SimpleData name="Dias_da_semana">seg,qua,sex</SimpleData>
            <SimpleData name="Hit_Rate">100</SimpleData>
            <SimpleData name="Status">Validado (Rua sem rota)</SimpleData>
            <SimpleData name="Bloco">Seg_Qua_Sex</SimpleData>
          </SchemaData>
        </ExtendedData>
        <MultiGeometry>
          <LineString>
            <coordinates>-43.2869777,-22.7642188,0 -43.2869939,-22.7643424,0 -43.2870207,-22.7644327,0 -43.287093,-22.764502,0 -43.287203,-22.7645267,0 -43.2873291,-22.7644896,0 -43.2874337,-22.7643969,0 -43.2874753,-22.7642905,0 -43.2874699,-22.7641656,0 -43.2874109,-22.7639937,0 -43.2873184,-22.7638602,0 -43.2871963,-22.7637674,0 -43.2870287,-22.7636932,0 -43.2870027314584,-22.7636847553427,0</coordinates>
          </LineString>
        </MultiGeometry>
      </Placemark>
      <Placemark id="Ruas_Nenhuma_Rota_Proxima.323">
        <name>Viaduto Vila São Luiz</name>
        <Style>
          <LineStyle>
            <color>ff0000ff</color>
          </LineStyle>
          <PolyStyle>
            <fill>0</fill>
          </PolyStyle>
        </Style>
        <ExtendedData>
          <SchemaData schemaUrl="#Ruas_Nenhuma_Rota_Proxima">
            <SimpleData name="fid">323</SimpleData>
            <SimpleData name="id">Doutor_Laureano.97</SimpleData>
            <SimpleData name="Name">Viaduto Vila São Luiz</SimpleData>
            <SimpleData name="Distrito">1º</SimpleData>
            <SimpleData name="id_trecho">1915</SimpleData>
            <SimpleData name="Extensao_m">13.0967899079858</SimpleData>
            <SimpleData name="Bairro_logradouros">Doutor Laureano</SimpleData>
            <SimpleData name="Bairro_rotas"></SimpleData>
            <SimpleData name="Lote">I</SimpleData>
            <SimpleData name="Rota"></SimpleData>
            <SimpleData name="Turno">Noite</SimpleData>
            <SimpleData name="Dias_da_semana">seg,qua,sex</SimpleData>
            <SimpleData name="Hit_Rate">77.78</SimpleData>
            <SimpleData name="Status">Validado (Rua sem rota)</SimpleData>
            <SimpleData name="Bloco">Seg_Qua_Sex</SimpleData>
          </SchemaData>
        </ExtendedData>
        <MultiGeometry>
          <LineString>
            <coordinates>-43.2868823186787,-22.763605156117,0 -43.286975,-22.7636227,0 -43.2870050548975,-22.7636351849103,0</coordinates>
          </LineString>
        </MultiGeometry>
      </Placemark>
      <Placemark id="Ruas_Nenhuma_Rota_Proxima.324">
        <name>Viaduto Vila São Luiz</name>
        <Style>
          <LineStyle>
            <color>ff0000ff</color>
          </LineStyle>
          <PolyStyle>
            <fill>0</fill>
          </PolyStyle>
        </Style>
        <ExtendedData>
          <SchemaData schemaUrl="#Ruas_Nenhuma_Rota_Proxima">
            <SimpleData name="fid">324</SimpleData>
            <SimpleData name="id">Doutor_Laureano.97</SimpleData>
            <SimpleData name="Name">Viaduto Vila São Luiz</SimpleData>
            <SimpleData name="Distrito">1º</SimpleData>
            <SimpleData name="id_trecho">1916</SimpleData>
            <SimpleData name="Extensao_m">86.4424581870465</SimpleData>
            <SimpleData name="Bairro_logradouros">Doutor Laureano</SimpleData>
            <SimpleData name="Bairro_rotas"></SimpleData>
            <SimpleData name="Lote">I</SimpleData>
            <SimpleData name="Rota"></SimpleData>
            <SimpleData name="Turno">Noite</SimpleData>
            <SimpleData name="Dias_da_semana">seg,qua,sex</SimpleData>
            <SimpleData name="Hit_Rate">100</SimpleData>
            <SimpleData name="Status">Validado (Rua sem rota)</SimpleData>
            <SimpleData name="Bloco">Seg_Qua_Sex</SimpleData>
          </SchemaData>
        </ExtendedData>
        <MultiGeometry>
          <LineString>
            <coordinates>-43.2870050548975,-22.7636351849103,0 -43.2872191,-22.7637241,0 -43.2874176,-22.7638837,0 -43.2875048,-22.7640333,0 -43.2875262,-22.7640889,0 -43.2875423,-22.764178,0</coordinates>
          </LineString>
        </MultiGeometry>
      </Placemark>
      <Placemark id="Ruas_Nenhuma_Rota_Proxima.325">
        <name>Viaduto Vila São Luiz</name>
        <Style>
          <LineStyle>
            <color>ff0000ff</color>
          </LineStyle>
          <PolyStyle>
            <fill>0</fill>
          </PolyStyle>
        </Style>
        <ExtendedData>
          <SchemaData schemaUrl="#Ruas_Nenhuma_Rota_Proxima">
            <SimpleData name="fid">325</SimpleData>
            <SimpleData name="id">Doutor_Laureano.97</SimpleData>
            <SimpleData name="Name">Viaduto Vila São Luiz</SimpleData>
            <SimpleData name="Distrito">1º</SimpleData>
            <SimpleData name="id_trecho">1917</SimpleData>
            <SimpleData name="Extensao_m">143.213417662852</SimpleData>
            <SimpleData name="Bairro_logradouros">Doutor Laureano</SimpleData>
            <SimpleData name="Bairro_rotas"></SimpleData>
            <SimpleData name="Lote">I</SimpleData>
            <SimpleData name="Rota"></SimpleData>
            <SimpleData name="Turno">Noite</SimpleData>
            <SimpleData name="Dias_da_semana">seg,qua,sex</SimpleData>
            <SimpleData name="Hit_Rate">100</SimpleData>
            <SimpleData name="Status">Validado (Rua sem rota)</SimpleData>
            <SimpleData name="Bloco">Seg_Qua_Sex</SimpleData>
          </SchemaData>
        </ExtendedData>
        <MultiGeometry>
          <LineString>
            <coordinates>-43.2875423,-22.764178,0 -43.2875209,-22.7643227,0 -43.2874632,-22.764476,0 -43.2873666,-22.7646293,0 -43.2872728,-22.7647097,0 -43.2871266,-22.7648099,0 -43.2870622,-22.7648754,0 -43.2870045,-22.7649583,0 -43.2869155,-22.7652808,0</coordinates>
          </LineString>
        </MultiGeometry>
      </Placemark>
      <Placemark id="Ruas_Nenhuma_Rota_Proxima.326">
        <name>Rodovia Washington Luiz - Auxiliar</name>
        <Style>
          <LineStyle>
            <color>ff0000ff</color>
          </LineStyle>
          <PolyStyle>
            <fill>0</fill>
          </PolyStyle>
        </Style>
        <ExtendedData>
          <SchemaData schemaUrl="#Ruas_Nenhuma_Rota_Proxima">
            <SimpleData name="fid">326</SimpleData>
            <SimpleData name="id">Gramacho.41</SimpleData>
            <SimpleData name="Name">Rodovia Washington Luiz - Auxiliar</SimpleData>
            <SimpleData name="Distrito">1º</SimpleData>
            <SimpleData name="id_trecho">2160</SimpleData>
            <SimpleData name="Extensao_m">133.116198022357</SimpleData>
            <SimpleData name="Bairro_logradouros">Gramacho</SimpleData>
            <SimpleData name="Bairro_rotas"></SimpleData>
            <SimpleData name="Lote">I</SimpleData>
            <SimpleData name="Rota"></SimpleData>
            <SimpleData name="Turno">Noite</SimpleData>
            <SimpleData name="Dias_da_semana">seg,qua,sex</SimpleData>
            <SimpleData name="Hit_Rate">77.78</SimpleData>
            <SimpleData name="Status">Validado (Rua sem rota)</SimpleData>
            <SimpleData name="Bloco">Seg_Qua_Sex</SimpleData>
          </SchemaData>
        </ExtendedData>
        <MultiGeometry>
          <LineString>
            <coordinates>-43.2873506,-22.7580454,0 -43.2873224,-22.7584695,0 -43.2873035,-22.7590359,0 -43.2872942,-22.7592462,0</coordinates>
          </LineString>
        </MultiGeometry>
      </Placemark>
      <Placemark id="Ruas_Nenhuma_Rota_Proxima.327">
        <name>Rodovia Washington Luiz - Auxiliar</name>
        <Style>
          <LineStyle>
            <color>ff0000ff</color>
          </LineStyle>
          <PolyStyle>
            <fill>0</fill>
          </PolyStyle>
        </Style>
        <ExtendedData>
          <SchemaData schemaUrl="#Ruas_Nenhuma_Rota_Proxima">
            <SimpleData name="fid">327</SimpleData>
            <SimpleData name="id">Gramacho.41</SimpleData>
            <SimpleData name="Name">Rodovia Washington Luiz - Auxiliar</SimpleData>
            <SimpleData name="Distrito">1º</SimpleData>
            <SimpleData name="id_trecho">2163</SimpleData>
            <SimpleData name="Extensao_m">122.016909287153</SimpleData>
            <SimpleData name="Bairro_logradouros">Gramacho</SimpleData>
            <SimpleData name="Bairro_rotas"></SimpleData>
            <SimpleData name="Lote">I</SimpleData>
            <SimpleData name="Rota"></SimpleData>
            <SimpleData name="Turno">Noite</SimpleData>
            <SimpleData name="Dias_da_semana">seg,qua,sex</SimpleData>
            <SimpleData name="Hit_Rate">100</SimpleData>
            <SimpleData name="Status">Validado (Rua sem rota)</SimpleData>
            <SimpleData name="Bloco">Seg_Qua_Sex</SimpleData>
          </SchemaData>
        </ExtendedData>
        <MultiGeometry>
          <LineString>
            <coordinates>-43.286422,-22.7652308,0 -43.2864922,-22.7641309,0</coordinates>
          </LineString>
        </MultiGeometry>
      </Placemark>
      <Placemark id="Ruas_Nenhuma_Rota_Proxima.328">
        <name>Rodovia Washington Luiz - Auxiliar</name>
        <Style>
          <LineStyle>
            <color>ff0000ff</color>
          </LineStyle>
          <PolyStyle>
            <fill>0</fill>
          </PolyStyle>
        </Style>
        <ExtendedData>
          <SchemaData schemaUrl="#Ruas_Nenhuma_Rota_Proxima">
            <SimpleData name="fid">328</SimpleData>
            <SimpleData name="id">Gramacho.41</SimpleData>
            <SimpleData name="Name">Rodovia Washington Luiz - Auxiliar</SimpleData>
            <SimpleData name="Distrito">1º</SimpleData>
            <SimpleData name="id_trecho">2164</SimpleData>
            <SimpleData name="Extensao_m">52.5662218902471</SimpleData>
            <SimpleData name="Bairro_logradouros">Gramacho</SimpleData>
            <SimpleData name="Bairro_rotas"></SimpleData>
            <SimpleData name="Lote">I</SimpleData>
            <SimpleData name="Rota"></SimpleData>
            <SimpleData name="Turno">Noite</SimpleData>
            <SimpleData name="Dias_da_semana">seg,qua,sex</SimpleData>
            <SimpleData name="Hit_Rate">100</SimpleData>
            <SimpleData name="Status">Validado (Rua sem rota)</SimpleData>
            <SimpleData name="Bloco">Seg_Qua_Sex</SimpleData>
          </SchemaData>
        </ExtendedData>
        <MultiGeometry>
          <LineString>
            <coordinates>-43.2864922,-22.7641309,0 -43.2864963,-22.7637167,0 -43.2865005387472,-22.7636563670416,0</coordinates>
          </LineString>
        </MultiGeometry>
      </Placemark>
      <Placemark id="Ruas_Nenhuma_Rota_Proxima.329">
        <name>Rodovia Washington Luiz - Auxiliar</name>
        <Style>
          <LineStyle>
            <color>ff0000ff</color>
          </LineStyle>
          <PolyStyle>
            <fill>0</fill>
          </PolyStyle>
        </Style>
        <ExtendedData>
          <SchemaData schemaUrl="#Ruas_Nenhuma_Rota_Proxima">
            <SimpleData name="fid">329</SimpleData>
            <SimpleData name="id">Gramacho.41</SimpleData>
            <SimpleData name="Name">Rodovia Washington Luiz - Auxiliar</SimpleData>
            <SimpleData name="Distrito">1º</SimpleData>
            <SimpleData name="id_trecho">2166</SimpleData>
            <SimpleData name="Extensao_m">396.720745586902</SimpleData>
            <SimpleData name="Bairro_logradouros">Gramacho</SimpleData>
            <SimpleData name="Bairro_rotas"></SimpleData>
            <SimpleData name="Lote">I</SimpleData>
            <SimpleData name="Rota"></SimpleData>
            <SimpleData name="Turno">Noite</SimpleData>
            <SimpleData name="Dias_da_semana">seg,qua,sex</SimpleData>
            <SimpleData name="Hit_Rate">100</SimpleData>
            <SimpleData name="Status">Validado (Rua sem rota)</SimpleData>
            <SimpleData name="Bloco">Seg_Qua_Sex</SimpleData>
          </SchemaData>
        </ExtendedData>
        <MultiGeometry>
          <LineString>
            <coordinates>-43.286503707751,-22.7636112604653,0 -43.2865254,-22.7633025,0 -43.2865403,-22.7631125,0 -43.286574,-22.7626853,0 -43.2865995,-22.7623069,0 -43.2866491,-22.7615464,0 -43.2867296,-22.7600351,0</coordinates>
          </LineString>
        </MultiGeometry>
      </Placemark>
      <Placemark id="Ruas_Nenhuma_Rota_Proxima.330">
        <name>Rodovia Washington Luiz - Auxiliar</name>
        <Style>
          <LineStyle>
            <color>ff0000ff</color>
          </LineStyle>
          <PolyStyle>
            <fill>0</fill>
          </PolyStyle>
        </Style>
        <ExtendedData>
          <SchemaData schemaUrl="#Ruas_Nenhuma_Rota_Proxima">
            <SimpleData name="fid">330</SimpleData>
            <SimpleData name="id">Gramacho.41</SimpleData>
            <SimpleData name="Name">Rodovia Washington Luiz - Auxiliar</SimpleData>
            <SimpleData name="Distrito">1º</SimpleData>
            <SimpleData name="id_trecho">2168</SimpleData>
            <SimpleData name="Extensao_m">228.393912989633</SimpleData>
            <SimpleData name="Bairro_logradouros">Gramacho</SimpleData>
            <SimpleData name="Bairro_rotas"></SimpleData>
            <SimpleData name="Lote">I</SimpleData>
            <SimpleData name="Rota"></SimpleData>
            <SimpleData name="Turno">Noite</SimpleData>
            <SimpleData name="Dias_da_semana">seg,qua,sex</SimpleData>
            <SimpleData name="Hit_Rate">100</SimpleData>
            <SimpleData name="Status">Validado (Rua sem rota)</SimpleData>
            <SimpleData name="Bloco">Seg_Qua_Sex</SimpleData>
          </SchemaData>
        </ExtendedData>
        <MultiGeometry>
          <LineString>
            <coordinates>-43.2867516,-22.7596197,0 -43.2867658,-22.759235,0 -43.2867872,-22.758933,0 -43.2868302,-22.7583323,0 -43.2868678,-22.75773,0 -43.2868745,-22.7575606,0</coordinates>
          </LineString>
        </MultiGeometry>
      </Placemark>
      <Placemark id="Ruas_Nenhuma_Rota_Proxima.331">
        <name>Rodovia Washington Luiz - Auxiliar</name>
        <Style>
          <LineStyle>
            <color>ff0000ff</color>
          </LineStyle>
          <PolyStyle>
            <fill>0</fill>
          </PolyStyle>
        </Style>
        <ExtendedData>
          <SchemaData schemaUrl="#Ruas_Nenhuma_Rota_Proxima">
            <SimpleData name="fid">331</SimpleData>
            <SimpleData name="id">Gramacho.41</SimpleData>
            <SimpleData name="Name">Rodovia Washington Luiz - Auxiliar</SimpleData>
            <SimpleData name="Distrito">1º</SimpleData>
            <SimpleData name="id_trecho">2170</SimpleData>
            <SimpleData name="Extensao_m">330.535185797318</SimpleData>
            <SimpleData name="Bairro_logradouros">Gramacho</SimpleData>
            <SimpleData name="Bairro_rotas"></SimpleData>
            <SimpleData name="Lote">I</SimpleData>
            <SimpleData name="Rota"></SimpleData>
            <SimpleData name="Turno">Noite</SimpleData>
            <SimpleData name="Dias_da_semana">seg,qua,sex</SimpleData>
            <SimpleData name="Hit_Rate">100</SimpleData>
            <SimpleData name="Status">Validado (Rua sem rota)</SimpleData>
            <SimpleData name="Bloco">Seg_Qua_Sex</SimpleData>
          </SchemaData>
        </ExtendedData>
        <MultiGeometry>
          <LineString>
            <coordinates>-43.2868798,-22.757427,0 -43.2869388,-22.7565613,0 -43.2869831,-22.7558576,0 -43.2870689,-22.7544474,0</coordinates>
          </LineString>
        </MultiGeometry>
      </Placemark>
      <Placemark id="Ruas_Nenhuma_Rota_Proxima.332">
        <name>Rodovia Washington Luiz - Auxiliar</name>
        <Style>
          <LineStyle>
            <color>ff0000ff</color>
          </LineStyle>
          <PolyStyle>
            <fill>0</fill>
          </PolyStyle>
        </Style>
        <ExtendedData>
          <SchemaData schemaUrl="#Ruas_Nenhuma_Rota_Proxima">
            <SimpleData name="fid">332</SimpleData>
            <SimpleData name="id">Gramacho.41</SimpleData>
            <SimpleData name="Name">Rodovia Washington Luiz - Auxiliar</SimpleData>
            <SimpleData name="Distrito">1º</SimpleData>
            <SimpleData name="id_trecho">2171</SimpleData>
            <SimpleData name="Extensao_m">247.030079822209</SimpleData>
            <SimpleData name="Bairro_logradouros">Gramacho</SimpleData>
            <SimpleData name="Bairro_rotas"></SimpleData>
            <SimpleData name="Lote">I</SimpleData>
            <SimpleData name="Rota"></SimpleData>
            <SimpleData name="Turno">Noite</SimpleData>
            <SimpleData name="Dias_da_semana">seg,qua,sex</SimpleData>
            <SimpleData name="Hit_Rate">88.89</SimpleData>
            <SimpleData name="Status">Validado (Rua sem rota)</SimpleData>
            <SimpleData name="Bloco">Seg_Qua_Sex</SimpleData>
          </SchemaData>
        </ExtendedData>
        <MultiGeometry>
          <LineString>
            <coordinates>-43.2870689,-22.7544474,0 -43.2870944,-22.7538925,0 -43.2871346,-22.7533334,0 -43.2872022,-22.7522202,0</coordinates>
          </LineString>
        </MultiGeometry>
      </Placemark>
      <Placemark id="Ruas_Nenhuma_Rota_Proxima.333">
        <name>Rua Ponta Grossa</name>
        <Style>
          <LineStyle>
            <color>ff0000ff</color>
          </LineStyle>
          <PolyStyle>
            <fill>0</fill>
          </PolyStyle>
        </Style>
        <ExtendedData>
          <SchemaData schemaUrl="#Ruas_Nenhuma_Rota_Proxima">
            <SimpleData name="fid">333</SimpleData>
            <SimpleData name="id">Gramacho.166</SimpleData>
            <SimpleData name="Name">Rua Ponta Grossa</SimpleData>
            <SimpleData name="Distrito">1º</SimpleData>
            <SimpleData name="id_trecho">2678</SimpleData>
            <SimpleData name="Extensao_m">244.825856860283</SimpleData>
            <SimpleData name="Bairro_logradouros">Gramacho</SimpleData>
            <SimpleData name="Bairro_rotas"></SimpleData>
            <SimpleData name="Lote">I</SimpleData>
            <SimpleData name="Rota"></SimpleData>
            <SimpleData name="Turno">Noite</SimpleData>
            <SimpleData name="Dias_da_semana">seg,qua,sex</SimpleData>
            <SimpleData name="Hit_Rate">100</SimpleData>
            <SimpleData name="Status">Validado (Rua sem rota)</SimpleData>
            <SimpleData name="Bloco">Seg_Qua_Sex</SimpleData>
          </SchemaData>
        </ExtendedData>
        <MultiGeometry>
          <LineString>
            <coordinates>-43.286318,-22.7521781,0 -43.2861728,-22.7543848,0</coordinates>
          </LineString>
        </MultiGeometry>
      </Placemark>
      <Placemark id="Ruas_Nenhuma_Rota_Proxima.334">
        <name>Viaduto do Gramacho</name>
        <Style>
          <LineStyle>
            <color>ff0000ff</color>
          </LineStyle>
          <PolyStyle>
            <fill>0</fill>
          </PolyStyle>
        </Style>
        <ExtendedData>
          <SchemaData schemaUrl="#Ruas_Nenhuma_Rota_Proxima">
            <SimpleData name="fid">334</SimpleData>
            <SimpleData name="id">Gramacho.225</SimpleData>
            <SimpleData name="Name">Viaduto do Gramacho</SimpleData>
            <SimpleData name="Distrito">1º</SimpleData>
            <SimpleData name="id_trecho">2851</SimpleData>
            <SimpleData name="Extensao_m">143.299316149007</SimpleData>
            <SimpleData name="Bairro_logradouros">Gramacho</SimpleData>
            <SimpleData name="Bairro_rotas"></SimpleData>
            <SimpleData name="Lote">I</SimpleData>
            <SimpleData name="Rota"></SimpleData>
            <SimpleData name="Turno">Noite</SimpleData>
            <SimpleData name="Dias_da_semana">seg,qua,sex</SimpleData>
            <SimpleData name="Hit_Rate">88.89</SimpleData>
            <SimpleData name="Status">Validado (Rua sem rota)</SimpleData>
            <SimpleData name="Bloco">Seg_Qua_Sex</SimpleData>
          </SchemaData>
        </ExtendedData>
        <MultiGeometry>
          <LineString>
            <coordinates>-43.3054581991253,-22.7509804483954,0 -43.3055661,-22.7509045,0 -43.3056285,-22.7508562,0 -43.3056705,-22.7508022,0 -43.3057777,-22.7506224,0 -43.3060697,-22.7501327,0 -43.306185,-22.7499088,0 -43.3061881482685,-22.7498959012689,0</coordinates>
          </LineString>
        </MultiGeometry>
      </Placemark>
      <Placemark id="Ruas_Nenhuma_Rota_Proxima.335">
        <name>Viaduto do Gramacho</name>
        <Style>
          <LineStyle>
            <color>ff0000ff</color>
          </LineStyle>
          <PolyStyle>
            <fill>0</fill>
          </PolyStyle>
        </Style>
        <ExtendedData>
          <SchemaData schemaUrl="#Ruas_Nenhuma_Rota_Proxima">
            <SimpleData name="fid">335</SimpleData>
            <SimpleData name="id">Gramacho.225</SimpleData>
            <SimpleData name="Name">Viaduto do Gramacho</SimpleData>
            <SimpleData name="Distrito">1º</SimpleData>
            <SimpleData name="id_trecho">2853</SimpleData>
            <SimpleData name="Extensao_m">210.412434465289</SimpleData>
            <SimpleData name="Bairro_logradouros">Gramacho</SimpleData>
            <SimpleData name="Bairro_rotas"></SimpleData>
            <SimpleData name="Lote">I</SimpleData>
            <SimpleData name="Rota"></SimpleData>
            <SimpleData name="Turno">Noite</SimpleData>
            <SimpleData name="Dias_da_semana">seg,qua,sex</SimpleData>
            <SimpleData name="Hit_Rate">100</SimpleData>
            <SimpleData name="Status">Validado (Rua sem rota)</SimpleData>
            <SimpleData name="Bloco">Seg_Qua_Sex</SimpleData>
          </SchemaData>
        </ExtendedData>
        <MultiGeometry>
          <LineString>
            <coordinates>-43.3062092413604,-22.7497845068737,0 -43.3062146,-22.7497258,0 -43.3062125,-22.749643,0 -43.3062017,-22.7495704,0 -43.306161,-22.749424,0 -43.3061153,-22.7493338,0 -43.3060531,-22.7492495,0 -43.3059922,-22.7491774,0 -43.3058952,-22.7490805,0 -43.3058147,-22.7490157,0 -43.3053356,-22.7487166,0 -43.3049063,-22.74846,0</coordinates>
          </LineString>
        </MultiGeometry>
      </Placemark>
      <Placemark id="Ruas_Nenhuma_Rota_Proxima.336">
        <name>Viaduto Vila São Luiz</name>
        <Style>
          <LineStyle>
            <color>ff0000ff</color>
          </LineStyle>
          <PolyStyle>
            <fill>0</fill>
          </PolyStyle>
        </Style>
        <ExtendedData>
          <SchemaData schemaUrl="#Ruas_Nenhuma_Rota_Proxima">
            <SimpleData name="fid">336</SimpleData>
            <SimpleData name="id">Gramacho.202</SimpleData>
            <SimpleData name="Name">Viaduto Vila São Luiz</SimpleData>
            <SimpleData name="Distrito">1º</SimpleData>
            <SimpleData name="id_trecho">2860</SimpleData>
            <SimpleData name="Extensao_m">234.562652577976</SimpleData>
            <SimpleData name="Bairro_logradouros">Gramacho</SimpleData>
            <SimpleData name="Bairro_rotas"></SimpleData>
            <SimpleData name="Lote">I</SimpleData>
            <SimpleData name="Rota"></SimpleData>
            <SimpleData name="Turno">Noite</SimpleData>
            <SimpleData name="Dias_da_semana">seg,qua,sex</SimpleData>
            <SimpleData name="Hit_Rate">100</SimpleData>
            <SimpleData name="Status">Validado (Rua sem rota)</SimpleData>
            <SimpleData name="Bloco">Seg_Qua_Sex</SimpleData>
          </SchemaData>
        </ExtendedData>
        <MultiGeometry>
          <LineString>
            <coordinates>-43.286422,-22.7652308,0 -43.2863447,-22.7649768,0 -43.2862817,-22.7648767,0 -43.2862066,-22.7648,0 -43.2860483,-22.7646541,0 -43.2859437,-22.7645403,0 -43.2858861,-22.7644241,0 -43.2858565,-22.764314,0 -43.2858418,-22.7641842,0 -43.2858633,-22.7640704,0 -43.2859337,-22.7639294,0 -43.2860195,-22.7638286,0 -43.2861181,-22.7637501,0 -43.2862327,-22.7636895,0 -43.2863648,-22.76364,0 -43.286503707751,-22.7636112604653,0</coordinates>
          </LineString>
        </MultiGeometry>
      </Placemark>
      <Placemark id="Ruas_Nenhuma_Rota_Proxima.337">
        <name>Viaduto Vila São Luiz</name>
        <Style>
          <LineStyle>
            <color>ff0000ff</color>
          </LineStyle>
          <PolyStyle>
            <fill>0</fill>
          </PolyStyle>
        </Style>
        <ExtendedData>
          <SchemaData schemaUrl="#Ruas_Nenhuma_Rota_Proxima">
            <SimpleData name="fid">337</SimpleData>
            <SimpleData name="id">Gramacho.202</SimpleData>
            <SimpleData name="Name">Viaduto Vila São Luiz</SimpleData>
            <SimpleData name="Distrito">1º</SimpleData>
            <SimpleData name="id_trecho">2861</SimpleData>
            <SimpleData name="Extensao_m">16.4062967027857</SimpleData>
            <SimpleData name="Bairro_logradouros">Gramacho</SimpleData>
            <SimpleData name="Bairro_rotas"></SimpleData>
            <SimpleData name="Lote">I</SimpleData>
            <SimpleData name="Rota"></SimpleData>
            <SimpleData name="Turno">Noite</SimpleData>
            <SimpleData name="Dias_da_semana">seg,qua,sex</SimpleData>
            <SimpleData name="Hit_Rate">66.67</SimpleData>
            <SimpleData name="Status">Validado (Rua sem rota)</SimpleData>
            <SimpleData name="Bloco">Seg_Qua_Sex</SimpleData>
          </SchemaData>
        </ExtendedData>
        <MultiGeometry>
          <LineString>
            <coordinates>-43.286503707751,-22.7636112604653,0 -43.286562,-22.7635992,0 -43.2866618974436,-22.7635945325987,0</coordinates>
          </LineString>
        </MultiGeometry>
      </Placemark>
      <Placemark id="Ruas_Nenhuma_Rota_Proxima.338">
        <name>Viaduto Vila São Luiz</name>
        <Style>
          <LineStyle>
            <color>ff0000ff</color>
          </LineStyle>
          <PolyStyle>
            <fill>0</fill>
          </PolyStyle>
        </Style>
        <ExtendedData>
          <SchemaData schemaUrl="#Ruas_Nenhuma_Rota_Proxima">
            <SimpleData name="fid">338</SimpleData>
            <SimpleData name="id">Gramacho.202</SimpleData>
            <SimpleData name="Name">Viaduto Vila São Luiz</SimpleData>
            <SimpleData name="Distrito">1º</SimpleData>
            <SimpleData name="id_trecho">2865</SimpleData>
            <SimpleData name="Extensao_m">193.219491600638</SimpleData>
            <SimpleData name="Bairro_logradouros">Gramacho</SimpleData>
            <SimpleData name="Bairro_rotas"></SimpleData>
            <SimpleData name="Lote">I</SimpleData>
            <SimpleData name="Rota"></SimpleData>
            <SimpleData name="Turno">Noite</SimpleData>
            <SimpleData name="Dias_da_semana">seg,qua,sex</SimpleData>
            <SimpleData name="Hit_Rate">100</SimpleData>
            <SimpleData name="Status">Validado (Rua sem rota)</SimpleData>
            <SimpleData name="Bloco">Seg_Qua_Sex</SimpleData>
          </SchemaData>
        </ExtendedData>
        <MultiGeometry>
          <LineString>
            <coordinates>-43.2865005387472,-22.7636563670416,0 -43.286256,-22.7637179,0 -43.2861496,-22.7637847,0 -43.2860812,-22.7638354,0 -43.2859846,-22.7639418,0 -43.2859343,-22.7640419,0 -43.2858968,-22.7641687,0 -43.2858981,-22.7642602,0 -43.2859196,-22.7643363,0 -43.2859826,-22.7644123,0 -43.2860591,-22.76445,0 -43.2861623,-22.7644673,0 -43.2862696,-22.7644414,0 -43.2863528,-22.7643795,0 -43.2864212,-22.7642992,0 -43.2864922,-22.7641309,0</coordinates>
          </LineString>
        </MultiGeometry>
      </Placemark>
      <Placemark id="Ruas_Nenhuma_Rota_Proxima.339">
        <name>Rodovia Washington Luiz - Auxiliar</name>
        <Style>
          <LineStyle>
            <color>ff0000ff</color>
          </LineStyle>
          <PolyStyle>
            <fill>0</fill>
          </PolyStyle>
        </Style>
        <ExtendedData>
          <SchemaData schemaUrl="#Ruas_Nenhuma_Rota_Proxima">
            <SimpleData name="fid">339</SimpleData>
            <SimpleData name="id">Parque_Duque.174</SimpleData>
            <SimpleData name="Name">Rodovia Washington Luiz - Auxiliar</SimpleData>
            <SimpleData name="Distrito">1º</SimpleData>
            <SimpleData name="id_trecho">3981</SimpleData>
            <SimpleData name="Extensao_m">101.485474851792</SimpleData>
            <SimpleData name="Bairro_logradouros">Parque Duque</SimpleData>
            <SimpleData name="Bairro_rotas"></SimpleData>
            <SimpleData name="Lote">I</SimpleData>
            <SimpleData name="Rota"></SimpleData>
            <SimpleData name="Turno">Noite</SimpleData>
            <SimpleData name="Dias_da_semana">seg,qua,sex</SimpleData>
            <SimpleData name="Hit_Rate">100</SimpleData>
            <SimpleData name="Status">Validado (Rua sem rota)</SimpleData>
            <SimpleData name="Bloco">Seg_Qua_Sex</SimpleData>
          </SchemaData>
        </ExtendedData>
        <MultiGeometry>
          <LineString>
            <coordinates>-43.2900455,-22.7996427,0 -43.2899885,-22.799409,0 -43.2899456,-22.7992409,0 -43.2898718,-22.7990109,0 -43.2897753,-22.7987624,0</coordinates>
          </LineString>
        </MultiGeometry>
      </Placemark>
      <Placemark id="Ruas_Nenhuma_Rota_Proxima.340">
        <name>Rodovia Washington Luiz - Auxiliar</name>
        <Style>
          <LineStyle>
            <color>ff0000ff</color>
          </LineStyle>
          <PolyStyle>
            <fill>0</fill>
          </PolyStyle>
        </Style>
        <ExtendedData>
          <SchemaData schemaUrl="#Ruas_Nenhuma_Rota_Proxima">
            <SimpleData name="fid">340</SimpleData>
            <SimpleData name="id">Parque_Duque.174</SimpleData>
            <SimpleData name="Name">Rodovia Washington Luiz - Auxiliar</SimpleData>
            <SimpleData name="Distrito">1º</SimpleData>
            <SimpleData name="id_trecho">3982</SimpleData>
            <SimpleData name="Extensao_m">489.984227791776</SimpleData>
            <SimpleData name="Bairro_logradouros">Parque Duque</SimpleData>
            <SimpleData name="Bairro_rotas"></SimpleData>
            <SimpleData name="Lote">I</SimpleData>
            <SimpleData name="Rota"></SimpleData>
            <SimpleData name="Turno">Noite</SimpleData>
            <SimpleData name="Dias_da_semana">seg,qua,sex</SimpleData>
            <SimpleData name="Hit_Rate">100</SimpleData>
            <SimpleData name="Status">Validado (Rua sem rota)</SimpleData>
            <SimpleData name="Bloco">Seg_Qua_Sex</SimpleData>
          </SchemaData>
        </ExtendedData>
        <MultiGeometry>
          <LineString>
            <coordinates>-43.2897753,-22.7987624,0 -43.289625,-22.7983964,0 -43.2894561,-22.7980502,0 -43.2891658,-22.7974736,0 -43.2890174,-22.797185,0 -43.2888874,-22.7969165,0 -43.288752,-22.7966507,0 -43.2884677,-22.7961031,0 -43.2881244,-22.795449,0 -43.287769,-22.7947492,0</coordinates>
          </LineString>
        </MultiGeometry>
      </Placemark>
      <Placemark id="Ruas_Nenhuma_Rota_Proxima.341">
        <name>Rodovia Washington Luiz - Auxiliar</name>
        <Style>
          <LineStyle>
            <color>ff0000ff</color>
          </LineStyle>
          <PolyStyle>
            <fill>0</fill>
          </PolyStyle>
        </Style>
        <ExtendedData>
          <SchemaData schemaUrl="#Ruas_Nenhuma_Rota_Proxima">
            <SimpleData name="fid">341</SimpleData>
            <SimpleData name="id">Parque_Duque.174</SimpleData>
            <SimpleData name="Name">Rodovia Washington Luiz - Auxiliar</SimpleData>
            <SimpleData name="Distrito">1º</SimpleData>
            <SimpleData name="id_trecho">3992</SimpleData>
            <SimpleData name="Extensao_m">234.139387589289</SimpleData>
            <SimpleData name="Bairro_logradouros">Parque Duque</SimpleData>
            <SimpleData name="Bairro_rotas"></SimpleData>
            <SimpleData name="Lote">I</SimpleData>
            <SimpleData name="Rota"></SimpleData>
            <SimpleData name="Turno">Noite</SimpleData>
            <SimpleData name="Dias_da_semana">seg,qua,sex</SimpleData>
            <SimpleData name="Hit_Rate">77.78</SimpleData>
            <SimpleData name="Status">Validado (Rua sem rota)</SimpleData>
            <SimpleData name="Bloco">Seg_Qua_Sex</SimpleData>
          </SchemaData>
        </ExtendedData>
        <MultiGeometry>
          <LineString>
            <coordinates>-43.286861,-22.7930059,0 -43.2867283,-22.7927562,0 -43.2864507,-22.7922196,0 -43.2861985,-22.7917189,0 -43.2860698,-22.7914345,0 -43.285984,-22.7912455,0 -43.2859128120777,-22.7910837539643,0</coordinates>
          </LineString>
        </MultiGeometry>
      </Placemark>
      <Placemark id="Ruas_Nenhuma_Rota_Proxima.342">
        <name>Viaduto Acesso Duque de Caxias-Washington Luiz</name>
        <Style>
          <LineStyle>
            <color>ff0000ff</color>
          </LineStyle>
          <PolyStyle>
            <fill>0</fill>
          </PolyStyle>
        </Style>
        <ExtendedData>
          <SchemaData schemaUrl="#Ruas_Nenhuma_Rota_Proxima">
            <SimpleData name="fid">342</SimpleData>
            <SimpleData name="id">Parque_Duque.173</SimpleData>
            <SimpleData name="Name">Viaduto Acesso Duque de Caxias-Washington Luiz</SimpleData>
            <SimpleData name="Distrito">1º</SimpleData>
            <SimpleData name="id_trecho">4669</SimpleData>
            <SimpleData name="Extensao_m">113.736203059303</SimpleData>
            <SimpleData name="Bairro_logradouros">Parque Duque</SimpleData>
            <SimpleData name="Bairro_rotas"></SimpleData>
            <SimpleData name="Lote">I</SimpleData>
            <SimpleData name="Rota"></SimpleData>
            <SimpleData name="Turno">Noite</SimpleData>
            <SimpleData name="Dias_da_semana">seg,qua,sex</SimpleData>
            <SimpleData name="Hit_Rate">100</SimpleData>
            <SimpleData name="Status">Validado (Rua sem rota)</SimpleData>
            <SimpleData name="Bloco">Seg_Qua_Sex</SimpleData>
          </SchemaData>
        </ExtendedData>
        <MultiGeometry>
          <LineString>
            <coordinates>-43.2901587351283,-22.8002012793988,0 -43.2899415,-22.8002012,0 -43.2898356,-22.8001891,0 -43.2897484,-22.8001594,0 -43.2896478,-22.8000976,0 -43.2895674,-22.800016,0 -43.2895084,-22.7999245,0 -43.2894816,-22.7998269,0 -43.2894762,-22.7997168,0 -43.2894963,-22.7996179,0</coordinates>
          </LineString>
        </MultiGeometry>
      </Placemark>
      <Placemark id="Ruas_Nenhuma_Rota_Proxima.343">
        <name>Viaduto Acesso Duque de Caxias-Washington Luiz</name>
        <Style>
          <LineStyle>
            <color>ff0000ff</color>
          </LineStyle>
          <PolyStyle>
            <fill>0</fill>
          </PolyStyle>
        </Style>
        <ExtendedData>
          <SchemaData schemaUrl="#Ruas_Nenhuma_Rota_Proxima">
            <SimpleData name="fid">343</SimpleData>
            <SimpleData name="id">Parque_Duque.173</SimpleData>
            <SimpleData name="Name">Viaduto Acesso Duque de Caxias-Washington Luiz</SimpleData>
            <SimpleData name="Distrito">1º</SimpleData>
            <SimpleData name="id_trecho">4670</SimpleData>
            <SimpleData name="Extensao_m">70.778354258734</SimpleData>
            <SimpleData name="Bairro_logradouros">Parque Duque</SimpleData>
            <SimpleData name="Bairro_rotas"></SimpleData>
            <SimpleData name="Lote">I</SimpleData>
            <SimpleData name="Rota"></SimpleData>
            <SimpleData name="Turno">Noite</SimpleData>
            <SimpleData name="Dias_da_semana">seg,qua,sex</SimpleData>
            <SimpleData name="Hit_Rate">88.89</SimpleData>
            <SimpleData name="Status">Validado (Rua sem rota)</SimpleData>
            <SimpleData name="Bloco">Seg_Qua_Sex</SimpleData>
          </SchemaData>
        </ExtendedData>
        <MultiGeometry>
          <LineString>
            <coordinates>-43.2900455,-22.7996427,0 -43.2899684,-22.7995506,0 -43.2899221,-22.7995048,0 -43.2898611,-22.7994739,0 -43.289788,-22.7994615,0 -43.2897069,-22.7994683,0 -43.2896358,-22.7994937,0 -43.2895694,-22.79954,0 -43.2894963,-22.7996179,0</coordinates>
          </LineString>
        </MultiGeometry>
      </Placemark>
      <Placemark id="Ruas_Nenhuma_Rota_Proxima.344">
        <name>Viaduto Acesso Duque de Caxias-Washington Luiz</name>
        <Style>
          <LineStyle>
            <color>ff0000ff</color>
          </LineStyle>
          <PolyStyle>
            <fill>0</fill>
          </PolyStyle>
        </Style>
        <ExtendedData>
          <SchemaData schemaUrl="#Ruas_Nenhuma_Rota_Proxima">
            <SimpleData name="fid">344</SimpleData>
            <SimpleData name="id">Parque_Duque.173</SimpleData>
            <SimpleData name="Name">Viaduto Acesso Duque de Caxias-Washington Luiz</SimpleData>
            <SimpleData name="Distrito">1º</SimpleData>
            <SimpleData name="id_trecho">4671</SimpleData>
            <SimpleData name="Extensao_m">101.931884248703</SimpleData>
            <SimpleData name="Bairro_logradouros">Parque Duque</SimpleData>
            <SimpleData name="Bairro_rotas"></SimpleData>
            <SimpleData name="Lote">I</SimpleData>
            <SimpleData name="Rota"></SimpleData>
            <SimpleData name="Turno">Noite</SimpleData>
            <SimpleData name="Dias_da_semana">seg,qua,sex</SimpleData>
            <SimpleData name="Hit_Rate">100</SimpleData>
            <SimpleData name="Status">Validado (Rua sem rota)</SimpleData>
            <SimpleData name="Bloco">Seg_Qua_Sex</SimpleData>
          </SchemaData>
        </ExtendedData>
        <MultiGeometry>
          <LineString>
            <coordinates>-43.2894963,-22.7996179,0 -43.2895164,-22.7995357,0 -43.2895506,-22.7994683,0 -43.2895942,-22.7994016,0 -43.2897102,-22.799231,0 -43.2897605,-22.7991314,0 -43.2897779,-22.7990566,0 -43.28979,-22.7989781,0 -43.289788,-22.7989015,0 -43.2897753,-22.7987624,0</coordinates>
          </LineString>
        </MultiGeometry>
      </Placemark>
      <Placemark id="Ruas_Nenhuma_Rota_Proxima.345">
        <name>Rodovia Washington Luiz - Auxiliar</name>
        <Style>
          <LineStyle>
            <color>ff0000ff</color>
          </LineStyle>
          <PolyStyle>
            <fill>0</fill>
          </PolyStyle>
        </Style>
        <ExtendedData>
          <SchemaData schemaUrl="#Ruas_Nenhuma_Rota_Proxima">
            <SimpleData name="fid">345</SimpleData>
            <SimpleData name="id">Parque_Sarapui.2</SimpleData>
            <SimpleData name="Name">Rodovia Washington Luiz - Auxiliar</SimpleData>
            <SimpleData name="Distrito">1º</SimpleData>
            <SimpleData name="id_trecho">5334</SimpleData>
            <SimpleData name="Extensao_m">323.458113290723</SimpleData>
            <SimpleData name="Bairro_logradouros">Parque Sarapui</SimpleData>
            <SimpleData name="Bairro_rotas"></SimpleData>
            <SimpleData name="Lote">I</SimpleData>
            <SimpleData name="Rota"></SimpleData>
            <SimpleData name="Turno">Noite</SimpleData>
            <SimpleData name="Dias_da_semana">seg,qua,sex</SimpleData>
            <SimpleData name="Hit_Rate">88.89</SimpleData>
            <SimpleData name="Status">Validado (Rua sem rota)</SimpleData>
            <SimpleData name="Bloco">Seg_Qua_Sex</SimpleData>
          </SchemaData>
        </ExtendedData>
        <MultiGeometry>
          <LineString>
            <coordinates>-43.2859128120777,-22.7910837539643,0 -43.2859116,-22.791081,0 -43.2857961,-22.7908104,0 -43.2857684,-22.7907454,0 -43.2856541,-22.7904777,0 -43.2854731,-22.7898817,0 -43.2853819,-22.7895306,0 -43.2853457,-22.7893482,0 -43.2853108,-22.7892116,0 -43.2852918,-22.7889596,0 -43.2852309,-22.7885394,0 -43.2851936,-22.7882552,0</coordinates>
          </LineString>
        </MultiGeometry>
      </Placemark>
      <Placemark id="Ruas_Nenhuma_Rota_Proxima.346">
        <name>Rodovia Washington Luiz - Auxiliar</name>
        <Style>
          <LineStyle>
            <color>ff0000ff</color>
          </LineStyle>
          <PolyStyle>
            <fill>0</fill>
          </PolyStyle>
        </Style>
        <ExtendedData>
          <SchemaData schemaUrl="#Ruas_Nenhuma_Rota_Proxima">
            <SimpleData name="fid">346</SimpleData>
            <SimpleData name="id">Parque_Sarapui.2</SimpleData>
            <SimpleData name="Name">Rodovia Washington Luiz - Auxiliar</SimpleData>
            <SimpleData name="Distrito">1º</SimpleData>
            <SimpleData name="id_trecho">5335</SimpleData>
            <SimpleData name="Extensao_m">105.492708203994</SimpleData>
            <SimpleData name="Bairro_logradouros">Parque Sarapui</SimpleData>
            <SimpleData name="Bairro_rotas"></SimpleData>
            <SimpleData name="Lote">I</SimpleData>
            <SimpleData name="Rota"></SimpleData>
            <SimpleData name="Turno">Noite</SimpleData>
            <SimpleData name="Dias_da_semana">seg,qua,sex</SimpleData>
            <SimpleData name="Hit_Rate">66.67</SimpleData>
            <SimpleData name="Status">Validado (Rua sem rota)</SimpleData>
            <SimpleData name="Bloco">Seg_Qua_Sex</SimpleData>
          </SchemaData>
        </ExtendedData>
        <MultiGeometry>
          <LineString>
            <coordinates>-43.2851936,-22.7882552,0 -43.2851872,-22.788197,0 -43.285118,-22.7873052,0</coordinates>
          </LineString>
        </MultiGeometry>
      </Placemark>
      <Placemark id="Ruas_Nenhuma_Rota_Proxima.347">
        <name>Rodovia Washington Luiz - Auxiliar</name>
        <Style>
          <LineStyle>
            <color>ff0000ff</color>
          </LineStyle>
          <PolyStyle>
            <fill>0</fill>
          </PolyStyle>
        </Style>
        <ExtendedData>
          <SchemaData schemaUrl="#Ruas_Nenhuma_Rota_Proxima">
            <SimpleData name="fid">347</SimpleData>
            <SimpleData name="id">Parque_Sarapui.2</SimpleData>
            <SimpleData name="Name">Rodovia Washington Luiz - Auxiliar</SimpleData>
            <SimpleData name="Distrito">1º</SimpleData>
            <SimpleData name="id_trecho">5340</SimpleData>
            <SimpleData name="Extensao_m">373.768701336434</SimpleData>
            <SimpleData name="Bairro_logradouros">Parque Sarapui</SimpleData>
            <SimpleData name="Bairro_rotas"></SimpleData>
            <SimpleData name="Lote">I</SimpleData>
            <SimpleData name="Rota"></SimpleData>
            <SimpleData name="Turno">Noite</SimpleData>
            <SimpleData name="Dias_da_semana">seg,qua,sex</SimpleData>
            <SimpleData name="Hit_Rate">100</SimpleData>
            <SimpleData name="Status">Validado (Rua sem rota)</SimpleData>
            <SimpleData name="Bloco">Seg_Qua_Sex</SimpleData>
          </SchemaData>
        </ExtendedData>
        <MultiGeometry>
          <LineString>
            <coordinates>-43.2860119,-22.7718294,0 -43.2860296,-22.7713653,0 -43.2860484,-22.7710856,0 -43.2860681,-22.7708678,0 -43.2861006,-22.7704328,0 -43.2861328,-22.7700358,0 -43.2861555,-22.7696547,0 -43.2862267,-22.7684604,0</coordinates>
          </LineString>
        </MultiGeometry>
      </Placemark>
      <Placemark id="Ruas_Nenhuma_Rota_Proxima.348">
        <name>Rua Almirante Grenfall</name>
        <Style>
          <LineStyle>
            <color>ff0000ff</color>
          </LineStyle>
          <PolyStyle>
            <fill>0</fill>
          </PolyStyle>
        </Style>
        <ExtendedData>
          <SchemaData schemaUrl="#Ruas_Nenhuma_Rota_Proxima">
            <SimpleData name="fid">348</SimpleData>
            <SimpleData name="id">Parque_Sarapui.11</SimpleData>
            <SimpleData name="Name">Rua Almirante Grenfall</SimpleData>
            <SimpleData name="Distrito">1º</SimpleData>
            <SimpleData name="id_trecho">5368</SimpleData>
            <SimpleData name="Extensao_m">36.6197738586814</SimpleData>
            <SimpleData name="Bairro_logradouros">Parque Sarapui</SimpleData>
            <SimpleData name="Bairro_rotas"></SimpleData>
            <SimpleData name="Lote">I</SimpleData>
            <SimpleData name="Rota"></SimpleData>
            <SimpleData name="Turno">Noite</SimpleData>
            <SimpleData name="Dias_da_semana">seg,qua,sex</SimpleData>
            <SimpleData name="Hit_Rate">66.67</SimpleData>
            <SimpleData name="Status">Validado (Rua sem rota)</SimpleData>
            <SimpleData name="Bloco">Seg_Qua_Sex</SimpleData>
          </SchemaData>
        </ExtendedData>
        <MultiGeometry>
          <LineString>
            <coordinates>-43.2843078,-22.7884286,0 -43.2843165,-22.7883901,0 -43.2843251,-22.7883562,0 -43.2843417,-22.7883231,0 -43.2843573,-22.7882963,0 -43.2843861,-22.7882535,0 -43.2844745,-22.7881411,0</coordinates>
          </LineString>
        </MultiGeometry>
      </Placemark>
      <Placemark id="Ruas_Nenhuma_Rota_Proxima.349">
        <name>Viaduto Irineu Marinho</name>
        <Style>
          <LineStyle>
            <color>ff0000ff</color>
          </LineStyle>
          <PolyStyle>
            <fill>0</fill>
          </PolyStyle>
        </Style>
        <ExtendedData>
          <SchemaData schemaUrl="#Ruas_Nenhuma_Rota_Proxima">
            <SimpleData name="fid">349</SimpleData>
            <SimpleData name="id">Parque_Sarapui.12</SimpleData>
            <SimpleData name="Name">Viaduto Irineu Marinho</SimpleData>
            <SimpleData name="Distrito">1º</SimpleData>
            <SimpleData name="id_trecho">5376</SimpleData>
            <SimpleData name="Extensao_m">268.079102058181</SimpleData>
            <SimpleData name="Bairro_logradouros">Parque Sarapui</SimpleData>
            <SimpleData name="Bairro_rotas"></SimpleData>
            <SimpleData name="Lote">I</SimpleData>
            <SimpleData name="Rota"></SimpleData>
            <SimpleData name="Turno">Noite</SimpleData>
            <SimpleData name="Dias_da_semana">seg,qua,sex</SimpleData>
            <SimpleData name="Hit_Rate">100</SimpleData>
            <SimpleData name="Status">Validado (Rua sem rota)</SimpleData>
            <SimpleData name="Bloco">Seg_Qua_Sex</SimpleData>
          </SchemaData>
        </ExtendedData>
        <MultiGeometry>
          <LineString>
            <coordinates>-43.2840613644185,-22.7882604429216,0 -43.2840612,-22.7882603,0 -43.2839597,-22.7881694,0 -43.283912,-22.7881213,0 -43.283881,-22.7880852,0 -43.2838556,-22.7880498,0 -43.2838383,-22.7880118,0 -43.2838317,-22.7879886,0 -43.2838252,-22.7879603,0 -43.2838256,-22.7879197,0 -43.2838305,-22.7878829,0 -43.2838399,-22.7878478,0 -43.2838567,-22.7878088,0 -43.2838861,-22.7877664,0 -43.2839911,-22.7876437,0 -43.2846376,-22.7869219,0 -43.2851594485746,-22.7863615062832,0</coordinates>
          </LineString>
        </MultiGeometry>
      </Placemark>
      <Placemark id="Ruas_Nenhuma_Rota_Proxima.350">
        <name>Viaduto Irineu Marinho</name>
        <Style>
          <LineStyle>
            <color>ff0000ff</color>
          </LineStyle>
          <PolyStyle>
            <fill>0</fill>
          </PolyStyle>
        </Style>
        <ExtendedData>
          <SchemaData schemaUrl="#Ruas_Nenhuma_Rota_Proxima">
            <SimpleData name="fid">350</SimpleData>
            <SimpleData name="id">Parque_Sarapui.12</SimpleData>
            <SimpleData name="Name">Viaduto Irineu Marinho</SimpleData>
            <SimpleData name="Distrito">1º</SimpleData>
            <SimpleData name="id_trecho">5381</SimpleData>
            <SimpleData name="Extensao_m">292.45364028349</SimpleData>
            <SimpleData name="Bairro_logradouros">Parque Sarapui</SimpleData>
            <SimpleData name="Bairro_rotas"></SimpleData>
            <SimpleData name="Lote">I</SimpleData>
            <SimpleData name="Rota"></SimpleData>
            <SimpleData name="Turno">Noite</SimpleData>
            <SimpleData name="Dias_da_semana">seg,qua,sex</SimpleData>
            <SimpleData name="Hit_Rate">100</SimpleData>
            <SimpleData name="Status">Validado (Rua sem rota)</SimpleData>
            <SimpleData name="Bloco">Seg_Qua_Sex</SimpleData>
          </SchemaData>
        </ExtendedData>
        <MultiGeometry>
          <LineString>
            <coordinates>-43.2851558080284,-22.7864443935847,0 -43.2846671,-22.7869791,0 -43.2840254,-22.7876915,0 -43.2839393,-22.7877968,0 -43.2839049,-22.7878465,0 -43.2838877,-22.7878855,0 -43.2838838,-22.7879305,0 -43.2838854,-22.7879672,0 -43.2838954,-22.7880007,0 -43.2839153,-22.7880392,0 -43.2839496,-22.7880845,0 -43.2840502,-22.7881822,0 -43.284085,-22.7882078,0 -43.2841227,-22.7882254,0 -43.2841657,-22.7882353,0 -43.2841982,-22.788238,0 -43.2842334,-22.7882358,0 -43.2842677,-22.7882313,0 -43.2843022,-22.7882208,0 -43.2843663,-22.7881914,0 -43.2844745,-22.7881411,0</coordinates>
          </LineString>
        </MultiGeometry>
      </Placemark>
      <Placemark id="Ruas_Nenhuma_Rota_Proxima.351">
        <name>Viaduto Irineu Marinho</name>
        <Style>
          <LineStyle>
            <color>ff0000ff</color>
          </LineStyle>
          <PolyStyle>
            <fill>0</fill>
          </PolyStyle>
        </Style>
        <ExtendedData>
          <SchemaData schemaUrl="#Ruas_Nenhuma_Rota_Proxima">
            <SimpleData name="fid">351</SimpleData>
            <SimpleData name="id">Parque_Sarapui.12</SimpleData>
            <SimpleData name="Name">Viaduto Irineu Marinho</SimpleData>
            <SimpleData name="Distrito">1º</SimpleData>
            <SimpleData name="id_trecho">5382</SimpleData>
            <SimpleData name="Extensao_m">27.9993808191726</SimpleData>
            <SimpleData name="Bairro_logradouros">Parque Sarapui</SimpleData>
            <SimpleData name="Bairro_rotas"></SimpleData>
            <SimpleData name="Lote">I</SimpleData>
            <SimpleData name="Rota"></SimpleData>
            <SimpleData name="Turno">Noite</SimpleData>
            <SimpleData name="Dias_da_semana">seg,qua,sex</SimpleData>
            <SimpleData name="Hit_Rate">66.67</SimpleData>
            <SimpleData name="Status">Validado (Rua sem rota)</SimpleData>
            <SimpleData name="Bloco">Seg_Qua_Sex</SimpleData>
          </SchemaData>
        </ExtendedData>
        <MultiGeometry>
          <LineString>
            <coordinates>-43.2844745,-22.7881411,0 -43.2846948,-22.7879921,0</coordinates>
          </LineString>
        </MultiGeometry>
      </Placemark>
      <Placemark id="Ruas_Nenhuma_Rota_Proxima.352">
        <name>Viaduto Irineu Marinho</name>
        <Style>
          <LineStyle>
            <color>ff0000ff</color>
          </LineStyle>
          <PolyStyle>
            <fill>0</fill>
          </PolyStyle>
        </Style>
        <ExtendedData>
          <SchemaData schemaUrl="#Ruas_Nenhuma_Rota_Proxima">
            <SimpleData name="fid">352</SimpleData>
            <SimpleData name="id">Parque_Sarapui.12</SimpleData>
            <SimpleData name="Name">Viaduto Irineu Marinho</SimpleData>
            <SimpleData name="Distrito">1º</SimpleData>
            <SimpleData name="id_trecho">5383</SimpleData>
            <SimpleData name="Extensao_m">89.3790123545616</SimpleData>
            <SimpleData name="Bairro_logradouros">Parque Sarapui</SimpleData>
            <SimpleData name="Bairro_rotas"></SimpleData>
            <SimpleData name="Lote">I</SimpleData>
            <SimpleData name="Rota"></SimpleData>
            <SimpleData name="Turno">Noite</SimpleData>
            <SimpleData name="Dias_da_semana">seg,qua,sex</SimpleData>
            <SimpleData name="Hit_Rate">88.89</SimpleData>
            <SimpleData name="Status">Validado (Rua sem rota)</SimpleData>
            <SimpleData name="Bloco">Seg_Qua_Sex</SimpleData>
          </SchemaData>
        </ExtendedData>
        <MultiGeometry>
          <LineString>
            <coordinates>-43.2846948,-22.7879921,0 -43.2847758,-22.787918,0 -43.2848589,-22.7878398,0 -43.2849473,-22.787723,0 -43.2850129,-22.7876151,0 -43.285066,-22.7874849,0 -43.285118,-22.7873052,0</coordinates>
          </LineString>
        </MultiGeometry>
      </Placemark>
      <Placemark id="Ruas_Nenhuma_Rota_Proxima.353">
        <name>Rua Tenente Enéas Galvão (Canal Cabloco)</name>
        <Style>
          <LineStyle>
            <color>ff0000ff</color>
          </LineStyle>
          <PolyStyle>
            <fill>0</fill>
          </PolyStyle>
        </Style>
        <ExtendedData>
          <SchemaData schemaUrl="#Ruas_Nenhuma_Rota_Proxima">
            <SimpleData name="fid">353</SimpleData>
            <SimpleData name="id">Bar_dos_Cavalheiros.144</SimpleData>
            <SimpleData name="Name">Rua Tenente Enéas Galvão (Canal Cabloco)</SimpleData>
            <SimpleData name="Distrito">1º</SimpleData>
            <SimpleData name="id_trecho">613</SimpleData>
            <SimpleData name="Extensao_m">62.4732444022607</SimpleData>
            <SimpleData name="Bairro_logradouros">Bar dos Cavalheiros</SimpleData>
            <SimpleData name="Bairro_rotas"></SimpleData>
            <SimpleData name="Lote">I</SimpleData>
            <SimpleData name="Rota"></SimpleData>
            <SimpleData name="Turno">Manhã</SimpleData>
            <SimpleData name="Dias_da_semana">ter,qui,sab</SimpleData>
            <SimpleData name="Hit_Rate">100</SimpleData>
            <SimpleData name="Status">Validado (Rua sem rota)</SimpleData>
            <SimpleData name="Bloco">Ter_Qui_Sab</SimpleData>
          </SchemaData>
        </ExtendedData>
        <MultiGeometry>
          <LineString>
            <coordinates>-43.3109984,-22.797867,0 -43.3109312,-22.798143,0 -43.3108547,-22.7984151,0</coordinates>
          </LineString>
        </MultiGeometry>
      </Placemark>
      <Placemark id="Ruas_Nenhuma_Rota_Proxima.354">
        <name>Rua André Rebouças</name>
        <Style>
          <LineStyle>
            <color>ff0000ff</color>
          </LineStyle>
          <PolyStyle>
            <fill>0</fill>
          </PolyStyle>
        </Style>
        <ExtendedData>
          <SchemaData schemaUrl="#Ruas_Nenhuma_Rota_Proxima">
            <SimpleData name="fid">354</SimpleData>
            <SimpleData name="id">Centro.92</SimpleData>
            <SimpleData name="Name">Rua André Rebouças</SimpleData>
            <SimpleData name="Distrito">1º</SimpleData>
            <SimpleData name="id_trecho">1047</SimpleData>
            <SimpleData name="Extensao_m">27.2874104168908</SimpleData>
            <SimpleData name="Bairro_logradouros">Centro</SimpleData>
            <SimpleData name="Bairro_rotas"></SimpleData>
            <SimpleData name="Lote">I</SimpleData>
            <SimpleData name="Rota"></SimpleData>
            <SimpleData name="Turno">Manhã</SimpleData>
            <SimpleData name="Dias_da_semana">ter,qui,sab</SimpleData>
            <SimpleData name="Hit_Rate">66.67</SimpleData>
            <SimpleData name="Status">Validado (Rua sem rota)</SimpleData>
            <SimpleData name="Bloco">Ter_Qui_Sab</SimpleData>
          </SchemaData>
        </ExtendedData>
        <MultiGeometry>
          <LineString>
            <coordinates>-43.3127048,-22.7879664,0 -43.3128529,-22.7878689,0 -43.312917,-22.7878184,0</coordinates>
          </LineString>
        </MultiGeometry>
      </Placemark>
      <Placemark id="Ruas_Nenhuma_Rota_Proxima.355">
        <name>Rua André Rebouças</name>
        <Style>
          <LineStyle>
            <color>ff0000ff</color>
          </LineStyle>
          <PolyStyle>
            <fill>0</fill>
          </PolyStyle>
        </Style>
        <ExtendedData>
          <SchemaData schemaUrl="#Ruas_Nenhuma_Rota_Proxima">
            <SimpleData name="fid">355</SimpleData>
            <SimpleData name="id">Centro.92</SimpleData>
            <SimpleData name="Name">Rua André Rebouças</SimpleData>
            <SimpleData name="Distrito">1º</SimpleData>
            <SimpleData name="id_trecho">1050</SimpleData>
            <SimpleData name="Extensao_m">33.8763367903875</SimpleData>
            <SimpleData name="Bairro_logradouros">Centro</SimpleData>
            <SimpleData name="Bairro_rotas"></SimpleData>
            <SimpleData name="Lote">I</SimpleData>
            <SimpleData name="Rota"></SimpleData>
            <SimpleData name="Turno">Manhã</SimpleData>
            <SimpleData name="Dias_da_semana">ter,qui,sab</SimpleData>
            <SimpleData name="Hit_Rate">100</SimpleData>
            <SimpleData name="Status">Validado (Rua sem rota)</SimpleData>
            <SimpleData name="Bloco">Ter_Qui_Sab</SimpleData>
          </SchemaData>
        </ExtendedData>
        <MultiGeometry>
          <LineString>
            <coordinates>-43.3123751,-22.7879772,0 -43.3125804,-22.7879716,0 -43.3127048,-22.7879664,0</coordinates>
          </LineString>
        </MultiGeometry>
      </Placemark>
      <Placemark id="Ruas_Nenhuma_Rota_Proxima.356">
        <name>Rua Bento Gonçalves</name>
        <Style>
          <LineStyle>
            <color>ff0000ff</color>
          </LineStyle>
          <PolyStyle>
            <fill>0</fill>
          </PolyStyle>
        </Style>
        <ExtendedData>
          <SchemaData schemaUrl="#Ruas_Nenhuma_Rota_Proxima">
            <SimpleData name="fid">356</SimpleData>
            <SimpleData name="id">Centro.39</SimpleData>
            <SimpleData name="Name">Rua Bento Gonçalves</SimpleData>
            <SimpleData name="Distrito">1º</SimpleData>
            <SimpleData name="id_trecho">1071</SimpleData>
            <SimpleData name="Extensao_m">70.8383247475709</SimpleData>
            <SimpleData name="Bairro_logradouros">Centro</SimpleData>
            <SimpleData name="Bairro_rotas"></SimpleData>
            <SimpleData name="Lote">I</SimpleData>
            <SimpleData name="Rota"></SimpleData>
            <SimpleData name="Turno">Manhã</SimpleData>
            <SimpleData name="Dias_da_semana">ter,qui,sab</SimpleData>
            <SimpleData name="Hit_Rate">88.89</SimpleData>
            <SimpleData name="Status">Validado (Rua sem rota)</SimpleData>
            <SimpleData name="Bloco">Ter_Qui_Sab</SimpleData>
          </SchemaData>
        </ExtendedData>
        <MultiGeometry>
          <LineString>
            <coordinates>-43.309755,-22.7909511,0 -43.3103691,-22.7912426,0</coordinates>
          </LineString>
        </MultiGeometry>
      </Placemark>
      <Placemark id="Ruas_Nenhuma_Rota_Proxima.357">
        <name>Rua Doutor Lauro Neiva</name>
        <Style>
          <LineStyle>
            <color>ff0000ff</color>
          </LineStyle>
          <PolyStyle>
            <fill>0</fill>
          </PolyStyle>
        </Style>
        <ExtendedData>
          <SchemaData schemaUrl="#Ruas_Nenhuma_Rota_Proxima">
            <SimpleData name="fid">357</SimpleData>
            <SimpleData name="id">Centro.88</SimpleData>
            <SimpleData name="Name">Rua Doutor Lauro Neiva</SimpleData>
            <SimpleData name="Distrito">1º</SimpleData>
            <SimpleData name="id_trecho">1135</SimpleData>
            <SimpleData name="Extensao_m">103.131579462735</SimpleData>
            <SimpleData name="Bairro_logradouros">Centro</SimpleData>
            <SimpleData name="Bairro_rotas"></SimpleData>
            <SimpleData name="Lote">I</SimpleData>
            <SimpleData name="Rota"></SimpleData>
            <SimpleData name="Turno">Manhã</SimpleData>
            <SimpleData name="Dias_da_semana">ter,qui,sab</SimpleData>
            <SimpleData name="Hit_Rate">66.67</SimpleData>
            <SimpleData name="Status">Validado (Rua sem rota)</SimpleData>
            <SimpleData name="Bloco">Ter_Qui_Sab</SimpleData>
          </SchemaData>
        </ExtendedData>
        <MultiGeometry>
          <LineString>
            <coordinates>-43.3084452,-22.7929941,0 -43.3083653,-22.792874,0 -43.3079182,-22.7922013,0</coordinates>
          </LineString>
        </MultiGeometry>
      </Placemark>
      <Placemark id="Ruas_Nenhuma_Rota_Proxima.358">
        <name>Rua Manoel Correia</name>
        <Style>
          <LineStyle>
            <color>ff0000ff</color>
          </LineStyle>
          <PolyStyle>
            <fill>0</fill>
          </PolyStyle>
        </Style>
        <ExtendedData>
          <SchemaData schemaUrl="#Ruas_Nenhuma_Rota_Proxima">
            <SimpleData name="fid">358</SimpleData>
            <SimpleData name="id">Centro.33</SimpleData>
            <SimpleData name="Name">Rua Manoel Correia</SimpleData>
            <SimpleData name="Distrito">1º</SimpleData>
            <SimpleData name="id_trecho">1214</SimpleData>
            <SimpleData name="Extensao_m">25.9344146790603</SimpleData>
            <SimpleData name="Bairro_logradouros">Centro</SimpleData>
            <SimpleData name="Bairro_rotas"></SimpleData>
            <SimpleData name="Lote">I</SimpleData>
            <SimpleData name="Rota"></SimpleData>
            <SimpleData name="Turno">Manhã</SimpleData>
            <SimpleData name="Dias_da_semana">ter,qui,sab</SimpleData>
            <SimpleData name="Hit_Rate">88.89</SimpleData>
            <SimpleData name="Status">Validado (Rua sem rota)</SimpleData>
            <SimpleData name="Bloco">Ter_Qui_Sab</SimpleData>
          </SchemaData>
        </ExtendedData>
        <MultiGeometry>
          <LineString>
            <coordinates>-43.3098945,-22.7864023,0 -43.3098368,-22.7864282,0 -43.3097564,-22.7864517,0 -43.3096531,-22.7864641,0</coordinates>
          </LineString>
        </MultiGeometry>
      </Placemark>
      <Placemark id="Ruas_Nenhuma_Rota_Proxima.359">
        <name>Rua Nobre de Lacerda</name>
        <Style>
          <LineStyle>
            <color>ff0000ff</color>
          </LineStyle>
          <PolyStyle>
            <fill>0</fill>
          </PolyStyle>
        </Style>
        <ExtendedData>
          <SchemaData schemaUrl="#Ruas_Nenhuma_Rota_Proxima">
            <SimpleData name="fid">359</SimpleData>
            <SimpleData name="id">Centro.18</SimpleData>
            <SimpleData name="Name">Rua Nobre de Lacerda</SimpleData>
            <SimpleData name="Distrito">1º</SimpleData>
            <SimpleData name="id_trecho">1235</SimpleData>
            <SimpleData name="Extensao_m">155.486331721813</SimpleData>
            <SimpleData name="Bairro_logradouros">Centro</SimpleData>
            <SimpleData name="Bairro_rotas"></SimpleData>
            <SimpleData name="Lote">I</SimpleData>
            <SimpleData name="Rota"></SimpleData>
            <SimpleData name="Turno">Manhã</SimpleData>
            <SimpleData name="Dias_da_semana">ter,qui,sab</SimpleData>
            <SimpleData name="Hit_Rate">100</SimpleData>
            <SimpleData name="Status">Validado (Rua sem rota)</SimpleData>
            <SimpleData name="Bloco">Ter_Qui_Sab</SimpleData>
          </SchemaData>
        </ExtendedData>
        <MultiGeometry>
          <LineString>
            <coordinates>-43.3157243,-22.7898519,0 -43.3151193,-22.7890322,0 -43.3148691,-22.7886932,0</coordinates>
          </LineString>
        </MultiGeometry>
      </Placemark>
      <Placemark id="Ruas_Nenhuma_Rota_Proxima.360">
        <name>Rua Paulo Lins</name>
        <Style>
          <LineStyle>
            <color>ff0000ff</color>
          </LineStyle>
          <PolyStyle>
            <fill>0</fill>
          </PolyStyle>
        </Style>
        <ExtendedData>
          <SchemaData schemaUrl="#Ruas_Nenhuma_Rota_Proxima">
            <SimpleData name="fid">360</SimpleData>
            <SimpleData name="id">Centro.86</SimpleData>
            <SimpleData name="Name">Rua Paulo Lins</SimpleData>
            <SimpleData name="Distrito">1º</SimpleData>
            <SimpleData name="id_trecho">1266</SimpleData>
            <SimpleData name="Extensao_m">84.5629779591901</SimpleData>
            <SimpleData name="Bairro_logradouros">Centro</SimpleData>
            <SimpleData name="Bairro_rotas"></SimpleData>
            <SimpleData name="Lote">I</SimpleData>
            <SimpleData name="Rota"></SimpleData>
            <SimpleData name="Turno">Manhã</SimpleData>
            <SimpleData name="Dias_da_semana">ter,qui,sab</SimpleData>
            <SimpleData name="Hit_Rate">77.78</SimpleData>
            <SimpleData name="Status">Validado (Rua sem rota)</SimpleData>
            <SimpleData name="Bloco">Ter_Qui_Sab</SimpleData>
          </SchemaData>
        </ExtendedData>
        <MultiGeometry>
          <LineString>
            <coordinates>-43.308459,-22.7907372,0 -43.3082712,-22.7905208,0 -43.3080539,-22.7902851,0 -43.307998,-22.7902301,0 -43.3079519,-22.7902001,0 -43.3079005,-22.7901946,0</coordinates>
          </LineString>
        </MultiGeometry>
      </Placemark>
      <Placemark id="Ruas_Nenhuma_Rota_Proxima.361">
        <name>SN</name>
        <Style>
          <LineStyle>
            <color>ff0000ff</color>
          </LineStyle>
          <PolyStyle>
            <fill>0</fill>
          </PolyStyle>
        </Style>
        <ExtendedData>
          <SchemaData schemaUrl="#Ruas_Nenhuma_Rota_Proxima">
            <SimpleData name="fid">361</SimpleData>
            <SimpleData name="id">Centro.110</SimpleData>
            <SimpleData name="Name">SN</SimpleData>
            <SimpleData name="Distrito">1º</SimpleData>
            <SimpleData name="id_trecho">1381</SimpleData>
            <SimpleData name="Extensao_m">60.4680714721246</SimpleData>
            <SimpleData name="Bairro_logradouros">Centro</SimpleData>
            <SimpleData name="Bairro_rotas"></SimpleData>
            <SimpleData name="Lote">I</SimpleData>
            <SimpleData name="Rota"></SimpleData>
            <SimpleData name="Turno">Manhã</SimpleData>
            <SimpleData name="Dias_da_semana">ter,qui,sab</SimpleData>
            <SimpleData name="Hit_Rate">66.67</SimpleData>
            <SimpleData name="Status">Validado (Rua sem rota)</SimpleData>
            <SimpleData name="Bloco">Ter_Qui_Sab</SimpleData>
          </SchemaData>
        </ExtendedData>
        <MultiGeometry>
          <LineString>
            <coordinates>-43.3137509,-22.7916101,0 -43.3133793,-22.7920337,0</coordinates>
          </LineString>
        </MultiGeometry>
      </Placemark>
      <Placemark id="Ruas_Nenhuma_Rota_Proxima.362">
        <name>SN</name>
        <Style>
          <LineStyle>
            <color>ff0000ff</color>
          </LineStyle>
          <PolyStyle>
            <fill>0</fill>
          </PolyStyle>
        </Style>
        <ExtendedData>
          <SchemaData schemaUrl="#Ruas_Nenhuma_Rota_Proxima">
            <SimpleData name="fid">362</SimpleData>
            <SimpleData name="id">Centro.148</SimpleData>
            <SimpleData name="Name">SN</SimpleData>
            <SimpleData name="Distrito">1º</SimpleData>
            <SimpleData name="id_trecho">1388</SimpleData>
            <SimpleData name="Extensao_m">60.0056555625302</SimpleData>
            <SimpleData name="Bairro_logradouros">Centro</SimpleData>
            <SimpleData name="Bairro_rotas"></SimpleData>
            <SimpleData name="Lote">I</SimpleData>
            <SimpleData name="Rota"></SimpleData>
            <SimpleData name="Turno">Manhã</SimpleData>
            <SimpleData name="Dias_da_semana">ter,qui,sab</SimpleData>
            <SimpleData name="Hit_Rate">88.89</SimpleData>
            <SimpleData name="Status">Validado (Rua sem rota)</SimpleData>
            <SimpleData name="Bloco">Ter_Qui_Sab</SimpleData>
          </SchemaData>
        </ExtendedData>
        <MultiGeometry>
          <LineString>
            <coordinates>-43.3051752,-22.7982098,0 -43.3051866,-22.7982525,0 -43.3052034,-22.7982853,0 -43.30523,-22.7983103,0 -43.3052582,-22.7983275,0 -43.3052952,-22.79834,0 -43.3053455,-22.7983496,0 -43.3054146,-22.7983579,0 -43.3056803,-22.7983638,0</coordinates>
          </LineString>
        </MultiGeometry>
      </Placemark>
      <Placemark id="Ruas_Nenhuma_Rota_Proxima.363">
        <name>Rua Joaquim José Soares</name>
        <Style>
          <LineStyle>
            <color>ff0000ff</color>
          </LineStyle>
          <PolyStyle>
            <fill>0</fill>
          </PolyStyle>
        </Style>
        <ExtendedData>
          <SchemaData schemaUrl="#Ruas_Nenhuma_Rota_Proxima">
            <SimpleData name="fid">363</SimpleData>
            <SimpleData name="id">Gramacho.16</SimpleData>
            <SimpleData name="Name">Rua Joaquim José Soares</SimpleData>
            <SimpleData name="Distrito">1º</SimpleData>
            <SimpleData name="id_trecho">2558</SimpleData>
            <SimpleData name="Extensao_m">557.459839218747</SimpleData>
            <SimpleData name="Bairro_logradouros">Gramacho</SimpleData>
            <SimpleData name="Bairro_rotas"></SimpleData>
            <SimpleData name="Lote">I</SimpleData>
            <SimpleData name="Rota"></SimpleData>
            <SimpleData name="Turno">Manhã</SimpleData>
            <SimpleData name="Dias_da_semana">ter,qui,sab</SimpleData>
            <SimpleData name="Hit_Rate">100</SimpleData>
            <SimpleData name="Status">Validado (Rua sem rota)</SimpleData>
            <SimpleData name="Bloco">Ter_Qui_Sab</SimpleData>
          </SchemaData>
        </ExtendedData>
        <MultiGeometry>
          <LineString>
            <coordinates>-43.30486,-22.7586464,0 -43.3048727,-22.7585474,0 -43.3048908,-22.7584361,0 -43.3049344,-22.7582395,0 -43.3055386,-22.755776,0 -43.3060767,-22.7537418,0</coordinates>
          </LineString>
        </MultiGeometry>
      </Placemark>
      <Placemark id="Ruas_Nenhuma_Rota_Proxima.364">
        <name>Rodovia Washington Luiz - Auxiliar</name>
        <Style>
          <LineStyle>
            <color>ff0000ff</color>
          </LineStyle>
          <PolyStyle>
            <fill>0</fill>
          </PolyStyle>
        </Style>
        <ExtendedData>
          <SchemaData schemaUrl="#Ruas_Nenhuma_Rota_Proxima">
            <SimpleData name="fid">364</SimpleData>
            <SimpleData name="id">Parque_Duque.174</SimpleData>
            <SimpleData name="Name">Rodovia Washington Luiz - Auxiliar</SimpleData>
            <SimpleData name="Distrito">1º</SimpleData>
            <SimpleData name="id_trecho">3957</SimpleData>
            <SimpleData name="Extensao_m">99.9391507426293</SimpleData>
            <SimpleData name="Bairro_logradouros">Parque Duque</SimpleData>
            <SimpleData name="Bairro_rotas"></SimpleData>
            <SimpleData name="Lote">I</SimpleData>
            <SimpleData name="Rota"></SimpleData>
            <SimpleData name="Turno">Manhã</SimpleData>
            <SimpleData name="Dias_da_semana">ter,qui,sab</SimpleData>
            <SimpleData name="Hit_Rate">100</SimpleData>
            <SimpleData name="Status">Validado (Rua sem rota)</SimpleData>
            <SimpleData name="Bloco">Ter_Qui_Sab</SimpleData>
          </SchemaData>
        </ExtendedData>
        <MultiGeometry>
          <LineString>
            <coordinates>-43.2858453,-22.7826567,0 -43.2858319,-22.7829608,0 -43.2858029,-22.7835583,0</coordinates>
          </LineString>
        </MultiGeometry>
      </Placemark>
      <Placemark id="Ruas_Nenhuma_Rota_Proxima.365">
        <name>Rodovia Washington Luiz - Auxiliar</name>
        <Style>
          <LineStyle>
            <color>ff0000ff</color>
          </LineStyle>
          <PolyStyle>
            <fill>0</fill>
          </PolyStyle>
        </Style>
        <ExtendedData>
          <SchemaData schemaUrl="#Ruas_Nenhuma_Rota_Proxima">
            <SimpleData name="fid">365</SimpleData>
            <SimpleData name="id">Parque_Duque.174</SimpleData>
            <SimpleData name="Name">Rodovia Washington Luiz - Auxiliar</SimpleData>
            <SimpleData name="Distrito">1º</SimpleData>
            <SimpleData name="id_trecho">3958</SimpleData>
            <SimpleData name="Extensao_m">80.8624025606102</SimpleData>
            <SimpleData name="Bairro_logradouros">Parque Duque</SimpleData>
            <SimpleData name="Bairro_rotas"></SimpleData>
            <SimpleData name="Lote">I</SimpleData>
            <SimpleData name="Rota"></SimpleData>
            <SimpleData name="Turno">Manhã</SimpleData>
            <SimpleData name="Dias_da_semana">ter,qui,sab</SimpleData>
            <SimpleData name="Hit_Rate">88.89</SimpleData>
            <SimpleData name="Status">Validado (Rua sem rota)</SimpleData>
            <SimpleData name="Bloco">Ter_Qui_Sab</SimpleData>
          </SchemaData>
        </ExtendedData>
        <MultiGeometry>
          <LineString>
            <coordinates>-43.2858029,-22.7835583,0 -43.2857533,-22.7841682,0 -43.2857448,-22.7842865,0</coordinates>
          </LineString>
        </MultiGeometry>
      </Placemark>
      <Placemark id="Ruas_Nenhuma_Rota_Proxima.366">
        <name>Rodovia Washington Luiz - Auxiliar</name>
        <Style>
          <LineStyle>
            <color>ff0000ff</color>
          </LineStyle>
          <PolyStyle>
            <fill>0</fill>
          </PolyStyle>
        </Style>
        <ExtendedData>
          <SchemaData schemaUrl="#Ruas_Nenhuma_Rota_Proxima">
            <SimpleData name="fid">366</SimpleData>
            <SimpleData name="id">Parque_Duque.174</SimpleData>
            <SimpleData name="Name">Rodovia Washington Luiz - Auxiliar</SimpleData>
            <SimpleData name="Distrito">1º</SimpleData>
            <SimpleData name="id_trecho">3959</SimpleData>
            <SimpleData name="Extensao_m">88.1065250956482</SimpleData>
            <SimpleData name="Bairro_logradouros">Parque Duque</SimpleData>
            <SimpleData name="Bairro_rotas"></SimpleData>
            <SimpleData name="Lote">I</SimpleData>
            <SimpleData name="Rota"></SimpleData>
            <SimpleData name="Turno">Manhã</SimpleData>
            <SimpleData name="Dias_da_semana">ter,qui,sab</SimpleData>
            <SimpleData name="Hit_Rate">66.67</SimpleData>
            <SimpleData name="Status">Validado (Rua sem rota)</SimpleData>
            <SimpleData name="Bloco">Ter_Qui_Sab</SimpleData>
          </SchemaData>
        </ExtendedData>
        <MultiGeometry>
          <LineString>
            <coordinates>-43.2857448,-22.7842865,0 -43.2857038,-22.7850812,0</coordinates>
          </LineString>
        </MultiGeometry>
      </Placemark>
      <Placemark id="Ruas_Nenhuma_Rota_Proxima.367">
        <name>Rodovia Washington Luiz - Auxiliar</name>
        <Style>
          <LineStyle>
            <color>ff0000ff</color>
          </LineStyle>
          <PolyStyle>
            <fill>0</fill>
          </PolyStyle>
        </Style>
        <ExtendedData>
          <SchemaData schemaUrl="#Ruas_Nenhuma_Rota_Proxima">
            <SimpleData name="fid">367</SimpleData>
            <SimpleData name="id">Parque_Duque.174</SimpleData>
            <SimpleData name="Name">Rodovia Washington Luiz - Auxiliar</SimpleData>
            <SimpleData name="Distrito">1º</SimpleData>
            <SimpleData name="id_trecho">3962</SimpleData>
            <SimpleData name="Extensao_m">428.23847683298</SimpleData>
            <SimpleData name="Bairro_logradouros">Parque Duque</SimpleData>
            <SimpleData name="Bairro_rotas"></SimpleData>
            <SimpleData name="Lote">I</SimpleData>
            <SimpleData name="Rota"></SimpleData>
            <SimpleData name="Turno">Manhã</SimpleData>
            <SimpleData name="Dias_da_semana">ter,qui,sab</SimpleData>
            <SimpleData name="Hit_Rate">66.67</SimpleData>
            <SimpleData name="Status">Validado (Rua sem rota)</SimpleData>
            <SimpleData name="Bloco">Ter_Qui_Sab</SimpleData>
          </SchemaData>
        </ExtendedData>
        <MultiGeometry>
          <LineString>
            <coordinates>-43.2856525826846,-22.7859008567401,0 -43.2856281,-22.7864194,0 -43.2856034,-22.7868211,0 -43.2855894,-22.7872636,0 -43.2856076,-22.7876649,0 -43.2856426,-22.7880604,0 -43.2856783,-22.7884673,0 -43.2857006,-22.7886088,0 -43.2857679,-22.7890172,0 -43.2858604,-22.7894487,0 -43.2858989,-22.7896306,0 -43.2859103,-22.7896884,0 -43.2859255,-22.7897426,0</coordinates>
          </LineString>
        </MultiGeometry>
      </Placemark>
      <Placemark id="Ruas_Nenhuma_Rota_Proxima.368">
        <name>Rodovia Washington Luiz - Auxiliar</name>
        <Style>
          <LineStyle>
            <color>ff0000ff</color>
          </LineStyle>
          <PolyStyle>
            <fill>0</fill>
          </PolyStyle>
        </Style>
        <ExtendedData>
          <SchemaData schemaUrl="#Ruas_Nenhuma_Rota_Proxima">
            <SimpleData name="fid">368</SimpleData>
            <SimpleData name="id">Parque_Duque.174</SimpleData>
            <SimpleData name="Name">Rodovia Washington Luiz - Auxiliar</SimpleData>
            <SimpleData name="Distrito">1º</SimpleData>
            <SimpleData name="id_trecho">3969</SimpleData>
            <SimpleData name="Extensao_m">91.9781986357868</SimpleData>
            <SimpleData name="Bairro_logradouros">Parque Duque</SimpleData>
            <SimpleData name="Bairro_rotas"></SimpleData>
            <SimpleData name="Lote">I</SimpleData>
            <SimpleData name="Rota"></SimpleData>
            <SimpleData name="Turno">Manhã</SimpleData>
            <SimpleData name="Dias_da_semana">ter,qui,sab</SimpleData>
            <SimpleData name="Hit_Rate">66.67</SimpleData>
            <SimpleData name="Status">Validado (Rua sem rota)</SimpleData>
            <SimpleData name="Bloco">Ter_Qui_Sab</SimpleData>
          </SchemaData>
        </ExtendedData>
        <MultiGeometry>
          <LineString>
            <coordinates>-43.2887916,-22.7957037,0 -43.2889183,-22.7959374,0 -43.2890403,-22.7961883,0 -43.2891793148126,-22.7964523030116,0</coordinates>
          </LineString>
        </MultiGeometry>
      </Placemark>
      <Placemark id="Ruas_Nenhuma_Rota_Proxima.369">
        <name>Rua Almeida Braga</name>
        <Style>
          <LineStyle>
            <color>ff0000ff</color>
          </LineStyle>
          <PolyStyle>
            <fill>0</fill>
          </PolyStyle>
        </Style>
        <ExtendedData>
          <SchemaData schemaUrl="#Ruas_Nenhuma_Rota_Proxima">
            <SimpleData name="fid">369</SimpleData>
            <SimpleData name="id">Parque_Duque.157</SimpleData>
            <SimpleData name="Name">Rua Almeida Braga</SimpleData>
            <SimpleData name="Distrito">1º</SimpleData>
            <SimpleData name="id_trecho">4040</SimpleData>
            <SimpleData name="Extensao_m">67.1496488166049</SimpleData>
            <SimpleData name="Bairro_logradouros">Parque Duque</SimpleData>
            <SimpleData name="Bairro_rotas"></SimpleData>
            <SimpleData name="Lote">I</SimpleData>
            <SimpleData name="Rota"></SimpleData>
            <SimpleData name="Turno">Manhã</SimpleData>
            <SimpleData name="Dias_da_semana">ter,qui,sab</SimpleData>
            <SimpleData name="Hit_Rate">100</SimpleData>
            <SimpleData name="Status">Validado (Rua sem rota)</SimpleData>
            <SimpleData name="Bloco">Ter_Qui_Sab</SimpleData>
          </SchemaData>
        </ExtendedData>
        <MultiGeometry>
          <LineString>
            <coordinates>-43.2926134133689,-22.8015023542616,0 -43.2925738,-22.8015359,0 -43.2924325,-22.8016036,0 -43.2922107,-22.8016492,0 -43.2919975,-22.8016677,0</coordinates>
          </LineString>
        </MultiGeometry>
      </Placemark>
      <Placemark id="Ruas_Nenhuma_Rota_Proxima.370">
        <name>Viaduto Irineu Marinho</name>
        <Style>
          <LineStyle>
            <color>ff0000ff</color>
          </LineStyle>
          <PolyStyle>
            <fill>0</fill>
          </PolyStyle>
        </Style>
        <ExtendedData>
          <SchemaData schemaUrl="#Ruas_Nenhuma_Rota_Proxima">
            <SimpleData name="fid">370</SimpleData>
            <SimpleData name="id">Parque_Duque.141</SimpleData>
            <SimpleData name="Name">Viaduto Irineu Marinho</SimpleData>
            <SimpleData name="Distrito">1º</SimpleData>
            <SimpleData name="id_trecho">4672</SimpleData>
            <SimpleData name="Extensao_m">210.470369955973</SimpleData>
            <SimpleData name="Bairro_logradouros">Parque Duque</SimpleData>
            <SimpleData name="Bairro_rotas"></SimpleData>
            <SimpleData name="Lote">I</SimpleData>
            <SimpleData name="Rota"></SimpleData>
            <SimpleData name="Turno">Manhã</SimpleData>
            <SimpleData name="Dias_da_semana">ter,qui,sab</SimpleData>
            <SimpleData name="Hit_Rate">100</SimpleData>
            <SimpleData name="Status">Validado (Rua sem rota)</SimpleData>
            <SimpleData name="Bloco">Ter_Qui_Sab</SimpleData>
          </SchemaData>
        </ExtendedData>
        <MultiGeometry>
          <LineString>
            <coordinates>-43.2857448,-22.7842865,0 -43.2857733,-22.7844499,0 -43.2858499,-22.7845674,0 -43.2859699,-22.7847053,0 -43.2860906,-22.7848314,0 -43.2861489,-22.7849247,0 -43.2861784,-22.784994,0 -43.2861898,-22.7850737,0 -43.2861851,-22.7851621,0 -43.2861623,-22.7852573,0 -43.2861348,-22.7853229,0 -43.2860785,-22.7854218,0 -43.285943,-22.7855831,0 -43.2856525826846,-22.7859008567401,0</coordinates>
          </LineString>
        </MultiGeometry>
      </Placemark>
      <Placemark id="Ruas_Nenhuma_Rota_Proxima.371">
        <name>Viaduto Irineu Marinho</name>
        <Style>
          <LineStyle>
            <color>ff0000ff</color>
          </LineStyle>
          <PolyStyle>
            <fill>0</fill>
          </PolyStyle>
        </Style>
        <ExtendedData>
          <SchemaData schemaUrl="#Ruas_Nenhuma_Rota_Proxima">
            <SimpleData name="fid">371</SimpleData>
            <SimpleData name="id">Parque_Duque.141</SimpleData>
            <SimpleData name="Name">Viaduto Irineu Marinho</SimpleData>
            <SimpleData name="Distrito">1º</SimpleData>
            <SimpleData name="id_trecho">4677</SimpleData>
            <SimpleData name="Extensao_m">176.681141555377</SimpleData>
            <SimpleData name="Bairro_logradouros">Parque Duque</SimpleData>
            <SimpleData name="Bairro_rotas"></SimpleData>
            <SimpleData name="Lote">I</SimpleData>
            <SimpleData name="Rota"></SimpleData>
            <SimpleData name="Turno">Manhã</SimpleData>
            <SimpleData name="Dias_da_semana">ter,qui,sab</SimpleData>
            <SimpleData name="Hit_Rate">88.89</SimpleData>
            <SimpleData name="Status">Validado (Rua sem rota)</SimpleData>
            <SimpleData name="Bloco">Ter_Qui_Sab</SimpleData>
          </SchemaData>
        </ExtendedData>
        <MultiGeometry>
          <LineString>
            <coordinates>-43.285656010156,-22.7858282628964,0 -43.2859223,-22.7855423,0 -43.2860295,-22.7854057,0 -43.2860832,-22.7853216,0 -43.2861154,-22.7852351,0 -43.2861315,-22.7851325,0 -43.2861194,-22.7850261,0 -43.2860899,-22.7849507,0 -43.286047,-22.7848951,0 -43.285988,-22.7848555,0 -43.2859075,-22.7848357,0 -43.2858203,-22.7848444,0 -43.2857801,-22.7848629,0 -43.2857479,-22.7849049,0 -43.2857038,-22.7850812,0</coordinates>
          </LineString>
        </MultiGeometry>
      </Placemark>
      <Placemark id="Ruas_Nenhuma_Rota_Proxima.372">
        <name>Avenida Governador Leonel de Moura Brizola (Via Marginal)</name>
        <Style>
          <LineStyle>
            <color>ff0000ff</color>
          </LineStyle>
          <PolyStyle>
            <fill>0</fill>
          </PolyStyle>
        </Style>
        <ExtendedData>
          <SchemaData schemaUrl="#Ruas_Nenhuma_Rota_Proxima">
            <SimpleData name="fid">372</SimpleData>
            <SimpleData name="id">Parque_Fluminense.185</SimpleData>
            <SimpleData name="Name">Avenida Governador Leonel de Moura Brizola (Via Marginal)</SimpleData>
            <SimpleData name="Distrito">2º</SimpleData>
            <SimpleData name="id_trecho">4742</SimpleData>
            <SimpleData name="Extensao_m">123.568672346681</SimpleData>
            <SimpleData name="Bairro_logradouros">Parque Fluminense</SimpleData>
            <SimpleData name="Bairro_rotas"></SimpleData>
            <SimpleData name="Lote">I</SimpleData>
            <SimpleData name="Rota"></SimpleData>
            <SimpleData name="Turno">Manhã</SimpleData>
            <SimpleData name="Dias_da_semana">ter,qui,sab</SimpleData>
            <SimpleData name="Hit_Rate">88.89</SimpleData>
            <SimpleData name="Status">Validado (Rua sem rota)</SimpleData>
            <SimpleData name="Bloco">Ter_Qui_Sab</SimpleData>
          </SchemaData>
        </ExtendedData>
        <MultiGeometry>
          <LineString>
            <coordinates>-43.3210188,-22.7203665,0 -43.3220808,-22.7198426,0</coordinates>
          </LineString>
        </MultiGeometry>
      </Placemark>
      <Placemark id="Ruas_Nenhuma_Rota_Proxima.373">
        <name>Rua Campo Grande</name>
        <Style>
          <LineStyle>
            <color>ff0000ff</color>
          </LineStyle>
          <PolyStyle>
            <fill>0</fill>
          </PolyStyle>
        </Style>
        <ExtendedData>
          <SchemaData schemaUrl="#Ruas_Nenhuma_Rota_Proxima">
            <SimpleData name="fid">373</SimpleData>
            <SimpleData name="id">Parque_Fluminense.7</SimpleData>
            <SimpleData name="Name">Rua Campo Grande</SimpleData>
            <SimpleData name="Distrito">2º</SimpleData>
            <SimpleData name="id_trecho">4804</SimpleData>
            <SimpleData name="Extensao_m">68.3556698740188</SimpleData>
            <SimpleData name="Bairro_logradouros">Parque Fluminense</SimpleData>
            <SimpleData name="Bairro_rotas"></SimpleData>
            <SimpleData name="Lote">I</SimpleData>
            <SimpleData name="Rota"></SimpleData>
            <SimpleData name="Turno">Manhã</SimpleData>
            <SimpleData name="Dias_da_semana">ter,qui,sab</SimpleData>
            <SimpleData name="Hit_Rate">100</SimpleData>
            <SimpleData name="Status">Validado (Rua sem rota)</SimpleData>
            <SimpleData name="Bloco">Ter_Qui_Sab</SimpleData>
          </SchemaData>
        </ExtendedData>
        <MultiGeometry>
          <LineString>
            <coordinates>-43.3200410290207,-22.7254436486469,0 -43.3198678,-22.7251978,0 -43.3196872,-22.724921,0</coordinates>
          </LineString>
        </MultiGeometry>
      </Placemark>
      <Placemark id="Ruas_Nenhuma_Rota_Proxima.374">
        <name>Rua General Carlos Marciano de Medeiros</name>
        <Style>
          <LineStyle>
            <color>ff0000ff</color>
          </LineStyle>
          <PolyStyle>
            <fill>0</fill>
          </PolyStyle>
        </Style>
        <ExtendedData>
          <SchemaData schemaUrl="#Ruas_Nenhuma_Rota_Proxima">
            <SimpleData name="fid">374</SimpleData>
            <SimpleData name="id">Parque_Fluminense.46</SimpleData>
            <SimpleData name="Name">Rua General Carlos Marciano de Medeiros</SimpleData>
            <SimpleData name="Distrito">2º</SimpleData>
            <SimpleData name="id_trecho">4884</SimpleData>
            <SimpleData name="Extensao_m">298.731540585732</SimpleData>
            <SimpleData name="Bairro_logradouros">Parque Fluminense</SimpleData>
            <SimpleData name="Bairro_rotas"></SimpleData>
            <SimpleData name="Lote">I</SimpleData>
            <SimpleData name="Rota"></SimpleData>
            <SimpleData name="Turno">Manhã</SimpleData>
            <SimpleData name="Dias_da_semana">ter,qui,sab</SimpleData>
            <SimpleData name="Hit_Rate">77.78</SimpleData>
            <SimpleData name="Status">Validado (Rua sem rota)</SimpleData>
            <SimpleData name="Bloco">Ter_Qui_Sab</SimpleData>
          </SchemaData>
        </ExtendedData>
        <MultiGeometry>
          <LineString>
            <coordinates>-43.3161857,-22.7245688,0 -43.3161309093418,-22.7245596407324,0 -43.3160529,-22.7245466,0 -43.3159635,-22.7245463,0 -43.3158917,-22.7245497,0 -43.3158055,-22.7245561,0 -43.3157216,-22.7245651,0 -43.315267,-22.724648,0 -43.3135195,-22.7249672,0 -43.3133264,-22.7250006,0</coordinates>
          </LineString>
        </MultiGeometry>
      </Placemark>
      <Placemark id="Ruas_Nenhuma_Rota_Proxima.375">
        <name>Rodovia Washington Luiz - Auxiliar</name>
        <Style>
          <LineStyle>
            <color>ff0000ff</color>
          </LineStyle>
          <PolyStyle>
            <fill>0</fill>
          </PolyStyle>
        </Style>
        <ExtendedData>
          <SchemaData schemaUrl="#Ruas_Nenhuma_Rota_Proxima">
            <SimpleData name="fid">375</SimpleData>
            <SimpleData name="id">Parque_Sarapui.2</SimpleData>
            <SimpleData name="Name">Rodovia Washington Luiz - Auxiliar</SimpleData>
            <SimpleData name="Distrito">1º</SimpleData>
            <SimpleData name="id_trecho">5334</SimpleData>
            <SimpleData name="Extensao_m">323.458113290723</SimpleData>
            <SimpleData name="Bairro_logradouros">Parque Sarapui</SimpleData>
            <SimpleData name="Bairro_rotas"></SimpleData>
            <SimpleData name="Lote">I</SimpleData>
            <SimpleData name="Rota"></SimpleData>
            <SimpleData name="Turno">Manhã</SimpleData>
            <SimpleData name="Dias_da_semana">ter,qui,sab</SimpleData>
            <SimpleData name="Hit_Rate">100</SimpleData>
            <SimpleData name="Status">Validado (Rua sem rota)</SimpleData>
            <SimpleData name="Bloco">Ter_Qui_Sab</SimpleData>
          </SchemaData>
        </ExtendedData>
        <MultiGeometry>
          <LineString>
            <coordinates>-43.2859128120777,-22.7910837539643,0 -43.2859116,-22.791081,0 -43.2857961,-22.7908104,0 -43.2857684,-22.7907454,0 -43.2856541,-22.7904777,0 -43.2854731,-22.7898817,0 -43.2853819,-22.7895306,0 -43.2853457,-22.7893482,0 -43.2853108,-22.7892116,0 -43.2852918,-22.7889596,0 -43.2852309,-22.7885394,0 -43.2851936,-22.7882552,0</coordinates>
          </LineString>
        </MultiGeometry>
      </Placemark>
      <Placemark id="Ruas_Nenhuma_Rota_Proxima.376">
        <name>Rodovia Washington Luiz - Auxiliar</name>
        <Style>
          <LineStyle>
            <color>ff0000ff</color>
          </LineStyle>
          <PolyStyle>
            <fill>0</fill>
          </PolyStyle>
        </Style>
        <ExtendedData>
          <SchemaData schemaUrl="#Ruas_Nenhuma_Rota_Proxima">
            <SimpleData name="fid">376</SimpleData>
            <SimpleData name="id">Parque_Sarapui.2</SimpleData>
            <SimpleData name="Name">Rodovia Washington Luiz - Auxiliar</SimpleData>
            <SimpleData name="Distrito">1º</SimpleData>
            <SimpleData name="id_trecho">5335</SimpleData>
            <SimpleData name="Extensao_m">105.492708203994</SimpleData>
            <SimpleData name="Bairro_logradouros">Parque Sarapui</SimpleData>
            <SimpleData name="Bairro_rotas"></SimpleData>
            <SimpleData name="Lote">I</SimpleData>
            <SimpleData name="Rota"></SimpleData>
            <SimpleData name="Turno">Manhã</SimpleData>
            <SimpleData name="Dias_da_semana">ter,qui,sab</SimpleData>
            <SimpleData name="Hit_Rate">66.67</SimpleData>
            <SimpleData name="Status">Validado (Rua sem rota)</SimpleData>
            <SimpleData name="Bloco">Ter_Qui_Sab</SimpleData>
          </SchemaData>
        </ExtendedData>
        <MultiGeometry>
          <LineString>
            <coordinates>-43.2851936,-22.7882552,0 -43.2851872,-22.788197,0 -43.285118,-22.7873052,0</coordinates>
          </LineString>
        </MultiGeometry>
      </Placemark>
      <Placemark id="Ruas_Nenhuma_Rota_Proxima.377">
        <name>Rodovia Washington Luiz - Auxiliar</name>
        <Style>
          <LineStyle>
            <color>ff0000ff</color>
          </LineStyle>
          <PolyStyle>
            <fill>0</fill>
          </PolyStyle>
        </Style>
        <ExtendedData>
          <SchemaData schemaUrl="#Ruas_Nenhuma_Rota_Proxima">
            <SimpleData name="fid">377</SimpleData>
            <SimpleData name="id">Parque_Sarapui.2</SimpleData>
            <SimpleData name="Name">Rodovia Washington Luiz - Auxiliar</SimpleData>
            <SimpleData name="Distrito">1º</SimpleData>
            <SimpleData name="id_trecho">5336</SimpleData>
            <SimpleData name="Extensao_m">95.4056191549719</SimpleData>
            <SimpleData name="Bairro_logradouros">Parque Sarapui</SimpleData>
            <SimpleData name="Bairro_rotas"></SimpleData>
            <SimpleData name="Lote">I</SimpleData>
            <SimpleData name="Rota"></SimpleData>
            <SimpleData name="Turno">Manhã</SimpleData>
            <SimpleData name="Dias_da_semana">ter,qui,sab</SimpleData>
            <SimpleData name="Hit_Rate">77.78</SimpleData>
            <SimpleData name="Status">Validado (Rua sem rota)</SimpleData>
            <SimpleData name="Bloco">Ter_Qui_Sab</SimpleData>
          </SchemaData>
        </ExtendedData>
        <MultiGeometry>
          <LineString>
            <coordinates>-43.285118,-22.7873052,0 -43.2851558080284,-22.7864443935847,0</coordinates>
          </LineString>
        </MultiGeometry>
      </Placemark>
      <Placemark id="Ruas_Nenhuma_Rota_Proxima.378">
        <name>Rodovia Washington Luiz - Auxiliar</name>
        <Style>
          <LineStyle>
            <color>ff0000ff</color>
          </LineStyle>
          <PolyStyle>
            <fill>0</fill>
          </PolyStyle>
        </Style>
        <ExtendedData>
          <SchemaData schemaUrl="#Ruas_Nenhuma_Rota_Proxima">
            <SimpleData name="fid">378</SimpleData>
            <SimpleData name="id">Parque_Sarapui.2</SimpleData>
            <SimpleData name="Name">Rodovia Washington Luiz - Auxiliar</SimpleData>
            <SimpleData name="Distrito">1º</SimpleData>
            <SimpleData name="id_trecho">5339</SimpleData>
            <SimpleData name="Extensao_m">141.059062574256</SimpleData>
            <SimpleData name="Bairro_logradouros">Parque Sarapui</SimpleData>
            <SimpleData name="Bairro_rotas"></SimpleData>
            <SimpleData name="Lote">I</SimpleData>
            <SimpleData name="Rota"></SimpleData>
            <SimpleData name="Turno">Manhã</SimpleData>
            <SimpleData name="Dias_da_semana">ter,qui,sab</SimpleData>
            <SimpleData name="Hit_Rate">88.89</SimpleData>
            <SimpleData name="Status">Validado (Rua sem rota)</SimpleData>
            <SimpleData name="Bloco">Ter_Qui_Sab</SimpleData>
          </SchemaData>
        </ExtendedData>
        <MultiGeometry>
          <LineString>
            <coordinates>-43.2859474,-22.7731017,0 -43.2859588,-22.7728064,0 -43.2859766,-22.7724719,0 -43.2859934,-22.7720912,0 -43.2860119,-22.7718294,0</coordinates>
          </LineString>
        </MultiGeometry>
      </Placemark>
      <Placemark id="Ruas_Nenhuma_Rota_Proxima.379">
        <name>Rodovia Washington Luiz - Auxiliar</name>
        <Style>
          <LineStyle>
            <color>ff0000ff</color>
          </LineStyle>
          <PolyStyle>
            <fill>0</fill>
          </PolyStyle>
        </Style>
        <ExtendedData>
          <SchemaData schemaUrl="#Ruas_Nenhuma_Rota_Proxima">
            <SimpleData name="fid">379</SimpleData>
            <SimpleData name="id">Parque_Sarapui.2</SimpleData>
            <SimpleData name="Name">Rodovia Washington Luiz - Auxiliar</SimpleData>
            <SimpleData name="Distrito">1º</SimpleData>
            <SimpleData name="id_trecho">5340</SimpleData>
            <SimpleData name="Extensao_m">373.768701336434</SimpleData>
            <SimpleData name="Bairro_logradouros">Parque Sarapui</SimpleData>
            <SimpleData name="Bairro_rotas"></SimpleData>
            <SimpleData name="Lote">I</SimpleData>
            <SimpleData name="Rota"></SimpleData>
            <SimpleData name="Turno">Manhã</SimpleData>
            <SimpleData name="Dias_da_semana">ter,qui,sab</SimpleData>
            <SimpleData name="Hit_Rate">100</SimpleData>
            <SimpleData name="Status">Validado (Rua sem rota)</SimpleData>
            <SimpleData name="Bloco">Ter_Qui_Sab</SimpleData>
          </SchemaData>
        </ExtendedData>
        <MultiGeometry>
          <LineString>
            <coordinates>-43.2860119,-22.7718294,0 -43.2860296,-22.7713653,0 -43.2860484,-22.7710856,0 -43.2860681,-22.7708678,0 -43.2861006,-22.7704328,0 -43.2861328,-22.7700358,0 -43.2861555,-22.7696547,0 -43.2862267,-22.7684604,0</coordinates>
          </LineString>
        </MultiGeometry>
      </Placemark>
      <Placemark id="Ruas_Nenhuma_Rota_Proxima.380">
        <name>Rodovia Washington Luiz - Auxiliar</name>
        <Style>
          <LineStyle>
            <color>ff0000ff</color>
          </LineStyle>
          <PolyStyle>
            <fill>0</fill>
          </PolyStyle>
        </Style>
        <ExtendedData>
          <SchemaData schemaUrl="#Ruas_Nenhuma_Rota_Proxima">
            <SimpleData name="fid">380</SimpleData>
            <SimpleData name="id">Parque_Sarapui.2</SimpleData>
            <SimpleData name="Name">Rodovia Washington Luiz - Auxiliar</SimpleData>
            <SimpleData name="Distrito">1º</SimpleData>
            <SimpleData name="id_trecho">5341</SimpleData>
            <SimpleData name="Extensao_m">160.808223760509</SimpleData>
            <SimpleData name="Bairro_logradouros">Parque Sarapui</SimpleData>
            <SimpleData name="Bairro_rotas"></SimpleData>
            <SimpleData name="Lote">I</SimpleData>
            <SimpleData name="Rota"></SimpleData>
            <SimpleData name="Turno">Manhã</SimpleData>
            <SimpleData name="Dias_da_semana">ter,qui,sab</SimpleData>
            <SimpleData name="Hit_Rate">77.78</SimpleData>
            <SimpleData name="Status">Validado (Rua sem rota)</SimpleData>
            <SimpleData name="Bloco">Ter_Qui_Sab</SimpleData>
          </SchemaData>
        </ExtendedData>
        <MultiGeometry>
          <LineString>
            <coordinates>-43.2862267,-22.7684604,0 -43.2862642,-22.767732,0 -43.2863005,-22.7670099,0</coordinates>
          </LineString>
        </MultiGeometry>
      </Placemark>
      <Placemark id="Ruas_Nenhuma_Rota_Proxima.381">
        <name>Rua Almirante Grenfall</name>
        <Style>
          <LineStyle>
            <color>ff0000ff</color>
          </LineStyle>
          <PolyStyle>
            <fill>0</fill>
          </PolyStyle>
        </Style>
        <ExtendedData>
          <SchemaData schemaUrl="#Ruas_Nenhuma_Rota_Proxima">
            <SimpleData name="fid">381</SimpleData>
            <SimpleData name="id">Parque_Sarapui.11</SimpleData>
            <SimpleData name="Name">Rua Almirante Grenfall</SimpleData>
            <SimpleData name="Distrito">1º</SimpleData>
            <SimpleData name="id_trecho">5365</SimpleData>
            <SimpleData name="Extensao_m">44.7315492768211</SimpleData>
            <SimpleData name="Bairro_logradouros">Parque Sarapui</SimpleData>
            <SimpleData name="Bairro_rotas"></SimpleData>
            <SimpleData name="Lote">I</SimpleData>
            <SimpleData name="Rota"></SimpleData>
            <SimpleData name="Turno">Manhã</SimpleData>
            <SimpleData name="Dias_da_semana">ter,qui,sab</SimpleData>
            <SimpleData name="Hit_Rate">66.67</SimpleData>
            <SimpleData name="Status">Validado (Rua sem rota)</SimpleData>
            <SimpleData name="Bloco">Ter_Qui_Sab</SimpleData>
          </SchemaData>
        </ExtendedData>
        <MultiGeometry>
          <LineString>
            <coordinates>-43.2851936,-22.7882552,0 -43.2851423,-22.7881915,0 -43.2851167,-22.7881688,0 -43.2850888,-22.788147,0 -43.2850433,-22.7881243,0 -43.2850056,-22.7881153,0 -43.2849725,-22.7881139,0 -43.2849405,-22.7881187,0 -43.2849126,-22.7881253,0 -43.2848762,-22.7881392,0 -43.2848309,-22.7881659,0</coordinates>
          </LineString>
        </MultiGeometry>
      </Placemark>
      <Placemark id="Ruas_Nenhuma_Rota_Proxima.382">
        <name>Viaduto Irineu Marinho</name>
        <Style>
          <LineStyle>
            <color>ff0000ff</color>
          </LineStyle>
          <PolyStyle>
            <fill>0</fill>
          </PolyStyle>
        </Style>
        <ExtendedData>
          <SchemaData schemaUrl="#Ruas_Nenhuma_Rota_Proxima">
            <SimpleData name="fid">382</SimpleData>
            <SimpleData name="id">Parque_Sarapui.12</SimpleData>
            <SimpleData name="Name">Viaduto Irineu Marinho</SimpleData>
            <SimpleData name="Distrito">1º</SimpleData>
            <SimpleData name="id_trecho">5376</SimpleData>
            <SimpleData name="Extensao_m">268.079102058181</SimpleData>
            <SimpleData name="Bairro_logradouros">Parque Sarapui</SimpleData>
            <SimpleData name="Bairro_rotas"></SimpleData>
            <SimpleData name="Lote">I</SimpleData>
            <SimpleData name="Rota"></SimpleData>
            <SimpleData name="Turno">Manhã</SimpleData>
            <SimpleData name="Dias_da_semana">ter,qui,sab</SimpleData>
            <SimpleData name="Hit_Rate">100</SimpleData>
            <SimpleData name="Status">Validado (Rua sem rota)</SimpleData>
            <SimpleData name="Bloco">Ter_Qui_Sab</SimpleData>
          </SchemaData>
        </ExtendedData>
        <MultiGeometry>
          <LineString>
            <coordinates>-43.2840613644185,-22.7882604429216,0 -43.2840612,-22.7882603,0 -43.2839597,-22.7881694,0 -43.283912,-22.7881213,0 -43.283881,-22.7880852,0 -43.2838556,-22.7880498,0 -43.2838383,-22.7880118,0 -43.2838317,-22.7879886,0 -43.2838252,-22.7879603,0 -43.2838256,-22.7879197,0 -43.2838305,-22.7878829,0 -43.2838399,-22.7878478,0 -43.2838567,-22.7878088,0 -43.2838861,-22.7877664,0 -43.2839911,-22.7876437,0 -43.2846376,-22.7869219,0 -43.2851594485746,-22.7863615062832,0</coordinates>
          </LineString>
        </MultiGeometry>
      </Placemark>
      <Placemark id="Ruas_Nenhuma_Rota_Proxima.383">
        <name>Viaduto Irineu Marinho</name>
        <Style>
          <LineStyle>
            <color>ff0000ff</color>
          </LineStyle>
          <PolyStyle>
            <fill>0</fill>
          </PolyStyle>
        </Style>
        <ExtendedData>
          <SchemaData schemaUrl="#Ruas_Nenhuma_Rota_Proxima">
            <SimpleData name="fid">383</SimpleData>
            <SimpleData name="id">Parque_Sarapui.12</SimpleData>
            <SimpleData name="Name">Viaduto Irineu Marinho</SimpleData>
            <SimpleData name="Distrito">1º</SimpleData>
            <SimpleData name="id_trecho">5381</SimpleData>
            <SimpleData name="Extensao_m">292.45364028349</SimpleData>
            <SimpleData name="Bairro_logradouros">Parque Sarapui</SimpleData>
            <SimpleData name="Bairro_rotas"></SimpleData>
            <SimpleData name="Lote">I</SimpleData>
            <SimpleData name="Rota"></SimpleData>
            <SimpleData name="Turno">Manhã</SimpleData>
            <SimpleData name="Dias_da_semana">ter,qui,sab</SimpleData>
            <SimpleData name="Hit_Rate">88.89</SimpleData>
            <SimpleData name="Status">Validado (Rua sem rota)</SimpleData>
            <SimpleData name="Bloco">Ter_Qui_Sab</SimpleData>
          </SchemaData>
        </ExtendedData>
        <MultiGeometry>
          <LineString>
            <coordinates>-43.2851558080284,-22.7864443935847,0 -43.2846671,-22.7869791,0 -43.2840254,-22.7876915,0 -43.2839393,-22.7877968,0 -43.2839049,-22.7878465,0 -43.2838877,-22.7878855,0 -43.2838838,-22.7879305,0 -43.2838854,-22.7879672,0 -43.2838954,-22.7880007,0 -43.2839153,-22.7880392,0 -43.2839496,-22.7880845,0 -43.2840502,-22.7881822,0 -43.284085,-22.7882078,0 -43.2841227,-22.7882254,0 -43.2841657,-22.7882353,0 -43.2841982,-22.788238,0 -43.2842334,-22.7882358,0 -43.2842677,-22.7882313,0 -43.2843022,-22.7882208,0 -43.2843663,-22.7881914,0 -43.2844745,-22.7881411,0</coordinates>
          </LineString>
        </MultiGeometry>
      </Placemark>
      <Placemark id="Ruas_Nenhuma_Rota_Proxima.384">
        <name>Rua Bernado Monteiro</name>
        <Style>
          <LineStyle>
            <color>ff0000ff</color>
          </LineStyle>
          <PolyStyle>
            <fill>0</fill>
          </PolyStyle>
        </Style>
        <ExtendedData>
          <SchemaData schemaUrl="#Ruas_Nenhuma_Rota_Proxima">
            <SimpleData name="fid">384</SimpleData>
            <SimpleData name="id">Periquito.21</SimpleData>
            <SimpleData name="Name">Rua Bernado Monteiro</SimpleData>
            <SimpleData name="Distrito">1º</SimpleData>
            <SimpleData name="id_trecho">5450</SimpleData>
            <SimpleData name="Extensao_m">95.3974536483555</SimpleData>
            <SimpleData name="Bairro_logradouros">Periquito</SimpleData>
            <SimpleData name="Bairro_rotas"></SimpleData>
            <SimpleData name="Lote">I</SimpleData>
            <SimpleData name="Rota"></SimpleData>
            <SimpleData name="Turno">Manhã</SimpleData>
            <SimpleData name="Dias_da_semana">ter,qui,sab</SimpleData>
            <SimpleData name="Hit_Rate">100</SimpleData>
            <SimpleData name="Status">Validado (Rua sem rota)</SimpleData>
            <SimpleData name="Bloco">Ter_Qui_Sab</SimpleData>
          </SchemaData>
        </ExtendedData>
        <MultiGeometry>
          <LineString>
            <coordinates>-43.3243946,-22.7815939,0 -43.3248123355767,-22.7808244540477,0</coordinates>
          </LineString>
        </MultiGeometry>
      </Placemark>
      <Placemark id="Ruas_Nenhuma_Rota_Proxima.385">
        <name>Rua Bernado Monteiro</name>
        <Style>
          <LineStyle>
            <color>ff0000ff</color>
          </LineStyle>
          <PolyStyle>
            <fill>0</fill>
          </PolyStyle>
        </Style>
        <ExtendedData>
          <SchemaData schemaUrl="#Ruas_Nenhuma_Rota_Proxima">
            <SimpleData name="fid">385</SimpleData>
            <SimpleData name="id">Periquito.21</SimpleData>
            <SimpleData name="Name">Rua Bernado Monteiro</SimpleData>
            <SimpleData name="Distrito">1º</SimpleData>
            <SimpleData name="id_trecho">5451</SimpleData>
            <SimpleData name="Extensao_m">99.0211382975533</SimpleData>
            <SimpleData name="Bairro_logradouros">Periquito</SimpleData>
            <SimpleData name="Bairro_rotas"></SimpleData>
            <SimpleData name="Lote">I</SimpleData>
            <SimpleData name="Rota"></SimpleData>
            <SimpleData name="Turno">Manhã</SimpleData>
            <SimpleData name="Dias_da_semana">ter,qui,sab</SimpleData>
            <SimpleData name="Hit_Rate">77.78</SimpleData>
            <SimpleData name="Status">Validado (Rua sem rota)</SimpleData>
            <SimpleData name="Bloco">Ter_Qui_Sab</SimpleData>
          </SchemaData>
        </ExtendedData>
        <MultiGeometry>
          <LineString>
            <coordinates>-43.3248123355767,-22.7808244540477,0 -43.3248223,-22.7808061,0 -43.3252496,-22.7800275,0</coordinates>
          </LineString>
        </MultiGeometry>
      </Placemark>
      <Placemark id="Ruas_Nenhuma_Rota_Proxima.386">
        <name>Rua Palmira Ferreira</name>
        <Style>
          <LineStyle>
            <color>ff0000ff</color>
          </LineStyle>
          <PolyStyle>
            <fill>0</fill>
          </PolyStyle>
        </Style>
        <ExtendedData>
          <SchemaData schemaUrl="#Ruas_Nenhuma_Rota_Proxima">
            <SimpleData name="fid">386</SimpleData>
            <SimpleData name="id">Sao_Bento.165</SimpleData>
            <SimpleData name="Name">Rua Palmira Ferreira</SimpleData>
            <SimpleData name="Distrito">2º</SimpleData>
            <SimpleData name="id_trecho">6112</SimpleData>
            <SimpleData name="Extensao_m">27.1286337297899</SimpleData>
            <SimpleData name="Bairro_logradouros">Sao Bento</SimpleData>
            <SimpleData name="Bairro_rotas"></SimpleData>
            <SimpleData name="Lote">I</SimpleData>
            <SimpleData name="Rota"></SimpleData>
            <SimpleData name="Turno">Manhã</SimpleData>
            <SimpleData name="Dias_da_semana">ter,qui,sab</SimpleData>
            <SimpleData name="Hit_Rate">88.89</SimpleData>
            <SimpleData name="Status">Validado (Rua sem rota)</SimpleData>
            <SimpleData name="Bloco">Ter_Qui_Sab</SimpleData>
          </SchemaData>
        </ExtendedData>
        <MultiGeometry>
          <LineString>
            <coordinates>-43.3229384,-22.7161567,0 -43.3230315,-22.7161183,0 -43.3231117,-22.7160852,0 -43.3231796702076,-22.7160571368775,0</coordinates>
          </LineString>
        </MultiGeometry>
      </Placemark>
      <Placemark id="Ruas_Nenhuma_Rota_Proxima.387">
        <name>Rua Ailton da Costa</name>
        <Style>
          <LineStyle>
            <color>ff0000ff</color>
          </LineStyle>
          <PolyStyle>
            <fill>0</fill>
          </PolyStyle>
        </Style>
        <ExtendedData>
          <SchemaData schemaUrl="#Ruas_Nenhuma_Rota_Proxima">
            <SimpleData name="fid">387</SimpleData>
            <SimpleData name="id">Vinte_e_Cinco_de_Agosto.54</SimpleData>
            <SimpleData name="Name">Rua Ailton da Costa</SimpleData>
            <SimpleData name="Distrito">1º</SimpleData>
            <SimpleData name="id_trecho">7327</SimpleData>
            <SimpleData name="Extensao_m">71.9385471610601</SimpleData>
            <SimpleData name="Bairro_logradouros">Vinte e Cinco de Agosto</SimpleData>
            <SimpleData name="Bairro_rotas"></SimpleData>
            <SimpleData name="Lote">I</SimpleData>
            <SimpleData name="Rota"></SimpleData>
            <SimpleData name="Turno">Manhã</SimpleData>
            <SimpleData name="Dias_da_semana">ter,qui,sab</SimpleData>
            <SimpleData name="Hit_Rate">66.67</SimpleData>
            <SimpleData name="Status">Validado (Rua sem rota)</SimpleData>
            <SimpleData name="Bloco">Ter_Qui_Sab</SimpleData>
          </SchemaData>
        </ExtendedData>
        <MultiGeometry>
          <LineString>
            <coordinates>-43.3077156,-22.7894085,0 -43.3072471,-22.7889255,0</coordinates>
          </LineString>
        </MultiGeometry>
      </Placemark>
      <Placemark id="Ruas_Nenhuma_Rota_Proxima.388">
        <name>Rua Barao do Surui</name>
        <Style>
          <LineStyle>
            <color>ff0000ff</color>
          </LineStyle>
          <PolyStyle>
            <fill>0</fill>
          </PolyStyle>
        </Style>
        <ExtendedData>
          <SchemaData schemaUrl="#Ruas_Nenhuma_Rota_Proxima">
            <SimpleData name="fid">388</SimpleData>
            <SimpleData name="id">Vinte_e_Cinco_de_Agosto.67</SimpleData>
            <SimpleData name="Name">Rua Barao do Surui</SimpleData>
            <SimpleData name="Distrito">1º</SimpleData>
            <SimpleData name="id_trecho">7360</SimpleData>
            <SimpleData name="Extensao_m">13.4994056016067</SimpleData>
            <SimpleData name="Bairro_logradouros">Vinte e Cinco de Agosto</SimpleData>
            <SimpleData name="Bairro_rotas"></SimpleData>
            <SimpleData name="Lote">I</SimpleData>
            <SimpleData name="Rota"></SimpleData>
            <SimpleData name="Turno">Manhã</SimpleData>
            <SimpleData name="Dias_da_semana">ter,qui,sab</SimpleData>
            <SimpleData name="Hit_Rate">66.67</SimpleData>
            <SimpleData name="Status">Validado (Rua sem rota)</SimpleData>
            <SimpleData name="Bloco">Ter_Qui_Sab</SimpleData>
          </SchemaData>
        </ExtendedData>
        <MultiGeometry>
          <LineString>
            <coordinates>-43.2988528,-22.7929631,0 -43.2988524,-22.7928412,0</coordinates>
          </LineString>
        </MultiGeometry>
      </Placemark>
      <Placemark id="Ruas_Nenhuma_Rota_Proxima.389">
        <name>Rua Acapineira</name>
        <Style>
          <LineStyle>
            <color>ff0000ff</color>
          </LineStyle>
          <PolyStyle>
            <fill>0</fill>
          </PolyStyle>
        </Style>
        <ExtendedData>
          <SchemaData schemaUrl="#Ruas_Nenhuma_Rota_Proxima">
            <SimpleData name="fid">389</SimpleData>
            <SimpleData name="id">Centro.138</SimpleData>
            <SimpleData name="Name">Rua Acapineira</SimpleData>
            <SimpleData name="Distrito">1º</SimpleData>
            <SimpleData name="id_trecho">1019</SimpleData>
            <SimpleData name="Extensao_m">164.929777741125</SimpleData>
            <SimpleData name="Bairro_logradouros">Centro</SimpleData>
            <SimpleData name="Bairro_rotas"></SimpleData>
            <SimpleData name="Lote">I</SimpleData>
            <SimpleData name="Rota"></SimpleData>
            <SimpleData name="Turno">Manhã</SimpleData>
            <SimpleData name="Dias_da_semana">ter,qui,sab</SimpleData>
            <SimpleData name="Hit_Rate">88.89</SimpleData>
            <SimpleData name="Status">Validado (Rua sem rota)</SimpleData>
            <SimpleData name="Bloco">Ter_Qui_Sab</SimpleData>
          </SchemaData>
        </ExtendedData>
        <MultiGeometry>
          <LineString>
            <coordinates>-43.3110945,-22.7933195,0 -43.3110628,-22.7936567,0 -43.3109942,-22.7943866,0 -43.310955,-22.7948032,0</coordinates>
          </LineString>
        </MultiGeometry>
      </Placemark>
      <Placemark id="Ruas_Nenhuma_Rota_Proxima.390">
        <name>Rua Doutor Lauro Neiva</name>
        <Style>
          <LineStyle>
            <color>ff0000ff</color>
          </LineStyle>
          <PolyStyle>
            <fill>0</fill>
          </PolyStyle>
        </Style>
        <ExtendedData>
          <SchemaData schemaUrl="#Ruas_Nenhuma_Rota_Proxima">
            <SimpleData name="fid">390</SimpleData>
            <SimpleData name="id">Centro.88</SimpleData>
            <SimpleData name="Name">Rua Doutor Lauro Neiva</SimpleData>
            <SimpleData name="Distrito">1º</SimpleData>
            <SimpleData name="id_trecho">1136</SimpleData>
            <SimpleData name="Extensao_m">74.8168225782274</SimpleData>
            <SimpleData name="Bairro_logradouros">Centro</SimpleData>
            <SimpleData name="Bairro_rotas"></SimpleData>
            <SimpleData name="Lote">I</SimpleData>
            <SimpleData name="Rota"></SimpleData>
            <SimpleData name="Turno">Manhã</SimpleData>
            <SimpleData name="Dias_da_semana">ter,qui,sab</SimpleData>
            <SimpleData name="Hit_Rate">66.67</SimpleData>
            <SimpleData name="Status">Validado (Rua sem rota)</SimpleData>
            <SimpleData name="Bloco">Ter_Qui_Sab</SimpleData>
          </SchemaData>
        </ExtendedData>
        <MultiGeometry>
          <LineString>
            <coordinates>-43.3079182,-22.7922013,0 -43.307536,-22.7916261,0</coordinates>
          </LineString>
        </MultiGeometry>
      </Placemark>
      <Placemark id="Ruas_Nenhuma_Rota_Proxima.391">
        <name>Travessa Aurélio Chaves</name>
        <Style>
          <LineStyle>
            <color>ff0000ff</color>
          </LineStyle>
          <PolyStyle>
            <fill>0</fill>
          </PolyStyle>
        </Style>
        <ExtendedData>
          <SchemaData schemaUrl="#Ruas_Nenhuma_Rota_Proxima">
            <SimpleData name="fid">391</SimpleData>
            <SimpleData name="id">Centro.123</SimpleData>
            <SimpleData name="Name">Travessa Aurélio Chaves</SimpleData>
            <SimpleData name="Distrito">1º</SimpleData>
            <SimpleData name="id_trecho">1428</SimpleData>
            <SimpleData name="Extensao_m">50.6330547601309</SimpleData>
            <SimpleData name="Bairro_logradouros">Centro</SimpleData>
            <SimpleData name="Bairro_rotas"></SimpleData>
            <SimpleData name="Lote">I</SimpleData>
            <SimpleData name="Rota"></SimpleData>
            <SimpleData name="Turno">Manhã</SimpleData>
            <SimpleData name="Dias_da_semana">ter,qui,sab</SimpleData>
            <SimpleData name="Hit_Rate">100</SimpleData>
            <SimpleData name="Status">Validado (Rua sem rota)</SimpleData>
            <SimpleData name="Bloco">Ter_Qui_Sab</SimpleData>
          </SchemaData>
        </ExtendedData>
        <MultiGeometry>
          <LineString>
            <coordinates>-43.3148691011613,-22.7886931993121,0 -43.3148691,-22.7886932,0 -43.3144385,-22.788916,0</coordinates>
          </LineString>
        </MultiGeometry>
      </Placemark>
      <Placemark id="Ruas_Nenhuma_Rota_Proxima.392">
        <name>Linha Vermelha (Acesso)</name>
        <Style>
          <LineStyle>
            <color>ff0000ff</color>
          </LineStyle>
          <PolyStyle>
            <fill>0</fill>
          </PolyStyle>
        </Style>
        <ExtendedData>
          <SchemaData schemaUrl="#Ruas_Nenhuma_Rota_Proxima">
            <SimpleData name="fid">392</SimpleData>
            <SimpleData name="id">Parque_Duque.166</SimpleData>
            <SimpleData name="Name">Linha Vermelha (Acesso)</SimpleData>
            <SimpleData name="Distrito">1º</SimpleData>
            <SimpleData name="id_trecho">3892</SimpleData>
            <SimpleData name="Extensao_m">138.375286404608</SimpleData>
            <SimpleData name="Bairro_logradouros">Parque Duque</SimpleData>
            <SimpleData name="Bairro_rotas"></SimpleData>
            <SimpleData name="Lote">I</SimpleData>
            <SimpleData name="Rota"></SimpleData>
            <SimpleData name="Turno">Manhã</SimpleData>
            <SimpleData name="Dias_da_semana">ter,qui,sab</SimpleData>
            <SimpleData name="Hit_Rate">66.67</SimpleData>
            <SimpleData name="Status">Validado (Rua sem rota)</SimpleData>
            <SimpleData name="Bloco">Ter_Qui_Sab</SimpleData>
          </SchemaData>
        </ExtendedData>
        <MultiGeometry>
          <LineString>
            <coordinates>-43.2892241,-22.8081545,0 -43.2891449,-22.8085822,0 -43.289145,-22.8086684,0 -43.289145,-22.8087416,0 -43.289155,-22.8088022,0 -43.2891744,-22.8088628,0 -43.2892056,-22.8089351,0 -43.2892509,-22.8089988,0 -43.2893126,-22.8090613,0 -43.289393,-22.8091237,0 -43.2895218,-22.8091855,0 -43.2895857682119,-22.8092002323062,0</coordinates>
          </LineString>
        </MultiGeometry>
      </Placemark>
      <Placemark id="Ruas_Nenhuma_Rota_Proxima.393">
        <name>Linha Vermelha (Acesso)</name>
        <Style>
          <LineStyle>
            <color>ff0000ff</color>
          </LineStyle>
          <PolyStyle>
            <fill>0</fill>
          </PolyStyle>
        </Style>
        <ExtendedData>
          <SchemaData schemaUrl="#Ruas_Nenhuma_Rota_Proxima">
            <SimpleData name="fid">393</SimpleData>
            <SimpleData name="id">Parque_Duque.166</SimpleData>
            <SimpleData name="Name">Linha Vermelha (Acesso)</SimpleData>
            <SimpleData name="Distrito">1º</SimpleData>
            <SimpleData name="id_trecho">3893</SimpleData>
            <SimpleData name="Extensao_m">226.02880655626</SimpleData>
            <SimpleData name="Bairro_logradouros">Parque Duque</SimpleData>
            <SimpleData name="Bairro_rotas"></SimpleData>
            <SimpleData name="Lote">I</SimpleData>
            <SimpleData name="Rota"></SimpleData>
            <SimpleData name="Turno">Manhã</SimpleData>
            <SimpleData name="Dias_da_semana">ter,qui,sab</SimpleData>
            <SimpleData name="Hit_Rate">77.78</SimpleData>
            <SimpleData name="Status">Validado (Rua sem rota)</SimpleData>
            <SimpleData name="Bloco">Ter_Qui_Sab</SimpleData>
          </SchemaData>
        </ExtendedData>
        <MultiGeometry>
          <LineString>
            <coordinates>-43.2895857682119,-22.8092002323062,0 -43.2896881,-22.8092238,0 -43.2898469,-22.8092258,0 -43.2900059,-22.8091805,0 -43.2901628,-22.8090816,0 -43.2902983,-22.8089061,0 -43.290356,-22.8087553,0 -43.2903653,-22.8085834,0 -43.2903291,-22.8084425,0 -43.2902393,-22.8082904,0 -43.29014,-22.8081952,0 -43.2900056,-22.8081245,0 -43.2898329,-22.8080735,0 -43.2896696343241,-22.8080355400222,0</coordinates>
          </LineString>
        </MultiGeometry>
      </Placemark>
      <Placemark id="Ruas_Nenhuma_Rota_Proxima.394">
        <name>Rodovia Washington Luiz - Auxiliar</name>
        <Style>
          <LineStyle>
            <color>ff0000ff</color>
          </LineStyle>
          <PolyStyle>
            <fill>0</fill>
          </PolyStyle>
        </Style>
        <ExtendedData>
          <SchemaData schemaUrl="#Ruas_Nenhuma_Rota_Proxima">
            <SimpleData name="fid">394</SimpleData>
            <SimpleData name="id">Parque_Duque.174</SimpleData>
            <SimpleData name="Name">Rodovia Washington Luiz - Auxiliar</SimpleData>
            <SimpleData name="Distrito">1º</SimpleData>
            <SimpleData name="id_trecho">3987</SimpleData>
            <SimpleData name="Extensao_m">165.977011449434</SimpleData>
            <SimpleData name="Bairro_logradouros">Parque Duque</SimpleData>
            <SimpleData name="Bairro_rotas"></SimpleData>
            <SimpleData name="Lote">I</SimpleData>
            <SimpleData name="Rota"></SimpleData>
            <SimpleData name="Turno">Manhã</SimpleData>
            <SimpleData name="Dias_da_semana">ter,qui,sab</SimpleData>
            <SimpleData name="Hit_Rate">100</SimpleData>
            <SimpleData name="Status">Validado (Rua sem rota)</SimpleData>
            <SimpleData name="Bloco">Ter_Qui_Sab</SimpleData>
          </SchemaData>
        </ExtendedData>
        <MultiGeometry>
          <LineString>
            <coordinates>-43.2891402,-22.8067334,0 -43.2892399,-22.8062959,0 -43.2893133,-22.805974,0 -43.2894224,-22.8055372,0 -43.2894842,-22.805269,0</coordinates>
          </LineString>
        </MultiGeometry>
      </Placemark>
      <Placemark id="Ruas_Nenhuma_Rota_Proxima.395">
        <name>Trevo das Missões</name>
        <Style>
          <LineStyle>
            <color>ff0000ff</color>
          </LineStyle>
          <PolyStyle>
            <fill>0</fill>
          </PolyStyle>
        </Style>
        <ExtendedData>
          <SchemaData schemaUrl="#Ruas_Nenhuma_Rota_Proxima">
            <SimpleData name="fid">395</SimpleData>
            <SimpleData name="id">Parque_Duque.165</SimpleData>
            <SimpleData name="Name">Trevo das Missões</SimpleData>
            <SimpleData name="Distrito">1º</SimpleData>
            <SimpleData name="id_trecho">4657</SimpleData>
            <SimpleData name="Extensao_m">38.1053435835218</SimpleData>
            <SimpleData name="Bairro_logradouros">Parque Duque</SimpleData>
            <SimpleData name="Bairro_rotas"></SimpleData>
            <SimpleData name="Lote">I</SimpleData>
            <SimpleData name="Rota"></SimpleData>
            <SimpleData name="Turno">Manhã</SimpleData>
            <SimpleData name="Dias_da_semana">ter,qui,sab</SimpleData>
            <SimpleData name="Hit_Rate">100</SimpleData>
            <SimpleData name="Status">Validado (Rua sem rota)</SimpleData>
            <SimpleData name="Bloco">Ter_Qui_Sab</SimpleData>
          </SchemaData>
        </ExtendedData>
        <MultiGeometry>
          <LineString>
            <coordinates>-43.2888009,-22.8067614,0 -43.288862,-22.8067945,0 -43.2889154,-22.8068064,0 -43.2889642,-22.8068066,0 -43.2890107,-22.8068013,0 -43.2890479,-22.8067889,0 -43.2890812,-22.8067729,0 -43.2891402,-22.8067334,0</coordinates>
          </LineString>
        </MultiGeometry>
      </Placemark>
      <Placemark id="Ruas_Nenhuma_Rota_Proxima.396">
        <name>Trevo das Missões</name>
        <Style>
          <LineStyle>
            <color>ff0000ff</color>
          </LineStyle>
          <PolyStyle>
            <fill>0</fill>
          </PolyStyle>
        </Style>
        <ExtendedData>
          <SchemaData schemaUrl="#Ruas_Nenhuma_Rota_Proxima">
            <SimpleData name="fid">396</SimpleData>
            <SimpleData name="id">Parque_Duque.165</SimpleData>
            <SimpleData name="Name">Trevo das Missões</SimpleData>
            <SimpleData name="Distrito">1º</SimpleData>
            <SimpleData name="id_trecho">4658</SimpleData>
            <SimpleData name="Extensao_m">53.9744390143926</SimpleData>
            <SimpleData name="Bairro_logradouros">Parque Duque</SimpleData>
            <SimpleData name="Bairro_rotas"></SimpleData>
            <SimpleData name="Lote">I</SimpleData>
            <SimpleData name="Rota"></SimpleData>
            <SimpleData name="Turno">Manhã</SimpleData>
            <SimpleData name="Dias_da_semana">ter,qui,sab</SimpleData>
            <SimpleData name="Hit_Rate">100</SimpleData>
            <SimpleData name="Status">Validado (Rua sem rota)</SimpleData>
            <SimpleData name="Bloco">Ter_Qui_Sab</SimpleData>
          </SchemaData>
        </ExtendedData>
        <MultiGeometry>
          <LineString>
            <coordinates>-43.289041,-22.8071923,0 -43.2890269,-22.8071449,0 -43.2890073,-22.8070923,0 -43.2889662,-22.8070131,0 -43.2888009,-22.8067614,0</coordinates>
          </LineString>
        </MultiGeometry>
      </Placemark>
      <Placemark id="Ruas_Nenhuma_Rota_Proxima.397">
        <name>Trevo das Missões</name>
        <Style>
          <LineStyle>
            <color>ff0000ff</color>
          </LineStyle>
          <PolyStyle>
            <fill>0</fill>
          </PolyStyle>
        </Style>
        <ExtendedData>
          <SchemaData schemaUrl="#Ruas_Nenhuma_Rota_Proxima">
            <SimpleData name="fid">397</SimpleData>
            <SimpleData name="id">Parque_Duque.165</SimpleData>
            <SimpleData name="Name">Trevo das Missões</SimpleData>
            <SimpleData name="Distrito">1º</SimpleData>
            <SimpleData name="id_trecho">4659</SimpleData>
            <SimpleData name="Extensao_m">215.399467326171</SimpleData>
            <SimpleData name="Bairro_logradouros">Parque Duque</SimpleData>
            <SimpleData name="Bairro_rotas"></SimpleData>
            <SimpleData name="Lote">I</SimpleData>
            <SimpleData name="Rota"></SimpleData>
            <SimpleData name="Turno">Manhã</SimpleData>
            <SimpleData name="Dias_da_semana">ter,qui,sab</SimpleData>
            <SimpleData name="Hit_Rate">100</SimpleData>
            <SimpleData name="Status">Validado (Rua sem rota)</SimpleData>
            <SimpleData name="Bloco">Ter_Qui_Sab</SimpleData>
          </SchemaData>
        </ExtendedData>
        <MultiGeometry>
          <LineString>
            <coordinates>-43.2888009,-22.8067614,0 -43.2887609,-22.8067095,0 -43.288728,-22.8066733,0 -43.288682,-22.806632,0 -43.288627,-22.806595,0 -43.2885645,-22.8065598,0 -43.2885072,-22.8065366,0 -43.2884295,-22.8065152,0 -43.2883355,-22.8065036,0 -43.2882785,-22.8064993,0 -43.2881956,-22.8065053,0 -43.2881317,-22.8065149,0 -43.2880627,-22.8065325,0 -43.2880159,-22.8065518,0 -43.2879631,-22.8065773,0 -43.2878973,-22.8066182,0 -43.2878359,-22.8066664,0 -43.2877801,-22.8067145,0 -43.2876648,-22.8068382,0 -43.2873972,-22.8071128,0 -43.2872732,-22.8072373,0 -43.2872152,-22.8072887,0 -43.2871718,-22.8073193,0 -43.2871556,-22.8073272,0</coordinates>
          </LineString>
        </MultiGeometry>
      </Placemark>
      <Placemark id="Ruas_Nenhuma_Rota_Proxima.398">
        <name>Trevo das Missões</name>
        <Style>
          <LineStyle>
            <color>ff0000ff</color>
          </LineStyle>
          <PolyStyle>
            <fill>0</fill>
          </PolyStyle>
        </Style>
        <ExtendedData>
          <SchemaData schemaUrl="#Ruas_Nenhuma_Rota_Proxima">
            <SimpleData name="fid">398</SimpleData>
            <SimpleData name="id">Parque_Duque.165</SimpleData>
            <SimpleData name="Name">Trevo das Missões</SimpleData>
            <SimpleData name="Distrito">1º</SimpleData>
            <SimpleData name="id_trecho">4661</SimpleData>
            <SimpleData name="Extensao_m">45.9714268165747</SimpleData>
            <SimpleData name="Bairro_logradouros">Parque Duque</SimpleData>
            <SimpleData name="Bairro_rotas"></SimpleData>
            <SimpleData name="Lote">I</SimpleData>
            <SimpleData name="Rota"></SimpleData>
            <SimpleData name="Turno">Manhã</SimpleData>
            <SimpleData name="Dias_da_semana">ter,qui,sab</SimpleData>
            <SimpleData name="Hit_Rate">100</SimpleData>
            <SimpleData name="Status">Validado (Rua sem rota)</SimpleData>
            <SimpleData name="Bloco">Ter_Qui_Sab</SimpleData>
          </SchemaData>
        </ExtendedData>
        <MultiGeometry>
          <LineString>
            <coordinates>-43.2871556,-22.8073272,0 -43.2871375,-22.8073359,0 -43.2871048,-22.8073496,0 -43.2870823,-22.8073558,0 -43.2870455,-22.807361,0 -43.2870087,-22.8073616,0 -43.28697,-22.8073565,0 -43.2869426,-22.8073497,0 -43.2869101,-22.8073382,0 -43.2868793,-22.8073204,0 -43.2868506,-22.8073018,0 -43.2868207,-22.8072734,0 -43.2867949,-22.8072451,0 -43.286772987108,-22.8072166956713,0</coordinates>
          </LineString>
        </MultiGeometry>
      </Placemark>
      <Placemark id="Ruas_Nenhuma_Rota_Proxima.399">
        <name>Rua Beira Rio</name>
        <Style>
          <LineStyle>
            <color>ff0000ff</color>
          </LineStyle>
          <PolyStyle>
            <fill>0</fill>
          </PolyStyle>
        </Style>
        <ExtendedData>
          <SchemaData schemaUrl="#Ruas_Nenhuma_Rota_Proxima">
            <SimpleData name="fid">399</SimpleData>
            <SimpleData name="id">Sao_Bento.216</SimpleData>
            <SimpleData name="Name">Rua Beira Rio</SimpleData>
            <SimpleData name="Distrito">2º</SimpleData>
            <SimpleData name="id_trecho">5745</SimpleData>
            <SimpleData name="Extensao_m">113.61621283598</SimpleData>
            <SimpleData name="Bairro_logradouros">Sao Bento</SimpleData>
            <SimpleData name="Bairro_rotas"></SimpleData>
            <SimpleData name="Lote">I</SimpleData>
            <SimpleData name="Rota"></SimpleData>
            <SimpleData name="Turno">Manhã</SimpleData>
            <SimpleData name="Dias_da_semana">ter,qui,sab</SimpleData>
            <SimpleData name="Hit_Rate">66.67</SimpleData>
            <SimpleData name="Status">Validado (Rua sem rota)</SimpleData>
            <SimpleData name="Bloco">Ter_Qui_Sab</SimpleData>
          </SchemaData>
        </ExtendedData>
        <MultiGeometry>
          <LineString>
            <coordinates>-43.2976516,-22.724126,0 -43.2986319,-22.723651,0</coordinates>
          </LineString>
        </MultiGeometry>
      </Placemark>
      <Placemark id="Ruas_Nenhuma_Rota_Proxima.400">
        <name>Rua Beira Rio</name>
        <Style>
          <LineStyle>
            <color>ff0000ff</color>
          </LineStyle>
          <PolyStyle>
            <fill>0</fill>
          </PolyStyle>
        </Style>
        <ExtendedData>
          <SchemaData schemaUrl="#Ruas_Nenhuma_Rota_Proxima">
            <SimpleData name="fid">400</SimpleData>
            <SimpleData name="id">Sao_Bento.216</SimpleData>
            <SimpleData name="Name">Rua Beira Rio</SimpleData>
            <SimpleData name="Distrito">2º</SimpleData>
            <SimpleData name="id_trecho">5746</SimpleData>
            <SimpleData name="Extensao_m">105.219721418041</SimpleData>
            <SimpleData name="Bairro_logradouros">Sao Bento</SimpleData>
            <SimpleData name="Bairro_rotas"></SimpleData>
            <SimpleData name="Lote">I</SimpleData>
            <SimpleData name="Rota"></SimpleData>
            <SimpleData name="Turno">Manhã</SimpleData>
            <SimpleData name="Dias_da_semana">ter,qui,sab</SimpleData>
            <SimpleData name="Hit_Rate">66.67</SimpleData>
            <SimpleData name="Status">Validado (Rua sem rota)</SimpleData>
            <SimpleData name="Bloco">Ter_Qui_Sab</SimpleData>
          </SchemaData>
        </ExtendedData>
        <MultiGeometry>
          <LineString>
            <coordinates>-43.2986319,-22.723651,0 -43.2989652,-22.7234889,0 -43.2995412,-22.7232137,0</coordinates>
          </LineString>
        </MultiGeometry>
      </Placemark>
      <Placemark id="Ruas_Nenhuma_Rota_Proxima.401">
        <name>Rua Beira Rio</name>
        <Style>
          <LineStyle>
            <color>ff0000ff</color>
          </LineStyle>
          <PolyStyle>
            <fill>0</fill>
          </PolyStyle>
        </Style>
        <ExtendedData>
          <SchemaData schemaUrl="#Ruas_Nenhuma_Rota_Proxima">
            <SimpleData name="fid">401</SimpleData>
            <SimpleData name="id">Sao_Bento.216</SimpleData>
            <SimpleData name="Name">Rua Beira Rio</SimpleData>
            <SimpleData name="Distrito">2º</SimpleData>
            <SimpleData name="id_trecho">5747</SimpleData>
            <SimpleData name="Extensao_m">78.6683654363818</SimpleData>
            <SimpleData name="Bairro_logradouros">Sao Bento</SimpleData>
            <SimpleData name="Bairro_rotas"></SimpleData>
            <SimpleData name="Lote">I</SimpleData>
            <SimpleData name="Rota"></SimpleData>
            <SimpleData name="Turno">Manhã</SimpleData>
            <SimpleData name="Dias_da_semana">ter,qui,sab</SimpleData>
            <SimpleData name="Hit_Rate">66.67</SimpleData>
            <SimpleData name="Status">Validado (Rua sem rota)</SimpleData>
            <SimpleData name="Bloco">Ter_Qui_Sab</SimpleData>
          </SchemaData>
        </ExtendedData>
        <MultiGeometry>
          <LineString>
            <coordinates>-43.2995412,-22.7232137,0 -43.3002178,-22.722881,0</coordinates>
          </LineString>
        </MultiGeometry>
      </Placemark>
      <Placemark id="Ruas_Nenhuma_Rota_Proxima.402">
        <name>Rua Maria José Oliveira Freitas (próxima a Rua Eça de Queiroz)</name>
        <Style>
          <LineStyle>
            <color>ff0000ff</color>
          </LineStyle>
          <PolyStyle>
            <fill>0</fill>
          </PolyStyle>
        </Style>
        <ExtendedData>
          <SchemaData schemaUrl="#Ruas_Nenhuma_Rota_Proxima">
            <SimpleData name="fid">402</SimpleData>
            <SimpleData name="id">Vila_São_Jose.183</SimpleData>
            <SimpleData name="Name">Rua Maria José Oliveira Freitas (próxima a Rua Eça de Queiroz)</SimpleData>
            <SimpleData name="Distrito">2º</SimpleData>
            <SimpleData name="id_trecho">6735</SimpleData>
            <SimpleData name="Extensao_m">59.9550396166033</SimpleData>
            <SimpleData name="Bairro_logradouros">Vila São Jose</SimpleData>
            <SimpleData name="Bairro_rotas"></SimpleData>
            <SimpleData name="Lote">I</SimpleData>
            <SimpleData name="Rota"></SimpleData>
            <SimpleData name="Turno">Manhã</SimpleData>
            <SimpleData name="Dias_da_semana">ter,qui,sab</SimpleData>
            <SimpleData name="Hit_Rate">66.67</SimpleData>
            <SimpleData name="Status">Validado (Rua sem rota)</SimpleData>
            <SimpleData name="Bloco">Ter_Qui_Sab</SimpleData>
          </SchemaData>
        </ExtendedData>
        <MultiGeometry>
          <LineString>
            <coordinates>-43.3240813,-22.7399985,0 -43.324475,-22.7395988,0</coordinates>
          </LineString>
        </MultiGeometry>
      </Placemark>
      <Placemark id="Ruas_Nenhuma_Rota_Proxima.403">
        <name>Rodovia Washington Luiz - Auxiliar</name>
        <Style>
          <LineStyle>
            <color>ff0000ff</color>
          </LineStyle>
          <PolyStyle>
            <fill>0</fill>
          </PolyStyle>
        </Style>
        <ExtendedData>
          <SchemaData schemaUrl="#Ruas_Nenhuma_Rota_Proxima">
            <SimpleData name="fid">403</SimpleData>
            <SimpleData name="id">Parque_Duque.174</SimpleData>
            <SimpleData name="Name">Rodovia Washington Luiz - Auxiliar</SimpleData>
            <SimpleData name="Distrito">1º</SimpleData>
            <SimpleData name="id_trecho">3986</SimpleData>
            <SimpleData name="Extensao_m">51.8296936452479</SimpleData>
            <SimpleData name="Bairro_logradouros">Parque Duque</SimpleData>
            <SimpleData name="Bairro_rotas"></SimpleData>
            <SimpleData name="Lote">I</SimpleData>
            <SimpleData name="Rota"></SimpleData>
            <SimpleData name="Turno">Manhã</SimpleData>
            <SimpleData name="Dias_da_semana">ter,qui,sab</SimpleData>
            <SimpleData name="Hit_Rate">77.78</SimpleData>
            <SimpleData name="Status">Validado (Rua sem rota)</SimpleData>
            <SimpleData name="Bloco">Ter_Qui_Sab</SimpleData>
          </SchemaData>
        </ExtendedData>
        <MultiGeometry>
          <LineString>
            <coordinates>-43.289041,-22.8071923,0 -43.2891402,-22.8067334,0</coordinates>
          </LineString>
        </MultiGeometry>
      </Placemark>
      <Placemark id="Ruas_Nenhuma_Rota_Proxima.404">
        <name>Rua Miguel Calmon</name>
        <Style>
          <LineStyle>
            <color>ff0000ff</color>
          </LineStyle>
          <PolyStyle>
            <fill>0</fill>
          </PolyStyle>
        </Style>
        <ExtendedData>
          <SchemaData schemaUrl="#Ruas_Nenhuma_Rota_Proxima">
            <SimpleData name="fid">404</SimpleData>
            <SimpleData name="id">Vinte_e_Cinco_de_Agosto.25</SimpleData>
            <SimpleData name="Name">Rua Miguel Calmon</SimpleData>
            <SimpleData name="Distrito">1º</SimpleData>
            <SimpleData name="id_trecho">7495</SimpleData>
            <SimpleData name="Extensao_m">68.0173309633565</SimpleData>
            <SimpleData name="Bairro_logradouros">Vinte e Cinco de Agosto</SimpleData>
            <SimpleData name="Bairro_rotas"></SimpleData>
            <SimpleData name="Lote">I</SimpleData>
            <SimpleData name="Rota"></SimpleData>
            <SimpleData name="Turno">Manhã</SimpleData>
            <SimpleData name="Dias_da_semana">ter,qui,sab</SimpleData>
            <SimpleData name="Hit_Rate">66.67</SimpleData>
            <SimpleData name="Status">Validado (Rua sem rota)</SimpleData>
            <SimpleData name="Bloco">Ter_Qui_Sab</SimpleData>
          </SchemaData>
        </ExtendedData>
        <MultiGeometry>
          <LineString>
            <coordinates>-43.2968965,-22.7937799,0 -43.2966337,-22.7932161,0</coordinates>
          </LineString>
        </MultiGeometry>
      </Placemark>
      <Placemark id="Ruas_Nenhuma_Rota_Proxima.405">
        <name>Rua Doze (Vila Operária)</name>
        <Style>
          <LineStyle>
            <color>ff0000ff</color>
          </LineStyle>
          <PolyStyle>
            <fill>0</fill>
          </PolyStyle>
        </Style>
        <ExtendedData>
          <SchemaData schemaUrl="#Ruas_Nenhuma_Rota_Proxima">
            <SimpleData name="fid">405</SimpleData>
            <SimpleData name="id">Parque_Duque.78</SimpleData>
            <SimpleData name="Name">Rua Doze (Vila Operária)</SimpleData>
            <SimpleData name="Distrito">1º</SimpleData>
            <SimpleData name="id_trecho">4167</SimpleData>
            <SimpleData name="Extensao_m">8.55474729910964</SimpleData>
            <SimpleData name="Bairro_logradouros">Parque Duque</SimpleData>
            <SimpleData name="Bairro_rotas"></SimpleData>
            <SimpleData name="Lote">I</SimpleData>
            <SimpleData name="Rota"></SimpleData>
            <SimpleData name="Turno">Manhã</SimpleData>
            <SimpleData name="Dias_da_semana">ter,qui,sab</SimpleData>
            <SimpleData name="Hit_Rate">66.67</SimpleData>
            <SimpleData name="Status">Validado (Rua sem rota)</SimpleData>
            <SimpleData name="Bloco">Ter_Qui_Sab</SimpleData>
          </SchemaData>
        </ExtendedData>
        <MultiGeometry>
          <LineString>
            <coordinates>-43.2947206,-22.7872162,0 -43.294673,-22.7871528,0</coordinates>
          </LineString>
        </MultiGeometry>
      </Placemark>
      <Placemark id="Ruas_Nenhuma_Rota_Proxima.406">
        <name>Linha Vermelha - Acesso a Duque de Caxias</name>
        <Style>
          <LineStyle>
            <color>ff0000ff</color>
          </LineStyle>
          <PolyStyle>
            <fill>0</fill>
          </PolyStyle>
        </Style>
        <ExtendedData>
          <SchemaData schemaUrl="#Ruas_Nenhuma_Rota_Proxima">
            <SimpleData name="fid">406</SimpleData>
            <SimpleData name="id">Bar_dos_Cavalheiros.106</SimpleData>
            <SimpleData name="Name">Linha Vermelha - Acesso a Duque de Caxias</SimpleData>
            <SimpleData name="Distrito">1º</SimpleData>
            <SimpleData name="id_trecho">154</SimpleData>
            <SimpleData name="Extensao_m">216.584783435144</SimpleData>
            <SimpleData name="Bairro_logradouros">Bar dos Cavalheiros</SimpleData>
            <SimpleData name="Bairro_rotas"></SimpleData>
            <SimpleData name="Lote">I</SimpleData>
            <SimpleData name="Rota"></SimpleData>
            <SimpleData name="Turno">Noite</SimpleData>
            <SimpleData name="Dias_da_semana">ter,qui,sab</SimpleData>
            <SimpleData name="Hit_Rate">88.89</SimpleData>
            <SimpleData name="Status">Validado (Rua sem rota)</SimpleData>
            <SimpleData name="Bloco">Ter_Qui_Sab</SimpleData>
          </SchemaData>
        </ExtendedData>
        <MultiGeometry>
          <LineString>
            <coordinates>-43.3189605,-22.8000144,0 -43.3190544,-22.7999613,0 -43.3191204,-22.7999292,0 -43.3191676,-22.7999044,0 -43.3192313,-22.799859,0 -43.3192957,-22.7997903,0 -43.3193476,-22.7997089,0 -43.3193935,-22.7996117,0 -43.3194378,-22.7994671,0 -43.3197208,-22.7982778,0</coordinates>
          </LineString>
        </MultiGeometry>
      </Placemark>
      <Placemark id="Ruas_Nenhuma_Rota_Proxima.407">
        <name>Rua Pinto Lira</name>
        <Style>
          <LineStyle>
            <color>ff0000ff</color>
          </LineStyle>
          <PolyStyle>
            <fill>0</fill>
          </PolyStyle>
        </Style>
        <ExtendedData>
          <SchemaData schemaUrl="#Ruas_Nenhuma_Rota_Proxima">
            <SimpleData name="fid">407</SimpleData>
            <SimpleData name="id">Bar_dos_Cavalheiros.24</SimpleData>
            <SimpleData name="Name">Rua Pinto Lira</SimpleData>
            <SimpleData name="Distrito">1º</SimpleData>
            <SimpleData name="id_trecho">507</SimpleData>
            <SimpleData name="Extensao_m">83.3951316713291</SimpleData>
            <SimpleData name="Bairro_logradouros">Bar dos Cavalheiros</SimpleData>
            <SimpleData name="Bairro_rotas"></SimpleData>
            <SimpleData name="Lote">I</SimpleData>
            <SimpleData name="Rota"></SimpleData>
            <SimpleData name="Turno">Noite</SimpleData>
            <SimpleData name="Dias_da_semana">ter,qui,sab</SimpleData>
            <SimpleData name="Hit_Rate">66.67</SimpleData>
            <SimpleData name="Status">Validado (Rua sem rota)</SimpleData>
            <SimpleData name="Bloco">Ter_Qui_Sab</SimpleData>
          </SchemaData>
        </ExtendedData>
        <MultiGeometry>
          <LineString>
            <coordinates>-43.3165757,-22.7939625,0 -43.31683,-22.7932473,0</coordinates>
          </LineString>
        </MultiGeometry>
      </Placemark>
      <Placemark id="Ruas_Nenhuma_Rota_Proxima.408">
        <name>Avenida Winston Churchill</name>
        <Style>
          <LineStyle>
            <color>ff0000ff</color>
          </LineStyle>
          <PolyStyle>
            <fill>0</fill>
          </PolyStyle>
        </Style>
        <ExtendedData>
          <SchemaData schemaUrl="#Ruas_Nenhuma_Rota_Proxima">
            <SimpleData name="fid">408</SimpleData>
            <SimpleData name="id">Centro.4</SimpleData>
            <SimpleData name="Name">Avenida Winston Churchill</SimpleData>
            <SimpleData name="Distrito">1º</SimpleData>
            <SimpleData name="id_trecho">997</SimpleData>
            <SimpleData name="Extensao_m">28.3441376859279</SimpleData>
            <SimpleData name="Bairro_logradouros">Centro</SimpleData>
            <SimpleData name="Bairro_rotas"></SimpleData>
            <SimpleData name="Lote">I</SimpleData>
            <SimpleData name="Rota"></SimpleData>
            <SimpleData name="Turno">Noite</SimpleData>
            <SimpleData name="Dias_da_semana">ter,qui,sab</SimpleData>
            <SimpleData name="Hit_Rate">66.67</SimpleData>
            <SimpleData name="Status">Validado (Rua sem rota)</SimpleData>
            <SimpleData name="Bloco">Ter_Qui_Sab</SimpleData>
          </SchemaData>
        </ExtendedData>
        <MultiGeometry>
          <LineString>
            <coordinates>-43.3174208802285,-22.784068413536,0 -43.3175285151359,-22.7841612117949,0 -43.3176426364015,-22.7842847303765,0 -43.3177734966216,-22.7845100897671,0</coordinates>
          </LineString>
        </MultiGeometry>
      </Placemark>
      <Placemark id="Ruas_Nenhuma_Rota_Proxima.409">
        <name>Rua André Rebouças</name>
        <Style>
          <LineStyle>
            <color>ff0000ff</color>
          </LineStyle>
          <PolyStyle>
            <fill>0</fill>
          </PolyStyle>
        </Style>
        <ExtendedData>
          <SchemaData schemaUrl="#Ruas_Nenhuma_Rota_Proxima">
            <SimpleData name="fid">409</SimpleData>
            <SimpleData name="id">Centro.92</SimpleData>
            <SimpleData name="Name">Rua André Rebouças</SimpleData>
            <SimpleData name="Distrito">1º</SimpleData>
            <SimpleData name="id_trecho">1047</SimpleData>
            <SimpleData name="Extensao_m">27.2874104168908</SimpleData>
            <SimpleData name="Bairro_logradouros">Centro</SimpleData>
            <SimpleData name="Bairro_rotas"></SimpleData>
            <SimpleData name="Lote">I</SimpleData>
            <SimpleData name="Rota"></SimpleData>
            <SimpleData name="Turno">Noite</SimpleData>
            <SimpleData name="Dias_da_semana">ter,qui,sab</SimpleData>
            <SimpleData name="Hit_Rate">88.89</SimpleData>
            <SimpleData name="Status">Validado (Rua sem rota)</SimpleData>
            <SimpleData name="Bloco">Ter_Qui_Sab</SimpleData>
          </SchemaData>
        </ExtendedData>
        <MultiGeometry>
          <LineString>
            <coordinates>-43.3127048,-22.7879664,0 -43.3128529,-22.7878689,0 -43.312917,-22.7878184,0</coordinates>
          </LineString>
        </MultiGeometry>
      </Placemark>
      <Placemark id="Ruas_Nenhuma_Rota_Proxima.410">
        <name>Rua André Rebouças</name>
        <Style>
          <LineStyle>
            <color>ff0000ff</color>
          </LineStyle>
          <PolyStyle>
            <fill>0</fill>
          </PolyStyle>
        </Style>
        <ExtendedData>
          <SchemaData schemaUrl="#Ruas_Nenhuma_Rota_Proxima">
            <SimpleData name="fid">410</SimpleData>
            <SimpleData name="id">Centro.92</SimpleData>
            <SimpleData name="Name">Rua André Rebouças</SimpleData>
            <SimpleData name="Distrito">1º</SimpleData>
            <SimpleData name="id_trecho">1050</SimpleData>
            <SimpleData name="Extensao_m">33.8763367903875</SimpleData>
            <SimpleData name="Bairro_logradouros">Centro</SimpleData>
            <SimpleData name="Bairro_rotas"></SimpleData>
            <SimpleData name="Lote">I</SimpleData>
            <SimpleData name="Rota"></SimpleData>
            <SimpleData name="Turno">Noite</SimpleData>
            <SimpleData name="Dias_da_semana">ter,qui,sab</SimpleData>
            <SimpleData name="Hit_Rate">100</SimpleData>
            <SimpleData name="Status">Validado (Rua sem rota)</SimpleData>
            <SimpleData name="Bloco">Ter_Qui_Sab</SimpleData>
          </SchemaData>
        </ExtendedData>
        <MultiGeometry>
          <LineString>
            <coordinates>-43.3123751,-22.7879772,0 -43.3125804,-22.7879716,0 -43.3127048,-22.7879664,0</coordinates>
          </LineString>
        </MultiGeometry>
      </Placemark>
      <Placemark id="Ruas_Nenhuma_Rota_Proxima.411">
        <name>SN</name>
        <Style>
          <LineStyle>
            <color>ff0000ff</color>
          </LineStyle>
          <PolyStyle>
            <fill>0</fill>
          </PolyStyle>
        </Style>
        <ExtendedData>
          <SchemaData schemaUrl="#Ruas_Nenhuma_Rota_Proxima">
            <SimpleData name="fid">411</SimpleData>
            <SimpleData name="id">Centro.148</SimpleData>
            <SimpleData name="Name">SN</SimpleData>
            <SimpleData name="Distrito">1º</SimpleData>
            <SimpleData name="id_trecho">1388</SimpleData>
            <SimpleData name="Extensao_m">60.0056555625302</SimpleData>
            <SimpleData name="Bairro_logradouros">Centro</SimpleData>
            <SimpleData name="Bairro_rotas"></SimpleData>
            <SimpleData name="Lote">I</SimpleData>
            <SimpleData name="Rota"></SimpleData>
            <SimpleData name="Turno">Noite</SimpleData>
            <SimpleData name="Dias_da_semana">ter,qui,sab</SimpleData>
            <SimpleData name="Hit_Rate">77.78</SimpleData>
            <SimpleData name="Status">Validado (Rua sem rota)</SimpleData>
            <SimpleData name="Bloco">Ter_Qui_Sab</SimpleData>
          </SchemaData>
        </ExtendedData>
        <MultiGeometry>
          <LineString>
            <coordinates>-43.3051752,-22.7982098,0 -43.3051866,-22.7982525,0 -43.3052034,-22.7982853,0 -43.30523,-22.7983103,0 -43.3052582,-22.7983275,0 -43.3052952,-22.79834,0 -43.3053455,-22.7983496,0 -43.3054146,-22.7983579,0 -43.3056803,-22.7983638,0</coordinates>
          </LineString>
        </MultiGeometry>
      </Placemark>
      <Placemark id="Ruas_Nenhuma_Rota_Proxima.412">
        <name>Terminal Rodoviário</name>
        <Style>
          <LineStyle>
            <color>ff0000ff</color>
          </LineStyle>
          <PolyStyle>
            <fill>0</fill>
          </PolyStyle>
        </Style>
        <ExtendedData>
          <SchemaData schemaUrl="#Ruas_Nenhuma_Rota_Proxima">
            <SimpleData name="fid">412</SimpleData>
            <SimpleData name="id">Centro.136</SimpleData>
            <SimpleData name="Name">Terminal Rodoviário</SimpleData>
            <SimpleData name="Distrito">1º</SimpleData>
            <SimpleData name="id_trecho">1396</SimpleData>
            <SimpleData name="Extensao_m">37.0732306723512</SimpleData>
            <SimpleData name="Bairro_logradouros">Centro</SimpleData>
            <SimpleData name="Bairro_rotas"></SimpleData>
            <SimpleData name="Lote">I</SimpleData>
            <SimpleData name="Rota"></SimpleData>
            <SimpleData name="Turno">Noite</SimpleData>
            <SimpleData name="Dias_da_semana">ter,qui,sab</SimpleData>
            <SimpleData name="Hit_Rate">66.67</SimpleData>
            <SimpleData name="Status">Validado (Rua sem rota)</SimpleData>
            <SimpleData name="Bloco">Ter_Qui_Sab</SimpleData>
          </SchemaData>
        </ExtendedData>
        <MultiGeometry>
          <LineString>
            <coordinates>-43.3110627,-22.7925544,0 -43.3111791,-22.7922375,0</coordinates>
          </LineString>
        </MultiGeometry>
      </Placemark>
      <Placemark id="Ruas_Nenhuma_Rota_Proxima.413">
        <name>Rodovia Washington Luiz - Auxiliar</name>
        <Style>
          <LineStyle>
            <color>ff0000ff</color>
          </LineStyle>
          <PolyStyle>
            <fill>0</fill>
          </PolyStyle>
        </Style>
        <ExtendedData>
          <SchemaData schemaUrl="#Ruas_Nenhuma_Rota_Proxima">
            <SimpleData name="fid">413</SimpleData>
            <SimpleData name="id">Doutor_Laureano.57</SimpleData>
            <SimpleData name="Name">Rodovia Washington Luiz - Auxiliar</SimpleData>
            <SimpleData name="Distrito">1º</SimpleData>
            <SimpleData name="id_trecho">1536</SimpleData>
            <SimpleData name="Extensao_m">242.563772293236</SimpleData>
            <SimpleData name="Bairro_logradouros">Doutor Laureano</SimpleData>
            <SimpleData name="Bairro_rotas"></SimpleData>
            <SimpleData name="Lote">I</SimpleData>
            <SimpleData name="Rota"></SimpleData>
            <SimpleData name="Turno">Noite</SimpleData>
            <SimpleData name="Dias_da_semana">ter,qui,sab</SimpleData>
            <SimpleData name="Hit_Rate">100</SimpleData>
            <SimpleData name="Status">Validado (Rua sem rota)</SimpleData>
            <SimpleData name="Bloco">Ter_Qui_Sab</SimpleData>
          </SchemaData>
        </ExtendedData>
        <MultiGeometry>
          <LineString>
            <coordinates>-43.2872915688478,-22.7592897697509,0 -43.2872756,-22.7595542,0 -43.2872415,-22.7599704,0 -43.2872111,-22.7604692,0 -43.2871727,-22.7609722,0 -43.2871467,-22.7614759,0</coordinates>
          </LineString>
        </MultiGeometry>
      </Placemark>
      <Placemark id="Ruas_Nenhuma_Rota_Proxima.414">
        <name>Rodovia Washington Luiz - Auxiliar</name>
        <Style>
          <LineStyle>
            <color>ff0000ff</color>
          </LineStyle>
          <PolyStyle>
            <fill>0</fill>
          </PolyStyle>
        </Style>
        <ExtendedData>
          <SchemaData schemaUrl="#Ruas_Nenhuma_Rota_Proxima">
            <SimpleData name="fid">414</SimpleData>
            <SimpleData name="id">Doutor_Laureano.57</SimpleData>
            <SimpleData name="Name">Rodovia Washington Luiz - Auxiliar</SimpleData>
            <SimpleData name="Distrito">1º</SimpleData>
            <SimpleData name="id_trecho">1537</SimpleData>
            <SimpleData name="Extensao_m">239.58488413982</SimpleData>
            <SimpleData name="Bairro_logradouros">Doutor Laureano</SimpleData>
            <SimpleData name="Bairro_rotas"></SimpleData>
            <SimpleData name="Lote">I</SimpleData>
            <SimpleData name="Rota"></SimpleData>
            <SimpleData name="Turno">Noite</SimpleData>
            <SimpleData name="Dias_da_semana">ter,qui,sab</SimpleData>
            <SimpleData name="Hit_Rate">100</SimpleData>
            <SimpleData name="Status">Validado (Rua sem rota)</SimpleData>
            <SimpleData name="Bloco">Ter_Qui_Sab</SimpleData>
          </SchemaData>
        </ExtendedData>
        <MultiGeometry>
          <LineString>
            <coordinates>-43.2871467,-22.7614759,0 -43.2871118,-22.7619693,0 -43.2870676,-22.7624676,0 -43.2870192,-22.7633334,0 -43.2870050548975,-22.7636351849103,0</coordinates>
          </LineString>
        </MultiGeometry>
      </Placemark>
      <Placemark id="Ruas_Nenhuma_Rota_Proxima.415">
        <name>Rodovia Washington Luiz - Auxiliar</name>
        <Style>
          <LineStyle>
            <color>ff0000ff</color>
          </LineStyle>
          <PolyStyle>
            <fill>0</fill>
          </PolyStyle>
        </Style>
        <ExtendedData>
          <SchemaData schemaUrl="#Ruas_Nenhuma_Rota_Proxima">
            <SimpleData name="fid">415</SimpleData>
            <SimpleData name="id">Doutor_Laureano.57</SimpleData>
            <SimpleData name="Name">Rodovia Washington Luiz - Auxiliar</SimpleData>
            <SimpleData name="Distrito">1º</SimpleData>
            <SimpleData name="id_trecho">1539</SimpleData>
            <SimpleData name="Extensao_m">59.1963377244957</SimpleData>
            <SimpleData name="Bairro_logradouros">Doutor Laureano</SimpleData>
            <SimpleData name="Bairro_rotas"></SimpleData>
            <SimpleData name="Lote">I</SimpleData>
            <SimpleData name="Rota"></SimpleData>
            <SimpleData name="Turno">Noite</SimpleData>
            <SimpleData name="Dias_da_semana">ter,qui,sab</SimpleData>
            <SimpleData name="Hit_Rate">66.67</SimpleData>
            <SimpleData name="Status">Validado (Rua sem rota)</SimpleData>
            <SimpleData name="Bloco">Ter_Qui_Sab</SimpleData>
          </SchemaData>
        </ExtendedData>
        <MultiGeometry>
          <LineString>
            <coordinates>-43.2870027314584,-22.7636847553427,0 -43.2869777,-22.7642188,0</coordinates>
          </LineString>
        </MultiGeometry>
      </Placemark>
      <Placemark id="Ruas_Nenhuma_Rota_Proxima.416">
        <name>Rodovia Washington Luiz - Auxiliar</name>
        <Style>
          <LineStyle>
            <color>ff0000ff</color>
          </LineStyle>
          <PolyStyle>
            <fill>0</fill>
          </PolyStyle>
        </Style>
        <ExtendedData>
          <SchemaData schemaUrl="#Ruas_Nenhuma_Rota_Proxima">
            <SimpleData name="fid">416</SimpleData>
            <SimpleData name="id">Doutor_Laureano.57</SimpleData>
            <SimpleData name="Name">Rodovia Washington Luiz - Auxiliar</SimpleData>
            <SimpleData name="Distrito">1º</SimpleData>
            <SimpleData name="id_trecho">1540</SimpleData>
            <SimpleData name="Extensao_m">117.783727137068</SimpleData>
            <SimpleData name="Bairro_logradouros">Doutor Laureano</SimpleData>
            <SimpleData name="Bairro_rotas"></SimpleData>
            <SimpleData name="Lote">I</SimpleData>
            <SimpleData name="Rota"></SimpleData>
            <SimpleData name="Turno">Noite</SimpleData>
            <SimpleData name="Dias_da_semana">ter,qui,sab</SimpleData>
            <SimpleData name="Hit_Rate">88.89</SimpleData>
            <SimpleData name="Status">Validado (Rua sem rota)</SimpleData>
            <SimpleData name="Bloco">Ter_Qui_Sab</SimpleData>
          </SchemaData>
        </ExtendedData>
        <MultiGeometry>
          <LineString>
            <coordinates>-43.2869777,-22.7642188,0 -43.2869522,-22.764732,0 -43.2869155,-22.7652808,0</coordinates>
          </LineString>
        </MultiGeometry>
      </Placemark>
      <Placemark id="Ruas_Nenhuma_Rota_Proxima.417">
        <name>Rua Mogi</name>
        <Style>
          <LineStyle>
            <color>ff0000ff</color>
          </LineStyle>
          <PolyStyle>
            <fill>0</fill>
          </PolyStyle>
        </Style>
        <ExtendedData>
          <SchemaData schemaUrl="#Ruas_Nenhuma_Rota_Proxima">
            <SimpleData name="fid">417</SimpleData>
            <SimpleData name="id">Doutor_Laureano.65</SimpleData>
            <SimpleData name="Name">Rua Mogi</SimpleData>
            <SimpleData name="Distrito">1º</SimpleData>
            <SimpleData name="id_trecho">1767</SimpleData>
            <SimpleData name="Extensao_m">95.2886568415214</SimpleData>
            <SimpleData name="Bairro_logradouros">Doutor Laureano</SimpleData>
            <SimpleData name="Bairro_rotas"></SimpleData>
            <SimpleData name="Lote">I</SimpleData>
            <SimpleData name="Rota"></SimpleData>
            <SimpleData name="Turno">Noite</SimpleData>
            <SimpleData name="Dias_da_semana">ter,qui,sab</SimpleData>
            <SimpleData name="Hit_Rate">88.89</SimpleData>
            <SimpleData name="Status">Validado (Rua sem rota)</SimpleData>
            <SimpleData name="Bloco">Ter_Qui_Sab</SimpleData>
          </SchemaData>
        </ExtendedData>
        <MultiGeometry>
          <LineString>
            <coordinates>-43.2880171,-22.7614895,0 -43.2886581,-22.7608674,0</coordinates>
          </LineString>
        </MultiGeometry>
      </Placemark>
      <Placemark id="Ruas_Nenhuma_Rota_Proxima.418">
        <name>Rua Mogi</name>
        <Style>
          <LineStyle>
            <color>ff0000ff</color>
          </LineStyle>
          <PolyStyle>
            <fill>0</fill>
          </PolyStyle>
        </Style>
        <ExtendedData>
          <SchemaData schemaUrl="#Ruas_Nenhuma_Rota_Proxima">
            <SimpleData name="fid">418</SimpleData>
            <SimpleData name="id">Doutor_Laureano.65</SimpleData>
            <SimpleData name="Name">Rua Mogi</SimpleData>
            <SimpleData name="Distrito">1º</SimpleData>
            <SimpleData name="id_trecho">1768</SimpleData>
            <SimpleData name="Extensao_m">90.0971765201747</SimpleData>
            <SimpleData name="Bairro_logradouros">Doutor Laureano</SimpleData>
            <SimpleData name="Bairro_rotas"></SimpleData>
            <SimpleData name="Lote">I</SimpleData>
            <SimpleData name="Rota"></SimpleData>
            <SimpleData name="Turno">Noite</SimpleData>
            <SimpleData name="Dias_da_semana">ter,qui,sab</SimpleData>
            <SimpleData name="Hit_Rate">100</SimpleData>
            <SimpleData name="Status">Validado (Rua sem rota)</SimpleData>
            <SimpleData name="Bloco">Ter_Qui_Sab</SimpleData>
          </SchemaData>
        </ExtendedData>
        <MultiGeometry>
          <LineString>
            <coordinates>-43.2886581,-22.7608674,0 -43.28933,-22.7603443,0</coordinates>
          </LineString>
        </MultiGeometry>
      </Placemark>
      <Placemark id="Ruas_Nenhuma_Rota_Proxima.419">
        <name>Rua Santa Izabel</name>
        <Style>
          <LineStyle>
            <color>ff0000ff</color>
          </LineStyle>
          <PolyStyle>
            <fill>0</fill>
          </PolyStyle>
        </Style>
        <ExtendedData>
          <SchemaData schemaUrl="#Ruas_Nenhuma_Rota_Proxima">
            <SimpleData name="fid">419</SimpleData>
            <SimpleData name="id">Doutor_Laureano.64</SimpleData>
            <SimpleData name="Name">Rua Santa Izabel</SimpleData>
            <SimpleData name="Distrito">1º</SimpleData>
            <SimpleData name="id_trecho">1834</SimpleData>
            <SimpleData name="Extensao_m">225.305112570653</SimpleData>
            <SimpleData name="Bairro_logradouros">Doutor Laureano</SimpleData>
            <SimpleData name="Bairro_rotas"></SimpleData>
            <SimpleData name="Lote">I</SimpleData>
            <SimpleData name="Rota"></SimpleData>
            <SimpleData name="Turno">Noite</SimpleData>
            <SimpleData name="Dias_da_semana">ter,qui,sab</SimpleData>
            <SimpleData name="Hit_Rate">88.89</SimpleData>
            <SimpleData name="Status">Validado (Rua sem rota)</SimpleData>
            <SimpleData name="Bloco">Ter_Qui_Sab</SimpleData>
          </SchemaData>
        </ExtendedData>
        <MultiGeometry>
          <LineString>
            <coordinates>-43.2886581,-22.7608674,0 -43.28817,-22.7603468,0 -43.2875624,-22.7596295,0 -43.2873586,-22.7594094,0 -43.2873058443655,-22.7592757087307,0</coordinates>
          </LineString>
        </MultiGeometry>
      </Placemark>
      <Placemark id="Ruas_Nenhuma_Rota_Proxima.420">
        <name>Viaduto Vila São Luiz</name>
        <Style>
          <LineStyle>
            <color>ff0000ff</color>
          </LineStyle>
          <PolyStyle>
            <fill>0</fill>
          </PolyStyle>
        </Style>
        <ExtendedData>
          <SchemaData schemaUrl="#Ruas_Nenhuma_Rota_Proxima">
            <SimpleData name="fid">420</SimpleData>
            <SimpleData name="id">Doutor_Laureano.97</SimpleData>
            <SimpleData name="Name">Viaduto Vila São Luiz</SimpleData>
            <SimpleData name="Distrito">1º</SimpleData>
            <SimpleData name="id_trecho">1911</SimpleData>
            <SimpleData name="Extensao_m">176.945770237848</SimpleData>
            <SimpleData name="Bairro_logradouros">Doutor Laureano</SimpleData>
            <SimpleData name="Bairro_rotas"></SimpleData>
            <SimpleData name="Lote">I</SimpleData>
            <SimpleData name="Rota"></SimpleData>
            <SimpleData name="Turno">Noite</SimpleData>
            <SimpleData name="Dias_da_semana">ter,qui,sab</SimpleData>
            <SimpleData name="Hit_Rate">100</SimpleData>
            <SimpleData name="Status">Validado (Rua sem rota)</SimpleData>
            <SimpleData name="Bloco">Ter_Qui_Sab</SimpleData>
          </SchemaData>
        </ExtendedData>
        <MultiGeometry>
          <LineString>
            <coordinates>-43.2869777,-22.7642188,0 -43.2869939,-22.7643424,0 -43.2870207,-22.7644327,0 -43.287093,-22.764502,0 -43.287203,-22.7645267,0 -43.2873291,-22.7644896,0 -43.2874337,-22.7643969,0 -43.2874753,-22.7642905,0 -43.2874699,-22.7641656,0 -43.2874109,-22.7639937,0 -43.2873184,-22.7638602,0 -43.2871963,-22.7637674,0 -43.2870287,-22.7636932,0 -43.2870027314584,-22.7636847553427,0</coordinates>
          </LineString>
        </MultiGeometry>
      </Placemark>
      <Placemark id="Ruas_Nenhuma_Rota_Proxima.421">
        <name>Viaduto Vila São Luiz</name>
        <Style>
          <LineStyle>
            <color>ff0000ff</color>
          </LineStyle>
          <PolyStyle>
            <fill>0</fill>
          </PolyStyle>
        </Style>
        <ExtendedData>
          <SchemaData schemaUrl="#Ruas_Nenhuma_Rota_Proxima">
            <SimpleData name="fid">421</SimpleData>
            <SimpleData name="id">Doutor_Laureano.97</SimpleData>
            <SimpleData name="Name">Viaduto Vila São Luiz</SimpleData>
            <SimpleData name="Distrito">1º</SimpleData>
            <SimpleData name="id_trecho">1916</SimpleData>
            <SimpleData name="Extensao_m">86.4424581870465</SimpleData>
            <SimpleData name="Bairro_logradouros">Doutor Laureano</SimpleData>
            <SimpleData name="Bairro_rotas"></SimpleData>
            <SimpleData name="Lote">I</SimpleData>
            <SimpleData name="Rota"></SimpleData>
            <SimpleData name="Turno">Noite</SimpleData>
            <SimpleData name="Dias_da_semana">ter,qui,sab</SimpleData>
            <SimpleData name="Hit_Rate">100</SimpleData>
            <SimpleData name="Status">Validado (Rua sem rota)</SimpleData>
            <SimpleData name="Bloco">Ter_Qui_Sab</SimpleData>
          </SchemaData>
        </ExtendedData>
        <MultiGeometry>
          <LineString>
            <coordinates>-43.2870050548975,-22.7636351849103,0 -43.2872191,-22.7637241,0 -43.2874176,-22.7638837,0 -43.2875048,-22.7640333,0 -43.2875262,-22.7640889,0 -43.2875423,-22.764178,0</coordinates>
          </LineString>
        </MultiGeometry>
      </Placemark>
      <Placemark id="Ruas_Nenhuma_Rota_Proxima.422">
        <name>Viaduto Vila São Luiz</name>
        <Style>
          <LineStyle>
            <color>ff0000ff</color>
          </LineStyle>
          <PolyStyle>
            <fill>0</fill>
          </PolyStyle>
        </Style>
        <ExtendedData>
          <SchemaData schemaUrl="#Ruas_Nenhuma_Rota_Proxima">
            <SimpleData name="fid">422</SimpleData>
            <SimpleData name="id">Doutor_Laureano.97</SimpleData>
            <SimpleData name="Name">Viaduto Vila São Luiz</SimpleData>
            <SimpleData name="Distrito">1º</SimpleData>
            <SimpleData name="id_trecho">1917</SimpleData>
            <SimpleData name="Extensao_m">143.213417662852</SimpleData>
            <SimpleData name="Bairro_logradouros">Doutor Laureano</SimpleData>
            <SimpleData name="Bairro_rotas"></SimpleData>
            <SimpleData name="Lote">I</SimpleData>
            <SimpleData name="Rota"></SimpleData>
            <SimpleData name="Turno">Noite</SimpleData>
            <SimpleData name="Dias_da_semana">ter,qui,sab</SimpleData>
            <SimpleData name="Hit_Rate">100</SimpleData>
            <SimpleData name="Status">Validado (Rua sem rota)</SimpleData>
            <SimpleData name="Bloco">Ter_Qui_Sab</SimpleData>
          </SchemaData>
        </ExtendedData>
        <MultiGeometry>
          <LineString>
            <coordinates>-43.2875423,-22.764178,0 -43.2875209,-22.7643227,0 -43.2874632,-22.764476,0 -43.2873666,-22.7646293,0 -43.2872728,-22.7647097,0 -43.2871266,-22.7648099,0 -43.2870622,-22.7648754,0 -43.2870045,-22.7649583,0 -43.2869155,-22.7652808,0</coordinates>
          </LineString>
        </MultiGeometry>
      </Placemark>
      <Placemark id="Ruas_Nenhuma_Rota_Proxima.423">
        <name>Rodovia Washington Luiz - Auxiliar</name>
        <Style>
          <LineStyle>
            <color>ff0000ff</color>
          </LineStyle>
          <PolyStyle>
            <fill>0</fill>
          </PolyStyle>
        </Style>
        <ExtendedData>
          <SchemaData schemaUrl="#Ruas_Nenhuma_Rota_Proxima">
            <SimpleData name="fid">423</SimpleData>
            <SimpleData name="id">Gramacho.41</SimpleData>
            <SimpleData name="Name">Rodovia Washington Luiz - Auxiliar</SimpleData>
            <SimpleData name="Distrito">1º</SimpleData>
            <SimpleData name="id_trecho">2160</SimpleData>
            <SimpleData name="Extensao_m">133.116198022357</SimpleData>
            <SimpleData name="Bairro_logradouros">Gramacho</SimpleData>
            <SimpleData name="Bairro_rotas"></SimpleData>
            <SimpleData name="Lote">I</SimpleData>
            <SimpleData name="Rota"></SimpleData>
            <SimpleData name="Turno">Noite</SimpleData>
            <SimpleData name="Dias_da_semana">ter,qui,sab</SimpleData>
            <SimpleData name="Hit_Rate">66.67</SimpleData>
            <SimpleData name="Status">Validado (Rua sem rota)</SimpleData>
            <SimpleData name="Bloco">Ter_Qui_Sab</SimpleData>
          </SchemaData>
        </ExtendedData>
        <MultiGeometry>
          <LineString>
            <coordinates>-43.2873506,-22.7580454,0 -43.2873224,-22.7584695,0 -43.2873035,-22.7590359,0 -43.2872942,-22.7592462,0</coordinates>
          </LineString>
        </MultiGeometry>
      </Placemark>
      <Placemark id="Ruas_Nenhuma_Rota_Proxima.424">
        <name>Rodovia Washington Luiz - Auxiliar</name>
        <Style>
          <LineStyle>
            <color>ff0000ff</color>
          </LineStyle>
          <PolyStyle>
            <fill>0</fill>
          </PolyStyle>
        </Style>
        <ExtendedData>
          <SchemaData schemaUrl="#Ruas_Nenhuma_Rota_Proxima">
            <SimpleData name="fid">424</SimpleData>
            <SimpleData name="id">Gramacho.41</SimpleData>
            <SimpleData name="Name">Rodovia Washington Luiz - Auxiliar</SimpleData>
            <SimpleData name="Distrito">1º</SimpleData>
            <SimpleData name="id_trecho">2163</SimpleData>
            <SimpleData name="Extensao_m">122.016909287153</SimpleData>
            <SimpleData name="Bairro_logradouros">Gramacho</SimpleData>
            <SimpleData name="Bairro_rotas"></SimpleData>
            <SimpleData name="Lote">I</SimpleData>
            <SimpleData name="Rota"></SimpleData>
            <SimpleData name="Turno">Noite</SimpleData>
            <SimpleData name="Dias_da_semana">ter,qui,sab</SimpleData>
            <SimpleData name="Hit_Rate">100</SimpleData>
            <SimpleData name="Status">Validado (Rua sem rota)</SimpleData>
            <SimpleData name="Bloco">Ter_Qui_Sab</SimpleData>
          </SchemaData>
        </ExtendedData>
        <MultiGeometry>
          <LineString>
            <coordinates>-43.286422,-22.7652308,0 -43.2864922,-22.7641309,0</coordinates>
          </LineString>
        </MultiGeometry>
      </Placemark>
      <Placemark id="Ruas_Nenhuma_Rota_Proxima.425">
        <name>Rodovia Washington Luiz - Auxiliar</name>
        <Style>
          <LineStyle>
            <color>ff0000ff</color>
          </LineStyle>
          <PolyStyle>
            <fill>0</fill>
          </PolyStyle>
        </Style>
        <ExtendedData>
          <SchemaData schemaUrl="#Ruas_Nenhuma_Rota_Proxima">
            <SimpleData name="fid">425</SimpleData>
            <SimpleData name="id">Gramacho.41</SimpleData>
            <SimpleData name="Name">Rodovia Washington Luiz - Auxiliar</SimpleData>
            <SimpleData name="Distrito">1º</SimpleData>
            <SimpleData name="id_trecho">2164</SimpleData>
            <SimpleData name="Extensao_m">52.5662218902471</SimpleData>
            <SimpleData name="Bairro_logradouros">Gramacho</SimpleData>
            <SimpleData name="Bairro_rotas"></SimpleData>
            <SimpleData name="Lote">I</SimpleData>
            <SimpleData name="Rota"></SimpleData>
            <SimpleData name="Turno">Noite</SimpleData>
            <SimpleData name="Dias_da_semana">ter,qui,sab</SimpleData>
            <SimpleData name="Hit_Rate">100</SimpleData>
            <SimpleData name="Status">Validado (Rua sem rota)</SimpleData>
            <SimpleData name="Bloco">Ter_Qui_Sab</SimpleData>
          </SchemaData>
        </ExtendedData>
        <MultiGeometry>
          <LineString>
            <coordinates>-43.2864922,-22.7641309,0 -43.2864963,-22.7637167,0 -43.2865005387472,-22.7636563670416,0</coordinates>
          </LineString>
        </MultiGeometry>
      </Placemark>
      <Placemark id="Ruas_Nenhuma_Rota_Proxima.426">
        <name>Rodovia Washington Luiz - Auxiliar</name>
        <Style>
          <LineStyle>
            <color>ff0000ff</color>
          </LineStyle>
          <PolyStyle>
            <fill>0</fill>
          </PolyStyle>
        </Style>
        <ExtendedData>
          <SchemaData schemaUrl="#Ruas_Nenhuma_Rota_Proxima">
            <SimpleData name="fid">426</SimpleData>
            <SimpleData name="id">Gramacho.41</SimpleData>
            <SimpleData name="Name">Rodovia Washington Luiz - Auxiliar</SimpleData>
            <SimpleData name="Distrito">1º</SimpleData>
            <SimpleData name="id_trecho">2166</SimpleData>
            <SimpleData name="Extensao_m">396.720745586902</SimpleData>
            <SimpleData name="Bairro_logradouros">Gramacho</SimpleData>
            <SimpleData name="Bairro_rotas"></SimpleData>
            <SimpleData name="Lote">I</SimpleData>
            <SimpleData name="Rota"></SimpleData>
            <SimpleData name="Turno">Noite</SimpleData>
            <SimpleData name="Dias_da_semana">ter,qui,sab</SimpleData>
            <SimpleData name="Hit_Rate">100</SimpleData>
            <SimpleData name="Status">Validado (Rua sem rota)</SimpleData>
            <SimpleData name="Bloco">Ter_Qui_Sab</SimpleData>
          </SchemaData>
        </ExtendedData>
        <MultiGeometry>
          <LineString>
            <coordinates>-43.286503707751,-22.7636112604653,0 -43.2865254,-22.7633025,0 -43.2865403,-22.7631125,0 -43.286574,-22.7626853,0 -43.2865995,-22.7623069,0 -43.2866491,-22.7615464,0 -43.2867296,-22.7600351,0</coordinates>
          </LineString>
        </MultiGeometry>
      </Placemark>
      <Placemark id="Ruas_Nenhuma_Rota_Proxima.427">
        <name>Rodovia Washington Luiz - Auxiliar</name>
        <Style>
          <LineStyle>
            <color>ff0000ff</color>
          </LineStyle>
          <PolyStyle>
            <fill>0</fill>
          </PolyStyle>
        </Style>
        <ExtendedData>
          <SchemaData schemaUrl="#Ruas_Nenhuma_Rota_Proxima">
            <SimpleData name="fid">427</SimpleData>
            <SimpleData name="id">Gramacho.41</SimpleData>
            <SimpleData name="Name">Rodovia Washington Luiz - Auxiliar</SimpleData>
            <SimpleData name="Distrito">1º</SimpleData>
            <SimpleData name="id_trecho">2168</SimpleData>
            <SimpleData name="Extensao_m">228.393912989633</SimpleData>
            <SimpleData name="Bairro_logradouros">Gramacho</SimpleData>
            <SimpleData name="Bairro_rotas"></SimpleData>
            <SimpleData name="Lote">I</SimpleData>
            <SimpleData name="Rota"></SimpleData>
            <SimpleData name="Turno">Noite</SimpleData>
            <SimpleData name="Dias_da_semana">ter,qui,sab</SimpleData>
            <SimpleData name="Hit_Rate">100</SimpleData>
            <SimpleData name="Status">Validado (Rua sem rota)</SimpleData>
            <SimpleData name="Bloco">Ter_Qui_Sab</SimpleData>
          </SchemaData>
        </ExtendedData>
        <MultiGeometry>
          <LineString>
            <coordinates>-43.2867516,-22.7596197,0 -43.2867658,-22.759235,0 -43.2867872,-22.758933,0 -43.2868302,-22.7583323,0 -43.2868678,-22.75773,0 -43.2868745,-22.7575606,0</coordinates>
          </LineString>
        </MultiGeometry>
      </Placemark>
      <Placemark id="Ruas_Nenhuma_Rota_Proxima.428">
        <name>Rodovia Washington Luiz - Auxiliar</name>
        <Style>
          <LineStyle>
            <color>ff0000ff</color>
          </LineStyle>
          <PolyStyle>
            <fill>0</fill>
          </PolyStyle>
        </Style>
        <ExtendedData>
          <SchemaData schemaUrl="#Ruas_Nenhuma_Rota_Proxima">
            <SimpleData name="fid">428</SimpleData>
            <SimpleData name="id">Gramacho.41</SimpleData>
            <SimpleData name="Name">Rodovia Washington Luiz - Auxiliar</SimpleData>
            <SimpleData name="Distrito">1º</SimpleData>
            <SimpleData name="id_trecho">2170</SimpleData>
            <SimpleData name="Extensao_m">330.535185797318</SimpleData>
            <SimpleData name="Bairro_logradouros">Gramacho</SimpleData>
            <SimpleData name="Bairro_rotas"></SimpleData>
            <SimpleData name="Lote">I</SimpleData>
            <SimpleData name="Rota"></SimpleData>
            <SimpleData name="Turno">Noite</SimpleData>
            <SimpleData name="Dias_da_semana">ter,qui,sab</SimpleData>
            <SimpleData name="Hit_Rate">100</SimpleData>
            <SimpleData name="Status">Validado (Rua sem rota)</SimpleData>
            <SimpleData name="Bloco">Ter_Qui_Sab</SimpleData>
          </SchemaData>
        </ExtendedData>
        <MultiGeometry>
          <LineString>
            <coordinates>-43.2868798,-22.757427,0 -43.2869388,-22.7565613,0 -43.2869831,-22.7558576,0 -43.2870689,-22.7544474,0</coordinates>
          </LineString>
        </MultiGeometry>
      </Placemark>
      <Placemark id="Ruas_Nenhuma_Rota_Proxima.429">
        <name>Rodovia Washington Luiz - Auxiliar</name>
        <Style>
          <LineStyle>
            <color>ff0000ff</color>
          </LineStyle>
          <PolyStyle>
            <fill>0</fill>
          </PolyStyle>
        </Style>
        <ExtendedData>
          <SchemaData schemaUrl="#Ruas_Nenhuma_Rota_Proxima">
            <SimpleData name="fid">429</SimpleData>
            <SimpleData name="id">Gramacho.41</SimpleData>
            <SimpleData name="Name">Rodovia Washington Luiz - Auxiliar</SimpleData>
            <SimpleData name="Distrito">1º</SimpleData>
            <SimpleData name="id_trecho">2171</SimpleData>
            <SimpleData name="Extensao_m">247.030079822209</SimpleData>
            <SimpleData name="Bairro_logradouros">Gramacho</SimpleData>
            <SimpleData name="Bairro_rotas"></SimpleData>
            <SimpleData name="Lote">I</SimpleData>
            <SimpleData name="Rota"></SimpleData>
            <SimpleData name="Turno">Noite</SimpleData>
            <SimpleData name="Dias_da_semana">ter,qui,sab</SimpleData>
            <SimpleData name="Hit_Rate">100</SimpleData>
            <SimpleData name="Status">Validado (Rua sem rota)</SimpleData>
            <SimpleData name="Bloco">Ter_Qui_Sab</SimpleData>
          </SchemaData>
        </ExtendedData>
        <MultiGeometry>
          <LineString>
            <coordinates>-43.2870689,-22.7544474,0 -43.2870944,-22.7538925,0 -43.2871346,-22.7533334,0 -43.2872022,-22.7522202,0</coordinates>
          </LineString>
        </MultiGeometry>
      </Placemark>
      <Placemark id="Ruas_Nenhuma_Rota_Proxima.430">
        <name>Rua Ponta Grossa</name>
        <Style>
          <LineStyle>
            <color>ff0000ff</color>
          </LineStyle>
          <PolyStyle>
            <fill>0</fill>
          </PolyStyle>
        </Style>
        <ExtendedData>
          <SchemaData schemaUrl="#Ruas_Nenhuma_Rota_Proxima">
            <SimpleData name="fid">430</SimpleData>
            <SimpleData name="id">Gramacho.166</SimpleData>
            <SimpleData name="Name">Rua Ponta Grossa</SimpleData>
            <SimpleData name="Distrito">1º</SimpleData>
            <SimpleData name="id_trecho">2678</SimpleData>
            <SimpleData name="Extensao_m">244.825856860283</SimpleData>
            <SimpleData name="Bairro_logradouros">Gramacho</SimpleData>
            <SimpleData name="Bairro_rotas"></SimpleData>
            <SimpleData name="Lote">I</SimpleData>
            <SimpleData name="Rota"></SimpleData>
            <SimpleData name="Turno">Noite</SimpleData>
            <SimpleData name="Dias_da_semana">ter,qui,sab</SimpleData>
            <SimpleData name="Hit_Rate">100</SimpleData>
            <SimpleData name="Status">Validado (Rua sem rota)</SimpleData>
            <SimpleData name="Bloco">Ter_Qui_Sab</SimpleData>
          </SchemaData>
        </ExtendedData>
        <MultiGeometry>
          <LineString>
            <coordinates>-43.286318,-22.7521781,0 -43.2861728,-22.7543848,0</coordinates>
          </LineString>
        </MultiGeometry>
      </Placemark>
      <Placemark id="Ruas_Nenhuma_Rota_Proxima.431">
        <name>Viaduto do Gramacho</name>
        <Style>
          <LineStyle>
            <color>ff0000ff</color>
          </LineStyle>
          <PolyStyle>
            <fill>0</fill>
          </PolyStyle>
        </Style>
        <ExtendedData>
          <SchemaData schemaUrl="#Ruas_Nenhuma_Rota_Proxima">
            <SimpleData name="fid">431</SimpleData>
            <SimpleData name="id">Gramacho.225</SimpleData>
            <SimpleData name="Name">Viaduto do Gramacho</SimpleData>
            <SimpleData name="Distrito">1º</SimpleData>
            <SimpleData name="id_trecho">2851</SimpleData>
            <SimpleData name="Extensao_m">143.299316149007</SimpleData>
            <SimpleData name="Bairro_logradouros">Gramacho</SimpleData>
            <SimpleData name="Bairro_rotas"></SimpleData>
            <SimpleData name="Lote">I</SimpleData>
            <SimpleData name="Rota"></SimpleData>
            <SimpleData name="Turno">Noite</SimpleData>
            <SimpleData name="Dias_da_semana">ter,qui,sab</SimpleData>
            <SimpleData name="Hit_Rate">77.78</SimpleData>
            <SimpleData name="Status">Validado (Rua sem rota)</SimpleData>
            <SimpleData name="Bloco">Ter_Qui_Sab</SimpleData>
          </SchemaData>
        </ExtendedData>
        <MultiGeometry>
          <LineString>
            <coordinates>-43.3054581991253,-22.7509804483954,0 -43.3055661,-22.7509045,0 -43.3056285,-22.7508562,0 -43.3056705,-22.7508022,0 -43.3057777,-22.7506224,0 -43.3060697,-22.7501327,0 -43.306185,-22.7499088,0 -43.3061881482685,-22.7498959012689,0</coordinates>
          </LineString>
        </MultiGeometry>
      </Placemark>
      <Placemark id="Ruas_Nenhuma_Rota_Proxima.432">
        <name>Viaduto do Gramacho</name>
        <Style>
          <LineStyle>
            <color>ff0000ff</color>
          </LineStyle>
          <PolyStyle>
            <fill>0</fill>
          </PolyStyle>
        </Style>
        <ExtendedData>
          <SchemaData schemaUrl="#Ruas_Nenhuma_Rota_Proxima">
            <SimpleData name="fid">432</SimpleData>
            <SimpleData name="id">Gramacho.225</SimpleData>
            <SimpleData name="Name">Viaduto do Gramacho</SimpleData>
            <SimpleData name="Distrito">1º</SimpleData>
            <SimpleData name="id_trecho">2853</SimpleData>
            <SimpleData name="Extensao_m">210.412434465289</SimpleData>
            <SimpleData name="Bairro_logradouros">Gramacho</SimpleData>
            <SimpleData name="Bairro_rotas"></SimpleData>
            <SimpleData name="Lote">I</SimpleData>
            <SimpleData name="Rota"></SimpleData>
            <SimpleData name="Turno">Noite</SimpleData>
            <SimpleData name="Dias_da_semana">ter,qui,sab</SimpleData>
            <SimpleData name="Hit_Rate">100</SimpleData>
            <SimpleData name="Status">Validado (Rua sem rota)</SimpleData>
            <SimpleData name="Bloco">Ter_Qui_Sab</SimpleData>
          </SchemaData>
        </ExtendedData>
        <MultiGeometry>
          <LineString>
            <coordinates>-43.3062092413604,-22.7497845068737,0 -43.3062146,-22.7497258,0 -43.3062125,-22.749643,0 -43.3062017,-22.7495704,0 -43.306161,-22.749424,0 -43.3061153,-22.7493338,0 -43.3060531,-22.7492495,0 -43.3059922,-22.7491774,0 -43.3058952,-22.7490805,0 -43.3058147,-22.7490157,0 -43.3053356,-22.7487166,0 -43.3049063,-22.74846,0</coordinates>
          </LineString>
        </MultiGeometry>
      </Placemark>
      <Placemark id="Ruas_Nenhuma_Rota_Proxima.433">
        <name>Viaduto do Gramacho</name>
        <Style>
          <LineStyle>
            <color>ff0000ff</color>
          </LineStyle>
          <PolyStyle>
            <fill>0</fill>
          </PolyStyle>
        </Style>
        <ExtendedData>
          <SchemaData schemaUrl="#Ruas_Nenhuma_Rota_Proxima">
            <SimpleData name="fid">433</SimpleData>
            <SimpleData name="id">Gramacho.225</SimpleData>
            <SimpleData name="Name">Viaduto do Gramacho</SimpleData>
            <SimpleData name="Distrito">1º</SimpleData>
            <SimpleData name="id_trecho">2854</SimpleData>
            <SimpleData name="Extensao_m">204.932935869319</SimpleData>
            <SimpleData name="Bairro_logradouros">Gramacho</SimpleData>
            <SimpleData name="Bairro_rotas"></SimpleData>
            <SimpleData name="Lote">I</SimpleData>
            <SimpleData name="Rota"></SimpleData>
            <SimpleData name="Turno">Noite</SimpleData>
            <SimpleData name="Dias_da_semana">ter,qui,sab</SimpleData>
            <SimpleData name="Hit_Rate">77.78</SimpleData>
            <SimpleData name="Status">Validado (Rua sem rota)</SimpleData>
            <SimpleData name="Bloco">Ter_Qui_Sab</SimpleData>
          </SchemaData>
        </ExtendedData>
        <MultiGeometry>
          <LineString>
            <coordinates>-43.3049512,-22.7484161,0 -43.3051014,-22.7485089,0 -43.3056808,-22.7488626,0 -43.3058457,-22.7489689,0 -43.3060201,-22.7491173,0 -43.3061019,-22.7492138,0 -43.3061823,-22.749335,0 -43.3062145,-22.7493981,0 -43.306248,-22.7495057,0 -43.3062735,-22.7496529,0 -43.3062717824516,-22.7496909777233,0</coordinates>
          </LineString>
        </MultiGeometry>
      </Placemark>
      <Placemark id="Ruas_Nenhuma_Rota_Proxima.434">
        <name>Viaduto do Gramacho</name>
        <Style>
          <LineStyle>
            <color>ff0000ff</color>
          </LineStyle>
          <PolyStyle>
            <fill>0</fill>
          </PolyStyle>
        </Style>
        <ExtendedData>
          <SchemaData schemaUrl="#Ruas_Nenhuma_Rota_Proxima">
            <SimpleData name="fid">434</SimpleData>
            <SimpleData name="id">Gramacho.225</SimpleData>
            <SimpleData name="Name">Viaduto do Gramacho</SimpleData>
            <SimpleData name="Distrito">1º</SimpleData>
            <SimpleData name="id_trecho">2857</SimpleData>
            <SimpleData name="Extensao_m">145.67329717471</SimpleData>
            <SimpleData name="Bairro_logradouros">Gramacho</SimpleData>
            <SimpleData name="Bairro_rotas"></SimpleData>
            <SimpleData name="Lote">I</SimpleData>
            <SimpleData name="Rota"></SimpleData>
            <SimpleData name="Turno">Noite</SimpleData>
            <SimpleData name="Dias_da_semana">ter,qui,sab</SimpleData>
            <SimpleData name="Hit_Rate">77.78</SimpleData>
            <SimpleData name="Status">Validado (Rua sem rota)</SimpleData>
            <SimpleData name="Bloco">Ter_Qui_Sab</SimpleData>
          </SchemaData>
        </ExtendedData>
        <MultiGeometry>
          <LineString>
            <coordinates>-43.3062396797003,-22.7498983062932,0 -43.3062387,-22.7499027,0 -43.306063,-22.7502341,0 -43.3059396,-22.7504506,0 -43.3058381,-22.7506348,0 -43.3057518,-22.750834,0 -43.3057465,-22.7509113,0 -43.3057353,-22.7511088,0</coordinates>
          </LineString>
        </MultiGeometry>
      </Placemark>
      <Placemark id="Ruas_Nenhuma_Rota_Proxima.435">
        <name>Viaduto do Gramacho</name>
        <Style>
          <LineStyle>
            <color>ff0000ff</color>
          </LineStyle>
          <PolyStyle>
            <fill>0</fill>
          </PolyStyle>
        </Style>
        <ExtendedData>
          <SchemaData schemaUrl="#Ruas_Nenhuma_Rota_Proxima">
            <SimpleData name="fid">435</SimpleData>
            <SimpleData name="id">Gramacho.225</SimpleData>
            <SimpleData name="Name">Viaduto do Gramacho</SimpleData>
            <SimpleData name="Distrito">1º</SimpleData>
            <SimpleData name="id_trecho">2858</SimpleData>
            <SimpleData name="Extensao_m">55.2071720404171</SimpleData>
            <SimpleData name="Bairro_logradouros">Gramacho</SimpleData>
            <SimpleData name="Bairro_rotas"></SimpleData>
            <SimpleData name="Lote">I</SimpleData>
            <SimpleData name="Rota"></SimpleData>
            <SimpleData name="Turno">Noite</SimpleData>
            <SimpleData name="Dias_da_semana">ter,qui,sab</SimpleData>
            <SimpleData name="Hit_Rate">88.89</SimpleData>
            <SimpleData name="Status">Validado (Rua sem rota)</SimpleData>
            <SimpleData name="Bloco">Ter_Qui_Sab</SimpleData>
          </SchemaData>
        </ExtendedData>
        <MultiGeometry>
          <LineString>
            <coordinates>-43.3057353,-22.7511088,0 -43.3056372,-22.7511957,0 -43.3056019,-22.7512035,0 -43.3055584,-22.7512106,0 -43.3055155,-22.7512075,0 -43.3054823,-22.7511973,0 -43.3054558,-22.7511729,0 -43.305441,-22.7511444,0 -43.3054336,-22.7511228,0 -43.3054293,-22.7510866,0 -43.3054534678918,-22.750988742901,0</coordinates>
          </LineString>
        </MultiGeometry>
      </Placemark>
      <Placemark id="Ruas_Nenhuma_Rota_Proxima.436">
        <name>Viaduto Vila São Luiz</name>
        <Style>
          <LineStyle>
            <color>ff0000ff</color>
          </LineStyle>
          <PolyStyle>
            <fill>0</fill>
          </PolyStyle>
        </Style>
        <ExtendedData>
          <SchemaData schemaUrl="#Ruas_Nenhuma_Rota_Proxima">
            <SimpleData name="fid">436</SimpleData>
            <SimpleData name="id">Gramacho.202</SimpleData>
            <SimpleData name="Name">Viaduto Vila São Luiz</SimpleData>
            <SimpleData name="Distrito">1º</SimpleData>
            <SimpleData name="id_trecho">2860</SimpleData>
            <SimpleData name="Extensao_m">234.562652577976</SimpleData>
            <SimpleData name="Bairro_logradouros">Gramacho</SimpleData>
            <SimpleData name="Bairro_rotas"></SimpleData>
            <SimpleData name="Lote">I</SimpleData>
            <SimpleData name="Rota"></SimpleData>
            <SimpleData name="Turno">Noite</SimpleData>
            <SimpleData name="Dias_da_semana">ter,qui,sab</SimpleData>
            <SimpleData name="Hit_Rate">100</SimpleData>
            <SimpleData name="Status">Validado (Rua sem rota)</SimpleData>
            <SimpleData name="Bloco">Ter_Qui_Sab</SimpleData>
          </SchemaData>
        </ExtendedData>
        <MultiGeometry>
          <LineString>
            <coordinates>-43.286422,-22.7652308,0 -43.2863447,-22.7649768,0 -43.2862817,-22.7648767,0 -43.2862066,-22.7648,0 -43.2860483,-22.7646541,0 -43.2859437,-22.7645403,0 -43.2858861,-22.7644241,0 -43.2858565,-22.764314,0 -43.2858418,-22.7641842,0 -43.2858633,-22.7640704,0 -43.2859337,-22.7639294,0 -43.2860195,-22.7638286,0 -43.2861181,-22.7637501,0 -43.2862327,-22.7636895,0 -43.2863648,-22.76364,0 -43.286503707751,-22.7636112604653,0</coordinates>
          </LineString>
        </MultiGeometry>
      </Placemark>
      <Placemark id="Ruas_Nenhuma_Rota_Proxima.437">
        <name>Viaduto Vila São Luiz</name>
        <Style>
          <LineStyle>
            <color>ff0000ff</color>
          </LineStyle>
          <PolyStyle>
            <fill>0</fill>
          </PolyStyle>
        </Style>
        <ExtendedData>
          <SchemaData schemaUrl="#Ruas_Nenhuma_Rota_Proxima">
            <SimpleData name="fid">437</SimpleData>
            <SimpleData name="id">Gramacho.202</SimpleData>
            <SimpleData name="Name">Viaduto Vila São Luiz</SimpleData>
            <SimpleData name="Distrito">1º</SimpleData>
            <SimpleData name="id_trecho">2861</SimpleData>
            <SimpleData name="Extensao_m">16.4062967027857</SimpleData>
            <SimpleData name="Bairro_logradouros">Gramacho</SimpleData>
            <SimpleData name="Bairro_rotas"></SimpleData>
            <SimpleData name="Lote">I</SimpleData>
            <SimpleData name="Rota"></SimpleData>
            <SimpleData name="Turno">Noite</SimpleData>
            <SimpleData name="Dias_da_semana">ter,qui,sab</SimpleData>
            <SimpleData name="Hit_Rate">66.67</SimpleData>
            <SimpleData name="Status">Validado (Rua sem rota)</SimpleData>
            <SimpleData name="Bloco">Ter_Qui_Sab</SimpleData>
          </SchemaData>
        </ExtendedData>
        <MultiGeometry>
          <LineString>
            <coordinates>-43.286503707751,-22.7636112604653,0 -43.286562,-22.7635992,0 -43.2866618974436,-22.7635945325987,0</coordinates>
          </LineString>
        </MultiGeometry>
      </Placemark>
      <Placemark id="Ruas_Nenhuma_Rota_Proxima.438">
        <name>Viaduto Vila São Luiz</name>
        <Style>
          <LineStyle>
            <color>ff0000ff</color>
          </LineStyle>
          <PolyStyle>
            <fill>0</fill>
          </PolyStyle>
        </Style>
        <ExtendedData>
          <SchemaData schemaUrl="#Ruas_Nenhuma_Rota_Proxima">
            <SimpleData name="fid">438</SimpleData>
            <SimpleData name="id">Gramacho.202</SimpleData>
            <SimpleData name="Name">Viaduto Vila São Luiz</SimpleData>
            <SimpleData name="Distrito">1º</SimpleData>
            <SimpleData name="id_trecho">2865</SimpleData>
            <SimpleData name="Extensao_m">193.219491600638</SimpleData>
            <SimpleData name="Bairro_logradouros">Gramacho</SimpleData>
            <SimpleData name="Bairro_rotas"></SimpleData>
            <SimpleData name="Lote">I</SimpleData>
            <SimpleData name="Rota"></SimpleData>
            <SimpleData name="Turno">Noite</SimpleData>
            <SimpleData name="Dias_da_semana">ter,qui,sab</SimpleData>
            <SimpleData name="Hit_Rate">100</SimpleData>
            <SimpleData name="Status">Validado (Rua sem rota)</SimpleData>
            <SimpleData name="Bloco">Ter_Qui_Sab</SimpleData>
          </SchemaData>
        </ExtendedData>
        <MultiGeometry>
          <LineString>
            <coordinates>-43.2865005387472,-22.7636563670416,0 -43.286256,-22.7637179,0 -43.2861496,-22.7637847,0 -43.2860812,-22.7638354,0 -43.2859846,-22.7639418,0 -43.2859343,-22.7640419,0 -43.2858968,-22.7641687,0 -43.2858981,-22.7642602,0 -43.2859196,-22.7643363,0 -43.2859826,-22.7644123,0 -43.2860591,-22.76445,0 -43.2861623,-22.7644673,0 -43.2862696,-22.7644414,0 -43.2863528,-22.7643795,0 -43.2864212,-22.7642992,0 -43.2864922,-22.7641309,0</coordinates>
          </LineString>
        </MultiGeometry>
      </Placemark>
      <Placemark id="Ruas_Nenhuma_Rota_Proxima.439">
        <name>Rodovia Washington Luiz - Auxiliar</name>
        <Style>
          <LineStyle>
            <color>ff0000ff</color>
          </LineStyle>
          <PolyStyle>
            <fill>0</fill>
          </PolyStyle>
        </Style>
        <ExtendedData>
          <SchemaData schemaUrl="#Ruas_Nenhuma_Rota_Proxima">
            <SimpleData name="fid">439</SimpleData>
            <SimpleData name="id">Parque_Duque.174</SimpleData>
            <SimpleData name="Name">Rodovia Washington Luiz - Auxiliar</SimpleData>
            <SimpleData name="Distrito">1º</SimpleData>
            <SimpleData name="id_trecho">3972</SimpleData>
            <SimpleData name="Extensao_m">51.2231704022048</SimpleData>
            <SimpleData name="Bairro_logradouros">Parque Duque</SimpleData>
            <SimpleData name="Bairro_rotas"></SimpleData>
            <SimpleData name="Lote">I</SimpleData>
            <SimpleData name="Rota"></SimpleData>
            <SimpleData name="Turno">Noite</SimpleData>
            <SimpleData name="Dias_da_semana">ter,qui,sab</SimpleData>
            <SimpleData name="Hit_Rate">66.67</SimpleData>
            <SimpleData name="Status">Validado (Rua sem rota)</SimpleData>
            <SimpleData name="Bloco">Ter_Qui_Sab</SimpleData>
          </SchemaData>
        </ExtendedData>
        <MultiGeometry>
          <LineString>
            <coordinates>-43.2899818,-22.7980181,0 -43.2901615,-22.7984496,0</coordinates>
          </LineString>
        </MultiGeometry>
      </Placemark>
      <Placemark id="Ruas_Nenhuma_Rota_Proxima.440">
        <name>Rodovia Washington Luiz - Auxiliar</name>
        <Style>
          <LineStyle>
            <color>ff0000ff</color>
          </LineStyle>
          <PolyStyle>
            <fill>0</fill>
          </PolyStyle>
        </Style>
        <ExtendedData>
          <SchemaData schemaUrl="#Ruas_Nenhuma_Rota_Proxima">
            <SimpleData name="fid">440</SimpleData>
            <SimpleData name="id">Parque_Duque.174</SimpleData>
            <SimpleData name="Name">Rodovia Washington Luiz - Auxiliar</SimpleData>
            <SimpleData name="Distrito">1º</SimpleData>
            <SimpleData name="id_trecho">3981</SimpleData>
            <SimpleData name="Extensao_m">101.485474851792</SimpleData>
            <SimpleData name="Bairro_logradouros">Parque Duque</SimpleData>
            <SimpleData name="Bairro_rotas"></SimpleData>
            <SimpleData name="Lote">I</SimpleData>
            <SimpleData name="Rota"></SimpleData>
            <SimpleData name="Turno">Noite</SimpleData>
            <SimpleData name="Dias_da_semana">ter,qui,sab</SimpleData>
            <SimpleData name="Hit_Rate">88.89</SimpleData>
            <SimpleData name="Status">Validado (Rua sem rota)</SimpleData>
            <SimpleData name="Bloco">Ter_Qui_Sab</SimpleData>
          </SchemaData>
        </ExtendedData>
        <MultiGeometry>
          <LineString>
            <coordinates>-43.2900455,-22.7996427,0 -43.2899885,-22.799409,0 -43.2899456,-22.7992409,0 -43.2898718,-22.7990109,0 -43.2897753,-22.7987624,0</coordinates>
          </LineString>
        </MultiGeometry>
      </Placemark>
      <Placemark id="Ruas_Nenhuma_Rota_Proxima.441">
        <name>Rodovia Washington Luiz - Auxiliar</name>
        <Style>
          <LineStyle>
            <color>ff0000ff</color>
          </LineStyle>
          <PolyStyle>
            <fill>0</fill>
          </PolyStyle>
        </Style>
        <ExtendedData>
          <SchemaData schemaUrl="#Ruas_Nenhuma_Rota_Proxima">
            <SimpleData name="fid">441</SimpleData>
            <SimpleData name="id">Parque_Duque.174</SimpleData>
            <SimpleData name="Name">Rodovia Washington Luiz - Auxiliar</SimpleData>
            <SimpleData name="Distrito">1º</SimpleData>
            <SimpleData name="id_trecho">3992</SimpleData>
            <SimpleData name="Extensao_m">234.139387589289</SimpleData>
            <SimpleData name="Bairro_logradouros">Parque Duque</SimpleData>
            <SimpleData name="Bairro_rotas"></SimpleData>
            <SimpleData name="Lote">I</SimpleData>
            <SimpleData name="Rota"></SimpleData>
            <SimpleData name="Turno">Noite</SimpleData>
            <SimpleData name="Dias_da_semana">ter,qui,sab</SimpleData>
            <SimpleData name="Hit_Rate">77.78</SimpleData>
            <SimpleData name="Status">Validado (Rua sem rota)</SimpleData>
            <SimpleData name="Bloco">Ter_Qui_Sab</SimpleData>
          </SchemaData>
        </ExtendedData>
        <MultiGeometry>
          <LineString>
            <coordinates>-43.286861,-22.7930059,0 -43.2867283,-22.7927562,0 -43.2864507,-22.7922196,0 -43.2861985,-22.7917189,0 -43.2860698,-22.7914345,0 -43.285984,-22.7912455,0 -43.2859128120777,-22.7910837539643,0</coordinates>
          </LineString>
        </MultiGeometry>
      </Placemark>
      <Placemark id="Ruas_Nenhuma_Rota_Proxima.442">
        <name>Viaduto Acesso Duque de Caxias-Washington Luiz</name>
        <Style>
          <LineStyle>
            <color>ff0000ff</color>
          </LineStyle>
          <PolyStyle>
            <fill>0</fill>
          </PolyStyle>
        </Style>
        <ExtendedData>
          <SchemaData schemaUrl="#Ruas_Nenhuma_Rota_Proxima">
            <SimpleData name="fid">442</SimpleData>
            <SimpleData name="id">Parque_Duque.173</SimpleData>
            <SimpleData name="Name">Viaduto Acesso Duque de Caxias-Washington Luiz</SimpleData>
            <SimpleData name="Distrito">1º</SimpleData>
            <SimpleData name="id_trecho">4669</SimpleData>
            <SimpleData name="Extensao_m">113.736203059303</SimpleData>
            <SimpleData name="Bairro_logradouros">Parque Duque</SimpleData>
            <SimpleData name="Bairro_rotas"></SimpleData>
            <SimpleData name="Lote">I</SimpleData>
            <SimpleData name="Rota"></SimpleData>
            <SimpleData name="Turno">Noite</SimpleData>
            <SimpleData name="Dias_da_semana">ter,qui,sab</SimpleData>
            <SimpleData name="Hit_Rate">100</SimpleData>
            <SimpleData name="Status">Validado (Rua sem rota)</SimpleData>
            <SimpleData name="Bloco">Ter_Qui_Sab</SimpleData>
          </SchemaData>
        </ExtendedData>
        <MultiGeometry>
          <LineString>
            <coordinates>-43.2901587351283,-22.8002012793988,0 -43.2899415,-22.8002012,0 -43.2898356,-22.8001891,0 -43.2897484,-22.8001594,0 -43.2896478,-22.8000976,0 -43.2895674,-22.800016,0 -43.2895084,-22.7999245,0 -43.2894816,-22.7998269,0 -43.2894762,-22.7997168,0 -43.2894963,-22.7996179,0</coordinates>
          </LineString>
        </MultiGeometry>
      </Placemark>
      <Placemark id="Ruas_Nenhuma_Rota_Proxima.443">
        <name>Viaduto Acesso Duque de Caxias-Washington Luiz</name>
        <Style>
          <LineStyle>
            <color>ff0000ff</color>
          </LineStyle>
          <PolyStyle>
            <fill>0</fill>
          </PolyStyle>
        </Style>
        <ExtendedData>
          <SchemaData schemaUrl="#Ruas_Nenhuma_Rota_Proxima">
            <SimpleData name="fid">443</SimpleData>
            <SimpleData name="id">Parque_Duque.173</SimpleData>
            <SimpleData name="Name">Viaduto Acesso Duque de Caxias-Washington Luiz</SimpleData>
            <SimpleData name="Distrito">1º</SimpleData>
            <SimpleData name="id_trecho">4670</SimpleData>
            <SimpleData name="Extensao_m">70.778354258734</SimpleData>
            <SimpleData name="Bairro_logradouros">Parque Duque</SimpleData>
            <SimpleData name="Bairro_rotas"></SimpleData>
            <SimpleData name="Lote">I</SimpleData>
            <SimpleData name="Rota"></SimpleData>
            <SimpleData name="Turno">Noite</SimpleData>
            <SimpleData name="Dias_da_semana">ter,qui,sab</SimpleData>
            <SimpleData name="Hit_Rate">77.78</SimpleData>
            <SimpleData name="Status">Validado (Rua sem rota)</SimpleData>
            <SimpleData name="Bloco">Ter_Qui_Sab</SimpleData>
          </SchemaData>
        </ExtendedData>
        <MultiGeometry>
          <LineString>
            <coordinates>-43.2900455,-22.7996427,0 -43.2899684,-22.7995506,0 -43.2899221,-22.7995048,0 -43.2898611,-22.7994739,0 -43.289788,-22.7994615,0 -43.2897069,-22.7994683,0 -43.2896358,-22.7994937,0 -43.2895694,-22.79954,0 -43.2894963,-22.7996179,0</coordinates>
          </LineString>
        </MultiGeometry>
      </Placemark>
      <Placemark id="Ruas_Nenhuma_Rota_Proxima.444">
        <name>Viaduto Acesso Duque de Caxias-Washington Luiz</name>
        <Style>
          <LineStyle>
            <color>ff0000ff</color>
          </LineStyle>
          <PolyStyle>
            <fill>0</fill>
          </PolyStyle>
        </Style>
        <ExtendedData>
          <SchemaData schemaUrl="#Ruas_Nenhuma_Rota_Proxima">
            <SimpleData name="fid">444</SimpleData>
            <SimpleData name="id">Parque_Duque.173</SimpleData>
            <SimpleData name="Name">Viaduto Acesso Duque de Caxias-Washington Luiz</SimpleData>
            <SimpleData name="Distrito">1º</SimpleData>
            <SimpleData name="id_trecho">4671</SimpleData>
            <SimpleData name="Extensao_m">101.931884248703</SimpleData>
            <SimpleData name="Bairro_logradouros">Parque Duque</SimpleData>
            <SimpleData name="Bairro_rotas"></SimpleData>
            <SimpleData name="Lote">I</SimpleData>
            <SimpleData name="Rota"></SimpleData>
            <SimpleData name="Turno">Noite</SimpleData>
            <SimpleData name="Dias_da_semana">ter,qui,sab</SimpleData>
            <SimpleData name="Hit_Rate">100</SimpleData>
            <SimpleData name="Status">Validado (Rua sem rota)</SimpleData>
            <SimpleData name="Bloco">Ter_Qui_Sab</SimpleData>
          </SchemaData>
        </ExtendedData>
        <MultiGeometry>
          <LineString>
            <coordinates>-43.2894963,-22.7996179,0 -43.2895164,-22.7995357,0 -43.2895506,-22.7994683,0 -43.2895942,-22.7994016,0 -43.2897102,-22.799231,0 -43.2897605,-22.7991314,0 -43.2897779,-22.7990566,0 -43.28979,-22.7989781,0 -43.289788,-22.7989015,0 -43.2897753,-22.7987624,0</coordinates>
          </LineString>
        </MultiGeometry>
      </Placemark>
      <Placemark id="Ruas_Nenhuma_Rota_Proxima.445">
        <name>Viaduto Irineu Marinho</name>
        <Style>
          <LineStyle>
            <color>ff0000ff</color>
          </LineStyle>
          <PolyStyle>
            <fill>0</fill>
          </PolyStyle>
        </Style>
        <ExtendedData>
          <SchemaData schemaUrl="#Ruas_Nenhuma_Rota_Proxima">
            <SimpleData name="fid">445</SimpleData>
            <SimpleData name="id">Parque_Duque.141</SimpleData>
            <SimpleData name="Name">Viaduto Irineu Marinho</SimpleData>
            <SimpleData name="Distrito">1º</SimpleData>
            <SimpleData name="id_trecho">4673</SimpleData>
            <SimpleData name="Extensao_m">23.3394186412403</SimpleData>
            <SimpleData name="Bairro_logradouros">Parque Duque</SimpleData>
            <SimpleData name="Bairro_rotas"></SimpleData>
            <SimpleData name="Lote">I</SimpleData>
            <SimpleData name="Rota"></SimpleData>
            <SimpleData name="Turno">Noite</SimpleData>
            <SimpleData name="Dias_da_semana">ter,qui,sab</SimpleData>
            <SimpleData name="Hit_Rate">66.67</SimpleData>
            <SimpleData name="Status">Validado (Rua sem rota)</SimpleData>
            <SimpleData name="Bloco">Ter_Qui_Sab</SimpleData>
          </SchemaData>
        </ExtendedData>
        <MultiGeometry>
          <LineString>
            <coordinates>-43.2856525826846,-22.7859008567401,0 -43.2855056313169,-22.7860616418762,0</coordinates>
          </LineString>
        </MultiGeometry>
      </Placemark>
      <Placemark id="Ruas_Nenhuma_Rota_Proxima.446">
        <name>Rua General Carlos Marciano de Medeiros</name>
        <Style>
          <LineStyle>
            <color>ff0000ff</color>
          </LineStyle>
          <PolyStyle>
            <fill>0</fill>
          </PolyStyle>
        </Style>
        <ExtendedData>
          <SchemaData schemaUrl="#Ruas_Nenhuma_Rota_Proxima">
            <SimpleData name="fid">446</SimpleData>
            <SimpleData name="id">Parque_Fluminense.46</SimpleData>
            <SimpleData name="Name">Rua General Carlos Marciano de Medeiros</SimpleData>
            <SimpleData name="Distrito">2º</SimpleData>
            <SimpleData name="id_trecho">4884</SimpleData>
            <SimpleData name="Extensao_m">298.731540585732</SimpleData>
            <SimpleData name="Bairro_logradouros">Parque Fluminense</SimpleData>
            <SimpleData name="Bairro_rotas"></SimpleData>
            <SimpleData name="Lote">I</SimpleData>
            <SimpleData name="Rota"></SimpleData>
            <SimpleData name="Turno">Noite</SimpleData>
            <SimpleData name="Dias_da_semana">ter,qui,sab</SimpleData>
            <SimpleData name="Hit_Rate">66.67</SimpleData>
            <SimpleData name="Status">Validado (Rua sem rota)</SimpleData>
            <SimpleData name="Bloco">Ter_Qui_Sab</SimpleData>
          </SchemaData>
        </ExtendedData>
        <MultiGeometry>
          <LineString>
            <coordinates>-43.3161857,-22.7245688,0 -43.3161309093418,-22.7245596407324,0 -43.3160529,-22.7245466,0 -43.3159635,-22.7245463,0 -43.3158917,-22.7245497,0 -43.3158055,-22.7245561,0 -43.3157216,-22.7245651,0 -43.315267,-22.724648,0 -43.3135195,-22.7249672,0 -43.3133264,-22.7250006,0</coordinates>
          </LineString>
        </MultiGeometry>
      </Placemark>
      <Placemark id="Ruas_Nenhuma_Rota_Proxima.447">
        <name>Rodovia Washington Luiz - Auxiliar</name>
        <Style>
          <LineStyle>
            <color>ff0000ff</color>
          </LineStyle>
          <PolyStyle>
            <fill>0</fill>
          </PolyStyle>
        </Style>
        <ExtendedData>
          <SchemaData schemaUrl="#Ruas_Nenhuma_Rota_Proxima">
            <SimpleData name="fid">447</SimpleData>
            <SimpleData name="id">Parque_Sarapui.2</SimpleData>
            <SimpleData name="Name">Rodovia Washington Luiz - Auxiliar</SimpleData>
            <SimpleData name="Distrito">1º</SimpleData>
            <SimpleData name="id_trecho">5334</SimpleData>
            <SimpleData name="Extensao_m">323.458113290723</SimpleData>
            <SimpleData name="Bairro_logradouros">Parque Sarapui</SimpleData>
            <SimpleData name="Bairro_rotas"></SimpleData>
            <SimpleData name="Lote">I</SimpleData>
            <SimpleData name="Rota"></SimpleData>
            <SimpleData name="Turno">Noite</SimpleData>
            <SimpleData name="Dias_da_semana">ter,qui,sab</SimpleData>
            <SimpleData name="Hit_Rate">77.78</SimpleData>
            <SimpleData name="Status">Validado (Rua sem rota)</SimpleData>
            <SimpleData name="Bloco">Ter_Qui_Sab</SimpleData>
          </SchemaData>
        </ExtendedData>
        <MultiGeometry>
          <LineString>
            <coordinates>-43.2859128120777,-22.7910837539643,0 -43.2859116,-22.791081,0 -43.2857961,-22.7908104,0 -43.2857684,-22.7907454,0 -43.2856541,-22.7904777,0 -43.2854731,-22.7898817,0 -43.2853819,-22.7895306,0 -43.2853457,-22.7893482,0 -43.2853108,-22.7892116,0 -43.2852918,-22.7889596,0 -43.2852309,-22.7885394,0 -43.2851936,-22.7882552,0</coordinates>
          </LineString>
        </MultiGeometry>
      </Placemark>
      <Placemark id="Ruas_Nenhuma_Rota_Proxima.448">
        <name>Rodovia Washington Luiz - Auxiliar</name>
        <Style>
          <LineStyle>
            <color>ff0000ff</color>
          </LineStyle>
          <PolyStyle>
            <fill>0</fill>
          </PolyStyle>
        </Style>
        <ExtendedData>
          <SchemaData schemaUrl="#Ruas_Nenhuma_Rota_Proxima">
            <SimpleData name="fid">448</SimpleData>
            <SimpleData name="id">Parque_Sarapui.2</SimpleData>
            <SimpleData name="Name">Rodovia Washington Luiz - Auxiliar</SimpleData>
            <SimpleData name="Distrito">1º</SimpleData>
            <SimpleData name="id_trecho">5336</SimpleData>
            <SimpleData name="Extensao_m">95.4056191549719</SimpleData>
            <SimpleData name="Bairro_logradouros">Parque Sarapui</SimpleData>
            <SimpleData name="Bairro_rotas"></SimpleData>
            <SimpleData name="Lote">I</SimpleData>
            <SimpleData name="Rota"></SimpleData>
            <SimpleData name="Turno">Noite</SimpleData>
            <SimpleData name="Dias_da_semana">ter,qui,sab</SimpleData>
            <SimpleData name="Hit_Rate">88.89</SimpleData>
            <SimpleData name="Status">Validado (Rua sem rota)</SimpleData>
            <SimpleData name="Bloco">Ter_Qui_Sab</SimpleData>
          </SchemaData>
        </ExtendedData>
        <MultiGeometry>
          <LineString>
            <coordinates>-43.285118,-22.7873052,0 -43.2851558080284,-22.7864443935847,0</coordinates>
          </LineString>
        </MultiGeometry>
      </Placemark>
      <Placemark id="Ruas_Nenhuma_Rota_Proxima.449">
        <name>Viaduto Irineu Marinho</name>
        <Style>
          <LineStyle>
            <color>ff0000ff</color>
          </LineStyle>
          <PolyStyle>
            <fill>0</fill>
          </PolyStyle>
        </Style>
        <ExtendedData>
          <SchemaData schemaUrl="#Ruas_Nenhuma_Rota_Proxima">
            <SimpleData name="fid">449</SimpleData>
            <SimpleData name="id">Parque_Sarapui.12</SimpleData>
            <SimpleData name="Name">Viaduto Irineu Marinho</SimpleData>
            <SimpleData name="Distrito">1º</SimpleData>
            <SimpleData name="id_trecho">5376</SimpleData>
            <SimpleData name="Extensao_m">268.079102058181</SimpleData>
            <SimpleData name="Bairro_logradouros">Parque Sarapui</SimpleData>
            <SimpleData name="Bairro_rotas"></SimpleData>
            <SimpleData name="Lote">I</SimpleData>
            <SimpleData name="Rota"></SimpleData>
            <SimpleData name="Turno">Noite</SimpleData>
            <SimpleData name="Dias_da_semana">ter,qui,sab</SimpleData>
            <SimpleData name="Hit_Rate">100</SimpleData>
            <SimpleData name="Status">Validado (Rua sem rota)</SimpleData>
            <SimpleData name="Bloco">Ter_Qui_Sab</SimpleData>
          </SchemaData>
        </ExtendedData>
        <MultiGeometry>
          <LineString>
            <coordinates>-43.2840613644185,-22.7882604429216,0 -43.2840612,-22.7882603,0 -43.2839597,-22.7881694,0 -43.283912,-22.7881213,0 -43.283881,-22.7880852,0 -43.2838556,-22.7880498,0 -43.2838383,-22.7880118,0 -43.2838317,-22.7879886,0 -43.2838252,-22.7879603,0 -43.2838256,-22.7879197,0 -43.2838305,-22.7878829,0 -43.2838399,-22.7878478,0 -43.2838567,-22.7878088,0 -43.2838861,-22.7877664,0 -43.2839911,-22.7876437,0 -43.2846376,-22.7869219,0 -43.2851594485746,-22.7863615062832,0</coordinates>
          </LineString>
        </MultiGeometry>
      </Placemark>
      <Placemark id="Ruas_Nenhuma_Rota_Proxima.450">
        <name>Viaduto Irineu Marinho</name>
        <Style>
          <LineStyle>
            <color>ff0000ff</color>
          </LineStyle>
          <PolyStyle>
            <fill>0</fill>
          </PolyStyle>
        </Style>
        <ExtendedData>
          <SchemaData schemaUrl="#Ruas_Nenhuma_Rota_Proxima">
            <SimpleData name="fid">450</SimpleData>
            <SimpleData name="id">Parque_Sarapui.12</SimpleData>
            <SimpleData name="Name">Viaduto Irineu Marinho</SimpleData>
            <SimpleData name="Distrito">1º</SimpleData>
            <SimpleData name="id_trecho">5381</SimpleData>
            <SimpleData name="Extensao_m">292.45364028349</SimpleData>
            <SimpleData name="Bairro_logradouros">Parque Sarapui</SimpleData>
            <SimpleData name="Bairro_rotas"></SimpleData>
            <SimpleData name="Lote">I</SimpleData>
            <SimpleData name="Rota"></SimpleData>
            <SimpleData name="Turno">Noite</SimpleData>
            <SimpleData name="Dias_da_semana">ter,qui,sab</SimpleData>
            <SimpleData name="Hit_Rate">100</SimpleData>
            <SimpleData name="Status">Validado (Rua sem rota)</SimpleData>
            <SimpleData name="Bloco">Ter_Qui_Sab</SimpleData>
          </SchemaData>
        </ExtendedData>
        <MultiGeometry>
          <LineString>
            <coordinates>-43.2851558080284,-22.7864443935847,0 -43.2846671,-22.7869791,0 -43.2840254,-22.7876915,0 -43.2839393,-22.7877968,0 -43.2839049,-22.7878465,0 -43.2838877,-22.7878855,0 -43.2838838,-22.7879305,0 -43.2838854,-22.7879672,0 -43.2838954,-22.7880007,0 -43.2839153,-22.7880392,0 -43.2839496,-22.7880845,0 -43.2840502,-22.7881822,0 -43.284085,-22.7882078,0 -43.2841227,-22.7882254,0 -43.2841657,-22.7882353,0 -43.2841982,-22.788238,0 -43.2842334,-22.7882358,0 -43.2842677,-22.7882313,0 -43.2843022,-22.7882208,0 -43.2843663,-22.7881914,0 -43.2844745,-22.7881411,0</coordinates>
          </LineString>
        </MultiGeometry>
      </Placemark>
      <Placemark id="Ruas_Nenhuma_Rota_Proxima.451">
        <name>Viaduto Irineu Marinho</name>
        <Style>
          <LineStyle>
            <color>ff0000ff</color>
          </LineStyle>
          <PolyStyle>
            <fill>0</fill>
          </PolyStyle>
        </Style>
        <ExtendedData>
          <SchemaData schemaUrl="#Ruas_Nenhuma_Rota_Proxima">
            <SimpleData name="fid">451</SimpleData>
            <SimpleData name="id">Parque_Sarapui.12</SimpleData>
            <SimpleData name="Name">Viaduto Irineu Marinho</SimpleData>
            <SimpleData name="Distrito">1º</SimpleData>
            <SimpleData name="id_trecho">5382</SimpleData>
            <SimpleData name="Extensao_m">27.9993808191726</SimpleData>
            <SimpleData name="Bairro_logradouros">Parque Sarapui</SimpleData>
            <SimpleData name="Bairro_rotas"></SimpleData>
            <SimpleData name="Lote">I</SimpleData>
            <SimpleData name="Rota"></SimpleData>
            <SimpleData name="Turno">Noite</SimpleData>
            <SimpleData name="Dias_da_semana">ter,qui,sab</SimpleData>
            <SimpleData name="Hit_Rate">66.67</SimpleData>
            <SimpleData name="Status">Validado (Rua sem rota)</SimpleData>
            <SimpleData name="Bloco">Ter_Qui_Sab</SimpleData>
          </SchemaData>
        </ExtendedData>
        <MultiGeometry>
          <LineString>
            <coordinates>-43.2844745,-22.7881411,0 -43.2846948,-22.7879921,0</coordinates>
          </LineString>
        </MultiGeometry>
      </Placemark>
      <Placemark id="Ruas_Nenhuma_Rota_Proxima.452">
        <name>Viaduto Irineu Marinho</name>
        <Style>
          <LineStyle>
            <color>ff0000ff</color>
          </LineStyle>
          <PolyStyle>
            <fill>0</fill>
          </PolyStyle>
        </Style>
        <ExtendedData>
          <SchemaData schemaUrl="#Ruas_Nenhuma_Rota_Proxima">
            <SimpleData name="fid">452</SimpleData>
            <SimpleData name="id">Parque_Sarapui.12</SimpleData>
            <SimpleData name="Name">Viaduto Irineu Marinho</SimpleData>
            <SimpleData name="Distrito">1º</SimpleData>
            <SimpleData name="id_trecho">5383</SimpleData>
            <SimpleData name="Extensao_m">89.3790123545616</SimpleData>
            <SimpleData name="Bairro_logradouros">Parque Sarapui</SimpleData>
            <SimpleData name="Bairro_rotas"></SimpleData>
            <SimpleData name="Lote">I</SimpleData>
            <SimpleData name="Rota"></SimpleData>
            <SimpleData name="Turno">Noite</SimpleData>
            <SimpleData name="Dias_da_semana">ter,qui,sab</SimpleData>
            <SimpleData name="Hit_Rate">88.89</SimpleData>
            <SimpleData name="Status">Validado (Rua sem rota)</SimpleData>
            <SimpleData name="Bloco">Ter_Qui_Sab</SimpleData>
          </SchemaData>
        </ExtendedData>
        <MultiGeometry>
          <LineString>
            <coordinates>-43.2846948,-22.7879921,0 -43.2847758,-22.787918,0 -43.2848589,-22.7878398,0 -43.2849473,-22.787723,0 -43.2850129,-22.7876151,0 -43.285066,-22.7874849,0 -43.285118,-22.7873052,0</coordinates>
          </LineString>
        </MultiGeometry>
      </Placemark>
      <Placemark id="Ruas_Nenhuma_Rota_Proxima.453">
        <name>Travessa Paulo Viera</name>
        <Style>
          <LineStyle>
            <color>ff0000ff</color>
          </LineStyle>
          <PolyStyle>
            <fill>0</fill>
          </PolyStyle>
        </Style>
        <ExtendedData>
          <SchemaData schemaUrl="#Ruas_Nenhuma_Rota_Proxima">
            <SimpleData name="fid">453</SimpleData>
            <SimpleData name="id">Centro.107</SimpleData>
            <SimpleData name="Name">Travessa Paulo Viera</SimpleData>
            <SimpleData name="Distrito">1º</SimpleData>
            <SimpleData name="id_trecho">1431</SimpleData>
            <SimpleData name="Extensao_m">99.5042015287885</SimpleData>
            <SimpleData name="Bairro_logradouros">Centro</SimpleData>
            <SimpleData name="Bairro_rotas"></SimpleData>
            <SimpleData name="Lote">I</SimpleData>
            <SimpleData name="Rota"></SimpleData>
            <SimpleData name="Turno">Noite</SimpleData>
            <SimpleData name="Dias_da_semana">ter,qui,sab</SimpleData>
            <SimpleData name="Hit_Rate">88.89</SimpleData>
            <SimpleData name="Status">Validado (Rua sem rota)</SimpleData>
            <SimpleData name="Bloco">Ter_Qui_Sab</SimpleData>
          </SchemaData>
        </ExtendedData>
        <MultiGeometry>
          <LineString>
            <coordinates>-43.3087465,-22.7811857,0 -43.309692,-22.780989,0</coordinates>
          </LineString>
        </MultiGeometry>
      </Placemark>
    </Folder>
  </Document>
</kml>
